Company,Country,Website,Industry,Employees,Confidence,Evidence,Source,Frozen,Verified By,Verified At
Logosconsult,DK,logosconsult.dk,,,4,Case study: OpgraderingNavision- Læs omopgraderingtil nyt Dynamics ERP,global_jobs,1,CDQO,2026-04-15T07:17:58.104385
Ensure IT,DK,ensureit.dk,,,4,"Case study: ENSURE IT | Dynamics NAV konsulenthus, konvertering &opgradering…",global_jobs,1,CDQO,2026-04-15T07:17:58.128003
Opgraderingaf Dynamics NAV,DK,visiondata.dk,,,1,Case study: Opgraderingaf Dynamics NAV - visiondata.dk,global_jobs,1,CDQO,2026-04-15T07:17:58.101194
Visionpeople,DK,visionpeople.dk,,,1,Case study: Opgraderingtil ny version af NAV – Få alle fordelene,global_jobs,1,CDQO,2026-04-15T07:17:58.103470
Hvad du skal vide omopgraderingaf Dynamics NAV til ...,DK,dk.linkedin.com,,,1,Case study: Hvad du skal vide omopgraderingaf Dynamics NAV til ... - LinkedIn,global_jobs,1,CDQO,2026-04-15T07:17:58.123464
OpgraderingafNavisionStat,DK,oes.dk,,,1,Case study: OpgraderingafNavisionStat - oes.dk,global_jobs,1,CDQO,2026-04-15T07:17:58.123620
Visionpeople Dk,DK,visionpeople.dk,,,1,Case study: Opgraderingtil ny version af NAV – Få alle fordelene,global_jobs,1,CDQO,2026-04-15T07:17:58.132923
Logres Nl,NL,logres.nl,,,1,Case study: EndingNavision: The perfect time to switch to SAP Business One,global_jobs,1,CDQO,2026-04-15T07:17:58.136805
Dynamicssmartz Com,CA,dynamicssmartz.com,,,5,Case study: Everything You Need to Know About Microsoft Dynamics NAV in 2026,global_jobs,1,CDQO,2026-04-15T07:17:58.132015
Dynamicsfanatics Com,CA,dynamicsfanatics.com,,,5,Case study: MicrosoftNavisionEnd of Life: What Your Business Should Do Next,global_jobs,1,CDQO,2026-04-15T07:17:58.132025
Go Erp Eu,CA,go-erp.eu,,,5,Case study: The 7 Core Capabilities of MicrosoftNavision(Dynamics NAV),global_jobs,1,CDQO,2026-04-15T07:17:58.132037
Dynamicssquare Com,CA,dynamicssquare.com,,,5,Case study: What is Microsoft Dynamics NAV?,global_jobs,1,CDQO,2026-04-15T07:17:58.132073
Reuffel De,DE,reuffel.de,,,5,Case study: Ein praxisorientierter Einstieg in MicrosoftNavision,global_jobs,1,CDQO,2026-04-15T07:17:58.132135
Softwarebasar De,DE,softwarebasar.de,,,5,Case study: NavisionERP: Ihre Lösung für Business-Erfolg,global_jobs,1,CDQO,2026-04-15T07:17:58.132147
Delphisoft Group Com,DE,delphisoft-group.com,,,5,Case study: Microsoft Dynamics NAV (NAVISION) | ERP-Lösung,global_jobs,1,CDQO,2026-04-15T07:17:58.132158
Kennersoft De,DE,kennersoft.de,,,5,Case study: Was Ist Microsoft DynamicsNavision? -NavisionERP System,global_jobs,1,CDQO,2026-04-15T07:17:58.132169
Dynamics NAV,BE,gmigroup.be,,,5,Case study: Dynamics NAV - GMI group,global_jobs,1,CDQO,2026-04-15T07:17:58.132258
Encorebusiness Com,CA,encorebusiness.com,,,5,Case study: Dynamics NAV Partner | Encore Business Solutions,global_jobs,1,CDQO,2026-04-15T07:17:58.132459
Datadrivensolutions Com Au,AU,datadrivensolutions.com.au,,,5,Case study: Microsoft DynamicsNavision: A reportingcasestudy,global_jobs,1,CDQO,2026-04-15T07:17:58.132470
NavisionAustralasiaCompanyProfile | Management and ...,AU,datanyze.com,,,5,Case study: NavisionAustralasiaCompanyProfile | Management and ... - Datanyze,global_jobs,1,CDQO,2026-04-15T07:17:58.132481
Teamextension Com Br,BR,teamextension.com.br,,,5,Case study: Contratar um dedicadoNavisiondesenvolvedor naBrasil,global_jobs,1,CDQO,2026-04-15T07:17:58.132588
Quienes somos,AR,voxa.info,,,5,Case study: Quienes somos - Microsoft Dynamics NavNavisionArgentina- VOXA,global_jobs,1,CDQO,2026-04-15T07:17:58.132627
Teamextension Com Ar,AR,teamextension.com.ar,,,5,Case study: Contratar a unNavisiondesarrollador dedicado enArgentina,global_jobs,1,CDQO,2026-04-15T07:17:58.132638
Eynasofteam Com,CL,eynasofteam.com,,,5,Case study: DeNavision2.6 al control totaldesu plantadeproducción:Casode...,global_jobs,1,CDQO,2026-04-15T07:17:58.132669
Navision| TCServi,CL,tcservi.com,,,5,Case study: Navision| TCServi - Microsoft Official Partner,global_jobs,1,CDQO,2026-04-15T07:17:58.132680
Exceliaconsulting Com,CL,exceliaconsulting.com,,,5,Case study: Microsoft Dynamics NAV | exceliaconsulting,global_jobs,1,CDQO,2026-04-15T07:17:58.132691
Navision¿qué es? | Microsoft Dynamics NAV,CL,ceieu.com,,,5,Case study: Navision¿qué es? | Microsoft Dynamics NAV - CEI Europe,global_jobs,1,CDQO,2026-04-15T07:17:58.132702
Conectacuenca Cl,CL,conectacuenca.cl,,,5,"Case study: Soluciones ERPNavision, CRM, AX & AXAPTA: Consultoría …",global_jobs,1,CDQO,2026-04-15T07:17:58.132727
Captology Es,CL,captology.es,,,5,Case study: Partner ERPNavisionSantiago Microsoft Dynamics NAV,global_jobs,1,CDQO,2026-04-15T07:17:58.132756
Eynasofteam Com,CO,eynasofteam.com,,,5,Case study: DeNavision2.6 al control totaldesu plantadeproducción:Casode...,global_jobs,1,CDQO,2026-04-15T07:17:58.132768
Jcd Dk,DK,jcd.dk,,,5,Case study: MicrosoftDynamics- Navision og C5 | JCD A/S,global_jobs,1,CDQO,2026-04-15T07:17:58.132843
Medarbejdere Au Dk,DK,medarbejdere.au.dk,,,5,Case study: Grundlæggende vejledningNavision- Aarhus Universitet,global_jobs,1,CDQO,2026-04-15T07:17:58.132888
Dynamics Connect Co Uk,DK,dynamics-connect.co.uk,,,5,Case study: What is MicrosoftNavision? Dynamics Nav Explained,global_jobs,1,CDQO,2026-04-15T07:17:58.132969
Hugendubel De,DE,hugendubel.de,,,5,"Case study: Buch (kartoniert): ""Ein praxisorientierter Einstieg in MicrosoftNavision""",global_jobs,1,CDQO,2026-04-15T07:17:58.133145
Connectify Dk,DK,connectify.dk,,,5,Case study: Hvad erNavision? Alt du bør vide om det populære ERP-system,global_jobs,1,CDQO,2026-04-15T07:17:58.133171
Digital Experts Com,DE,digital-experts.com,,,5,Case study: Navision Support mit ️ Langjähriger Erfahrung,global_jobs,1,CDQO,2026-04-15T07:17:58.133216
Liebrecapital Com Ar,AR,liebrecapital.com.ar,,,5,Case study: Navision: la solución integral para la gestión financiera de tuempresa,global_jobs,1,CDQO,2026-04-15T07:17:58.133475
Dynamics365Partner De,DE,dynamics365partner.de,,,5,"Case study: Vier Gründe, Ihr NAVISION hinter sich zu lassen -Dynamics365 Partner",global_jobs,1,CDQO,2026-04-15T07:17:58.133519
Was ist MicrosoftDynamicsNavision?,DE,erp.de,,,5,Case study: Was ist MicrosoftDynamicsNavision? - ERP.de,global_jobs,1,CDQO,2026-04-15T07:17:58.133532
NavisiondoBrasilLTDA,BR,cnpj.biz,,,5,Case study: NavisiondoBrasilLTDA - 04642619000150 São Paulo,global_jobs,1,CDQO,2026-04-15T07:17:58.133558
Exceliaconsulting Com,CO,exceliaconsulting.com,,,5,Case study: Microsoft Dynamics NAV | exceliaconsulting,global_jobs,1,CDQO,2026-04-15T07:17:58.133759
Navision¿qué es? | Microsoft Dynamics NAV,CO,ceieu.com,,,5,Case study: Navision¿qué es? | Microsoft Dynamics NAV - CEI Europe,global_jobs,1,CDQO,2026-04-15T07:17:58.133772
Go Erp Eu,BR,go-erp.eu,,,5,Case study: The 7 Core Capabilities of MicrosoftNavision(Dynamics NAV),global_jobs,1,CDQO,2026-04-15T07:17:58.133884
Leyesytecnologia Com,CL,leyesytecnologia.com,,,5,Case study: PeritajedeNavision- Claves del éxito desde ambos lados …,global_jobs,1,CDQO,2026-04-15T07:17:58.133930
Inria Hal Science,DK,inria.hal.science,,,5,Case study: The Story ofNavisionandNavisionStat,global_jobs,1,CDQO,2026-04-15T07:17:58.133956
ein praxisorientierter einstieg in microsoftnavision...,DE,abebooks.de,,,5,Case study: ein praxisorientierter einstieg in microsoftnavision... - AbeBooks,global_jobs,1,CDQO,2026-04-15T07:17:58.134019
Dynamicssmartz Com,DE,dynamicssmartz.com,,,5,Case study: Everything You Need to Know About Microsoft Dynamics NAV in 2026,global_jobs,1,CDQO,2026-04-15T07:17:58.134126
Dynamicsfanatics Com,DE,dynamicsfanatics.com,,,5,Case study: MicrosoftNavisionEnd of Life: What Your Business Should Do Next,global_jobs,1,CDQO,2026-04-15T07:17:58.134172
Go Erp Eu,DE,go-erp.eu,,,5,Case study: The 7 Core Capabilities of MicrosoftNavision(Dynamics NAV),global_jobs,1,CDQO,2026-04-15T07:17:58.134194
Dynamicssquare Com,DE,dynamicssquare.com,,,5,Case study: What is Microsoft Dynamics NAV?,global_jobs,1,CDQO,2026-04-15T07:17:58.134206
The future of the Dynamics NAV brand,AU,fenwick.com.au,,,5,Case study: The future of the Dynamics NAV brand - Fenwick,global_jobs,1,CDQO,2026-04-15T07:17:58.134278
Consultorianavision Com,AR,consultorianavision.com,,,5,Case study: MicrosoftDynamicsNav- CONSULTORÍA NAVISION,global_jobs,1,CDQO,2026-04-15T07:17:58.134290
Exceliaconsulting Com,AR,exceliaconsulting.com,,,5,Case study: MicrosoftDynamicsNAV| exceliaconsulting,global_jobs,1,CDQO,2026-04-15T07:17:58.134313
Dynamicssmartz Com,DK,dynamicssmartz.com,,,5,Case study: Everything You Need to Know About Microsoft Dynamics NAV in 2026,global_jobs,1,CDQO,2026-04-15T07:17:58.134344
Dynamicsfanatics Com,DK,dynamicsfanatics.com,,,5,Case study: MicrosoftNavisionEnd of Life: What Your Business Should Do Next,global_jobs,1,CDQO,2026-04-15T07:17:58.134366
MicrosoftDynamicsNav- CONSULTORÍA NAVISION,AR,consultorianavision.com,,,5,Case study: MicrosoftDynamicsNav- CONSULTORÍA NAVISION - EVOTEC,global_jobs,1,CDQO,2026-04-15T07:17:58.134406
Navhelp110 Fenwickcloud Com Au,DK,navhelp110.fenwickcloud.com.au,,,5,Case study: C/AL Conditional Statements -MicrosoftDynamicsNAV2018 Australia,global_jobs,1,CDQO,2026-04-15T07:17:58.134490
Dynamicssquare Com,DK,dynamicssquare.com,,,5,Case study: What is Microsoft Dynamics NAV?,global_jobs,1,CDQO,2026-04-15T07:17:58.134512
Casosdeéxito,AR,aitana.es,,,5,"Case study: Casosdeéxito - Historias realesdeclientesdeDynamics NAV, …",global_jobs,1,CDQO,2026-04-15T07:17:58.134584
Dynamicssmartz Com,AR,dynamicssmartz.com,,,5,Case study: Everything You Need to Know About Microsoft Dynamics NAV in 2026,global_jobs,1,CDQO,2026-04-15T07:17:58.134596
Dynamicsfanatics Com,AR,dynamicsfanatics.com,,,5,Case study: MicrosoftNavisionEnd of Life: What Your Business Should Do Next,global_jobs,1,CDQO,2026-04-15T07:17:58.134606
Go Erp Eu,AR,go-erp.eu,,,5,Case study: The 7 Core Capabilities of MicrosoftNavision(Dynamics NAV),global_jobs,1,CDQO,2026-04-15T07:17:58.134617
Dynamicssquare Com,AR,dynamicssquare.com,,,5,Case study: What is Microsoft Dynamics NAV?,global_jobs,1,CDQO,2026-04-15T07:17:58.134628
Dynamicssmartz Com,BE,dynamicssmartz.com,,,5,Case study: Everything You Need to Know About Microsoft Dynamics NAV in 2026,global_jobs,1,CDQO,2026-04-15T07:17:58.134680
Dynamicsfanatics Com,BE,dynamicsfanatics.com,,,5,Case study: MicrosoftNavisionEnd of Life: What Your Business Should Do Next,global_jobs,1,CDQO,2026-04-15T07:17:58.134714
Go Erp Eu,BE,go-erp.eu,,,5,Case study: The 7 Core Capabilities of MicrosoftNavision(Dynamics NAV),global_jobs,1,CDQO,2026-04-15T07:17:58.134727
Dynamicssquare Com,BE,dynamicssquare.com,,,5,Case study: What is Microsoft Dynamics NAV?,global_jobs,1,CDQO,2026-04-15T07:17:58.134738
Dynamics NAV Support,AU,ebs.com.au,,,5,Case study: Dynamics NAV Support - Evolution Business Systems,global_jobs,1,CDQO,2026-04-15T07:17:58.134800
Casestudies Com,AU,casestudies.com,,,5,Case study: Altus DynamicsCaseStudy: Avon Maitland District School Board – …,global_jobs,1,CDQO,2026-04-15T07:17:58.134833
Dynamics NAV ofNavisionexperts worden schaars,BE,alistar.net,,,5,Case study: Dynamics NAV ofNavisionexperts worden schaars - Alistar,global_jobs,1,CDQO,2026-04-15T07:17:58.134857
NAVISIONSOFTWARE BELGIE N.V.,BE,dvo.be,,,5,Case study: NAVISIONSOFTWARE BELGIE N.V. - dvo.be,global_jobs,1,CDQO,2026-04-15T07:17:58.134869
Ascendit Dk,DK,ascendit.dk,,,5,Case study: Dynamics NAV & BC | Ascendit,global_jobs,1,CDQO,2026-04-15T07:17:58.134881
Casestudies Com,CA,casestudies.com,,,5,Case study: Altus DynamicsCaseStudy: Avon Maitland District School Board – …,global_jobs,1,CDQO,2026-04-15T07:17:58.134972
Leyesytecnologia Com,CO,leyesytecnologia.com,,,5,Case study: PeritajedeNavision. Otrocasodeéxito. • Leyes y …,global_jobs,1,CDQO,2026-04-15T07:17:58.135028
NAVISIONTECNOLOGIA LTDA,BR,brasilcnpj.net,,,5,Case study: NAVISIONTECNOLOGIA LTDA - CNPJ: 59.993.070/0001-30 -BrasilCNPJ,global_jobs,1,CDQO,2026-04-15T07:17:58.135050
NAVISIONDOBRASILLTDA,BR,infoinvest.com.br,,,5,Case study: NAVISIONDOBRASILLTDA - SP - INFOinvest,global_jobs,1,CDQO,2026-04-15T07:17:58.135069
Navision¿qué es? | Microsoft Dynamics NAV,AR,ceieu.com,,,5,Case study: Navision¿qué es? | Microsoft Dynamics NAV - CEI Europe,global_jobs,1,CDQO,2026-04-15T07:17:58.135105
Logosconsult Dk,DK,logosconsult.dk,,,5,Case study: Support og vedligehold afBusinessCentral& Navision-systemer,global_jobs,1,CDQO,2026-04-15T07:17:58.135312
Planningpme Pt,BR,planningpme.pt,,,5,Case study: Explore o mundo do Navision e doDynamics365: Um …,global_jobs,1,CDQO,2026-04-15T07:17:58.135346
Dynamics Connect Co Uk,AR,dynamics-connect.co.uk,,,5,Case study: What is MicrosoftNavision? Dynamics Nav Explained,global_jobs,1,CDQO,2026-04-15T07:17:58.135509
MicrosoftDynamicsNAV/ Navision,BE,alistar.net,,,5,Case study: MicrosoftDynamicsNAV/ Navision - Alistar,global_jobs,1,CDQO,2026-04-15T07:17:58.135576
Sterling Team Com,DE,sterling-team.com,,,5,Case study: What is MicrosoftNavisionERP? An In-Depth Look at Dynamics NAV,global_jobs,1,CDQO,2026-04-15T07:17:58.135683
Sterling Team Com,AR,sterling-team.com,,,5,Case study: What is MicrosoftNavisionERP? An In-Depth Look at Dynamics NAV,global_jobs,1,CDQO,2026-04-15T07:17:58.135699
Sterling Team Com,BE,sterling-team.com,,,5,Case study: What is MicrosoftNavisionERP? An In-Depth Look at Dynamics NAV,global_jobs,1,CDQO,2026-04-15T07:17:58.135863
Sterling Team Com,CA,sterling-team.com,,,5,Case study: What is MicrosoftNavisionERP? An In-Depth Look at Dynamics NAV,global_jobs,1,CDQO,2026-04-15T07:17:58.135925
Dynamicsfanatics Com,AU,dynamicsfanatics.com,,,5,Case study: MicrosoftNavisionEnd of Life: What Your Business Should Do Next,global_jobs,1,CDQO,2026-04-15T07:17:58.135936
Go Erp Eu,AU,go-erp.eu,,,5,Case study: The 7 Core Capabilities of MicrosoftNavision(Dynamics NAV),global_jobs,1,CDQO,2026-04-15T07:17:58.135947
Dynamicssquare Com,AU,dynamicssquare.com,,,5,Case study: What is Microsoft Dynamics NAV?,global_jobs,1,CDQO,2026-04-15T07:17:58.135959
Sterling Team Com,AU,sterling-team.com,,,5,Case study: What is MicrosoftNavisionERP? An In-Depth Look at Dynamics NAV,global_jobs,1,CDQO,2026-04-15T07:17:58.135970
Go Erp Eu,CO,go-erp.eu,,,5,Case study: The 7 Core Capabilities of MicrosoftNavision(Dynamics NAV),global_jobs,1,CDQO,2026-04-15T07:17:58.135981
Sterling Team Com,CO,sterling-team.com,,,5,Case study: What is MicrosoftNavisionERP? An In-Depth Look at Dynamics NAV,global_jobs,1,CDQO,2026-04-15T07:17:58.135992
Axial Erp Co,CO,axial-erp.co,,,5,Case study: MicrosoftNavisiono Microsoft Dynamics NAV: Una solución ERP para …,global_jobs,1,CDQO,2026-04-15T07:17:58.136014
Abakion Com,DK,abakion.com,,,5,Case study: ContactAbakionabout Microsoft Dynamics NAV and 365,global_jobs,1,CDQO,2026-04-15T07:17:58.136131
Dynamicssquare Ca,CA,dynamicssquare.ca,,,5,Case study: MicrosoftDynamicsNAV(Navision) Support Partner,global_jobs,1,CDQO,2026-04-15T07:17:58.136190
Consultorianavision Com,CO,consultorianavision.com,,,5,Case study: MicrosoftDynamicsNav- CONSULTORÍA NAVISION,global_jobs,1,CDQO,2026-04-15T07:17:58.136201
Dynamics Connect Co Uk,AU,dynamics-connect.co.uk,,,5,Case study: What is MicrosoftNavision? Dynamics Nav Explained,global_jobs,1,CDQO,2026-04-15T07:17:58.136259
Dynamicssmartz Com,AU,dynamicssmartz.com,,,5,Case study: Everything You Need to Know About Microsoft Dynamics NAV in 2026,global_jobs,1,CDQO,2026-04-15T07:17:58.136271
Dynamics Connect Co Uk,BR,dynamics-connect.co.uk,,,5,Case study: What is MicrosoftNavision? Dynamics Nav Explained,global_jobs,1,CDQO,2026-04-15T07:17:58.136282
Guiadocnpj Com Br,BR,guiadocnpj.com.br,,,5,Case study: ☑ CNPJ daNAVISIONDOBRASILLTDA é 04.642.6 ...,global_jobs,1,CDQO,2026-04-15T07:17:58.136293
Empresadois Com Br,BR,empresadois.com.br,,,5,Case study: NavisionDoBrasilLtda Cnpj 04642619000150,global_jobs,1,CDQO,2026-04-15T07:17:58.136305
Naviators Dk,DK,naviators.dk,,,5,Case study: Implementering og rådgivning af løsninger baseret på Dynamics NAV,global_jobs,1,CDQO,2026-04-15T07:17:58.136316
Dynamics Connect Co Uk,BE,dynamics-connect.co.uk,,,5,Case study: What is MicrosoftNavision? Dynamics Nav Explained,global_jobs,1,CDQO,2026-04-15T07:17:58.136402
Dynamics Connect Co Uk,DE,dynamics-connect.co.uk,,,5,Case study: What is MicrosoftNavision? Dynamics Nav Explained,global_jobs,1,CDQO,2026-04-15T07:17:58.136433
Dynamics Connect Co Uk,CA,dynamics-connect.co.uk,,,5,Case study: What is MicrosoftNavision? Dynamics Nav Explained,global_jobs,1,CDQO,2026-04-15T07:17:58.136455
Community Dynamics Com,DK,community.dynamics.com,,,5,Case study: The journey of Microsoft Dynamics NAV | PCPlus to MADEIRA,global_jobs,1,CDQO,2026-04-15T07:17:58.136466
Encyclopedia Pub,DK,encyclopedia.pub,,,5,Case study: Microsoft Dynamics NAV | Encyclopedia MDPI,global_jobs,1,CDQO,2026-04-15T07:17:58.136489
E Conomic Dk,DK,e-conomic.dk,,,5,Case study: Skift fraNavisionregnskabsprogram til e-conomic,global_jobs,1,CDQO,2026-04-15T07:17:58.136524
Bss Bln De,DE,bss-bln.de,,,5,Case study: Dynamics NAV Software für den Mittelstand,global_jobs,1,CDQO,2026-04-15T07:17:58.136692
Nexovadynamics Ch,DE,nexovadynamics.ch,,,5,Case study: MicrosoftNavision: Das ERP-System und warum Upgraden?,global_jobs,1,CDQO,2026-04-15T07:17:58.136712
MicrosoftDynamicsNavNavision ERP Integratie,BE,eozys.be,,,5,Case study: MicrosoftDynamicsNavNavision ERP Integratie - Eozys,global_jobs,1,CDQO,2026-04-15T07:17:58.136819
HowNavisionCracked the North American Market,CA,tbkconsult.com,,,5,Case study: HowNavisionCracked the North American Market - TBK Consult,global_jobs,1,CDQO,2026-04-15T07:17:58.137076
DynamicsNAV& Navision,AU,fenwick.com.au,,,5,Case study: DynamicsNAV& Navision - Fenwick Software,global_jobs,1,CDQO,2026-04-15T07:17:58.137088
Companies that useNavisioninAustralia(175),AU,theirstack.com,,,5,Case study: Companies that useNavisioninAustralia(175) - TheirStack.com,global_jobs,1,CDQO,2026-04-15T07:17:58.137099
Help Factorialhr Com,BR,help.factorialhr.com,,,5,Case study: Integração com o Microsoft Dynamics NAV (NavisionOn-Premise),global_jobs,1,CDQO,2026-04-15T07:17:58.137171
MicrosoftDynamicsNavNavisionArgentinaUruguay,AR,voxa.info,,,5,Case study: MicrosoftDynamicsNavNavisionArgentinaUruguay - Soluciones ...,global_jobs,1,CDQO,2026-04-15T07:17:58.137194
Microsoft Navision End-of-Life Explained,CO,priority-software.com,,,5,Case study: Microsoft Navision End-of-Life Explained - Priority Software,global_jobs,1,CDQO,2026-04-15T07:17:58.137205
Endeavor4Solutions Com,CA,endeavor4solutions.com,,,5,Case study: Microsoft Dynamics NAV Training — Endeavor4 -Canada& USA,global_jobs,1,CDQO,2026-04-15T07:17:58.137293
Insightsoftware Com,CO,insightsoftware.com,,,5,Case study: Microsoft Dynamics NAV | insightsoftware,global_jobs,1,CDQO,2026-04-15T07:17:58.137338
Navision| TCServi,CO,tcservi.com,,,5,Case study: Navision| TCServi - Microsoft Official Partner,global_jobs,1,CDQO,2026-04-15T07:17:58.137357
Kynection Com Au,AU,kynection.com.au,,,5,Case study: MicrosoftNavision| Kynection | Knowledge in Motion,global_jobs,1,CDQO,2026-04-15T07:17:58.137380
Dynamics Connect Co Uk,CL,dynamics-connect.co.uk,,,5,Case study: What is MicrosoftNavision? Dynamics Nav Explained,global_jobs,1,CDQO,2026-04-15T07:17:58.137441
Dynamicssmartz Com,CL,dynamicssmartz.com,,,5,Case study: Everything You Need to Know About Microsoft Dynamics NAV in 2026,global_jobs,1,CDQO,2026-04-15T07:17:58.137453
Go Erp Eu,CL,go-erp.eu,,,5,Case study: The 7 Core Capabilities of MicrosoftNavision(Dynamics NAV),global_jobs,1,CDQO,2026-04-15T07:17:58.137464
Prodwaregroup Com,DE,prodwaregroup.com,,,5,Case study: Microsoft Dynamics NAV (Navision) | ERP Lösung für den …,global_jobs,1,CDQO,2026-04-15T07:17:58.137487
Workcentrix De,DE,workcentrix.de,,,5,Case study: MicrosoftNavision– workcentrix,global_jobs,1,CDQO,2026-04-15T07:17:58.137498
Consultorianavision Com,CL,consultorianavision.com,,,5,Case study: MicrosoftDynamicsNav- CONSULTORÍA NAVISION,global_jobs,1,CDQO,2026-04-15T07:17:58.137583
Empresas que utilizanDynamicsNavision,CL,formatalent.com,,,5,Case study: Empresas que utilizanDynamicsNavision - Formatalent,global_jobs,1,CDQO,2026-04-15T07:17:58.137607
MicrosoftDynamicsNav- CONSULTORÍA NAVISION,CL,consultorianavision.com,,,5,Case study: MicrosoftDynamicsNav- CONSULTORÍA NAVISION - EVOTEC,global_jobs,1,CDQO,2026-04-15T07:17:58.137631
Kube Systems,CO,kube.systems,,,5,Case study: NavisionERP: Evolución y Transformación Digital 2026,global_jobs,1,CDQO,2026-04-15T07:17:58.137642
Dynamics Connect Co Uk,CO,dynamics-connect.co.uk,,,5,Case study: What is MicrosoftNavision? Dynamics Nav Explained,global_jobs,1,CDQO,2026-04-15T07:17:58.137676
Dynamics NAV,DK,visiondata.dk,,,5,Case study: Dynamics NAV - Microsofts ERP løsning - Vision Data,global_jobs,1,CDQO,2026-04-15T07:17:58.137825
Profikurs Microsoft Dynamics NAV: Einführung,DE,link.springer.com,,,5,Case study: Profikurs Microsoft Dynamics NAV: Einführung - Springer,global_jobs,1,CDQO,2026-04-15T07:17:58.137847
DynamicsNav( Navision ) leverandører,DK,dynamicsmagento.dk,,,5,Case study: DynamicsNav( Navision ) leverandører - DynamicsMagento,global_jobs,1,CDQO,2026-04-15T07:17:58.137949
Dynamics NAV Versions List,DK,navisionplanet.com,,,5,Case study: Dynamics NAV Versions List - Navision Planet,global_jobs,1,CDQO,2026-04-15T07:17:58.137960
Dynamicsfanatics Com,CL,dynamicsfanatics.com,,,5,Case study: MicrosoftNavisionEnd of Life: What Your Business Should Do Next,global_jobs,1,CDQO,2026-04-15T07:17:58.137971
Dynamicssquare Com,CL,dynamicssquare.com,,,5,Case study: What is Microsoft Dynamics NAV?,global_jobs,1,CDQO,2026-04-15T07:17:58.137982
Website koppelen aan MicrosoftDynamicsNavision,BE,idcreation.be,,,5,Case study: Website koppelen aan MicrosoftDynamicsNavision - IDcreation,global_jobs,1,CDQO,2026-04-15T07:17:58.138030
Advancesoluciones Com,CO,advancesoluciones.com,,,5,Case study: Software ERP Microsoft Dynamics NAV (Navision),global_jobs,1,CDQO,2026-04-15T07:17:58.138066
E-commerce voor MicrosoftDynamicsNAV(Navision),BE,dynamicweb.nl,,,5,Case study: E-commerce voor MicrosoftDynamicsNAV(Navision) - DynamicWeb,global_jobs,1,CDQO,2026-04-15T07:17:58.138110
MicrosoftNavisionin Brazil's ERP Market | PDF,BR,scribd.com,,,5,Case study: MicrosoftNavisionin Brazil's ERP Market | PDF - Scribd,global_jobs,1,CDQO,2026-04-15T07:17:58.138154
Canadacompanyregistry Com,CA,canadacompanyregistry.com,,,5,Case study: NAVISIONCANADAINC. |CanadaCorporation Directory,global_jobs,1,CDQO,2026-04-15T07:17:58.138165
Insightdata Be,BE,insightdata.be,,,5,Case study: Navision- insightdata.be,global_jobs,1,CDQO,2026-04-15T07:17:58.138176
PeritajedeNavision. Otrocasodeéxito.,AR,peritajes-peritos.es,,,5,Case study: PeritajedeNavision. Otrocasodeéxito. - Peritajes & Peritos,global_jobs,1,CDQO,2026-04-15T07:17:58.138231
Casodeéxito – Distribución (Navision),AR,olivia.es,,,5,Case study: Casodeéxito – Distribución (Navision) - olivia.es,global_jobs,1,CDQO,2026-04-15T07:17:58.138253
Amazon De,DE,amazon.de,,,5,Case study: Ein praxisorientierter Einstieg in MicrosoftNavision: Eine ...,global_jobs,1,CDQO,2026-04-15T07:17:58.138273
Elian Solutions Com,BE,elian-solutions.com,,,5,Case study: Productonstudycase- Elian Solutions -NavisionNAV …,global_jobs,1,CDQO,2026-04-15T07:17:58.138298
Ugma Com Mx,CL,ugma.com.mx,,,5,Case study: ¿Qué es Microsoft Dynamics NAV y por qué tuempresa…,global_jobs,1,CDQO,2026-04-15T07:17:58.138310
Docplayer Dk,DK,docplayer.dk,,,5,Case study: Vejledning i årsafslutning 2014 iNavisionStat Selvejer-udgave,global_jobs,1,CDQO,2026-04-15T07:17:58.138382
Dominic VLIEGHE (Top Bronne SA),FR,,,,5,"Hiring: Dominic VLIEGHE (Top Bronne SA) - Viadeo - Assister à la création d'une analyse qui sera la base pour une offre de la part de trois partenaires"" Navision ERP"". Aide dans la mise en place et testing du nouveau système.",job_posting_scrape,1,CDQO,2026-04-15T07:17:58.138600
RC LENS | Prodware Maroc | Editeur,FR,,,,5,"Hiring: RC LENS | Prodware Maroc | Editeur - Intégrateur de … - Gilles Deshayes – Directeur Financier du Racing Club de Lens : « Nous avions la version 2000 de NAVision. Avec les nouvelles normes bancaires SEPA, nous …",job_posting_scrape,1,CDQO,2026-04-15T07:17:58.138625
Microsoft Navision,FR,,,,5,Hiring: Microsoft Navision - Développez pour l'ERP - Librairie … - Maurice Lumbroso fut Directeur Financier dans différentes entreprises pendant …,job_posting_scrape,1,CDQO,2026-04-15T07:17:58.138637
INTERLEX Advokater,DK,https://www.jobindex.dk/jobsoegning/storkoebenhavn?q=navision,Advokat,20-50,4,Cap Legal specialmodul til advokater,Jobopslag,1,CDQO,2026-04-15T07:17:58.081451
EXPO-NET Danmark A/S,DK,https://dk.linkedin.com/jobs/view/produktionsplanlægger-at-expo-net-danmark-a-s-3966564668,Produktion/Netting,50-200,4,Implementerer Navision lige nu,LinkedIn Job,1,CDQO,2026-04-15T07:17:58.081682
Plantas Group,DK,,IT Services,,4,Hiring for 'Senior Dynamics NAV/BC Developer' - Posted 2026-03,global_jobs,1,CDQO,2026-04-15T07:17:58.084035
Aarstiderne,DK,,IT Services,,4,Hiring for 'Teamleder med ERP erfaring' - Posted 2026-02,global_jobs,1,CDQO,2026-04-15T07:17:58.084082
Aleris,DK,,,,4,Hiring for 'Økonomimedarbejder - NAV' - Posted 2026-02,global_jobs,1,CDQO,2026-04-15T07:17:58.084173
ASSA ABLOY,DK,,,,4,Hiring for 'NAV Support Specialist' - Posted 2026-03,global_jobs,1,CDQO,2026-04-15T07:17:58.084214
Meldgaard,DK,,IT Services,,4,Hiring for 'Erfaren NAV-udvikler' - Posted 2026-03,global_jobs,1,CDQO,2026-04-15T07:17:58.084235
Derordersatz,DK,derordersatz.de,,,4,Case study: NAV Finansiel bogføring -NavisionOrdersatz Shopware BC365,global_jobs,1,CDQO,2026-04-15T07:17:58.101992
E-conomic,DK,e-conomic.dk,,,4,Case study: Skift fraNavisionregnskabsprogram til e-conomic,global_jobs,1,CDQO,2026-04-15T07:17:58.102010
CONTRACT Consulting Group,DE,contract.at,,,4,Case study: Microsoft Dynamics NAV - CONTRACT Consulting Group,global_jobs,1,CDQO,2026-04-15T07:17:58.102036
Right People Group,NO,rightpeoplegroup.com,,,4,Case study: Ekspert Dynamics NAV-utvikling for bedrifter - Right People Group,global_jobs,1,CDQO,2026-04-15T07:17:58.102060
Nav24,BE,nav24.eu,,,4,Case study: Navisionand Microsoft Dynamics NAV – Foundations of a Modern ...,global_jobs,1,CDQO,2026-04-15T07:17:58.102107
Priority Software,FR,priority-software.com,,,4,Case study: Microsoft Navision End-of-Life Explained - Priority Software,global_jobs,1,CDQO,2026-04-15T07:17:58.102207
Intech Systems,IN,intech-systems.com,,,4,Case study: Navigating the MicrosoftNavisionEnd of Life - Intech Systems,global_jobs,1,CDQO,2026-04-15T07:17:58.102493
Encyclopedia MDPI,DK,encyclopedia.pub,,,4,Case study: Microsoft Dynamics NAV | Encyclopedia MDPI,global_jobs,1,CDQO,2026-04-15T07:17:58.102552
IDcreation,BE,idcreation.be,,,4,Case study: Website koppelen aan MicrosoftDynamicsNavision - IDcreation,global_jobs,1,CDQO,2026-04-15T07:17:58.102603
Navex Consulting,ES,navexconsulting.es,,,4,Case study: Navision- Navex Consulting,global_jobs,1,CDQO,2026-04-15T07:17:58.102704
SilverBirch Hotels,CA,catapulterp.com,,,4,Case study: SilverBirch Hotels - Dynamics NAVCaseStudy- Catapult,global_jobs,1,CDQO,2026-04-15T07:17:58.102804
Wechsel,BR,imwechsel.com,,,4,Case study: O que é o MicrosoftNavision(NAV)? - Software de gestão ... - Wechsel,global_jobs,1,CDQO,2026-04-15T07:17:58.102891
EVOTEC,CL,consultorianavision.com,,,4,Case study: Microsoft Dynamics Nav - CONSULTORÍANAVISION- EVOTEC,global_jobs,1,CDQO,2026-04-15T07:17:58.103008
TCServi,CL,tcservi.com,,,4,Case study: Navision| TCServi - Microsoft Official Partner,global_jobs,1,CDQO,2026-04-15T07:17:58.103031
Captology,CL,captology.es,,,4,Case study: Partner ERPNavisionSantiago Microsoft Dynamics NAV,global_jobs,1,CDQO,2026-04-15T07:17:58.103062
EVOTEC,CO,consultorianavision.com,,,4,Case study: Microsoft Dynamics Nav - CONSULTORÍANAVISION- EVOTEC,global_jobs,1,CDQO,2026-04-15T07:17:58.103079
VOXA SA,AR,voxa.info,,,4,Case study: VOXA | Quienes somos - MicrosoftDynamicsNavNavisionArgentina- VOXA SA,global_jobs,1,CDQO,2026-04-15T07:17:58.103533
Inria,DK,inria.hal.science,,,4,Case study: The Story ofNavisionandNavisionStat,global_jobs,1,CDQO,2026-04-15T07:17:58.103545
Axial ERP Co,CL,axial-erp.co,,,4,Case study: MicrosoftNavisiono Microsoft Dynamics NAV: Una solución ERP para …,global_jobs,1,CDQO,2026-04-15T07:17:58.103570
Axial ERP Co,CO,axial-erp.co,,,4,Case study: MicrosoftNavisiono Microsoft Dynamics NAV: Una solución ERP para …,global_jobs,1,CDQO,2026-04-15T07:17:58.103605
N-Direction,CA,n-direction.com,,,4,Case study: N-Direction - MBS Dynamics NAV Montreal QuebecCanadaUSA …,global_jobs,1,CDQO,2026-04-15T07:17:58.103615
TBK Consult,CA,tbkconsult.com,,,4,Case study: HowNavisionCracked the North American Market - TBK Consult,global_jobs,1,CDQO,2026-04-15T07:17:58.103888
Priority Software,CO,priority-software.com,,,4,Case study: Microsoft Navision End-of-Life Explained - Priority Software,global_jobs,1,CDQO,2026-04-15T07:17:58.104046
TCServi,CO,tcservi.com,,,4,Case study: Navision| TCServi - Microsoft Official Partner,global_jobs,1,CDQO,2026-04-15T07:17:58.104064
Priority Software,ZA,priority-software.com,,,4,Case study: MicrosoftNavisionEnd-of-Life Explained - Priority Software,global_jobs,1,CDQO,2026-04-15T07:17:58.104137
Kube Systems,CL,kube.systems,,,4,Case study: Guía Esencial de ERP Microsoft DynamicsNavision2026,global_jobs,1,CDQO,2026-04-15T07:17:58.104149
Springer,DE,link.springer.com,,,4,Case study: Profikurs Microsoft Dynamics NAV: Einführung - Springer,global_jobs,1,CDQO,2026-04-15T07:17:58.104218
Mdsoft,DK,mdsoft.dk,,,4,Case study: MicrosoftNavision: Den komplette guide til ERP-løsningen i teknologi ...,global_jobs,1,CDQO,2026-04-15T07:17:58.104230
VOXA,AR,voxa.info,,,4,Case study: Quienes somos - Microsoft Dynamics NavNavisionArgentina- VOXA,global_jobs,1,CDQO,2026-04-15T07:17:58.104292
Naviators,DK,naviators.dk,,,4,Case study: Implementering og rådgivning af løsninger baseret på Dynamics NAV,global_jobs,1,CDQO,2026-04-15T07:17:58.104304
Correlative Solutions,ZA,correlative.co.za,,,4,Case study: Microsoft Dynamics NAV | Correlative Solutions |SouthAfrica,global_jobs,1,CDQO,2026-04-15T07:17:58.104315
Austral Dynamics,AU,au.linkedin.com,,,4,Case study: Austral Dynamics - Microsoft Dynamics NAV ERP Software at ... - LinkedIn,global_jobs,1,CDQO,2026-04-15T07:17:58.104374
Fenwick,AU,fenwick.com.au,,,4,Case study: The future of the Dynamics NAV brand - Fenwick,global_jobs,1,CDQO,2026-04-15T07:17:58.104400
Data #3,AU,itnews.com.au,,,4,Case study: Data #3 sellsNavisionbusiness - iTnews,global_jobs,1,CDQO,2026-04-15T07:17:58.104424
SoftDoit,CL,softwaredoit.es,,,4,Case study: NavisionCRM: claves y evolución del CRM de Microsoft - SoftDoit,global_jobs,1,CDQO,2026-04-15T07:17:58.104499
Hugendubel,DE,hugendubel.de,,,4,"Case study: Buch (kartoniert): ""Ein praxisorientierter Einstieg in MicrosoftNavision""",global_jobs,1,CDQO,2026-04-15T07:17:58.104522
VOXA S,AR,voxa.info,,,4,Case study: Microsoft Dynamics NavNavisionArgentinaUruguay - Soluciones World Class - VOXA S,global_jobs,1,CDQO,2026-04-15T07:17:58.104734
Reuffel,DE,reuffel.de,,,4,Case study: Ein praxisorientierter Einstieg in MicrosoftNavision,global_jobs,1,CDQO,2026-04-15T07:17:58.104790
Insightdata,BE,insightdata.be,,,4,Case study: Navision- insightdata.be,global_jobs,1,CDQO,2026-04-15T07:17:58.104806
Kube Systems,MX,kube.systems,,,4,Case study: Guía EsencialdeERP Microsoft DynamicsNavision2026,global_jobs,1,CDQO,2026-04-15T07:17:58.104819
Intech Systems,UK,intech-systems.com,,,4,Case study: Navigating the MicrosoftNavisionEnd of Life - Intech Systems,global_jobs,1,CDQO,2026-04-15T07:17:58.104914
Formatalent,CL,formatalent.com,,,4,Case study: Empresas que utilizanDynamicsNavision - Formatalent,global_jobs,1,CDQO,2026-04-15T07:17:58.105051
Evolution Business Systems,AU,ebs.com.au,,,4,Case study: Dynamics NAV Support - Evolution Business Systems,global_jobs,1,CDQO,2026-04-15T07:17:58.106030
nbDynamics,CO,nbdynamics.com,,,4,Case study: Casodeéxito implantación Dynamics NAV - nbDynamics,global_jobs,1,CDQO,2026-04-15T07:17:58.106372
Grupo Active,CO,grupoactive.es,,,4,Case study: Navision de Microsoft -DynamicsNav- Grupo Active,global_jobs,1,CDQO,2026-04-15T07:17:58.106385
Tipsa,CO,tipsa.net,,,4,Case study: MicrosoftDynamicsNAV- Navision | Tipsa.net,global_jobs,1,CDQO,2026-04-15T07:17:58.106396
Alistar Net,BE,alistar.net,,,4,Case study: Dynamics NAV ofNavisionexperts worden schaars,global_jobs,1,CDQO,2026-04-15T07:17:58.110545
Ascendit,DK,ascendit.dk,,,4,Case study: Dynamics NAV & BC | Ascendit,global_jobs,1,CDQO,2026-04-15T07:17:58.123287
Aarhus Universitet,DK,medarbejdere.au.dk,,,4,Case study: Grundlæggende vejledningNavision- Aarhus Universitet,global_jobs,1,CDQO,2026-04-15T07:17:58.123446
Navtech Group,SE,navtech.net,,,4,Case study: History ofNavision- Navtech Group,global_jobs,1,CDQO,2026-04-15T07:17:58.123488
Nexovadynamics,DE,nexovadynamics.ch,,,4,Case study: MicrosoftNavision: Das ERP-System und warum Upgraden?,global_jobs,1,CDQO,2026-04-15T07:17:58.123500
Workcentrix,DE,workcentrix.de,,,4,Case study: MicrosoftNavision– workcentrix,global_jobs,1,CDQO,2026-04-15T07:17:58.123632
PECO Pallet,CA,archerpoint.com,,,4,Case study: PECO Pallet Manages New Growth with Dynamics NAV - ArcherPoint,global_jobs,1,CDQO,2026-04-15T07:17:58.123697
Polygon A/S,DK,,,,4,Job posting: URL Source: https://www.jobindex.dk/jobsoegning?q=navision,job_posting,1,CDQO,2026-04-15T07:17:58.123725
Group GmbH,DE,,,,4,Job posting: URL Source: https://www.stepstone.de/stellenangebote--Navision-Deutschland.html,job_posting,1,CDQO,2026-04-15T07:17:58.123785
Johs. Rasmussen Svebølle A/S,DK,,,,4,Job posting: Indrykket: 25-03-2026,job_posting,1,CDQO,2026-04-15T07:17:58.124014
Inco CC København A/S,DK,,,,4,"Job posting: I jobbet ligger også en del administrativt arbejde, som primært foregår i Navision og Microsoft Office samt besvarelser af mails.",job_posting,1,CDQO,2026-04-15T07:17:58.124027
Cadia Brasil,BR,,,,4,Google job search: Dynamics NAV Localization,google_jobs,1,CDQO,2026-04-15T07:17:58.124314
NAV Gruppen,DK,dk.linkedin.com,,,4,Case study: NAV Gruppen - Dynamics NAV (Navision) løsninger,global_jobs,1,CDQO,2026-04-15T07:17:58.128077
HAPEKO Danmark,DK,,ERP Software,,4,Job: IT-Anwendungsbetreuer Navision on jobindex.dk,job_portal,1,CDQO,2026-04-15T07:17:58.128119
Inway GmbH,DE,,ERP Software,,4,Job: Dynamics NAV Partner on stepstone.de,job_portal,1,CDQO,2026-04-15T07:17:58.128144
Birkerød Gymnasium,DK,,ERP Software,,4,Job posting 2024-2026: Økonomimedarbejder - Navision Stat - Jobindex 2024-2025,historical_jobs,1,CDQO,2026-04-15T07:17:58.129505
Inco A/S,DK,,ERP Software,,4,Job posting 2024-2026: Kundeservice - Navision - Jobindex 2024-2025,historical_jobs,1,CDQO,2026-04-15T07:17:58.129532
kompaConsult,DE,kompaconsult.com,,,4,Case study: kompaConsult - Professionelle IT-Lösungen mitNavision,global_jobs,1,CDQO,2026-04-15T07:17:58.129571
NavisionConsulting,DE,digital-experts.com,,,4,Case study: NavisionConsulting - IhrNavisionPartner für ERP-Lösungen,global_jobs,1,CDQO,2026-04-15T07:17:58.129789
Softwarebasar,DE,softwarebasar.de,,,4,Case study: NavisionERP: Ihre Lösung für Business-Erfolg,global_jobs,1,CDQO,2026-04-15T07:17:58.129832
GMI group,BE,gmigroup.be,,,4,Case study: Dynamics NAV - GMI group,global_jobs,1,CDQO,2026-04-15T07:17:58.129898
Stoneridge Software,NO,stoneridgesoftware.com,,,4,Case study: Microsoft Dynamics NAV ERP Software Updates and Support,global_jobs,1,CDQO,2026-04-15T07:17:58.130234
Elian Solutions,FI,elian-solutions.com,,,4,Case study: Productonstudycase- Elian Solutions -NavisionNAV implementation,global_jobs,1,CDQO,2026-04-15T07:17:58.130272
Delphisoft Group,DE,delphisoft-group.com,,,4,Case study: Microsoft Dynamics NAV (NAVISION) | ERP-Lösung,global_jobs,1,CDQO,2026-04-15T07:17:58.130338
LTmemory,DE,ltmemory.de,,,4,Case study: Microsoft Dynamics NAV (ehemalsNavision) - LTmemory,global_jobs,1,CDQO,2026-04-15T07:17:58.130351
Data Driven Solutions,AU,datadrivensolutions.com.au,,,4,Case study: Microsoft DynamicsNavision: A reportingcasestudy,global_jobs,1,CDQO,2026-04-15T07:17:58.131058
Team Extension,BR,teamextension.com.br,,,4,Case study: Contratar um dedicadoNavisiondesenvolvedor naBrasil,global_jobs,1,CDQO,2026-04-15T07:17:58.131128
Team Extension,AR,teamextension.com.ar,,,4,Case study: Contratar a unNavisiondesarrollador dedicado enArgentina,global_jobs,1,CDQO,2026-04-15T07:17:58.131234
CEI Europe,CL,ceieu.com,,,4,Case study: Navision¿qué es? | Microsoft Dynamics NAV - CEI Europe,global_jobs,1,CDQO,2026-04-15T07:17:58.131268
Dynamics Connect,DK,dynamics-connect.co.uk,,,4,Case study: What is MicrosoftNavision? Dynamics Nav Explained,global_jobs,1,CDQO,2026-04-15T07:17:58.131333
Kennersoft,DE,kennersoft.de,,,4,Case study: Was Ist Microsoft DynamicsNavision? -NavisionERP System,global_jobs,1,CDQO,2026-04-15T07:17:58.131476
Delphisoft Group,FR,delphisoft-group.com,,,4,Case study: MicrosoftDynamicsNAV(NAVISION) | Solution ERP,global_jobs,1,CDQO,2026-04-15T07:17:58.131838
Excelia Consulting,CL,exceliaconsulting.com,,,4,Case study: Microsoft Dynamics NAV | exceliaconsulting,global_jobs,1,CDQO,2026-04-15T07:17:58.131958
Encore Business Solutions,CA,encorebusiness.com,,,4,Case study: Dynamics NAV Partner | Encore Business Solutions,global_jobs,1,CDQO,2026-04-15T07:17:58.131981
Gosolutions Group,ZA,gosolutions.group,,,4,Case study: Microsoft DynamicsNavisioninSouthAfrica| GoSolutions,global_jobs,1,CDQO,2026-04-15T07:17:58.132547
Kube Systems,PE,kube.systems,,,4,Case study: NavisionERP: Evolución y Transformación Digital 2026,global_jobs,1,CDQO,2026-04-15T07:17:58.137619
Kube Systems,ES,kube.systems,,,4,Case study: NavisionERP: Evolución y Transformación Digital 2026,global_jobs,1,CDQO,2026-04-15T07:17:58.137836
Microsoft Dynamics NAV (Navision) Support Partner,CA,dynamicssquare.ca,,,4,Case study: Microsoft Dynamics NAV (Navision) Support Partner - Dynamics …,global_jobs,1,CDQO,2026-04-15T07:17:58.078193
Microsoft Dynamics NAV (Navision),CA,endeavoursolutions.ca,,,4,Case study: Microsoft Dynamics NAV (Navision) - Endeavour Solutions -Canada,global_jobs,1,CDQO,2026-04-15T07:17:58.078203
Microsoft Dynamics NAV 4,AU,sandynamics.com,,,4,Case study: Microsoft Dynamics NAV 4 - Microsoft Dynamics Partner inAustralia,global_jobs,1,CDQO,2026-04-15T07:17:58.078214
Microsoft Dynamics Nav,AR,consultorianavision.com,,,4,Case study: Microsoft Dynamics Nav - CONSULTORÍANAVISION- EVOTEC,global_jobs,1,CDQO,2026-04-15T07:17:58.078482
Microsoft DynamicsNavision: Guía Completa 2026,AR,kube.systems,,,4,Case study: Microsoft DynamicsNavision: Guía Completa 2026 - kube.systems,global_jobs,1,CDQO,2026-04-15T07:17:58.078505
Microsoft DynamicsNavision: Guía Completa 2026,CL,kube.systems,,,4,Case study: Microsoft DynamicsNavision: Guía Completa 2026 - kube.systems,global_jobs,1,CDQO,2026-04-15T07:17:58.078528
Microsoft Dynamics Nav,CL,consultorianavision.com,,,4,Case study: Microsoft Dynamics Nav - CONSULTORÍANAVISION- EVOTEC,global_jobs,1,CDQO,2026-04-15T07:17:58.078548
Microsoft Dynamics Nav,CO,consultorianavision.com,,,4,Case study: Microsoft Dynamics Nav - CONSULTORÍANAVISION- EVOTEC,global_jobs,1,CDQO,2026-04-15T07:17:58.078560
Companies that useNavisionin North America,CA,theirstack.com,,,4,Case study: Companies that useNavisionin North America - theirstack.com,global_jobs,1,CDQO,2026-04-15T07:17:58.078693
Hvad erNavisionERP? › IT | ITReload.dk,DK,itreload.dk,,,4,"Case study: Hvad erNavisionERP? › IT | ITReload.dk - Data, Tale, Video, IT",global_jobs,1,CDQO,2026-04-15T07:17:58.078816
Kube Systems,AR,kube.systems,,,4,Case study: NavisionERP: Evolución y Transformación Digital 2026,global_jobs,1,CDQO,2026-04-15T07:17:58.079088
Microsoft Dynamics NAV (ehemalsNavision),DE,ltmemory.de,,,4,Case study: Microsoft Dynamics NAV (ehemalsNavision) - LTmemory,global_jobs,1,CDQO,2026-04-15T07:17:58.079113
Microsoft Dynamics NAV Implementation,DE,nexsoftsys.com,,,4,Case study: Microsoft Dynamics NAV Implementation - NEX Softsys,global_jobs,1,CDQO,2026-04-15T07:17:58.079125
Microsoft Dynamics NAV Users List,AU,thomsondata.com,,,4,Case study: Microsoft Dynamics NAV Users List - Thomson Data,global_jobs,1,CDQO,2026-04-15T07:17:58.079274
Microsoft Dynamics NAV,DK,inforevision.dk,,,4,Case study: Microsoft Dynamics NAV - samler økonomien i ét system - Inforevision,global_jobs,1,CDQO,2026-04-15T07:17:58.079321
Derordersatz De,DK,derordersatz.de,,,4,Case study: NAV Finansiel bogføring -NavisionOrdersatz Shopware BC365,global_jobs,1,CDQO,2026-04-15T07:17:58.079352
NavisionStat 11.2,DK,oes.dk,,,4,Case study: NavisionStat 11.2 - Økonomistyrelsen,global_jobs,1,CDQO,2026-04-15T07:17:58.079376
Microsoft Dynamics NAV,DE,contract.at,,,4,Case study: Microsoft Dynamics NAV - CONTRACT Consulting Group,global_jobs,1,CDQO,2026-04-15T07:17:58.079389
Microsoft DynamicsNavision: Ein vollständiger Leitfaden ...,DE,de.linkedin.com,,,4,Case study: Microsoft DynamicsNavision: Ein vollständiger Leitfaden ... - LinkedIn,global_jobs,1,CDQO,2026-04-15T07:17:58.079401
Microsoft Dynamics NAVNavision- Software ERP,AR,arbentia.com,,,4,Case study: Microsoft Dynamics NAVNavision- Software ERP - Arbentia,global_jobs,1,CDQO,2026-04-15T07:17:58.079494
Bogføringsloven med Microsoft Dynamics NAV,DK,itm8.dk,,,4,Case study: Bogføringsloven med Microsoft Dynamics NAV - Itm8,global_jobs,1,CDQO,2026-04-15T07:17:58.079508
Micropartner Dk,DK,micropartner.dk,,,4,Case study: What isNavision– Micropartner,global_jobs,1,CDQO,2026-04-15T07:17:58.079717
Sterling Team Com,CL,sterling-team.com,,,4,Case study: What is MicrosoftNavisionERP? An In-Depth Look at Dynamics NAV,global_jobs,1,CDQO,2026-04-15T07:17:58.079742
▷ Curso deNavision- Cursos Online,CL,academyformacion.com,,,4,Case study: ▷ Curso deNavision- Cursos Online - Academy Formación,global_jobs,1,CDQO,2026-04-15T07:17:58.079813
Navision| Dynamics NAV,CL,ekamat.es,,,4,Case study: Navision| Dynamics NAV - Software de gestión ERP para PYME,global_jobs,1,CDQO,2026-04-15T07:17:58.079837
Advancesoluciones Com,CL,advancesoluciones.com,,,4,Case study: Navisionpara Logística y Gestión de Almacenes,global_jobs,1,CDQO,2026-04-15T07:17:58.079853
Casodeéxito implantación Dynamics NAV,CO,nbdynamics.com,,,4,Case study: Casodeéxito implantación Dynamics NAV - nbDynamics,global_jobs,1,CDQO,2026-04-15T07:17:58.079877
Navision| Dynamics NAV,CO,ekamat.es,,,4,Case study: Navision| Dynamics NAV - Softwaredegestión ERP para PYME,global_jobs,1,CDQO,2026-04-15T07:17:58.079888
Prodwaregroup Com,CO,prodwaregroup.com,,,4,Case study: MicrosoftDynamicsNAV(navision) | programa ERP,global_jobs,1,CDQO,2026-04-15T07:17:58.079900
Leyesytecnologia Com,BR,leyesytecnologia.com,,,4,Case study: PeritajedeNavision. Otrocasodeéxito. • Leyes y …,global_jobs,1,CDQO,2026-04-15T07:17:58.080050
Digitalengagiert De,DE,digitalengagiert.de,,,4,Case study: Microsoft DynamicsNavision: alle Vorteile auf einen Blick,global_jobs,1,CDQO,2026-04-15T07:17:58.080089
Casodeéxito implantación Dynamics NAV,CL,nbdynamics.com,,,4,Case study: Casodeéxito implantación Dynamics NAV - nbDynamics,global_jobs,1,CDQO,2026-04-15T07:17:58.080134
The365People Com,BE,the365people.com,,,4,Case study: Kempinski Hotels | Comprehensive ERP | Dynamics NAV,global_jobs,1,CDQO,2026-04-15T07:17:58.080988
Dynamicssquare Com Au,DK,dynamicssquare.com.au,,,4,Case study: Microsoft DynamicsNavision: A Comprehensive Guide,global_jobs,1,CDQO,2026-04-15T07:17:58.081019
NavisiondoBrasilLtda,BR,vriconsulting.com.br,,,4,Case study: NavisiondoBrasilLtda - CNPJ: 04.642.619/0001-50,global_jobs,1,CDQO,2026-04-15T07:17:58.081094
Hvad erNavisionog C5?,DK,micropartner.dk,,,4,Case study: Hvad erNavisionog C5? - Micropartner,global_jobs,1,CDQO,2026-04-15T07:17:58.081119
"NavisionShipping DK A/S, Hellerup, Denmark",DK,northdata.com,,,4,"Case study: NavisionShipping DK A/S, Hellerup, Denmark - North Data",global_jobs,1,CDQO,2026-04-15T07:17:58.081131
Figurator Net,DK,figurator.net,,,4,"Case study: Figurator International – Det moderne alternativ til XAL, C5,Navision...",global_jobs,1,CDQO,2026-04-15T07:17:58.081142
Dms Sys De,DE,dms-sys.de,,,4,Case study: Microsoft Navision Partner ERP-Lösung | DMS-SYSTEMHAUS,global_jobs,1,CDQO,2026-04-15T07:17:58.081153
Pureit Ca,CA,pureit.ca,,,4,Case study: Microsoft Dynamics NAV Consulting In Calgary By Pure IT,global_jobs,1,CDQO,2026-04-15T07:17:58.081267
C/AL paraNavision: r/microsoft,AR,reddit.com,,,4,Case study: C/AL paraNavision: r/microsoft - Reddit,global_jobs,1,CDQO,2026-04-15T07:17:58.081324
ERP Microsoft Dynamics NAV (Navision),AR,lobosdiario.com.ar,,,4,Case study: ERP Microsoft Dynamics NAV (Navision) - Diario de Lobos,global_jobs,1,CDQO,2026-04-15T07:17:58.081349
Mdsoft Dk,DK,mdsoft.dk,,,4,Case study: MicrosoftNavision: Den komplette guide til ERP-løsningen i teknologi ...,global_jobs,1,CDQO,2026-04-15T07:17:58.081373
Advancesoluciones Com,AR,advancesoluciones.com,,,4,Case study: Demo gratuita de Microsoft Dynamics NAV (Navision),global_jobs,1,CDQO,2026-04-15T07:17:58.081385
Navisiontidslinje,DK,jmdata.dk,,,4,"Case study: Navisiontidslinje - JM Data, Ikast ApS",global_jobs,1,CDQO,2026-04-15T07:17:58.101169
Servicebeskrivelse forNavisionStat 2025,DK,oes.dk,,,4,Case study: Servicebeskrivelse forNavisionStat 2025 - Økonomistyrelsen,global_jobs,1,CDQO,2026-04-15T07:17:58.101577
Sececcph2019 Dk,DK,sececcph2019.dk,,,4,Case study: Forskellen mellem C5 og det nyeNavision- Sececcph2019.dk,global_jobs,1,CDQO,2026-04-15T07:17:58.101599
Unlock Business Value withNavisionSkills,SE,readynez.com,,,4,Case study: Unlock Business Value withNavisionSkills - Readynez,global_jobs,1,CDQO,2026-04-15T07:17:58.133015
Dynamicssmartz Com,SE,dynamicssmartz.com,,,4,Case study: Everything You Need to Know About Microsoft Dynamics NAV in 2026,global_jobs,1,CDQO,2026-04-15T07:17:58.131430
Tungt No,NO,tungt.no,,,4,Case study: Stor fusjon: Damgaard ASA ogNavisionSoftwareNorgeer gått sammen,global_jobs,1,CDQO,2026-04-15T07:17:58.099786
Microsoft DynamicsNavisionSupport,UK,applytosupply.digitalmarketplace.service.gov.uk,,,4,Case study: Microsoft DynamicsNavisionSupport - Digital Marketplace,global_jobs,1,CDQO,2026-04-15T07:17:58.077979
Elian Solutions Com,NL,elian-solutions.com,,,4,Case study: Productonstudycase- Elian Solutions -NavisionNAV implementation,global_jobs,1,CDQO,2026-04-15T07:17:58.134918
Navisionis end of live,NL,bluace.nl,,,4,Case study: Navisionis end of live - wat zijn de gevolgen? - bluace.nl,global_jobs,1,CDQO,2026-04-15T07:17:58.134266
"FormationNavisionéligible OPCO, CPF,Francetravail",FR,fr.optedif-formation.fr,,,4,"Case study: FormationNavisionéligible OPCO, CPF,Francetravail - Pôle emploi …",global_jobs,1,CDQO,2026-04-15T07:17:58.132281
Elian Solutions Com,IT,elian-solutions.com,,,4,Case study: Productonstudycase- Elian Solutions -NavisionNAV implementation,global_jobs,1,CDQO,2026-04-15T07:17:58.133784
Casodeéxito – Distribución (Navision),ES,olivia.es,,,4,Case study: Casodeéxito – Distribución (Navision) - olivia.es,global_jobs,1,CDQO,2026-04-15T07:17:58.100704
Dynamicssmartz Com,IN,dynamicssmartz.com,,,4,Case study: Everything You Need to Know About Microsoft Dynamics NAV in 2026,global_jobs,1,CDQO,2026-04-15T07:17:58.133796
Dynamicssmartz Com,ZA,dynamicssmartz.com,,,4,Case study: Everything You Need to Know About Microsoft Dynamics NAV in 2026,global_jobs,1,CDQO,2026-04-15T07:17:58.135139
Casodeéxito – Distribución (Navision),MX,olivia.es,,,4,Case study: Casodeéxito – Distribución (Navision) - olivia.es,global_jobs,1,CDQO,2026-04-15T07:17:58.133630
Casodeéxito – Distribución (Navision),PE,olivia.es,,,4,Case study: Casodeéxito – Distribución (Navision) - olivia.es,global_jobs,1,CDQO,2026-04-15T07:17:58.124342
"Vi søger en økonomiansvarlig, der har stærke administrative kompetencer, er struktureret og selvfølg",DK,,,,4,"Job posting: Dine daglige opgaver indeholder blandt andet sagsstyring, styring af økonomi, udarbejdelse af elektroniske rapporter, samt dialog via Scalepoint, mail",job_posting,1,CDQO,2026-04-15T07:17:58.123989
Welldana,DK,,-,-,3,Bruger Navision ifølge jobopslag,Job Posting,1,CDQO,2026-04-15T07:17:58.082113
Tinglysningen,DK,,-,-,3,Advokatsekretær med Navision/Cap Legal erfaring,Jobindex,1,CDQO,2026-04-15T07:17:58.083207
Xacct No,NO,xacct.no,,,3,Case study: Vi har en visjon for dinNavision- XACCT,global_jobs,1,CDQO,2026-04-15T07:17:58.099763
Newmindssystems Nl,NL,newmindssystems.nl,,,3,Case study: Wat is MicrosoftNavisionERP en wat zijn de voordelen?,global_jobs,1,CDQO,2026-04-15T07:17:58.100541
Elci Fr,FR,elci.fr,,,3,Case study: IntégrationDynamicsNAV/ Navision,global_jobs,1,CDQO,2026-04-15T07:17:58.100607
Grupo Active,ES,grupoactive.es,,,3,Case study: Grupo Active - Software de Gestión Empresarial -Navision- ERP,global_jobs,1,CDQO,2026-04-15T07:17:58.100758
Proascend In,IN,proascend.in,,,3,Case study: MicrosoftDynamics365 Support Partner | Navision Partner inIndia,global_jobs,1,CDQO,2026-04-15T07:17:58.100833
Grupoactive Es,ES,grupoactive.es,,,3,Case study: Navision de Microsoft -DynamicsNav- Grupo Active,global_jobs,1,CDQO,2026-04-15T07:17:58.101050
Synergytechnology Co Uk,UK,synergytechnology.co.uk,,,3,Case study: MicrosoftDynamicsNAVSupport PartnerUK- Synergy Technology,global_jobs,1,CDQO,2026-04-15T07:17:58.101123
Blisss Nl,NL,blisss.nl,,,3,Case study: DynamicsNavision | Blisss,global_jobs,1,CDQO,2026-04-15T07:17:58.101240
Ifi Tech,IN,ifi.tech,,,3,Case study: Indian Red Cross Society upgrades operations fromNavisionto …,global_jobs,1,CDQO,2026-04-15T07:17:58.101265
Oes Dk,DK,oes.dk,,,3,Case study: Vejledninger tilNavisionStat,global_jobs,1,CDQO,2026-04-15T07:17:58.101300
Webbureauer Dk,DK,webbureauer.dk,,,3,Case study: Navision: Effektiv økonomistyring til din virksomhed,global_jobs,1,CDQO,2026-04-15T07:17:58.101473
Regnskabspiloten Dk,DK,regnskabspiloten.dk,,,3,Case study: En komplet guide tilnavisionog andre regnskabsprogrammer,global_jobs,1,CDQO,2026-04-15T07:17:58.101484
Euroinnovaformazione It,IT,euroinnovaformazione.it,,,3,Case study: Caratteristiche di MicrosoftNavision- corsi | euroinnova,global_jobs,1,CDQO,2026-04-15T07:17:58.101505
Portfolio,DK,navisiongroup.com,,,3,Case study: Portfolio - NavisionGroup,global_jobs,1,CDQO,2026-04-15T07:17:58.101554
Paperfree Dk,DK,paperfree.dk,,,3,Case study: Navisioner forretningssoftware og kan anvendes af alle virksomheder ...,global_jobs,1,CDQO,2026-04-15T07:17:58.101610
Ekoconsultant Pl,PL,ekoconsultant.pl,,,3,Case study: Księgowość w MicrosoftDynamicsNAV/ Navision,global_jobs,1,CDQO,2026-04-15T07:17:58.101621
Smartphonesiden Dk,DK,smartphonesiden.dk,,,3,Case study: En Dybtgående Guide til MicrosoftNavision– SmartphoneSiden,global_jobs,1,CDQO,2026-04-15T07:17:58.101717
Dynamizatic,ES,dynamizatic.es,,,3,"Case study: Consultoría CRM y ERP Navision Valencia, Partner Microsoft",global_jobs,1,CDQO,2026-04-15T07:17:58.102276
Empresite,ES,empresite.eleconomista.es,,,3,"Case study: Empresas de ""Navision"" enEspaña- Empresite",global_jobs,1,CDQO,2026-04-15T07:17:58.102300
Wyszukiwarkakrs Pl,PL,wyszukiwarkakrs.pl,,,3,Case study: NAVISION.PL SP. Z O.O. KRS: 0000761201 REGON: 381965162,global_jobs,1,CDQO,2026-04-15T07:17:58.102681
Teamextension Mx,MX,teamextension.mx,,,3,Case study: Contratar a unNavisiondesarrollador dedicado enMéxico,global_jobs,1,CDQO,2026-04-15T07:17:58.102942
Conectacuenca,CL,conectacuenca.cl,,,3,"Case study: Soluciones ERPNavision, CRM, AX & AXAPTA: Consultoría …",global_jobs,1,CDQO,2026-04-15T07:17:58.103050
Teamextension Peru,PE,teamextension.pe,,,3,Case study: Contratar a unNavisiondesarrollador dedicado enPerú,global_jobs,1,CDQO,2026-04-15T07:17:58.103110
Osebergservices No,NO,osebergservices.no,,,3,Case study: FraDynamicsNAV(Navision) til MicrosoftDynamics365 Business ...,global_jobs,1,CDQO,2026-04-15T07:17:58.103744
BSS BLN,DE,bss-bln.de,,,3,Case study: Dynamics NAV Software für den Mittelstand,global_jobs,1,CDQO,2026-04-15T07:17:58.103785
Obtain,DK,obtain.dk,,,3,Case study: MicrosoftNavision/NAV |ERP-Software til mindre virksomheder,global_jobs,1,CDQO,2026-04-15T07:17:58.104193
Axians,NL,axians.nl,,,3,Case study: Navision: Het Succes en de Evolutie naar Microsoft …,global_jobs,1,CDQO,2026-04-15T07:17:58.104241
Dynamics Consult,IT,dynamicsconsult.com,,,3,Case study: Chi Siamo - Dynamics Consult,global_jobs,1,CDQO,2026-04-15T07:17:58.104253
Prtimes Jp,JP,prtimes.jp,,,3,Case study: 美容皮膚研究から生まれたスキンケアブランド「NAVISION」初CM ...,global_jobs,1,CDQO,2026-04-15T07:17:58.104449
Itm8,DK,itm8.dk,,,3,Case study: Bogføringsloven med Microsoft Dynamics NAV - Itm8,global_jobs,1,CDQO,2026-04-15T07:17:58.104475
Kundeservice Xyz,NO,kundeservice.xyz,,,3,Case study: Nav Kundeservice Kontaktinformasjon,global_jobs,1,CDQO,2026-04-15T07:17:58.104622
Urlm Co,US,urlm.co,,,3,Case study: www.Dynamicsbook.com -Go-Livewith DynamicsNavisionthe book,global_jobs,1,CDQO,2026-04-15T07:17:58.105076
Educamando It,IT,educamando.it,,,3,Case study: Guida completa a MicrosoftNavision: Ottimizza la …,global_jobs,1,CDQO,2026-04-15T07:17:58.123381
Riscript,NL,riscript.nl,,,3,Case study: De ontwikkelingen van hetNavisionERP systeem • Riscript,global_jobs,1,CDQO,2026-04-15T07:17:58.123405
Maybecloud,PE,maybecloud.es,,,3,Case study: Soporte Navision yBusinessCentralLima -Perú,global_jobs,1,CDQO,2026-04-15T07:17:58.123425
Navisiontech,US,navisiontech.com,,,3,Case study: MicrosoftDynamicsTech Support & ERP Services - Navisiontech,global_jobs,1,CDQO,2026-04-15T07:17:58.123564
Peritajes & Peritos,AR,peritajes-peritos.es,,,3,Case study: PeritajedeNavision. Otrocasodeéxito. - Peritajes & Peritos,global_jobs,1,CDQO,2026-04-15T07:17:58.124328
Peritajes & Peritos,CL,peritajes-peritos.es,,,3,Case study: PeritajedeNavision. Otrocasodeéxito. - Peritajes & Peritos,global_jobs,1,CDQO,2026-04-15T07:17:58.128065
Stadsrevisionen,DK,stadsrevisionen.dk,,,3,Case study: bogføring inavision- Stadsrevisionen,global_jobs,1,CDQO,2026-04-15T07:17:58.128099
Grupo Dynasoft,ES,,ERP Software,,3,Job: Navision Partner on grupodynasoft.com,job_portal,1,CDQO,2026-04-15T07:17:58.128200
Techsavvy Media,DK,techsavvy.media,,,3,Case study: 20 år siden i dag: Historien bag Microsofts opkøb af danskeNavision,global_jobs,1,CDQO,2026-04-15T07:17:58.129620
Readynez,SE,readynez.com,,,3,Case study: Unlock Business Value withNavisionSkills - Readynez,global_jobs,1,CDQO,2026-04-15T07:17:58.129713
GO ERP,DE,go-erp.eu,,,3,Case study: The 7 Core Capabilities of MicrosoftNavision(Dynamics NAV),global_jobs,1,CDQO,2026-04-15T07:17:58.129760
Actemium,NL,actemium.nl,,,3,Case study: Lev (er)en naNavision: ben jij er klaar voor? - Actemium,global_jobs,1,CDQO,2026-04-15T07:17:58.129855
Alistar,NL,alistar.net,,,3,Case study: MicrosoftDynamicsNAV/ Navision - Alistar,global_jobs,1,CDQO,2026-04-15T07:17:58.129874
Casestudies Com,FI,casestudies.com,,,3,Case study: Altus DynamicsCaseStudy: Avon Maitland District School Board – …,global_jobs,1,CDQO,2026-04-15T07:17:58.130252
Dynamicsfanatics,NL,dynamicsfanatics.com,,,3,Case study: MicrosoftNavisionEnd of Life: What Your Business Should Do Next,global_jobs,1,CDQO,2026-04-15T07:17:58.130455
Dynamicsfanatics Com,US,dynamicsfanatics.com,,,3,Case study: MicrosoftNavisionEnd of Life: What Your Business Should Do Next,global_jobs,1,CDQO,2026-04-15T07:17:58.130520
Dynamicsfanatics Com,FR,dynamicsfanatics.com,,,3,Case study: MicrosoftNavisionEnd of Life: What Your Business Should Do Next,global_jobs,1,CDQO,2026-04-15T07:17:58.130604
Avon Maitland District School Board,IT,casestudies.com,,,3,Case study: Altus DynamicsCaseStudy: Avon Maitland District School Board – …,global_jobs,1,CDQO,2026-04-15T07:17:58.130628
Dynamicsconsult Com,IT,dynamicsconsult.com,,,3,Case study: NavisionSuccess Cases | Dynamics Consult,global_jobs,1,CDQO,2026-04-15T07:17:58.130639
Eynasofteam,ES,eynasofteam.com,,,3,Case study: DeNavision2.6 al control totaldesu plantadeproducción:Casode...,global_jobs,1,CDQO,2026-04-15T07:17:58.130810
Advancesoluciones,ES,advancesoluciones.com,,,3,Case study: Partner Navision (MicrosoftDynamicsNAV) enEspaña,global_jobs,1,CDQO,2026-04-15T07:17:58.130857
Advance Soluciones,ES,partnernavisionzaragoza.com,,,3,Case study: Partner Navision Zaragoza | Advance Soluciones,global_jobs,1,CDQO,2026-04-15T07:17:58.130873
Crunchbase,IN,crunchbase.com,,,3,Case study: NavisionIndia- CrunchbaseCompanyProfile & Funding,global_jobs,1,CDQO,2026-04-15T07:17:58.131033
Itcon Tistory Com,KR,itcon.tistory.com,,,3,Case study: 클라우드 ERP 서비스 '다이나믹스 ERP NAV (Dynamics ERPNavision),global_jobs,1,CDQO,2026-04-15T07:17:58.131070
GO ERP,BR,go-erp.eu,,,3,Case study: The 7 Core Capabilities of MicrosoftNavision(Dynamics NAV),global_jobs,1,CDQO,2026-04-15T07:17:58.131105
Eynasofteam,CL,eynasofteam.com,,,3,Case study: DeNavision2.6 al control totaldesu plantadeproducción:Casode...,global_jobs,1,CDQO,2026-04-15T07:17:58.131255
Eynasofteam,CO,eynasofteam.com,,,3,Case study: DeNavision2.6 al control totaldesu plantadeproducción:Casode...,global_jobs,1,CDQO,2026-04-15T07:17:58.131290
Eyna Softeam,PE,eynasofteam.com,,,3,Case study: DeNavision2.6 al control totaldesu plantadeproducción:Casode...,global_jobs,1,CDQO,2026-04-15T07:17:58.131312
Dynamicsfanatics Com,SE,dynamicsfanatics.com,,,3,Case study: MicrosoftNavisionEnd of Life: What Your Business Should Do Next,global_jobs,1,CDQO,2026-04-15T07:17:58.131443
Dynamicsfanatics Com,UK,dynamicsfanatics.com,,,3,Case study: MicrosoftNavisionEnd of Life: What Your Business Should Do Next,global_jobs,1,CDQO,2026-04-15T07:17:58.131503
GO ERP,CO,go-erp.eu,,,3,Case study: The 7 Core Capabilities of MicrosoftNavision(Dynamics NAV),global_jobs,1,CDQO,2026-04-15T07:17:58.131587
Dynamicsfanatics Com,ES,dynamicsfanatics.com,,,3,Case study: MicrosoftNavisionEnd of Life: What Your Business Should Do Next,global_jobs,1,CDQO,2026-04-15T07:17:58.131865
Endeavour,CA,endeavoursolutions.ca,,,3,Case study: Microsoft Dynamics NAV (Navision) - Endeavour …,global_jobs,1,CDQO,2026-04-15T07:17:58.131992
Fairytell Dk,NO,fairytell.dk,,,3,Case study: En omfattende guide tilNavision- Fairytell Artiklen,global_jobs,1,CDQO,2026-04-15T07:17:58.132003
Dynamicsfanatics Com,KR,dynamicsfanatics.com,,,3,Case study: MicrosoftNavisionEnd of Life: What Your Business Should Do Next,global_jobs,1,CDQO,2026-04-15T07:17:58.132101
Casestudies Com,IT,casestudies.com,,,3,Case study: Altus DynamicsCaseStudy: Avon Maitland District School Board – …,global_jobs,1,CDQO,2026-04-15T07:17:58.132326
Eynasofteam Com,ES,eynasofteam.com,,,3,Case study: DeNavision2.6 al control totaldesu plantadeproducción:Casode...,global_jobs,1,CDQO,2026-04-15T07:17:58.132339
Advancesoluciones Com,ES,advancesoluciones.com,,,3,Case study: Partner Navision (MicrosoftDynamicsNAV) enEspaña,global_jobs,1,CDQO,2026-04-15T07:17:58.132362
Microsoftdynamicsnav Es,ES,microsoftdynamicsnav.es,,,3,Case study: GRUPO NEOLAN MicrosoftDynamics365 Partner Navision Zaragoza,global_jobs,1,CDQO,2026-04-15T07:17:58.132373
Empresite Eleconomista Es,ES,empresite.eleconomista.es,,,3,Case study: NavisionenEspaña. Listado de empresas deNavisionenEspaña,global_jobs,1,CDQO,2026-04-15T07:17:58.132384
Superbcompanies Com,IN,superbcompanies.com,,,3,"Case study: Navisionindia-CompanyProfile, Location, Rates | SuperbCompanies",global_jobs,1,CDQO,2026-04-15T07:17:58.132437
Crunchbase Com,IN,crunchbase.com,,,3,Case study: NavisionIndia- CrunchbaseCompanyProfile & Funding,global_jobs,1,CDQO,2026-04-15T07:17:58.132448
Modulate Co Nz,NZ,modulate.co.nz,,,3,Case study: Navision- Modulate,global_jobs,1,CDQO,2026-04-15T07:17:58.132526
Eynasofteam Com,PE,eynasofteam.com,,,3,Case study: DeNavision2.6 al control totaldesu plantade…,global_jobs,1,CDQO,2026-04-15T07:17:58.132779
Teamextension Pe,PE,teamextension.pe,,,3,Case study: Contratar a un Navision desarrollador dedicado enPerú,global_jobs,1,CDQO,2026-04-15T07:17:58.132790
Obtain Dk,DK,obtain.dk,,,3,Case study: MicrosoftNavision/NAV |ERP-Software til mindre virksomheder,global_jobs,1,CDQO,2026-04-15T07:17:58.132866
Navisionplanet Com,NO,navisionplanet.com,,,3,Case study: Home -NavisionPlanet,global_jobs,1,CDQO,2026-04-15T07:17:58.133084
Oteria Se,SE,oteria.se,,,3,Case study: Microsoftnavision- OTERIA,global_jobs,1,CDQO,2026-04-15T07:17:58.133195
Dynamicsfanatics Com,IT,dynamicsfanatics.com,,,3,Case study: MicrosoftNavisionEnd of Life: What Your Business Should Do Next,global_jobs,1,CDQO,2026-04-15T07:17:58.133275
Imsig Pl,PL,imsig.pl,,,3,Case study: NAVISIONSOFTWAREPOLSKASPÓŁKA Z OGRANICZONĄ …,global_jobs,1,CDQO,2026-04-15T07:17:58.133372
Dynamicsfanatics Com,NL,dynamicsfanatics.com,,,3,Case study: MicrosoftNavisionEnd of Life: What Your Business Should Do Next,global_jobs,1,CDQO,2026-04-15T07:17:58.133463
Eynasofteam Com,MX,eynasofteam.com,,,3,Case study: DeNavision2.6 al control totaldesu plantade…,global_jobs,1,CDQO,2026-04-15T07:17:58.133570
Leyesytecnologia Com,MX,leyesytecnologia.com,,,3,Case study: PeritajedeNavision. Otrocasodeéxito. • Leyes y …,global_jobs,1,CDQO,2026-04-15T07:17:58.133582
Dynamicsfanatics Com,NZ,dynamicsfanatics.com,,,3,Case study: MicrosoftNavisionEnd of Life: What Your Business Should Do Next,global_jobs,1,CDQO,2026-04-15T07:17:58.133681
Dynamicsfanatics Com,IN,dynamicsfanatics.com,,,3,Case study: MicrosoftNavisionEnd of Life: What Your Business Should Do Next,global_jobs,1,CDQO,2026-04-15T07:17:58.133807
Dynamicsfanatics Com,NO,dynamicsfanatics.com,,,3,Case study: MicrosoftNavisionEnd of Life: What Your Business Should Do Next,global_jobs,1,CDQO,2026-04-15T07:17:58.133984
Dynamicsfanatics Com,MX,dynamicsfanatics.com,,,3,Case study: MicrosoftNavisionEnd of Life: What Your Business Should Do Next,global_jobs,1,CDQO,2026-04-15T07:17:58.134231
Consultorianavision Com,MX,consultorianavision.com,,,3,Case study: MicrosoftDynamicsNav- CONSULTORÍA NAVISION,global_jobs,1,CDQO,2026-04-15T07:17:58.134385
Dynamicsfanatics Com,PL,dynamicsfanatics.com,,,3,Case study: MicrosoftNavisionEnd of Life: What Your Business Should Do Next,global_jobs,1,CDQO,2026-04-15T07:17:58.134453
Navisionfunctionalexpert Com,NO,navisionfunctionalexpert.com,,,3,Case study: Dynamics ERPs (NAV & BC) Implementation Phases,global_jobs,1,CDQO,2026-04-15T07:17:58.134549
Erp Pgi Fr,FR,erp-pgi.fr,,,3,"Case study: NavisionERP : Définition, Tarifs et Migration vers …",global_jobs,1,CDQO,2026-04-15T07:17:58.134560
Thecompanycheck Com,IN,thecompanycheck.com,,,3,Case study: NavisionIndiaInfotech Private Limited -CompanyProfile,global_jobs,1,CDQO,2026-04-15T07:17:58.134572
Axians Nl,NL,axians.nl,,,3,Case study: Navision: Het Succes en de Evolutie naar Microsoft …,global_jobs,1,CDQO,2026-04-15T07:17:58.134906
Riscript Nl,NL,riscript.nl,,,3,Case study: De ontwikkelingen van hetNavisionERP systeem • Riscript,global_jobs,1,CDQO,2026-04-15T07:17:58.134948
Casestudies Com,NL,casestudies.com,,,3,Case study: Altus DynamicsCaseStudy: Avon Maitland District School Board – …,global_jobs,1,CDQO,2026-04-15T07:17:58.134995
Navisionsoftware Eu,NL,navisionsoftware.eu,,,3,Case study: Navisionsoftware en e-business van Offimac: 40 jaar …,global_jobs,1,CDQO,2026-04-15T07:17:58.135006
Partnernavisionzaragoza Com,ES,partnernavisionzaragoza.com,,,3,Case study: Partner Navision Zaragoza | Advance Soluciones,global_jobs,1,CDQO,2026-04-15T07:17:58.135017
Dynamicssquare Co Uk,UK,dynamicssquare.co.uk,,,3,Case study: MicrosoftDynamicsNAV: Navision Support PartnerUK,global_jobs,1,CDQO,2026-04-15T07:17:58.135093
Datadrivensolutions Com Au,NZ,datadrivensolutions.com.au,,,3,Case study: Microsoft DynamicsNavision: A reportingcasestudy,global_jobs,1,CDQO,2026-04-15T07:17:58.135128
Dynamicsfanatics Com,ZA,dynamicsfanatics.com,,,3,Case study: MicrosoftNavisionEnd of Life: What Your Business Should Do Next,global_jobs,1,CDQO,2026-04-15T07:17:58.135150
Dynamicsfanatics Com,JP,dynamicsfanatics.com,,,3,Case study: MicrosoftNavisionEnd of Life: What Your Business Should Do Next,global_jobs,1,CDQO,2026-04-15T07:17:58.135209
Biconseil Fr,FR,biconseil.fr,,,3,Case study: BI conseil:application informatique (logiciel) ERP (pgi) Navison ...,global_jobs,1,CDQO,2026-04-15T07:17:58.135257
Dynamicssquare Com Au,NO,dynamicssquare.com.au,,,3,Case study: Microsoft DynamicsNavision: A Comprehensive Guide,global_jobs,1,CDQO,2026-04-15T07:17:58.135323
Consultorianavision Com,PE,consultorianavision.com,,,3,Case study: MicrosoftDynamicsNav- CONSULTORÍA NAVISION,global_jobs,1,CDQO,2026-04-15T07:17:58.135435
Navisionindia In,IN,navisionindia.in,,,3,Case study: DynamicsNAVERP Helps Overcome Business Challenges,global_jobs,1,CDQO,2026-04-15T07:17:58.135472
Onewayweb Dk,DK,onewayweb.dk,,,3,"Case study: NavisionSoftware: Den komplette guide til ERP, teknologi og transport",global_jobs,1,CDQO,2026-04-15T07:17:58.135553
Dynamicsfanatics Com,FI,dynamicsfanatics.com,,,3,Case study: MicrosoftNavisionEnd of Life: What Your Business Should Do Next,global_jobs,1,CDQO,2026-04-15T07:17:58.135733
Handleidingstart Nl,NL,handleidingstart.nl,,,3,Case study: NavisionHandleiding: Alles wat je moet weten over deze handige tool,global_jobs,1,CDQO,2026-04-15T07:17:58.135841
Dynamicsfanatics Com,PE,dynamicsfanatics.com,,,3,Case study: MicrosoftNavisionEnd of Life: What Your Business Should Do Next,global_jobs,1,CDQO,2026-04-15T07:17:58.136025
Stadsrevisionen Dk,DK,stadsrevisionen.dk,,,3,Case study: bogføring inavision- Stadsrevisionen,global_jobs,1,CDQO,2026-04-15T07:17:58.136327
Link Springer Com,SE,link.springer.com,,,3,Case study: The Story ofNavisionandNavisionStat | Springer Nature Link,global_jobs,1,CDQO,2026-04-15T07:17:58.136537
Navisiontech Com,SE,navisiontech.com,,,3,"Case study: Navisiontech Technology Partners | Microsoft, LS Retail & More",global_jobs,1,CDQO,2026-04-15T07:17:58.136560
Brightanalytics Fi,FI,brightanalytics.fi,,,3,Case study: The MicrosoftDynamicsNAVintegration | BrightAnalytics,global_jobs,1,CDQO,2026-04-15T07:17:58.136668
Abd Es,ES,abd.es,,,3,Case study: MicrosoftDynamicsNav- NAVISION,global_jobs,1,CDQO,2026-04-15T07:17:58.136909
Dynamizatic Es,ES,dynamizatic.es,,,3,"Case study: Consultoría CRM y ERP Navision Valencia, Partner Microsoft",global_jobs,1,CDQO,2026-04-15T07:17:58.137280
Leyesytecnologia Com,PE,leyesytecnologia.com,,,3,Case study: PeritajedeNavision- Claves del éxito desde ambos …,global_jobs,1,CDQO,2026-04-15T07:17:58.137391
Casestudies Com,UK,casestudies.com,,,3,Case study: Altus DynamicsCaseStudy: Avon Maitland District School Board – …,global_jobs,1,CDQO,2026-04-15T07:17:58.137476
Leyesytecnologia Com,ES,leyesytecnologia.com,,,3,Case study: PeritajedeNavision. Otrocasodeéxito. • Leyes y …,global_jobs,1,CDQO,2026-04-15T07:17:58.137509
Chi Siamo,IT,dynamicsconsult.com,,,3,Case study: Chi Siamo - Dynamics Consult,global_jobs,1,CDQO,2026-04-15T07:17:58.137520
Flexiclosing Pl,PL,flexiclosing.pl,,,3,Case study: Czym jestNavisionw księgowości? | FLEXICLOSING,global_jobs,1,CDQO,2026-04-15T07:17:58.137762
Arrival Quality Com,JP,arrival-quality.com,,,3,Case study: STORY(制作事例) -NAVISION- アライバルクオリティー,global_jobs,1,CDQO,2026-04-15T07:17:58.138054
Addendanalytics Com,IN,addendanalytics.com,,,3,Case study: Microsoft Navision ERP | MsDynamicsNav- Addend Analytics,global_jobs,1,CDQO,2026-04-15T07:17:58.138099
Rejestr Io,PL,rejestr.io,,,3,Case study: NAVISION.PL | Rejestr.io,global_jobs,1,CDQO,2026-04-15T07:17:58.138242
Ekamat Es,ES,ekamat.es,,,3,Case study: Navision |DynamicsNAV- Software de gestión ERP para …,global_jobs,1,CDQO,2026-04-15T07:17:58.138359
Consultorianavision Com,ES,consultorianavision.com,,,3,Case study: MicrosoftDynamicsNav- CONSULTORÍA NAVISION,global_jobs,1,CDQO,2026-04-15T07:17:58.138370
About Us,PL,navision.pl,,,3,Case study: About Us - History and experience inDynamicsNAV/BC | NAVISION.PL,global_jobs,1,CDQO,2026-04-15T07:17:58.138393
Casestudies Com,US,casestudies.com,,,3,Case study: Altus DynamicsCaseStudy: Avon Maitland District School Board – …,global_jobs,1,CDQO,2026-04-15T07:17:58.138404
Firma Egospodarka Pl,PL,firma.egospodarka.pl,,,3,Case study: NAVISION.PL SP. Z O.O. w mieście Szczecin (zachodniopomorskie),global_jobs,1,CDQO,2026-04-15T07:17:58.138432
Navision Pl,PL,navision.pl,,,3,Case study: MicrosoftDynamicsNAV- Wsparcie i Utrzymanie | NAVISION.PL,global_jobs,1,CDQO,2026-04-15T07:17:58.078171
Freelance Informatique Fr,FR,freelance-informatique.fr,,,3,Case study: MissionsNAVISION:denombreuses offres déposées toutes les semaines,global_jobs,1,CDQO,2026-04-15T07:17:58.079058
Tecman Co Uk,UK,tecman.co.uk,,,3,Case study: MicrosoftDynamicsNAV(Navision) PartnerUK- Tecman,global_jobs,1,CDQO,2026-04-15T07:17:58.079434
Navision Iwakiseiyaku Co Jp,JP,navision.iwakiseiyaku.co.jp,,,3,Case study: 岩城製薬ナビジョンオンラインショップ,global_jobs,1,CDQO,2026-04-15T07:17:58.079482
Endeavoursolutions Ca,US,endeavoursolutions.ca,,,3,Case study: USANavision Support for MicrosoftDynamicsNAV,global_jobs,1,CDQO,2026-04-15T07:17:58.079561
Faect Nl,NL,faect.nl,,,3,Case study: Wat is het verschil tussen Navision en MicrosoftDynamics365 Business ...,global_jobs,1,CDQO,2026-04-15T07:17:58.079669
Partner Navision Madrid,ES,triangle.es,,,3,Case study: Partner Navision Madrid - Triangle,global_jobs,1,CDQO,2026-04-15T07:17:58.079685
Prodwaregroup Com,PE,prodwaregroup.com,,,3,Case study: MicrosoftDynamicsNAV(navision) | programa ERP,global_jobs,1,CDQO,2026-04-15T07:17:58.079936
Navicomdynamics Com,NZ,navicomdynamics.com,,,3,Case study: OurNewZealand| NavicomDynamics,global_jobs,1,CDQO,2026-04-15T07:17:58.079999
Maybecloud Es,PE,maybecloud.es,,,3,Case study: Soporte Navision yBusinessCentralLima -Perú,global_jobs,1,CDQO,2026-04-15T07:17:58.080032
Navision Law,JP,navision.law,,,3,Case study: 弁理士法人ナビジョン国際特許事務所,global_jobs,1,CDQO,2026-04-15T07:17:58.081362
Advancesoluciones Com,PE,advancesoluciones.com,,,3,Case study: Software ERP para empresas Logísticas:Navisiony BC,global_jobs,1,CDQO,2026-04-15T07:17:58.081435
Try & Hire Esbjerg,DK,,-,-,1,Bruger Navision ifølge jobopslag,Job Posting,1,CDQO,2026-04-15T07:17:58.082338
Naviators Dk,SE,naviators.dk,,,1,Case study: Implementeringog rådgivning af løsninger baseret på Dynamics NAV,global_jobs,1,CDQO,2026-04-15T07:17:58.099739
Dynamics4All Nl,NL,dynamics4all.nl,,,1,"Case study: Navision: Microsoft Dynamics NAV (Navision) professionals, freelancers ...",global_jobs,1,CDQO,2026-04-15T07:17:58.100464
Astena Be,BE,astena.be,,,1,Case study: Croissance contrôlée grâce à Microsoft Dynamics NAV | Astena,global_jobs,1,CDQO,2026-04-15T07:17:58.100558
Eozys Be,BE,eozys.be,,,1,Case study: NavisionIntegrator Belgium Microsoft Dynamics Nav | Eozys,global_jobs,1,CDQO,2026-04-15T07:17:58.100571
Galanet Be,BE,galanet.be,,,1,Case study: Navision software? Wij zijn al expert sinds 1996 in Navision,global_jobs,1,CDQO,2026-04-15T07:17:58.100583
Nmierp Pl,PL,nmierp.pl,,,1,Case study: IBCS -CaseStudy- Microsoft Dynamics NAV,global_jobs,1,CDQO,2026-04-15T07:17:58.100594
Aitana Es,ES,aitana.es,,,1,Case study: Casodeéxito en Microsoft Dynamics NAV | Italpanelli,global_jobs,1,CDQO,2026-04-15T07:17:58.100731
Ingest It,IT,ingest.it,,,1,Case study: Microsoft Dynamics NAV (Navision) con Tempo Zero | Ingest,global_jobs,1,CDQO,2026-04-15T07:17:58.100820
Visiondata Dk,DK,visiondata.dk,,,1,Case study: Historien omNavision/ Dynamics NAV,global_jobs,1,CDQO,2026-04-15T07:17:58.100858
Jmdata Dk,DK,jmdata.dk,,,1,"Case study: Navisiontidslinje – JM Data, Ikast ApS",global_jobs,1,CDQO,2026-04-15T07:17:58.100869
NavisionIndia| Noida,IN,facebook.com,,,1,Case study: NavisionIndia| Noida - Facebook,global_jobs,1,CDQO,2026-04-15T07:17:58.100898
Mikä on MicrosoftNavision(NAV)?,FI,imwechsel.com,,,1,Case study: Mikä on MicrosoftNavision(NAV)? - Yritysten taloushallinnon ...,global_jobs,1,CDQO,2026-04-15T07:17:58.100924
Navisys Biz,BE,navisys.biz,,,1,Case study: Microsoft Dynamics NAV helps with project management …,global_jobs,1,CDQO,2026-04-15T07:17:58.100937
CaseStudies | Dynamics NAV,US,westerncomputer.com,,,1,Case study: CaseStudies | Dynamics NAV - westerncomputer.com,global_jobs,1,CDQO,2026-04-15T07:17:58.100978
HowNavisionCracked the North American Market,US,tbkconsult.com,,,1,Case study: HowNavisionCracked the North American Market - TBK Consult,global_jobs,1,CDQO,2026-04-15T07:17:58.100991
naughtone | Dynamics NAV Implementation,US,the365people.com,,,1,Case study: naughtone | Dynamics NAV Implementation - The 365 …,global_jobs,1,CDQO,2026-04-15T07:17:58.101006
Punch | Central Business System | Dynamics NAV,UK,the365people.com,,,1,Case study: Punch | Central Business System | Dynamics NAV - The …,global_jobs,1,CDQO,2026-04-15T07:17:58.101034
Navision24 De,DE,navision24.de,,,1,"Case study: Dynamics NAV ⚡ Tutorials, Funktions",global_jobs,1,CDQO,2026-04-15T07:17:58.101074
NavisionGo-LiveTool,US,mibuso.com,,,1,Case study: NavisionGo-LiveTool - mibuso.com,global_jobs,1,CDQO,2026-04-15T07:17:58.101085
Dynamics NAV 2016Go-LiveExperience,US,stevensinger.org,,,1,Case study: Dynamics NAV 2016Go-LiveExperience - Steven Singer,global_jobs,1,CDQO,2026-04-15T07:17:58.101097
Theseus: Microsoft Dynamics NAV,FI,theseus.fi,,,1,Case study: Theseus: Microsoft Dynamics NAV - oppimisympäristön kehittäminen: …,global_jobs,1,CDQO,2026-04-15T07:17:58.101109
Lex Dk,DK,lex.dk,,,1,Case study: Navision– Lex,global_jobs,1,CDQO,2026-04-15T07:17:58.101147
- NavisionGroup,DK,navisiongroup.com,,,1,Case study: - NavisionGroup - Danish Family Office,global_jobs,1,CDQO,2026-04-15T07:17:58.101206
"Dynamics NAV, lagerstyring og produktion",DK,visiondata.dk,,,1,"Case study: Dynamics NAV, lagerstyring og produktion - Vision Data",global_jobs,1,CDQO,2026-04-15T07:17:58.101218
Hvad hedderNavisioni dag?,DK,skagenonline.dk,,,1,Case study: Hvad hedderNavisioni dag? - skagenonline.dk,global_jobs,1,CDQO,2026-04-15T07:17:58.101229
"BusinessCentral, Dynamics NAV, Navision",DK,navisupport.dk,,,1,"Case study: BusinessCentral, Dynamics NAV, Navision - Navisupport",global_jobs,1,CDQO,2026-04-15T07:17:58.101251
Erpsupporten Dk,DK,erpsupporten.dk,,,1,Case study: Hvad er NAV (Navision)? | Økonomisystem til SMB …,global_jobs,1,CDQO,2026-04-15T07:17:58.101288
Brugervejledninger tilNavisionStat,DK,statens-adm.dk,,,1,Case study: Brugervejledninger tilNavisionStat - Statens Adm,global_jobs,1,CDQO,2026-04-15T07:17:58.101323
Brandngrow Dk,DK,brandngrow.dk,,,1,Case study: Hvad erNavision? Den dybe guide til et af ERP-systemernes mest …,global_jobs,1,CDQO,2026-04-15T07:17:58.101334
Hvordan virkerNavision?,DK,skagenonline.dk,,,1,Case study: Hvordan virkerNavision? - skagenonline.dk,global_jobs,1,CDQO,2026-04-15T07:17:58.101348
Navision: Business Solutions Microsoft,IT,navlab.it,,,1,Case study: Navision: Business Solutions Microsoft - NAV-LAB,global_jobs,1,CDQO,2026-04-15T07:17:58.101404
jeffreybulanadi/navision-where-used-tools,DK,github.com,,,1,Case study: jeffreybulanadi/navision-where-used-tools - GitHub,global_jobs,1,CDQO,2026-04-15T07:17:58.101426
Navision24 De,DK,navision24.de,,,1,"Case study: Dynamics NAV ⚡ Tutorials, Funktions",global_jobs,1,CDQO,2026-04-15T07:17:58.101450
Kapitalnu Dk,DK,kapitalnu.dk,,,1,Case study: Økonomi Regnskab medNavisionRegnskabsprogram,global_jobs,1,CDQO,2026-04-15T07:17:58.101462
Fairytell Dk,DK,fairytell.dk,,,1,Case study: En omfattende guide tilNavision- Fairytell Artiklen,global_jobs,1,CDQO,2026-04-15T07:17:58.101495
Serinf It,IT,serinf.it,,,1,Case study: Microsoft Dynamics NAV: ERP for SME | Serinf,global_jobs,1,CDQO,2026-04-15T07:17:58.101516
Tso De,DE,tso.de,,,1,Case study: MicrosoftDynamicsNAV(vormals Navision),global_jobs,1,CDQO,2026-04-15T07:17:58.101531
NavisionStat,DK,statens-adm.dk,,,1,Case study: NavisionStat - Statens Adm,global_jobs,1,CDQO,2026-04-15T07:17:58.101566
NavisionStat 11.7 Officiel release,DK,oes.dk,,,1,Case study: NavisionStat 11.7 Officiel release - oes.dk,global_jobs,1,CDQO,2026-04-15T07:17:58.101588
Plm Erpnews Se,SE,plm-erpnews.se,,,1,Case study: Orango och Itero blir störst iSverigepå Dynamics NAV,global_jobs,1,CDQO,2026-04-15T07:17:58.101632
Glassdoor Co Uk,UK,glassdoor.co.uk,,,1,"Case study: 34 microsoft dynamics nav jobs inUnitedKingdom, February 2026",global_jobs,1,CDQO,2026-04-15T07:17:58.101743
Abebooks De,DE,abebooks.de,,,1,Case study: Ein praxisorientierter Einstieg in MicrosoftNavision: Eine ...,global_jobs,1,CDQO,2026-04-15T07:17:58.101756
Morawa At,DE,morawa.at,,,1,Case study: Ein praxisorientierter Einstieg in MicrosoftNavision,global_jobs,1,CDQO,2026-04-15T07:17:58.101767
Hugendubel Info,DE,hugendubel.info,,,1,Case study: Ein praxisorientierter Einstieg in MicrosoftNavision,global_jobs,1,CDQO,2026-04-15T07:17:58.101778
Itm8 Dk,DK,itm8.dk,,,1,Case study: Bogføringsloven med Microsoft Dynamics NAV | Sådan overholder du den!,global_jobs,1,CDQO,2026-04-15T07:17:58.101789
Behold Dit Bogforingsprogram Dk,DK,behold-dit-bogforingsprogram.dk,,,1,Case study: Navision/NAV — Overhold loven uden at skifte bogføringsprogram,global_jobs,1,CDQO,2026-04-15T07:17:58.101805
Kh Online Dk,DK,kh-online.dk,,,1,Case study: 3 værdiskabende grunde til du skal brugeNavision,global_jobs,1,CDQO,2026-04-15T07:17:58.101827
Navision/ Dynamics NAV | versioner,DK,activebs.com,,,1,Case study: Navision/ Dynamics NAV | versioner - Active Business Solutions,global_jobs,1,CDQO,2026-04-15T07:17:58.101955
Benchmarkit Dk,DK,benchmarkit.dk,,,1,"Case study: Jet Analytics | Business Intelligence tilNavision, Axapta og NAV 365",global_jobs,1,CDQO,2026-04-15T07:17:58.101980
Von Navision überDynamicsNAVzu Microsoft ...,DE,ags-online.de,,,1,Case study: Von Navision überDynamicsNAVzu Microsoft ... - ags-online.de,global_jobs,1,CDQO,2026-04-15T07:17:58.102021
CaseStudy- Power BI connects with Dynamics NAV 2016,FI,linkedin.com,,,1,Case study: CaseStudy- Power BI connects with Dynamics NAV 2016 - LinkedIn,global_jobs,1,CDQO,2026-04-15T07:17:58.102073
LinkedIn,NL,linkedin.com,,,1,Case study: CaseStudy- Power BI connects with Dynamics NAV 2016 - LinkedIn,global_jobs,1,CDQO,2026-04-15T07:17:58.102084
Zupgo,NL,zupgo.nl,,,1,Case study: Products & Pricing - Zupgo - Microsoft Dynamics NAV,global_jobs,1,CDQO,2026-04-15T07:17:58.102096
NMI ERP,PL,nmierp.pl,,,1,Case study: Renta -CaseStudy- Microsoft Dynamics NAV - NMI ERP,global_jobs,1,CDQO,2026-04-15T07:17:58.099181
Navisioni Microsoft Dynamics NAV,PL,nav24.pl,,,1,Case study: Navisioni Microsoft Dynamics NAV - fundamenty nowoczesnego ...,global_jobs,1,CDQO,2026-04-15T07:17:58.102122
Digmatix,PL,digmatix.com,,,1,Case study: Dynamics NAV (Navision) - Digmatix,global_jobs,1,CDQO,2026-04-15T07:17:58.102133
Elevify,FR,elevify.com,,,1,Case study: Formation Microsoft Dynamics NAV - Elevify,global_jobs,1,CDQO,2026-04-15T07:17:58.102193
Projet Dynamics NAV,FR,delphisoft.fr,,,1,Case study: Projet Dynamics NAV - DelphisoftFrance,global_jobs,1,CDQO,2026-04-15T07:17:58.102221
Navisionde Microsoft,ES,grupoactive.es,,,1,Case study: Navisionde Microsoft - Dynamics Nav - Grupo Active,global_jobs,1,CDQO,2026-04-15T07:17:58.102288
LinkedIn,IT,linkedin.com,,,1,Case study: CaseStudy- Power BI connects with Dynamics NAV 2016 - LinkedIn,global_jobs,1,CDQO,2026-04-15T07:17:58.102339
Serenissima Informatica,IT,serinf.it,,,1,Case study: Microsoft Dynamics NAV: ERP for SME - Serenissima Informatica,global_jobs,1,CDQO,2026-04-15T07:17:58.102364
LinkedIn,IN,linkedin.com,,,1,Case study: CaseStudy- Power BI connects with Dynamics NAV 2016 - LinkedIn,global_jobs,1,CDQO,2026-04-15T07:17:58.102387
MicrosoftDynamics365CustomerService,IN,navisionindia.in,,,1,Case study: MicrosoftDynamics365CustomerService - NavisionIndia,global_jobs,1,CDQO,2026-04-15T07:17:58.102400
IT.integro,PL,it.integro.pl,,,1,Case study: Microsoft Dynamics NAV - rozwój systemu ERP - IT.integro,global_jobs,1,CDQO,2026-04-15T07:17:58.102454
Emagister,ES,emagister.com,,,1,Case study: CursosdeDynamics NAV - Emagister,global_jobs,1,CDQO,2026-04-15T07:17:58.102480
Twitter,IN,x.com,,,1,Case study: Navisionindia (@Navision_India) / Posts / X - Twitter,global_jobs,1,CDQO,2026-04-15T07:17:58.102504
Tipsa,ES,tipsa.net,,,1,Case study: Microsoft Dynamics NAV -Navision| Tipsa.net,global_jobs,1,CDQO,2026-04-15T07:17:58.102530
Arbentia,ES,arbentia.com,,,1,Case study: Microsoft Dynamics NAVNavision- Software ERP - Arbentia,global_jobs,1,CDQO,2026-04-15T07:17:58.102541
Navision.pl Spółka Z Ograniczoną Odpowiedzialnością,PL,krs-pobierz.pl,,,1,Case study: Navision.pl Spółka Z Ograniczoną Odpowiedzialnością - Krs-pobierz,global_jobs,1,CDQO,2026-04-15T07:17:58.102567
NavisionIndia,IN,navisionindia.in,,,1,Case study: MicrosoftBusinessCentralConsulting - NavisionIndia,global_jobs,1,CDQO,2026-04-15T07:17:58.102592
Kepler Ms Ro,DK,kepler-ms.ro,,,1,Case study: Dynamics NAV (Navision) Manuals | Official Microsoft …,global_jobs,1,CDQO,2026-04-15T07:17:58.102615
Studylib Net,DK,studylib.net,,,1,Case study: Dynamics NAV Database Reporting Cheat Sheet,global_jobs,1,CDQO,2026-04-15T07:17:58.102626
CONSULTORÍA NAVISION,ES,consultorianavision.com,,,1,Case study: Microsoft Dynamics Nav - CONSULTORÍANAVISION,global_jobs,1,CDQO,2026-04-15T07:17:58.102637
Kepler,NO,kepler-ms.ro,,,1,Case study: Dynamics NAV (Navision) Manuals | Official Microsoft Manuals,global_jobs,1,CDQO,2026-04-15T07:17:58.102735
ERP Expertis,NO,rightpeoplegroup.com,,,1,Case study: Dynamics NAV 2015 Konsult - ERP Expertis,global_jobs,1,CDQO,2026-04-15T07:17:58.102748
"system ERP | Funkcje, możliwości, wdrożenia",PL,navision.pl,,,1,"Case study: system ERP | Funkcje, możliwości, wdrożenia - NAVISION.PL",global_jobs,1,CDQO,2026-04-15T07:17:58.102766
Nav24 PL,PL,nav24.pl,,,1,Case study: Navisioni Microsoft Dynamics NAV – fundamenty nowoczesnego …,global_jobs,1,CDQO,2026-04-15T07:17:58.102778
NAVISION- Microsoft Dynamics NAV,PL,mediadat.pl,,,1,Case study: NAVISION- Microsoft Dynamics NAV - opis systemu - wdrożenia i …,global_jobs,1,CDQO,2026-04-15T07:17:58.102790
ナビジョン・パートナーズ,JP,navision-partners.com,,,1,Case study: ナビジョン・パートナーズ - Microsoftクラウド導入と業務自動化,global_jobs,1,CDQO,2026-04-15T07:17:58.102820
日本パルスモーター,JP,atpress.ne.jp,,,1,Case study: PBC、日本パルスモーターへマイクロソフト社製ERP「Dynamics NAV …,global_jobs,1,CDQO,2026-04-15T07:17:58.102845
Theta Co NZ,NZ,theta.co.nz,,,1,Case study: NZ retail chain streamlines procurement with Dynamics NAV,global_jobs,1,CDQO,2026-04-15T07:17:58.102857
GoSolutions Group,ZA,gosolutions.group,,,1,Case study: Microsoft DynamicsNavisioninSouthAfrica| GoSolutions,global_jobs,1,CDQO,2026-04-15T07:17:58.102868
Dynamicsafrica Biz,ZA,dynamicsafrica.biz,,,1,Case study: 4Sight Channel Partner | Dynamics NAV | Business Apps,global_jobs,1,CDQO,2026-04-15T07:17:58.102880
Empresas que utilizamNavisionem B Brics,BR,theirstack.com,,,1,Case study: Empresas que utilizamNavisionem B Brics - TheirStack.com,global_jobs,1,CDQO,2026-04-15T07:17:58.102906
EVOTEC,MX,consultorianavision.com,,,1,Case study: Microsoft Dynamics Nav - CONSULTORÍANAVISION- EVOTEC,global_jobs,1,CDQO,2026-04-15T07:17:58.102929
RESOLUCIÓNCASON°1 (NavisionTecnology),AR,clubensayos.com,,,1,Case study: RESOLUCIÓNCASON°1 (NavisionTecnology) - ClubEnsayos.com,global_jobs,1,CDQO,2026-04-15T07:17:58.102963
Voxa Info,AR,voxa.info,,,1,Case study: MicrosoftDynamicsNavNavisionArgentina- VOXA,global_jobs,1,CDQO,2026-04-15T07:17:58.102986
EVOTEC,PE,consultorianavision.com,,,1,Case study: Microsoft Dynamics Nav - CONSULTORÍANAVISION- EVOTEC,global_jobs,1,CDQO,2026-04-15T07:17:58.103499
한국야금,KR,dailygrid.net,,,1,"Case study: [Case Study]한국야금, Microsoft Dynamics NAV 구축사례",global_jobs,1,CDQO,2026-04-15T07:17:58.103511
VOXA | Entre en contacto con nosotros,AR,voxa.info,,,1,Case study: VOXA | Entre en contacto con nosotros - MicrosoftDynamicsNavNavisionArgentina- V,global_jobs,1,CDQO,2026-04-15T07:17:58.103522
Serinf,IT,serinf.it,,,1,Case study: Microsoft Dynamics NAV: ERP per PMI - Serinf,global_jobs,1,CDQO,2026-04-15T07:17:58.103556
Empresas deNavisionMaquinaria,CO,empresite.eleconomistaamerica.co,,,1,Case study: Empresas deNavisionMaquinaria - EmpresiteColombia,global_jobs,1,CDQO,2026-04-15T07:17:58.103593
Glassdoor Ca,CA,glassdoor.ca,,,1,Case study: 23 Microsoft dynamicsnavisionjobs inCanada| Glassdoor,global_jobs,1,CDQO,2026-04-15T07:17:58.103627
Nav24,NO,nav24.eu,,,1,Case study: Navisionand Microsoft Dynamics NAV – Foundations of a Modern ...,global_jobs,1,CDQO,2026-04-15T07:17:58.103772
NavisionGo-LiveTool,NL,mibuso.com,,,1,Case study: NavisionGo-LiveTool - mibuso.com,global_jobs,1,CDQO,2026-04-15T07:17:58.103826
DelphisoftFrance,FR,delphisoft.fr,,,1,Case study: Démarrer rapidement avec Dynamics NAV - DelphisoftFrance,global_jobs,1,CDQO,2026-04-15T07:17:58.103839
NavisionSuccess Cases,IT,dynamicsconsult.com,,,1,Case study: NavisionSuccess Cases - Dynamics Consult,global_jobs,1,CDQO,2026-04-15T07:17:58.103853
System ERP,PL,dynamicsnav.pl,,,1,Case study: System ERP - Microsoft Dynamics NAV,global_jobs,1,CDQO,2026-04-15T07:17:58.103877
ナビジョン (NAVISION),JP,shiseido.co.jp,,,1,Case study: ナビジョン (NAVISION) - 資生堂,global_jobs,1,CDQO,2026-04-15T07:17:58.103900
岩城製薬,JP,navision.iwakiseiyaku.co.jp,,,1,Case study: 岩城製薬ナビジョンオンラインショップ,global_jobs,1,CDQO,2026-04-15T07:17:58.103910
岩城製薬について,JP,navision.iwakiseiyaku.co.jp,,,1,Case study: 岩城製薬について - ナビジョンDr,global_jobs,1,CDQO,2026-04-15T07:17:58.103931
LinkedIn,KR,linkedin.com,,,1,Case study: Case Study - Power BI connects with Dynamics NAV 2016 - LinkedIn,global_jobs,1,CDQO,2026-04-15T07:17:58.103952
"NavisionJobs inNewZealand, Job Vacancies",NZ,seek.co.nz,,,1,"Case study: NavisionJobs inNewZealand, Job Vacancies - Mar 2026 | SEEK",global_jobs,1,CDQO,2026-04-15T07:17:58.103998
Vision Data,DK,visiondata.dk,,,1,"Case study: Vision Data - Rådgivning i Dynamics NAV, lagerstyring og ...",global_jobs,1,CDQO,2026-04-15T07:17:58.104089
세미스,KR,semiskorea.co.kr,,,1,Case study: Microsoft Dynamics NAV | 세미스,global_jobs,1,CDQO,2026-04-15T07:17:58.104101
중견.중소기업용 ERP,KR,blog.naver.com,,,1,Case study: 중견.중소기업용 ERP - Microsoft Dynamics NAV 소개 : 네이버 블로그,global_jobs,1,CDQO,2026-04-15T07:17:58.104112
RESOLUCIÓNCASON°1 (NavisionTecnology),CO,clubensayos.com,,,1,Case study: RESOLUCIÓNCASON°1 (NavisionTecnology) - ClubEnsayos.com,global_jobs,1,CDQO,2026-04-15T07:17:58.104163
RESOLUCIÓNCASON°1 (NavisionTecnology),PE,clubensayos.com,,,1,Case study: RESOLUCIÓNCASON°1 (NavisionTecnology) - ClubEnsayos.com,global_jobs,1,CDQO,2026-04-15T07:17:58.104268
NavExperts,NL,navexperts.nl,,,1,Case study: NavExperts - Dé ERP expert op gebied van Microsoft Dynamics,global_jobs,1,CDQO,2026-04-15T07:17:58.104326
TC Servi,PE,tcservi.com,,,1,Case study: Navision| TCServi - Microsoft Official Partner,global_jobs,1,CDQO,2026-04-15T07:17:58.104340
ABC E BUSINESS,NL,abcebusiness.nl,,,1,Case study: Wat is Microsoft Navision (DynamicsNAV)? | ABC E BUSINESS,global_jobs,1,CDQO,2026-04-15T07:17:58.104363
資生堂,JP,kokusaishogyo-online.jp,,,1,Case study: 資生堂「NAVISION（ナビジョン）」― ブランド新戦略で「プロ ...,global_jobs,1,CDQO,2026-04-15T07:17:58.104463
岩城製薬 / ナビジョン DR (@navision.dr),JP,facebook.com,,,1,Case study: 岩城製薬 / ナビジョン DR (@navision.dr) - Facebook,global_jobs,1,CDQO,2026-04-15T07:17:58.104487
Nunsys,PE,nunsys.com,,,1,Case study: ¿Por qué debes apostar porNavision(Dynamics NAV) - Nunsys,global_jobs,1,CDQO,2026-04-15T07:17:58.104511
Dynetek,ZA,dynetek.co.za,,,1,Case study: Get your Enterprise running with Microsoft Dynamics NAV™,global_jobs,1,CDQO,2026-04-15T07:17:58.104533
Programadorbc Es,CO,programadorbc.es,,,1,Case study: ¿Navisionque es y cómo puede beneficiar a tuempresa?,global_jobs,1,CDQO,2026-04-15T07:17:58.104544
RESOLUCIÓNCASON°1 (NavisionTecnology),CL,clubensayos.com,,,1,Case study: RESOLUCIÓNCASON°1 (NavisionTecnology) - ClubEnsayos.com,global_jobs,1,CDQO,2026-04-15T07:17:58.104559
Hvad erNavision?,DK,logosconsult.dk,,,1,Case study: Hvad erNavision? - Her får du nyttige informationer og viden,global_jobs,1,CDQO,2026-04-15T07:17:58.104583
NavisionBogholder,DK,bogfoering.dk,,,1,Case study: NavisionBogholder - NAV bogholder med kendskab til BC,global_jobs,1,CDQO,2026-04-15T07:17:58.104595
BI conseil,FR,biconseil.fr,,,1,Case study: BI conseil:application informatique (logiciel) ERP (pgi) Navison ...,global_jobs,1,CDQO,2026-04-15T07:17:58.104712
kube.systems,MX,kube.systems,,,1,Case study: Guía EsencialdeERPNavisionDynamics para 2026 - kube.systems,global_jobs,1,CDQO,2026-04-15T07:17:58.104830
Hvem opfandtNavision?,DK,skagenonline.dk,,,1,Case study: Hvem opfandtNavision? - skagenonline.dk,global_jobs,1,CDQO,2026-04-15T07:17:58.104887
[løst]Navisionlåser enbrugerude?,DK,computerworld.dk,,,1,Case study: [løst]Navisionlåser enbrugerude? - Eksperten - Computerworld,global_jobs,1,CDQO,2026-04-15T07:17:58.104929
NavisionJobs inNewZealand(Apr 2024),NZ,shine.com,,,1,Case study: NavisionJobs inNewZealand(Apr 2024) - Shine.com,global_jobs,1,CDQO,2026-04-15T07:17:58.104955
NAVISIONWEBSITES,NZ,yelp.com,,,1,"Case study: NAVISIONWEBSITES - ACUMENONLINE - 101 Station Road, Auckland, …",global_jobs,1,CDQO,2026-04-15T07:17:58.104967
RESOLUCIÓNCASON°1 (NavisionTecnology),MX,clubensayos.com,,,1,Case study: RESOLUCIÓNCASON°1 (NavisionTecnology) - ClubEnsayos.com,global_jobs,1,CDQO,2026-04-15T07:17:58.104991
Wat zijn de gevolgen van het einde van MicrosoftNavision...,NL,erpoverzicht.nl,,,1,Case study: Wat zijn de gevolgen van het einde van MicrosoftNavision... - ERP ...,global_jobs,1,CDQO,2026-04-15T07:17:58.105014
e Conocimiento,MX,coev.e-conocimiento.org,,,1,Case study: NAVISION- e Conocimiento,global_jobs,1,CDQO,2026-04-15T07:17:58.105026
Naviators,NO,naviators.dk,,,1,Case study: Implementeringog rådgivning af løsninger baseret på Dynamics NAV,global_jobs,1,CDQO,2026-04-15T07:17:58.105037
Mprise,NL,mprise.nl,,,1,Case study: Microsoft Dynamics NAV ofNavision- Mprise,global_jobs,1,CDQO,2026-04-15T07:17:58.105087
NaviPro,SE,evidi.com,,,1,Case study: Evidi | NAV (Microsoft Dynamics NAV) - NaviPro,global_jobs,1,CDQO,2026-04-15T07:17:58.105098
DescubreNavision: El ERPdelos negocios,CL,adn.eu,,,1,Case study: DescubreNavision: El ERPdelos negocios - ADN,global_jobs,1,CDQO,2026-04-15T07:17:58.105109
DanskNavision-version udskudt,DK,computerworld.dk,,,1,Case study: DanskNavision-version udskudt - Computerworld,global_jobs,1,CDQO,2026-04-15T07:17:58.105123
Inbiz SE,SE,inbiz.se,,,1,Case study: Microsoft Dynamics NAV (Navision) | Affärssystemlösningar från InBiz,global_jobs,1,CDQO,2026-04-15T07:17:58.105147
Navision-forhandler breder sig på Sjælland,DK,computerworld.dk,,,1,Case study: Navision-forhandler breder sig på Sjælland - Computerworld,global_jobs,1,CDQO,2026-04-15T07:17:58.105296
Pôle emploi,FR,fr.optedif-formation.fr,,,1,"Case study: FormationNavisionéligible OPCO, CPF,Francetravail - Pôle emploi (à ...",global_jobs,1,CDQO,2026-04-15T07:17:58.110518
NavisionJobs (with Salaries),AU,seek.com.au,,,1,Case study: NavisionJobs (with Salaries) - SEEK,global_jobs,1,CDQO,2026-04-15T07:17:58.110569
comptech.it,IT,comptech.it,,,1,Case study: Brochure Navision3 A4 - comptech.it,global_jobs,1,CDQO,2026-04-15T07:17:58.110593
DescubreNavision: El ERP de los negocios,AR,adn.eu,,,1,Case study: DescubreNavision: El ERP de los negocios - ADN,global_jobs,1,CDQO,2026-04-15T07:17:58.123312
MicroChannel,KR,microchannel.asia,,,1,Case study: Navision- Now Microsoft Dynamics NAV | MicroChannel,global_jobs,1,CDQO,2026-04-15T07:17:58.123330
Theseus Fi,FI,theseus.fi,,,1,Case study: Microsoft Dynamics NAV oppimisympäristön kehittäminen:Case…,global_jobs,1,CDQO,2026-04-15T07:17:58.123355
Avantiico,US,avantiico.com,,,1,Case study: Dynamics NAV (Navision) - Avantiico,global_jobs,1,CDQO,2026-04-15T07:17:58.123394
CaseStudy- Power BI connects with Dynamics NAV 2016,AU,linkedin.com,,,1,Case study: CaseStudy- Power BI connects with Dynamics NAV 2016 - LinkedIn,global_jobs,1,CDQO,2026-04-15T07:17:58.123512
Consultoria Dynamics Nav Mexico,MX,instagram.com,,,1,Case study: Consultoria Dynamics Nav Mexico - Instagram,global_jobs,1,CDQO,2026-04-15T07:17:58.123527
TCServi,MX,tcservi.com,,,1,Case study: Navision| TCServi - Microsoft Official Partner,global_jobs,1,CDQO,2026-04-15T07:17:58.123551
商品から探す,JP,navision.iwakiseiyaku.co.jp,,,1,Case study: 商品から探す - ナビジョンDr,global_jobs,1,CDQO,2026-04-15T07:17:58.123576
Formation Dynamics Nav,FR,delphisoft.fr,,,1,Case study: Formation Dynamics Nav - delphisoft.fr,global_jobs,1,CDQO,2026-04-15T07:17:58.123596
Bluestar,MX,aitana.es,,,1,Case study: Casodeéxito en Microsoft Dynamics NAV | Bluestar,global_jobs,1,CDQO,2026-04-15T07:17:58.123682
[![Image 1: Polygon A/S](https://www.jobindex.dk/img/logo/Polygonlogo_270922.png)](http://www.polygon.dk/),DK,,,,1,Job posting: URL Source: https://www.jobindex.dk/jobsoegning?q=navision,job_posting,1,CDQO,2026-04-15T07:17:58.123812
"Warning: This page contains shadow DOM that are currently hidden, consider enabling shadow DOM processing.",NO,,,,1,Job posting: URL Source: https://www.finn.no/job/search.html?keyword=navision,job_posting,1,CDQO,2026-04-15T07:17:58.123847
Several states also provide for the right to limit the use of your sensitive personal information. Monster only collects sensitive personal informatio,US,,,,1,"Job posting: Monster Jobs - Job Search, Career Advice & Hiring Resources | Monster.com | navision-jobs",job_posting,1,CDQO,2026-04-15T07:17:58.123861
[![Image 1: Polygon A/S](https://www.jobindex.dk/img/logo/Polygonlogo_270922.png)](http://www.polygo,DK,,,,1,Job posting: URL Source: https://www.jobindex.dk/jobsoegning?q=navision,job_posting,1,CDQO,2026-04-15T07:17:58.123966
"Warning: This page contains shadow DOM that are currently hidden, consider enabling shadow DOM proce",NO,,,,1,Job posting: URL Source: https://www.finn.no/job/search.html?keyword=navision,job_posting,1,CDQO,2026-04-15T07:17:58.124079
"Upload your resume to let employers know you're open to navision-jobs job opportunities. Plus, recei",US,,,,1,"Job posting: Upload your resume to let employers know you're open to navision-jobs job opportunities. Plus, receive relevant job recommendations in your inbox.",job_posting,1,CDQO,2026-04-15T07:17:58.124126
"Vi søger en økonomiansvarlig, der har stærke administrative kompetencer, er struktureret og selvfølgelig har erfaring med regnskab og budgetter.",DK,,,,1,"Job posting: Dine daglige opgaver indeholder blandt andet sagsstyring, styring af økonomi, udarbejdelse af elektroniske rapporter, samt dialog via Scalepoint, mail og Navision.",job_posting,1,CDQO,2026-04-15T07:17:58.124153
[![Image 5: Johs. Rasmussen Svebølle A/S](https://www.jobindex.dk/api/imagescaler/v1/brand/jobindex_jr700x160.jpg?max_width=525)](https://www.johs-ras,DK,,,,1,Job posting: *   Bogføring i Navision Stat og løbende afstemninger,job_posting,1,CDQO,2026-04-15T07:17:58.124183
SO Tracking Label,US,,,,1,Job posting: [Skip to content](https://www.monster.com/jobs/search?q=navision-jobs#skipNav),job_posting,1,CDQO,2026-04-15T07:17:58.124244
Dynamics NAV Database Reporting Cheat Sheet,DK,studylib.net,,,1,Case study: Dynamics NAV Database Reporting Cheat Sheet - studylib.net,global_jobs,1,CDQO,2026-04-15T07:17:58.128028
OCCMundial,MX,occ.com.mx,,,1,Case study: Bolsadetrabajo paranavisionenMéxico| OCC - OCCMundial,global_jobs,1,CDQO,2026-04-15T07:17:58.128041
olivia.es,MX,olivia.es,,,1,Case study: Casodeéxito – Distribución (Navision) - olivia.es,global_jobs,1,CDQO,2026-04-15T07:17:58.128053
NavisionLogo PNG Vectors Free Download,AU,seeklogo.com,,,1,Case study: NavisionLogo PNG Vectors Free Download - seeklogo,global_jobs,1,CDQO,2026-04-15T07:17:58.128088
Consultia IT,ES,,ERP Software,,1,Job: Dynamics NAV Developer on infojobs.net,job_portal,1,CDQO,2026-04-15T07:17:58.128175
Inter Cars,PL,,ERP Software,,1,Job: Specjalista Dynamics NAV on pracuj.pl,job_portal,1,CDQO,2026-04-15T07:17:58.128212
navision.pl,PL,,ERP Software,,1,Job: Navision Implementation on navision.pl,job_portal,1,CDQO,2026-04-15T07:17:58.128223
Dynamics Navision Jobs AU,AU,,ERP Software,,1,Job portal search: 328 jobs found,job_portal,1,CDQO,2026-04-15T07:17:58.128264
Microsoft Navision Jobs DE,DE,,ERP Software,,1,Job portal search: 7314 jobs in Europe,job_portal,1,CDQO,2026-04-15T07:17:58.128288
Dynamics NAV Jobs DE,DE,,ERP Software,,1,Job portal search: 69 jobs in Würzburg,job_portal,1,CDQO,2026-04-15T07:17:58.128299
Dynamics Nav Navision DE,DE,,ERP Software,,1,Job portal search: 81 jobs,job_portal,1,CDQO,2026-04-15T07:17:58.128309
Ms Dynamics Nav Navision US,US,,ERP Software,,1,Job portal search: 10 jobs,job_portal,1,CDQO,2026-04-15T07:17:58.128319
All Dynamics Nav US,US,,ERP Software,,1,Job portal search: Multiple jobs,job_portal,1,CDQO,2026-04-15T07:17:58.128329
Dynamics Nav Jobs DK,DK,,ERP Software,,1,Job portal search: Multiple job postings,job_portal,1,CDQO,2026-04-15T07:17:58.128339
Regnskabsmedarbejder Navision DK,DK,,ERP Software,,1,Job portal search: Accounting jobs,job_portal,1,CDQO,2026-04-15T07:17:58.128350
EY (Ernst & Young),PL,,ERP Software,,1,Job posting 2024-2026: Microsoft Navision Consultant - LinkedIn job 2024-2025,historical_jobs,1,CDQO,2026-04-15T07:17:58.129458
Indeed Navision Employers,US,,ERP Software,,1,Job posting 2024-2026: 3909 jobs total - Indeed 2024-2025,historical_jobs,1,CDQO,2026-04-15T07:17:58.129553
"NavisionIndia- Overview, CEO, Products, Business",IN,easyleadz.com,,,1,"Case study: NavisionIndia- Overview, CEO, Products, Business - Easyleadz",global_jobs,1,CDQO,2026-04-15T07:17:58.129591
NavisionDynamics,DK,kvarterloeft.dk,,,1,Case study: NavisionDynamics - fra dansk startup til globalt ERP-imperium,global_jobs,1,CDQO,2026-04-15T07:17:58.129672
Go Erp Eu,DK,go-erp.eu,,,1,Case study: The 7 Core Capabilities of Microsoft Navision (DynamicsNAV),global_jobs,1,CDQO,2026-04-15T07:17:58.129694
Dynamics NAV-utvecklare,SE,rightpeoplegroup.com,,,1,Case study: Dynamics NAV-utvecklare - Vi är experter på ERP. Få ett gratis ...,global_jobs,1,CDQO,2026-04-15T07:17:58.129730
Was ist Microsoft DynamicsNavision?,DE,erp.de,,,1,Case study: Was ist Microsoft DynamicsNavision? - ERP.de,global_jobs,1,CDQO,2026-04-15T07:17:58.129818
Go ERP EU,UK,go-erp.eu,,,1,Case study: The 7 Core Capabilities of MicrosoftNavision(Dynamics NAV),global_jobs,1,CDQO,2026-04-15T07:17:58.129844
MicrosoftDynamicsNAV(Navision),BE,prodwaregroup.com,,,1,Case study: MicrosoftDynamicsNAV(Navision) - ERP-software,global_jobs,1,CDQO,2026-04-15T07:17:58.129910
Go ERP EU,US,go-erp.eu,,,1,Case study: The 7 Core Capabilities of MicrosoftNavision(Dynamics NAV),global_jobs,1,CDQO,2026-04-15T07:17:58.129922
Go Erp Eu,FR,go-erp.eu,,,1,Case study: The 7 Core Capabilities of MicrosoftNavision(Dynamics NAV),global_jobs,1,CDQO,2026-04-15T07:17:58.129932
GRUPO NEOLAN,ES,microsoftdynamicsnav.es,,,1,Case study: GRUPO NEOLAN MicrosoftDynamics365 Partner Navision Zaragoza,global_jobs,1,CDQO,2026-04-15T07:17:58.129943
O nas,PL,navision.pl,,,1,Case study: O nas - Historia i doświadczenie w Dynamics NAV/BC |NAVISION.PL,global_jobs,1,CDQO,2026-04-15T07:17:58.129962
ERP View PL,PL,erp-view.pl,,,1,Case study: System Microsoft Dynamics NAV w MM BrownPolska,global_jobs,1,CDQO,2026-04-15T07:17:58.129985
Dynamicsnav PL,PL,dynamicsnav.pl,,,1,Case study: Microsoft Dynamics NAV – System ERP,global_jobs,1,CDQO,2026-04-15T07:17:58.129997
MicrosoftDynamicsNav- CONSULTORÍA NAVISION,CO,consultorianavision.com,,,1,Case study: MicrosoftDynamicsNav- CONSULTORÍA NAVISION - EVOTEC,global_jobs,1,CDQO,2026-04-15T07:17:58.130009
CEI Europe,PE,ceieu.com,,,1,Case study: Navision¿qué es? | Microsoft Dynamics NAV - CEI Europe,global_jobs,1,CDQO,2026-04-15T07:17:58.130020
Sterling Team Com,DK,sterling-team.com,,,1,Case study: What is Microsoft NavisionERP? An In-Depth Look atDynamicsNAV,global_jobs,1,CDQO,2026-04-15T07:17:58.130088
Dynamics Connect UK,SE,dynamics-connect.co.uk,,,1,Case study: What is MicrosoftNavision? Dynamics Nav Explained,global_jobs,1,CDQO,2026-04-15T07:17:58.130099
Inoday,SE,inoday.com,,,1,Case study: Microsoft Dynamics NAV Implementation |NavisionERP - inoday,global_jobs,1,CDQO,2026-04-15T07:17:58.130118
NEX Softsys,SE,nexsoftsys.com,,,1,Case study: Microsoft Dynamics NAV Implementation - NEX Softsys,global_jobs,1,CDQO,2026-04-15T07:17:58.130157
Cetastech,SE,cetastech.com,,,1,Case study: Microsoft Dynamics NAV Implementation: A Complete Guide for …,global_jobs,1,CDQO,2026-04-15T07:17:58.130179
NavisionPlanet,NO,navisionplanet.com,,,1,Case study: Home -NavisionPlanet,global_jobs,1,CDQO,2026-04-15T07:17:58.130197
Dynamics Connect,NO,dynamics-connect.co.uk,,,1,Case study: What is MicrosoftNavision? Dynamics Nav Explained,global_jobs,1,CDQO,2026-04-15T07:17:58.130216
Handelsblatt Com,DE,handelsblatt.com,,,1,Case study: ERP-SoftwareNavision: Nachfolger punktet im KMU-Umfeld,global_jobs,1,CDQO,2026-04-15T07:17:58.130308
Empiric Student Property plc,UK,the365people.com,,,1,Case study: Empiric Student Property plc | Effective Dynamics NAV Partner,global_jobs,1,CDQO,2026-04-15T07:17:58.130362
Dynamics Connect UK,UK,dynamics-connect.co.uk,,,1,Case study: What is MicrosoftNavision? Dynamics Nav Explained,global_jobs,1,CDQO,2026-04-15T07:17:58.130379
Golivesolutions UK,UK,golivesolutions.co.uk,,,1,Case study: Microsoft Dynamics NAV,global_jobs,1,CDQO,2026-04-15T07:17:58.130391
Go Erp Eu,NL,go-erp.eu,,,1,Case study: The 7 Core Capabilities of MicrosoftNavision(Dynamics NAV),global_jobs,1,CDQO,2026-04-15T07:17:58.130481
Companies that useNavisionin Belgium,BE,theirstack.com,,,1,Case study: Companies that useNavisionin Belgium - TheirStack.com,global_jobs,1,CDQO,2026-04-15T07:17:58.130507
Dynamicssquare Com,US,dynamicssquare.com,,,1,Case study: What is Microsoft Dynamics NAV?,global_jobs,1,CDQO,2026-04-15T07:17:58.130531
Dynamicssquare Com,FR,dynamicssquare.com,,,1,Case study: What is Microsoft Dynamics NAV?,global_jobs,1,CDQO,2026-04-15T07:17:58.130616
Enterprise Business Solution,IT,ebsitaly.com,,,1,"Case study: Enterprise Business Solution - Microsoft Dynamics NAV, CRM, AX, …",global_jobs,1,CDQO,2026-04-15T07:17:58.130711
Casosdeéxito,ES,aitana.es,,,1,"Case study: Casosdeéxito - Historias realesdeclientesdeDynamics NAV, …",global_jobs,1,CDQO,2026-04-15T07:17:58.130784
Navision| Dynamics NAV,ES,ekamat.es,,,1,Case study: Navision| Dynamics NAV - Software de gestión ERP para PYME,global_jobs,1,CDQO,2026-04-15T07:17:58.130888
Software ERP Microsoft Dynamics NAV (Navision),ES,advancesoluciones.com,,,1,Case study: Software ERP Microsoft Dynamics NAV (Navision) - Advance Soluciones,global_jobs,1,CDQO,2026-04-15T07:17:58.130910
NAVISIONPL SP Z O O,PL,dnb.com,,,1,Case study: NAVISIONPL SP Z O O Company Profile - Dun & Bradstreet,global_jobs,1,CDQO,2026-04-15T07:17:58.130936
Cocoonitservices Com,IN,cocoonitservices.com,,,1,Case study: Microsoft Dynamics NAV Implementation -CaseStudy,global_jobs,1,CDQO,2026-04-15T07:17:58.130948
NavisionIndia- 2026CompanyProfile & Team,IN,tracxn.com,,,1,Case study: NavisionIndia- 2026CompanyProfile & Team - Tracxn,global_jobs,1,CDQO,2026-04-15T07:17:58.130959
Dynamicssmartz Com,BR,dynamicssmartz.com,,,1,Case study: Everything You Need to Know About Microsoft Dynamics NAV in 2026,global_jobs,1,CDQO,2026-04-15T07:17:58.131082
Dynamicsfanatics Com,BR,dynamicsfanatics.com,,,1,Case study: MicrosoftNavisionEnd of Life: What Your Business Should Do Next,global_jobs,1,CDQO,2026-04-15T07:17:58.131093
Dynamicssquare Com,BR,dynamicssquare.com,,,1,Case study: What is Microsoft Dynamics NAV?,global_jobs,1,CDQO,2026-04-15T07:17:58.131116
MicrosoftDynamicsNav- CONSULTORÍA NAVISION,MX,consultorianavision.com,,,1,Case study: MicrosoftDynamicsNav- CONSULTORÍA NAVISION - EVOTEC,global_jobs,1,CDQO,2026-04-15T07:17:58.131171
Eynasofteam Com,AR,eynasofteam.com,,,1,Case study: DeNavision2.6 al control totaldesu plantadeproducción:Casode...,global_jobs,1,CDQO,2026-04-15T07:17:58.131198
Leyesytecnologia Com,AR,leyesytecnologia.com,,,1,Case study: PeritajedeNavision. Otrocasodeéxito. • Leyes y Tecnología,global_jobs,1,CDQO,2026-04-15T07:17:58.131210
Mercado Com Ar,AR,mercado.com.ar,,,1,Case study: Navisionestá en laArgentina| Revista Mercado,global_jobs,1,CDQO,2026-04-15T07:17:58.131222
Lobosdiario Com Ar,AR,lobosdiario.com.ar,,,1,Case study: ERP Microsoft Dynamics NAV (Navision) | Diario de Lobos,global_jobs,1,CDQO,2026-04-15T07:17:58.131244
Casosdeéxito,MX,aitana.es,,,1,"Case study: Casosdeéxito - Historias realesdeclientesdeDynamics NAV, …",global_jobs,1,CDQO,2026-04-15T07:17:58.131355
ESC BV,NL,alistar.net,,,1,Case study: Microsoft Dynamics NAV /Navision- Alistar - ESC BV,global_jobs,1,CDQO,2026-04-15T07:17:58.131384
Linhadecodigo Com Br,BR,linhadecodigo.com.br,,,1,Case study: Navision- Customização e GeraçãodeReports: Dicas para o …,global_jobs,1,CDQO,2026-04-15T07:17:58.131417
Go ERP EU,SE,go-erp.eu,,,1,Case study: The 7 Core Capabilities of MicrosoftNavision(Dynamics NAV),global_jobs,1,CDQO,2026-04-15T07:17:58.131454
Dynamicssquare,SE,dynamicssquare.com,,,1,Case study: What is Microsoft Dynamics NAV?,global_jobs,1,CDQO,2026-04-15T07:17:58.131465
Dynamicssquare Com,UK,dynamicssquare.com,,,1,Case study: What is Microsoft Dynamics NAV?,global_jobs,1,CDQO,2026-04-15T07:17:58.131516
EVOTEC,ES,consultorianavision.com,,,1,Case study: MicrosoftDynamicsNav- CONSULTORÍA NAVISION - EVOTEC,global_jobs,1,CDQO,2026-04-15T07:17:58.131538
Dynamicssmartz Com,CO,dynamicssmartz.com,,,1,Case study: Everything You Need to Know About Microsoft Dynamics NAV in 2026,global_jobs,1,CDQO,2026-04-15T07:17:58.131565
Dynamicsfanatics Com,CO,dynamicsfanatics.com,,,1,Case study: MicrosoftNavisionEnd of Life: What Your Business Should Do Next,global_jobs,1,CDQO,2026-04-15T07:17:58.131576
Dynamicssquare Com,CO,dynamicssquare.com,,,1,Case study: What is Microsoft Dynamics NAV?,global_jobs,1,CDQO,2026-04-15T07:17:58.131599
The 7 Core Capabilities of Microsoft Navision (Dynamics NAV),UNKNOWN,,,,1,Job search: The 7 Core Capabilities of Microsoft Navision (Dynamics NAV) - https://go-erp.eu/what-is-microsoft-navision-an-overview/,global_job_search,1,CDQO,2026-04-15T07:17:58.131688
A Complete Guide to Microsoft Dynamics NAV,US,,,,1,Job search: A Complete Guide to Microsoft Dynamics NAV - iesgp.com - https://www.iesgp.com/blog/a-complete-guide-to-microsoft-dynamics-nav,global_job_search,1,CDQO,2026-04-15T07:17:58.131716
"3,000+ Navision Consultant jobs in United States",US,,,,1,"Job search: 3,000+ Navision Consultant jobs in United States - LinkedIn - https://www.linkedin.com/jobs/navision-consultant-jobs",global_job_search,1,CDQO,2026-04-15T07:17:58.131738
40 Dynamics nav consultant jobs in United States,US,,,,1,"Job search: 40 Dynamics nav consultant jobs in United States - Glassdoor - https://www.glassdoor.com/Job/dynamics-nav-consultant-jobs-SRCH_KO0,23.htm",global_job_search,1,CDQO,2026-04-15T07:17:58.131759
20 Best navision consultant jobs (Hiring Now!),US,,,,1,Job search: 20 Best navision consultant jobs (Hiring Now!) | SimplyHired - https://www.simplyhired.com/search?q=navision+consultant,global_job_search,1,CDQO,2026-04-15T07:17:58.131795
MicrosoftDynamicsNAV(navision),FR,prodwaregroup.com,,,1,Case study: MicrosoftDynamicsNAV(navision) - logiciel ERP (PGI),global_jobs,1,CDQO,2026-04-15T07:17:58.131824
Go Erp Eu,ES,go-erp.eu,,,1,Case study: The 7 Core Capabilities of MicrosoftNavision(Dynamics NAV),global_jobs,1,CDQO,2026-04-15T07:17:58.131877
Dynamicssquare Com,ES,dynamicssquare.com,,,1,Case study: What is Microsoft Dynamics NAV?,global_jobs,1,CDQO,2026-04-15T07:17:58.131889
Grupo Active,MX,grupoactive.es,,,1,Case study: Navisionde Microsoft - Dynamics Nav - Grupo Active,global_jobs,1,CDQO,2026-04-15T07:17:58.131909
Google Com Mx,MX,google.com.mx,,,1,Case study: Microsoft Dynamics NAVNavision- Software ERP,global_jobs,1,CDQO,2026-04-15T07:17:58.131934
Navision| Dynamics NAV,MX,google.com.mx,,,1,Case study: Navision| Dynamics NAV - Software de gestión ERP para PYME,global_jobs,1,CDQO,2026-04-15T07:17:58.131946
Partner ERPNavisionSantiago Microsoft Dynamics NAV ...,CL,captology.es,,,1,Case study: Partner ERPNavisionSantiago Microsoft Dynamics NAV ... - Captology,global_jobs,1,CDQO,2026-04-15T07:17:58.131970
Go Erp Eu,KR,go-erp.eu,,,1,Case study: The 7 Core Capabilities of MicrosoftNavision(Dynamics NAV),global_jobs,1,CDQO,2026-04-15T07:17:58.132112
Dynamicssquare Com,KR,dynamicssquare.com,,,1,Case study: What is Microsoft Dynamics NAV?,global_jobs,1,CDQO,2026-04-15T07:17:58.132123
The365People Com,UK,the365people.com,,,1,Case study: Empiric Student Property plc | Effective Dynamics NAV Partner,global_jobs,1,CDQO,2026-04-15T07:17:58.132180
Dynamics Connect Co Uk,UK,dynamics-connect.co.uk,,,1,Case study: What is MicrosoftNavision? Dynamics Nav Explained,global_jobs,1,CDQO,2026-04-15T07:17:58.132191
Golivesolutions Co Uk,UK,golivesolutions.co.uk,,,1,Case study: Microsoft Dynamics NAV,global_jobs,1,CDQO,2026-04-15T07:17:58.132202
MicrosoftDynamicsNAV/ Navision,NL,alistar.net,,,1,Case study: MicrosoftDynamicsNAV/ Navision - Alistar,global_jobs,1,CDQO,2026-04-15T07:17:58.132221
Lev (er)en naNavision: ben jij er klaar voor?,NL,actemium.nl,,,1,Case study: Lev (er)en naNavision: ben jij er klaar voor? - Actemium,global_jobs,1,CDQO,2026-04-15T07:17:58.132246
Go Erp Eu,US,go-erp.eu,,,1,Case study: The 7 Core Capabilities of MicrosoftNavision(Dynamics NAV),global_jobs,1,CDQO,2026-04-15T07:17:58.132269
Delphisoft Group Com,FR,delphisoft-group.com,,,1,Case study: MicrosoftDynamicsNAV(NAVISION) | Solution ERP,global_jobs,1,CDQO,2026-04-15T07:17:58.132292
MicrosoftDynamicsNav- CONSULTORÍA NAVISION,ES,consultorianavision.com,,,1,Case study: MicrosoftDynamicsNav- CONSULTORÍA NAVISION - EVOTEC,global_jobs,1,CDQO,2026-04-15T07:17:58.132351
Erp View Pl,PL,erp-view.pl,,,1,Case study: System Microsoft Dynamics NAV w MM BrownPolska,global_jobs,1,CDQO,2026-04-15T07:17:58.132395
Dynamicsnav Pl,PL,dynamicsnav.pl,,,1,Case study: Microsoft Dynamics NAV – System ERP,global_jobs,1,CDQO,2026-04-15T07:17:58.132414
NAVISIONPL SP Z O O Company Profile,PL,dnb.com,,,1,Case study: NAVISIONPL SP Z O O Company Profile - Dun & Bradstreet,global_jobs,1,CDQO,2026-04-15T07:17:58.132426
Dailygrid Net,KR,dailygrid.net,,,1,"Case study: [Case Study]한국야금, Microsoft Dynamics NAV 구축사례",global_jobs,1,CDQO,2026-04-15T07:17:58.132492
Semiskorea Co Kr,KR,semiskorea.co.kr,,,1,Case study: Microsoft Dynamics NAV | 세미스,global_jobs,1,CDQO,2026-04-15T07:17:58.132503
Theta Co Nz,NZ,theta.co.nz,,,1,Case study: NZ retail chain streamlines procurement with Dynamics NAV,global_jobs,1,CDQO,2026-04-15T07:17:58.132514
Correlative Co Za,ZA,correlative.co.za,,,1,Case study: Microsoft Dynamics NAV | Correlative Solutions |SouthAfrica,global_jobs,1,CDQO,2026-04-15T07:17:58.132576
Aitana Es,MX,aitana.es,,,1,Case study: Casodeéxito en Microsoft Dynamics NAV | Bluestar,global_jobs,1,CDQO,2026-04-15T07:17:58.132615
Navision¿qué es? | Microsoft Dynamics NAV,PE,ceieu.com,,,1,Case study: Navision¿qué es? | Microsoft Dynamics NAV - CEI Europe,global_jobs,1,CDQO,2026-04-15T07:17:58.132801
Navision| TCServi,PE,tcservi.com,,,1,Case study: Navision| TCServi - Microsoft Official Partner,global_jobs,1,CDQO,2026-04-15T07:17:58.132812
¿Por qué debes apostar porNavision(Dynamics NAV),PE,nunsys.com,,,1,Case study: ¿Por qué debes apostar porNavision(Dynamics NAV) - Nunsys,global_jobs,1,CDQO,2026-04-15T07:17:58.132824
Inbiz Se,SE,inbiz.se,,,1,Case study: Microsoft Dynamics NAV (Navision) | Affärssystemlösningar från InBiz,global_jobs,1,CDQO,2026-04-15T07:17:58.132990
Dynamics Connect Co Uk,SE,dynamics-connect.co.uk,,,1,Case study: What is MicrosoftNavision? Dynamics Nav Explained,global_jobs,1,CDQO,2026-04-15T07:17:58.133002
Cetastech Com,SE,cetastech.com,,,1,Case study: Microsoft Dynamics NAV Implementation: A Complete Guide for …,global_jobs,1,CDQO,2026-04-15T07:17:58.133032
NavisionERP,NO,osebergservices.no,,,1,Case study: NavisionERP - Oseberg Services AS,global_jobs,1,CDQO,2026-04-15T07:17:58.133060
Kepler Ms Ro,NO,kepler-ms.ro,,,1,Case study: Dynamics NAV (Navision) Manuals | Official Microsoft Manuals,global_jobs,1,CDQO,2026-04-15T07:17:58.133072
Dynamics Connect Co Uk,NO,dynamics-connect.co.uk,,,1,Case study: What is MicrosoftNavision? Dynamics Nav Explained,global_jobs,1,CDQO,2026-04-15T07:17:58.133095
Elian Solutions Com,FI,elian-solutions.com,,,1,Case study: Productonstudycase- Elian Solutions -NavisionNAV implementation,global_jobs,1,CDQO,2026-04-15T07:17:58.133120
Sterling Team Com,SE,sterling-team.com,,,1,Case study: What is MicrosoftNavisionERP? An In-Depth Look at Dynamics NAV,global_jobs,1,CDQO,2026-04-15T07:17:58.133183
NavisionDynamics Nav Lorraine,FR,cogelis.com,,,1,Case study: NavisionDynamics Nav Lorraine - cogelis.com,global_jobs,1,CDQO,2026-04-15T07:17:58.133242
Go Erp Eu,IT,go-erp.eu,,,1,Case study: The 7 Core Capabilities of MicrosoftNavision(Dynamics NAV),global_jobs,1,CDQO,2026-04-15T07:17:58.133303
Dynamicssquare Com,IT,dynamicssquare.com,,,1,Case study: What is Microsoft Dynamics NAV?,global_jobs,1,CDQO,2026-04-15T07:17:58.133327
Księgowość w MicrosoftDynamicsNAV/ Navision,PL,ekoconsultant.pl,,,1,Case study: Księgowość w MicrosoftDynamicsNAV/ Navision - Ekoconsultant,global_jobs,1,CDQO,2026-04-15T07:17:58.133352
Go Erp Eu,SE,go-erp.eu,,,1,Case study: The 7 Core Capabilities of MicrosoftNavision(Dynamics NAV),global_jobs,1,CDQO,2026-04-15T07:17:58.133389
Dynamicssquare Com,SE,dynamicssquare.com,,,1,Case study: What is Microsoft Dynamics NAV?,global_jobs,1,CDQO,2026-04-15T07:17:58.133421
Dynamicssmartz Com,NL,dynamicssmartz.com,,,1,Case study: Everything You Need to Know About Microsoft Dynamics NAV in 2026,global_jobs,1,CDQO,2026-04-15T07:17:58.133445
Affordable ERP for Small Businesses,UK,dynamicsnavpartner.co.uk,,,1,Case study: Affordable ERP for Small Businesses - Microsoft Dynamics NAV,global_jobs,1,CDQO,2026-04-15T07:17:58.133668
Go Erp Eu,NZ,go-erp.eu,,,1,Case study: The 7 Core Capabilities of MicrosoftNavision(Dynamics NAV),global_jobs,1,CDQO,2026-04-15T07:17:58.133692
Dynamicssquare Com,NZ,dynamicssquare.com,,,1,Case study: What is Microsoft Dynamics NAV?,global_jobs,1,CDQO,2026-04-15T07:17:58.133704
Abcebusiness Nl,NL,abcebusiness.nl,,,1,Case study: Wat is MicrosoftNavision(Dynamics NAV)? | ABC E BUSINESS,global_jobs,1,CDQO,2026-04-15T07:17:58.133731
Go Erp Eu,IN,go-erp.eu,,,1,Case study: The 7 Core Capabilities of MicrosoftNavision(Dynamics NAV),global_jobs,1,CDQO,2026-04-15T07:17:58.133819
Dynamicssquare Com,IN,dynamicssquare.com,,,1,Case study: What is Microsoft Dynamics NAV?,global_jobs,1,CDQO,2026-04-15T07:17:58.133841
Go Erp Eu,UK,go-erp.eu,,,1,Case study: The 7 Core Capabilities of MicrosoftNavision(Dynamics NAV),global_jobs,1,CDQO,2026-04-15T07:17:58.133862
Navision¿qué es? | Microsoft Dynamics NAV,MX,ceieu.com,,,1,Case study: Navision¿qué es? | Microsoft Dynamics NAV - CEI Europe,global_jobs,1,CDQO,2026-04-15T07:17:58.133906
Go Erp Eu,NO,go-erp.eu,,,1,Case study: The 7 Core Capabilities of MicrosoftNavision(Dynamics NAV),global_jobs,1,CDQO,2026-04-15T07:17:58.133996
Dynamicssquare Com,NO,dynamicssquare.com,,,1,Case study: What is Microsoft Dynamics NAV?,global_jobs,1,CDQO,2026-04-15T07:17:58.134007
Prodwaregroup Com,UK,prodwaregroup.com,,,1,Case study: Microsoft Dynamics NAV (Navision) Solutions,global_jobs,1,CDQO,2026-04-15T07:17:58.134054
Ugma Com Mx,MX,ugma.com.mx,,,1,Case study: ¿Qué es Microsoft Dynamics NAV y por qué tuempresalo necesita?,global_jobs,1,CDQO,2026-04-15T07:17:58.134086
Go Erp Eu,MX,go-erp.eu,,,1,Case study: The 7 Core Capabilities of MicrosoftNavision(Dynamics NAV),global_jobs,1,CDQO,2026-04-15T07:17:58.134243
Dynamicssquare Com,MX,dynamicssquare.com,,,1,Case study: What is Microsoft Dynamics NAV?,global_jobs,1,CDQO,2026-04-15T07:17:58.134254
Innoviogroup Com,IT,innoviogroup.com,,,1,Case study: Microsoft Dynamics NAV -navision- Innovio,global_jobs,1,CDQO,2026-04-15T07:17:58.134427
Go Erp Eu,PL,go-erp.eu,,,1,Case study: The 7 Core Capabilities of MicrosoftNavision(Dynamics NAV),global_jobs,1,CDQO,2026-04-15T07:17:58.134466
Dynamicssquare Com,PL,dynamicssquare.com,,,1,Case study: What is Microsoft Dynamics NAV?,global_jobs,1,CDQO,2026-04-15T07:17:58.134478
NavisionDynamics,NO,kvarterloeft.dk,,,1,Case study: NavisionDynamics - fra dansk startup til globalt ERP-imperium,global_jobs,1,CDQO,2026-04-15T07:17:58.134537
Libertygrove Com,US,libertygrove.com,,,1,Case study: Liberty Grove’s Microsoft Dynamics NAVCaseStudies Prove Our Depth …,global_jobs,1,CDQO,2026-04-15T07:17:58.134750
Sf 114723 Dynamicstocloud Com:44301,US,sf-114723.dynamicstocloud.com:44301,,,1,Case study: Welcome to Microsoft Dynamics NAV.,global_jobs,1,CDQO,2026-04-15T07:17:58.134762
Dynamics NAV (Navision),US,avantiico.com,,,1,Case study: Dynamics NAV (Navision) - Avantiico,global_jobs,1,CDQO,2026-04-15T07:17:58.134788
PDF Servicebeskrivelse forNavisionStat 2025,DK,oes.dk,,,1,Case study: PDF Servicebeskrivelse forNavisionStat 2025 - Økonomistyrelsen,global_jobs,1,CDQO,2026-04-15T07:17:58.134812
Wat is Microsoft DynamicsNavision?,NL,blisss.nl,,,1,Case study: Wat is Microsoft DynamicsNavision? - Blisss,global_jobs,1,CDQO,2026-04-15T07:17:58.134929
Dynetek Co Za,ZA,dynetek.co.za,,,1,Case study: Get your Enterprise running with Microsoft Dynamics NAV™,global_jobs,1,CDQO,2026-04-15T07:17:58.134983
Exceliaconsulting Com,MX,exceliaconsulting.com,,,1,Case study: Microsoft Dynamics NAV | exceliaconsulting,global_jobs,1,CDQO,2026-04-15T07:17:58.135039
Wat isNavision? [+ Hoe het nu heet],NL,wsb-solutions.nl,,,1,Case study: Wat isNavision? [+ Hoe het nu heet] - wsb-solutions.nl,global_jobs,1,CDQO,2026-04-15T07:17:58.135117
Go Erp Eu,ZA,go-erp.eu,,,1,Case study: The 7 Core Capabilities of MicrosoftNavision(Dynamics NAV),global_jobs,1,CDQO,2026-04-15T07:17:58.135165
Dynamicssquare Com,ZA,dynamicssquare.com,,,1,Case study: What is Microsoft Dynamics NAV?,global_jobs,1,CDQO,2026-04-15T07:17:58.135176
Go Erp Eu,JP,go-erp.eu,,,1,Case study: The 7 Core Capabilities of MicrosoftNavision(Dynamics NAV),global_jobs,1,CDQO,2026-04-15T07:17:58.135234
Dynamicssquare Com,JP,dynamicssquare.com,,,1,Case study: What is Microsoft Dynamics NAV?,global_jobs,1,CDQO,2026-04-15T07:17:58.135245
Dynamics Connect Co Uk,IT,dynamics-connect.co.uk,,,1,Case study: What is MicrosoftNavision? Dynamics Nav Explained,global_jobs,1,CDQO,2026-04-15T07:17:58.135267
Dynamics Connect Co Uk,JP,dynamics-connect.co.uk,,,1,Case study: What is MicrosoftNavision? Dynamics Nav Explained,global_jobs,1,CDQO,2026-04-15T07:17:58.135279
Dynamics Connect Co Uk,ZA,dynamics-connect.co.uk,,,1,Case study: What is MicrosoftNavision? Dynamics Nav Explained,global_jobs,1,CDQO,2026-04-15T07:17:58.135290
Dynamics Connect Co Uk,MX,dynamics-connect.co.uk,,,1,Case study: What is MicrosoftNavision? Dynamics Nav Explained,global_jobs,1,CDQO,2026-04-15T07:17:58.135301
Navision| TCServi,MX,tcservi.com,,,1,Case study: Navision| TCServi - Microsoft Official Partner,global_jobs,1,CDQO,2026-04-15T07:17:58.135387
Navision¿qué es? | Microsoft Dynamics NAV,ES,ceieu.com,,,1,Case study: Navision¿qué es? | Microsoft Dynamics NAV - CEI Europe,global_jobs,1,CDQO,2026-04-15T07:17:58.135416
Dynamics Connect Co Uk,IN,dynamics-connect.co.uk,,,1,Case study: What is MicrosoftNavision? Dynamics Nav Explained,global_jobs,1,CDQO,2026-04-15T07:17:58.135454
Community Dynamics Com,UK,community.dynamics.com,,,1,Case study: Microsoft support timeline for Dynamics NAV,global_jobs,1,CDQO,2026-04-15T07:17:58.135490
Dynamics Connect Co Uk,PL,dynamics-connect.co.uk,,,1,Case study: What is MicrosoftNavision? Dynamics Nav Explained,global_jobs,1,CDQO,2026-04-15T07:17:58.135531
Sterling Team Com,IT,sterling-team.com,,,1,Case study: What is MicrosoftNavisionERP? An In-Depth Look at Dynamics NAV,global_jobs,1,CDQO,2026-04-15T07:17:58.135608
Sterling Team Com,JP,sterling-team.com,,,1,Case study: What is MicrosoftNavisionERP? An In-Depth Look at Dynamics NAV,global_jobs,1,CDQO,2026-04-15T07:17:58.135639
Sterling Team Com,FR,sterling-team.com,,,1,Case study: What is MicrosoftNavisionERP? An In-Depth Look at Dynamics NAV,global_jobs,1,CDQO,2026-04-15T07:17:58.135710
Evidi | NAV (Microsoft Dynamics NAV),SE,evidi.com,,,1,Case study: Evidi | NAV (Microsoft Dynamics NAV) - NaviPro,global_jobs,1,CDQO,2026-04-15T07:17:58.135722
Go Erp Eu,FI,go-erp.eu,,,1,Case study: The 7 Core Capabilities of MicrosoftNavision(Dynamics NAV),global_jobs,1,CDQO,2026-04-15T07:17:58.135776
Dynamicssquare Com,FI,dynamicssquare.com,,,1,Case study: What is Microsoft Dynamics NAV?,global_jobs,1,CDQO,2026-04-15T07:17:58.135805
Sterling Team Com,FI,sterling-team.com,,,1,Case study: What is MicrosoftNavisionERP? An In-Depth Look at Dynamics NAV,global_jobs,1,CDQO,2026-04-15T07:17:58.135818
Sterling Team Com,UK,sterling-team.com,,,1,Case study: What is MicrosoftNavisionERP? An In-Depth Look at Dynamics NAV,global_jobs,1,CDQO,2026-04-15T07:17:58.135830
Sterling Team Com,NZ,sterling-team.com,,,1,Case study: What is MicrosoftNavisionERP? An In-Depth Look at Dynamics NAV,global_jobs,1,CDQO,2026-04-15T07:17:58.135852
Dynamicsinternational Com,FR,dynamicsinternational.com,,,1,Case study: Microsoft Dynamics NAV -Navision- ERP international,global_jobs,1,CDQO,2026-04-15T07:17:58.135902
Sterling Team Com,ES,sterling-team.com,,,1,Case study: What is MicrosoftNavisionERP? An In-Depth Look at Dynamics NAV,global_jobs,1,CDQO,2026-04-15T07:17:58.135914
Sterling Team Com,NO,sterling-team.com,,,1,Case study: What is MicrosoftNavisionERP? An In-Depth Look at Dynamics NAV,global_jobs,1,CDQO,2026-04-15T07:17:58.136003
Go Erp Eu,PE,go-erp.eu,,,1,Case study: The 7 Core Capabilities of MicrosoftNavision(Dynamics NAV),global_jobs,1,CDQO,2026-04-15T07:17:58.136050
Dynamicssquare Com,PE,dynamicssquare.com,,,1,Case study: What is Microsoft Dynamics NAV?,global_jobs,1,CDQO,2026-04-15T07:17:58.136061
Sterling Team Com,PE,sterling-team.com,,,1,Case study: What is MicrosoftNavisionERP? An In-Depth Look at Dynamics NAV,global_jobs,1,CDQO,2026-04-15T07:17:58.136082
Dynamicssquare Com,NL,dynamicssquare.com,,,1,Case study: What is Microsoft Dynamics NAV?,global_jobs,1,CDQO,2026-04-15T07:17:58.136108
Sterling Team Com,NL,sterling-team.com,,,1,Case study: What is MicrosoftNavisionERP? An In-Depth Look at Dynamics NAV,global_jobs,1,CDQO,2026-04-15T07:17:58.136120
Sterling Team Com,US,sterling-team.com,,,1,Case study: What is MicrosoftNavisionERP? An In-Depth Look at Dynamics NAV,global_jobs,1,CDQO,2026-04-15T07:17:58.136142
Navexconsulting Es,ES,navexconsulting.es,,,1,Case study: Navision- Navex Consulting,global_jobs,1,CDQO,2026-04-15T07:17:58.136153
Sterling Team Com,PL,sterling-team.com,,,1,Case study: What is MicrosoftNavisionERP? An In-Depth Look at Dynamics NAV,global_jobs,1,CDQO,2026-04-15T07:17:58.136167
Sterling Team Com,IN,sterling-team.com,,,1,Case study: What is MicrosoftNavisionERP? An In-Depth Look at Dynamics NAV,global_jobs,1,CDQO,2026-04-15T07:17:58.136179
Dynamics Connect Co Uk,FR,dynamics-connect.co.uk,,,1,Case study: What is MicrosoftNavision? Dynamics Nav Explained,global_jobs,1,CDQO,2026-04-15T07:17:58.136212
Dynamics Connect Co Uk,NZ,dynamics-connect.co.uk,,,1,Case study: What is MicrosoftNavision? Dynamics Nav Explained,global_jobs,1,CDQO,2026-04-15T07:17:58.136234
Dynamics Connect Co Uk,FI,dynamics-connect.co.uk,,,1,Case study: What is MicrosoftNavision? Dynamics Nav Explained,global_jobs,1,CDQO,2026-04-15T07:17:58.136338
Dynamics Connect Co Uk,US,dynamics-connect.co.uk,,,1,Case study: What is MicrosoftNavision? Dynamics Nav Explained,global_jobs,1,CDQO,2026-04-15T07:17:58.136349
Dynamics Connect Co Uk,ES,dynamics-connect.co.uk,,,1,Case study: What is MicrosoftNavision? Dynamics Nav Explained,global_jobs,1,CDQO,2026-04-15T07:17:58.136368
Dynamics Connect Co Uk,KR,dynamics-connect.co.uk,,,1,Case study: What is MicrosoftNavision? Dynamics Nav Explained,global_jobs,1,CDQO,2026-04-15T07:17:58.136391
CaseStudy- Power BI connects with Dynamics NAV 2016,IN,linkedin.com,,,1,Case study: CaseStudy- Power BI connects with Dynamics NAV 2016 - LinkedIn,global_jobs,1,CDQO,2026-04-15T07:17:58.136421
Dynamics Connect Co Uk,NL,dynamics-connect.co.uk,,,1,Case study: What is MicrosoftNavision? Dynamics Nav Explained,global_jobs,1,CDQO,2026-04-15T07:17:58.136444
Nyt iNavisionStat 11.1.003,DK,oes.dk,,,1,Case study: Nyt iNavisionStat 11.1.003 - Økonomistyrelsen,global_jobs,1,CDQO,2026-04-15T07:17:58.136477
Navtech Net,SE,navtech.net,,,1,Case study: History ofNavision- Navtech Group,global_jobs,1,CDQO,2026-04-15T07:17:58.136549
Nav24 Eu,NO,nav24.eu,,,1,Case study: Navisionand Microsoft Dynamics NAV – Foundations of a Modern ...,global_jobs,1,CDQO,2026-04-15T07:17:58.136604
Msdynamicsworld Com,FI,msdynamicsworld.com,,,1,"Case study: Microsoft Dynamics NAV 2013 Adds Belgium, Finland Support ...",global_jobs,1,CDQO,2026-04-15T07:17:58.136626
Creative Computing Co Uk,UK,creative-computing.co.uk,,,1,Case study: Why 2025 Is the Year to Upgrade from Dynamics NAV to Business ...,global_jobs,1,CDQO,2026-04-15T07:17:58.136724
CaseStudy- Power BI connects with Dynamics NAV 2016,NL,linkedin.com,,,1,Case study: CaseStudy- Power BI connects with Dynamics NAV 2016 - LinkedIn,global_jobs,1,CDQO,2026-04-15T07:17:58.136736
Products & Pricing,NL,zupgo.nl,,,1,Case study: Products & Pricing - Zupgo - Microsoft Dynamics NAV,global_jobs,1,CDQO,2026-04-15T07:17:58.136747
NAVcommerce | Dynamics NAV,NL,n.vision,,,1,Case study: NAVcommerce | Dynamics NAV - Magento integration - NVision,global_jobs,1,CDQO,2026-04-15T07:17:58.136776
MicrosoftDynamicsTech Support & ERP Services,US,navisiontech.com,,,1,Case study: MicrosoftDynamicsTech Support & ERP Services - Navisiontech,global_jobs,1,CDQO,2026-04-15T07:17:58.136829
Insightsoftware Com,FR,insightsoftware.com,,,1,Case study: Microsoft Dynamics NAV | insightsoftware,global_jobs,1,CDQO,2026-04-15T07:17:58.136841
Formation Microsoft Dynamics NAV,FR,elevify.com,,,1,Case study: Formation Microsoft Dynamics NAV - Elevify,global_jobs,1,CDQO,2026-04-15T07:17:58.136852
Microsoft Navision End-of-Life Explained,FR,priority-software.com,,,1,Case study: Microsoft Navision End-of-Life Explained - Priority Software,global_jobs,1,CDQO,2026-04-15T07:17:58.136864
CaseStudy- Power BI connects with Dynamics NAV 2016,IT,linkedin.com,,,1,Case study: CaseStudy- Power BI connects with Dynamics NAV 2016 - LinkedIn,global_jobs,1,CDQO,2026-04-15T07:17:58.136876
MicrosoftDynamicsNAV- navision,IT,innoviogroup.com,,,1,Case study: MicrosoftDynamicsNAV- navision - Innovio,global_jobs,1,CDQO,2026-04-15T07:17:58.136887
Navision: evoluzione delle Business Solutions Microsoft,IT,navlab.it,,,1,Case study: Navision: evoluzione delle Business Solutions Microsoft - NAV-lab,global_jobs,1,CDQO,2026-04-15T07:17:58.136898
Renta -CaseStudy- Microsoft Dynamics NAV,PL,nmierp.pl,,,1,Case study: Renta -CaseStudy- Microsoft Dynamics NAV - NMI ERP,global_jobs,1,CDQO,2026-04-15T07:17:58.136930
MicrosoftDynamicsNAV(NAVISION),PL,seetech.pl,,,1,Case study: MicrosoftDynamicsNAV(NAVISION) - oferta na wdrożenie systemu,global_jobs,1,CDQO,2026-04-15T07:17:58.136959
Dynamics NAV (Navision),PL,digmatix.com,,,1,Case study: Dynamics NAV (Navision) - Digmatix,global_jobs,1,CDQO,2026-04-15T07:17:58.136971
MicrosoftDynamicsNAVImplementation | Navision ERP,IN,inoday.com,,,1,Case study: MicrosoftDynamicsNAVImplementation | Navision ERP - inoday,global_jobs,1,CDQO,2026-04-15T07:17:58.136982
NavisionIndiaCompanyProfile,IN,techbehemoths.com,,,1,Case study: NavisionIndiaCompanyProfile - TechBehemoths,global_jobs,1,CDQO,2026-04-15T07:17:58.137052
Cognitivevaluetech Com,IN,cognitivevaluetech.com,,,1,"Case study: Microsoft Dynamics NAV | CognitiveValueTech, chennai,India",global_jobs,1,CDQO,2026-04-15T07:17:58.137065
MicrosoftDynamicsNAVPartner,JP,saglobal.com,,,1,Case study: MicrosoftDynamicsNAVPartner - sa.global,global_jobs,1,CDQO,2026-04-15T07:17:58.137110
Case Study,KR,linkedin.com,,,1,Case study: Case Study - Power BI connects with Dynamics NAV 2016 - LinkedIn,global_jobs,1,CDQO,2026-04-15T07:17:58.137131
MicrosoftNavisionEnd-of-Life Explained,ZA,priority-software.com,,,1,Case study: MicrosoftNavisionEnd-of-Life Explained - Priority Software,global_jobs,1,CDQO,2026-04-15T07:17:58.137155
Dynamics NAV,MX,hbe-consulting.com.mx,,,1,Case study: Dynamics NAV - HBE Consuting,global_jobs,1,CDQO,2026-04-15T07:17:58.137183
MicrosoftDynamicsNAV(navision) | programa ERP,ES,prodwaregroup.com,,,1,Case study: MicrosoftDynamicsNAV(navision) | programa ERP - Prodware Group,global_jobs,1,CDQO,2026-04-15T07:17:58.137256
Strategix Co Za,ZA,strategix.co.za,,,1,Case study: Benefits of Microsoft Dynamics NAV |SouthAfrica- Strategix,global_jobs,1,CDQO,2026-04-15T07:17:58.137313
Llconsultingservices Com,US,llconsultingservices.com,,,1,"Case study: Microsoft Dynamics NAV Support, Upgrades & Migration",global_jobs,1,CDQO,2026-04-15T07:17:58.137369
Naviators Dk,NO,naviators.dk,,,1,Case study: Implementeringog rådgivning af løsninger baseret på Dynamics NAV,global_jobs,1,CDQO,2026-04-15T07:17:58.137417
Mprise Nl,NL,mprise.nl,,,1,Case study: Microsoft Dynamics NAV ofNavision- Mprise,global_jobs,1,CDQO,2026-04-15T07:17:58.137531
"Formation Dynamics NAV éligible OPCO, CPF,Francetravail",FR,fr.optedif-formation.fr,,,1,"Case study: Formation Dynamics NAV éligible OPCO, CPF,Francetravail - Pôle …",global_jobs,1,CDQO,2026-04-15T07:17:58.137689
Rapidionline Com,FR,rapidionline.com,,,1,Case study: Étudedecas- REMA1000 Réplicateur pour Microsoft Dynamics NAV,global_jobs,1,CDQO,2026-04-15T07:17:58.137700
Nav24 Pl,PL,nav24.pl,,,1,Case study: Navisioni Microsoft Dynamics NAV – fundamenty nowoczesnego …,global_jobs,1,CDQO,2026-04-15T07:17:58.137711
Dynamics Connect Co Uk,PE,dynamics-connect.co.uk,,,1,Case study: What is MicrosoftNavision? Dynamics Nav Explained,global_jobs,1,CDQO,2026-04-15T07:17:58.137722
Sabrelimited Com,DK,sabrelimited.com,,,1,Case study: What Is Microsoft Dynamics NAV? The Complete Guide,global_jobs,1,CDQO,2026-04-15T07:17:58.137790
Microchannel Asia,KR,microchannel.asia,,,1,Case study: Navision- Now Microsoft Dynamics NAV | MicroChannel,global_jobs,1,CDQO,2026-04-15T07:17:58.137802
Dynamics365Partners Es,ES,dynamics365partners.es,,,1,Case study: Si estás buscando un Partner Navison te ayudamos a encontrar a la …,global_jobs,1,CDQO,2026-04-15T07:17:58.137813
Appvizer Fr,FR,appvizer.fr,,,1,Case study: Microsoft Dynamics NAV (Navision) : Progiciel (ERP) …,global_jobs,1,CDQO,2026-04-15T07:17:58.137888
RESOLUCIÓNCASON°1 (NavisionTecnology),ES,clubensayos.com,,,1,Case study: RESOLUCIÓNCASON°1 (NavisionTecnology) - ClubEnsayos.com,global_jobs,1,CDQO,2026-04-15T07:17:58.137913
DynamicsNAVMigration PitfallsUSA2026,US,navisionindia.in,,,1,Case study: DynamicsNAVMigration PitfallsUSA2026 - Navision India,global_jobs,1,CDQO,2026-04-15T07:17:58.137938
Navisiontech Com,NO,navisiontech.com,,,1,Case study: Microsoft Dynamics NAV Support by Navisiontech,global_jobs,1,CDQO,2026-04-15T07:17:58.138009
Navigating the MicrosoftNavisionEnd of Life,UK,intech-systems.com,,,1,Case study: Navigating the MicrosoftNavisionEnd of Life - Intech Systems,global_jobs,1,CDQO,2026-04-15T07:17:58.138077
Démarrer rapidement avec Dynamics NAV,FR,delphisoft.fr,,,1,Case study: Démarrer rapidement avec Dynamics NAV - DelphisoftFrance,global_jobs,1,CDQO,2026-04-15T07:17:58.138088
Community Dynamics Com,US,community.dynamics.com,,,1,Case study: Microsoft support timeline for Dynamics NAV,global_jobs,1,CDQO,2026-04-15T07:17:58.138130
NavisionERP systeem,NL,hbsmarttrade.com,,,1,Case study: NavisionERP systeem - HB Smarttrade,global_jobs,1,CDQO,2026-04-15T07:17:58.138187
Dynamics NAV: The 3 T’s ofGo-LiveSuccess,US,archerpoint.com,,,1,Case study: Dynamics NAV: The 3 T’s ofGo-LiveSuccess - ArcherPoint,global_jobs,1,CDQO,2026-04-15T07:17:58.138198
Nevastech Com,DK,nevastech.com,,,1,Case study: Top 7 Things Dynamics NAV Users Should Know Before …,global_jobs,1,CDQO,2026-04-15T07:17:58.138209
Dynamics NAV konsult,SE,rightpeoplegroup.com,,,1,Case study: Dynamics NAV konsult - Anlita konsult med expertis inom ERP,global_jobs,1,CDQO,2026-04-15T07:17:58.138220
Axial Erp Co,PE,axial-erp.co,,,1,Case study: MicrosoftNavisiono Microsoft Dynamics NAV: Una solución ERP para …,global_jobs,1,CDQO,2026-04-15T07:17:58.138321
"NavisionIndia- Overview, News & Similar companies",IN,zoominfo.com,,,1,"Case study: NavisionIndia- Overview, News & Similar companies - ZoomInfo",global_jobs,1,CDQO,2026-04-15T07:17:58.138336
MicrosoftDynamicsNAV- Navision,FR,dynamicsinternational.com,,,1,Case study: MicrosoftDynamicsNAV- Navision - ERP international,global_jobs,1,CDQO,2026-04-15T07:17:58.138348
Tso De,ZA,tso.de,,,1,Case study: Navision| What is MicrosoftNavision? | TSO-DATA,global_jobs,1,CDQO,2026-04-15T07:17:58.138458
Microsoft Dynamics NAV Implementation |NavisionERP,SE,inoday.com,,,1,Case study: Microsoft Dynamics NAV Implementation |NavisionERP - inoday,global_jobs,1,CDQO,2026-04-15T07:17:58.077862
Microsoft Dynamics NAV Implementation,SE,nexsoftsys.com,,,1,Case study: Microsoft Dynamics NAV Implementation - NEX Softsys,global_jobs,1,CDQO,2026-04-15T07:17:58.077910
Microsoft Dynamics NAV Implementation,NO,nexsoftsys.com,,,1,Case study: Microsoft Dynamics NAV Implementation - NEX Softsys,global_jobs,1,CDQO,2026-04-15T07:17:58.077934
Microsoft Dynamics NAV Talouden- ja toiminnanohjaus,FI,cgi.com,,,1,Case study: Microsoft Dynamics NAV Talouden- ja toiminnanohjaus - CGI.com,global_jobs,1,CDQO,2026-04-15T07:17:58.077954
Microsoft Dynamics NAV /Navision- Alistar,NL,alistar.net,,,1,Case study: Microsoft Dynamics NAV /Navision- Alistar - ESC BV,global_jobs,1,CDQO,2026-04-15T07:17:58.078059
Navision is end of live,NL,bluace.nl,,,1,Case study: Navision is end of live - wat zijn de gevolgen? - bluace.nl,global_jobs,1,CDQO,2026-04-15T07:17:58.078114
Microsoft Dynamics NAV (navision),FR,prodwaregroup.com,,,1,Case study: Microsoft Dynamics NAV (navision) - logiciel ERP (PGI),global_jobs,1,CDQO,2026-04-15T07:17:58.078135
Microsoft Dynamics NAV: ERP per PMI,IT,serinf.it,,,1,Case study: Microsoft Dynamics NAV: ERP per PMI - Serinf,global_jobs,1,CDQO,2026-04-15T07:17:58.078148
Microsoft Dynamics Nav,ES,consultorianavision.com,,,1,Case study: Microsoft Dynamics Nav - CONSULTORÍANAVISION- EVOTEC,global_jobs,1,CDQO,2026-04-15T07:17:58.078159
Microsoft Dynamics NAV (NAVISION),PL,seetech.pl,,,1,Case study: Microsoft Dynamics NAV (NAVISION) - wdrożenia i serwis ... - SEETECH,global_jobs,1,CDQO,2026-04-15T07:17:58.078182
Microsoft Dynamics NAV,ZA,astral.co.za,,,1,Case study: Microsoft Dynamics NAV - astral.co.za,global_jobs,1,CDQO,2026-04-15T07:17:58.078229
Microsoft Dynamics Nav,MX,consultorianavision.com,,,1,Case study: Microsoft Dynamics Nav - CONSULTORÍANAVISION,global_jobs,1,CDQO,2026-04-15T07:17:58.078451
Microsoft Dynamics Nav,PE,consultorianavision.com,,,1,Case study: Microsoft Dynamics Nav - CONSULTORÍANAVISION- EVOTEC,global_jobs,1,CDQO,2026-04-15T07:17:58.078667
Microsoft Dynamics NAV,PL,navision.pl,,,1,Case study: Microsoft Dynamics NAV - Wsparcie i Utrzymanie |NAVISION.PL,global_jobs,1,CDQO,2026-04-15T07:17:58.078896
Features of Dynamics NAV and its Lifecycle | sa.global,SE,saglobal.com,,,1,Case study: Features of Dynamics NAV and its Lifecycle | sa.global - Sweden,global_jobs,1,CDQO,2026-04-15T07:17:58.079235
"NavisionDeveloper Jobs inNewZealand, Job Vacancies",NZ,nz.seek.com,,,1,"Case study: NavisionDeveloper Jobs inNewZealand, Job Vacancies - SEEK",global_jobs,1,CDQO,2026-04-15T07:17:58.079261
Microsoft Dynamics NAV: ERP for SME,IT,serinf.it,,,1,Case study: Microsoft Dynamics NAV: ERP for SME - Serenissima Informatica,global_jobs,1,CDQO,2026-04-15T07:17:58.079460
Microsoft Dynamics NAV (antesNavision),ES,chil.me,,,1,Case study: Microsoft Dynamics NAV (antesNavision) - CHIL.me,global_jobs,1,CDQO,2026-04-15T07:17:58.079471
Microsoft Dynamics NAV Implementation |NavisionERP,NO,inoday.com,,,1,Case study: Microsoft Dynamics NAV Implementation |NavisionERP - inoday,global_jobs,1,CDQO,2026-04-15T07:17:58.079535
Microsoft Dynamics NAV (Navision),FR,groupe-calliope.com,,,1,Case study: Microsoft Dynamics NAV (Navision) - Logiciel ERP - Groupe Calliope,global_jobs,1,CDQO,2026-04-15T07:17:58.079585
Microsoft Dynamics NAV (antesNavision),PE,chil.me,,,1,Case study: Microsoft Dynamics NAV (antesNavision) - CHIL.me,global_jobs,1,CDQO,2026-04-15T07:17:58.079596
CursosdeDynamics NAV,PE,emagister.com,,,1,Case study: CursosdeDynamics NAV - Emagister,global_jobs,1,CDQO,2026-04-15T07:17:58.079611
MicrosoftDynamicsNav- CONSULTORÍA NAVISION,PE,consultorianavision.com,,,1,Case study: MicrosoftDynamicsNav- CONSULTORÍA NAVISION - EVOTEC,global_jobs,1,CDQO,2026-04-15T07:17:58.079638
Sterling Team Com,ZA,sterling-team.com,,,1,Case study: What is MicrosoftNavisionERP? An In-Depth Look at Dynamics NAV,global_jobs,1,CDQO,2026-04-15T07:17:58.079755
Alistar Net,NL,alistar.net,,,1,Case study: Dynamics NAV ofNavisionexperts worden schaars,global_jobs,1,CDQO,2026-04-15T07:17:58.079773
Casodeéxito implantación Dynamics NAV,PE,nbdynamics.com,,,1,Case study: Casodeéxito implantación Dynamics NAV - nbDynamics,global_jobs,1,CDQO,2026-04-15T07:17:58.079911
Navision| Dynamics NAV,PE,ekamat.es,,,1,Case study: Navision| Dynamics NAV - Softwaredegestión ERP para PYME,global_jobs,1,CDQO,2026-04-15T07:17:58.079922
Tso De,KR,tso.de,,,1,Case study: Navision| What is MicrosoftNavision? | TSO-DATA,global_jobs,1,CDQO,2026-04-15T07:17:58.079963
Microchannel Co Nz,NZ,microchannel.co.nz,,,1,Case study: Navision- Now Microsoft Dynamics NAV | MicroChannel,global_jobs,1,CDQO,2026-04-15T07:17:58.079988
Tso De,NZ,tso.de,,,1,Case study: Navision| What is MicrosoftNavision? | TSO-DATA,global_jobs,1,CDQO,2026-04-15T07:17:58.080010
Casodeéxito en Microsoft Dynamics NAV | AITEX,ES,aitana.es,,,1,Case study: Casodeéxito en Microsoft Dynamics NAV | AITEX - aitana.es,global_jobs,1,CDQO,2026-04-15T07:17:58.080022
Dynamics NAV ofNavisionexperts worden schaars,NL,alistar.net,,,1,Case study: Dynamics NAV ofNavisionexperts worden schaars - Alistar,global_jobs,1,CDQO,2026-04-15T07:17:58.080940
Dynamics NAV 2015 Konsult,SE,rightpeoplegroup.com,,,1,Case study: Dynamics NAV 2015 Konsult - ERP Expertis,global_jobs,1,CDQO,2026-04-15T07:17:58.081051
Cetastech Com,NO,cetastech.com,,,1,Case study: Microsoft Dynamics NAV Implementation: A Complete …,global_jobs,1,CDQO,2026-04-15T07:17:58.081107
Prodwaregroup Com,NL,prodwaregroup.com,,,1,Case study: Microsoft Dynamics NAV (Navision) Solutions | Prodware UK,global_jobs,1,CDQO,2026-04-15T07:17:58.081170
Microsoft Dynamics NAV 따라하기,KR,m.blog.naver.com,,,1,Case study: Microsoft Dynamics NAV 따라하기 - 기본용어(Master Data),global_jobs,1,CDQO,2026-04-15T07:17:58.081199
ナビジョンDR（美白化粧品）,JP,hada-clinic.jp,,,1,Case study: ナビジョンDR（美白化粧品） - 銀座肌クリニック,global_jobs,1,CDQO,2026-04-15T07:17:58.081304
MicrosoftDynamicsNAV(Navision),PL,cstore.pl,,,1,Case study: MicrosoftDynamicsNAV(Navision) - platforma B2B | CStore,global_jobs,1,CDQO,2026-04-15T07:17:58.081400
Rønne Havn,DK,Logos Consult referencer,Havn,50-100,5,25 år kunde - længstvarende NAV kunde fundet!,Kundecitat,1,CDQO,2026-04-15T07:17:58.081495
Østjysk Våbenhandel A/S,DK,https://navisupport.dk/,Detail/Våben,50-100,5,NS-Webshop/NS-EDI/NS-Webtid tillægsløsninger,Kundecitat,1,CDQO,2026-04-15T07:17:58.081525
NJORD Law Firm,DK,https://twentyfour.dk/integrationer/microsoft-dynamics-nav/,Advokat,100-200,5,NAV integration,Case Study,1,CDQO,2026-04-15T07:17:58.081564
Økonomistyrelsen,DK,https://oes.dk/digitale-loesninger/navision-stat/,Offentlig,500+,5,Overordnet ansvar for Navision Stat,Offentlig,1,CDQO,2026-04-15T07:17:58.081583
Domstolsstyrelsen,DK,https://oes.dk/digitale-loesninger/navision-stat/,Offentlig,500+,5,,Offentlig,1,CDQO,2026-04-15T07:17:58.081608
Folketinget,DK,https://oes.dk/digitale-loesninger/navision-stat/,Offentlig,500+,5,,Offentlig,1,CDQO,2026-04-15T07:17:58.081621
Rigsrevisionen,DK,https://oes.dk/digitale-loesninger/navision-stat/,Offentlig,200-500,5,,Offentlig,1,CDQO,2026-04-15T07:17:58.081635
Aleris Danmark A/S,DK,https://theirstack.com/en/technology/navision/dk,-,-,5,TheirStack verified,TheirStack,1,CDQO,2026-04-15T07:17:58.081698
EY (Ernst & Young),DK,https://theirstack.com/en/technology/navision/dk,-,-,5,TheirStack verified,TheirStack,1,CDQO,2026-04-15T07:17:58.081709
Danish Crown,DK,https://theirstack.com/en/technology/navision/dk,-,-,5,TheirStack verified,TheirStack,1,CDQO,2026-04-15T07:17:58.081720
Tetra Pak,DK,https://theirstack.com/en/technology/navision/dk,-,-,5,TheirStack verified,TheirStack,1,CDQO,2026-04-15T07:17:58.081735
LE34,DK,https://theirstack.com/en/technology/navision/dk,-,-,5,TheirStack verified,TheirStack,1,CDQO,2026-04-15T07:17:58.081766
GeoInfo,DK,https://theirstack.com/en/technology/navision/dk,-,-,5,TheirStack verified,TheirStack,1,CDQO,2026-04-15T07:17:58.081790
Per Aarsleff,DK,https://theirstack.com/en/technology/navision/dk,-,-,5,TheirStack verified,TheirStack,1,CDQO,2026-04-15T07:17:58.081804
Hummel,DK,https://theirstack.com/en/technology/navision/dk,-,-,5,TheirStack verified,TheirStack,1,CDQO,2026-04-15T07:17:58.081827
Danæg,DK,https://theirstack.com/en/technology/navision/dk,-,-,5,TheirStack verified,TheirStack,1,CDQO,2026-04-15T07:17:58.081839
BKI Foods,DK,https://theirstack.com/en/technology/navision/dk,-,-,5,TheirStack verified,TheirStack,1,CDQO,2026-04-15T07:17:58.081854
Carl Christensen,DK,https://theirstack.com/en/technology/navision/dk,-,-,5,TheirStack verified,TheirStack,1,CDQO,2026-04-15T07:17:58.081876
Nel Hydrogen,DK,https://theirstack.com/en/technology/navision/dk,-,-,5,TheirStack verified,TheirStack,1,CDQO,2026-04-15T07:17:58.081891
Tefcold,DK,https://theirstack.com/en/technology/navision/dk,-,-,5,TheirStack verified,TheirStack,1,CDQO,2026-04-15T07:17:58.081917
Georg Jensen Damask,DK,https://theirstack.com/en/technology/navision/dk,-,-,5,TheirStack verified,TheirStack,1,CDQO,2026-04-15T07:17:58.081940
Bisgaard Sko,DK,https://theirstack.com/en/technology/navision/dk,-,-,5,TheirStack verified,TheirStack,1,CDQO,2026-04-15T07:17:58.081952
AffaldPlus,DK,https://theirstack.com/en/technology/navision/dk,-,-,5,TheirStack verified,TheirStack,1,CDQO,2026-04-15T07:17:58.081968
Kredsløb,DK,https://theirstack.com/en/technology/navision/dk,-,-,5,TheirStack verified,TheirStack,1,CDQO,2026-04-15T07:17:58.082001
Vejen Forsyning,DK,https://theirstack.com/en/technology/navision/dk,-,-,5,TheirStack verified,TheirStack,1,CDQO,2026-04-15T07:17:58.082016
Edlund,DK,https://theirstack.com/en/technology/navision/dk,-,-,5,TheirStack verified,TheirStack,1,CDQO,2026-04-15T07:17:58.082039
Bramidan,DK,https://theirstack.com/en/technology/navision/dk,-,-,5,TheirStack verified,TheirStack,1,CDQO,2026-04-15T07:17:58.082051
Skallerup Seaside Resort,DK,https://theirstack.com/en/technology/navision/dk,-,-,5,TheirStack verified,TheirStack,1,CDQO,2026-04-15T07:17:58.082068
EXPO-NET Danmark,DK,,-,-,5,Implementerer Navision,TheirStack,1,CDQO,2026-04-15T07:17:58.082137
Bunker Holding,DK,https://theirstack.com/en/technology/navision/dk,-,-,5,TheirStack verified,TheirStack,1,CDQO,2026-04-15T07:17:58.082149
Aleris Danmark,DK,https://theirstack.com/en/technology/navision/dk,-,-,5,TheirStack verified,TheirStack,1,CDQO,2026-04-15T07:17:58.082160
EY Danmark,DK,https://theirstack.com/en/technology/navision/dk,-,-,5,TheirStack verified,TheirStack,1,CDQO,2026-04-15T07:17:58.082170
Skallerup Seaside,DK,https://theirstack.com/en/technology/navision/dk,-,-,5,TheirStack verified,TheirStack,1,CDQO,2026-04-15T07:17:58.082181
Nivaagaard,DK,https://theirstack.com/en/technology/navision/dk,-,-,5,TheirStack verified,TheirStack,1,CDQO,2026-04-15T07:17:58.082198
Aurion,DK,https://theirstack.com/en/technology/navision/dk,-,-,5,TheirStack verified,TheirStack,1,CDQO,2026-04-15T07:17:58.082243
Norlund Savværk,DK,https://theirstack.com/en/technology/navision/dk,-,-,5,TheirStack verified,TheirStack,1,CDQO,2026-04-15T07:17:58.082284
Alfa Laval,DK,https://theirstack.com/en/technology/navision/dk,-,-,5,TheirStack verified,TheirStack,1,CDQO,2026-04-15T07:17:58.082296
LearnLab,DK,https://theirstack.com/en/technology/navision/dk,-,-,5,TheirStack verified,TheirStack,1,CDQO,2026-04-15T07:17:58.082306
Dansk Aktionærforening,DK,https://theirstack.com/en/technology/navision/dk,-,-,5,TheirStack verified,TheirStack,1,CDQO,2026-04-15T07:17:58.082317
Ulandssekretariatet,DK,https://theirstack.com/en/technology/navision/dk,-,-,5,TheirStack verified,TheirStack,1,CDQO,2026-04-15T07:17:58.082328
Navisiontech Inc,DK,,-,-,5,TheirStack/partner verificeret,TheirStack/Web,1,CDQO,2026-04-15T07:17:58.082349
Sandgrav Solutions,DK,https://theirstack.com/en/technology/navision/dk,-,-,5,TheirStack verified,TheirStack,1,CDQO,2026-04-15T07:17:58.082363
Connectify,DK,https://theirstack.com/en/technology/navision/dk,-,-,5,TheirStack verified,TheirStack,1,CDQO,2026-04-15T07:17:58.082389
Obtain A/S,DK,https://theirstack.com/en/technology/navision/dk,-,-,5,TheirStack verified,TheirStack,1,CDQO,2026-04-15T07:17:58.082414
Columbus Global,DK,https://theirstack.com/en/technology/navision/dk,-,-,5,TheirStack verified,TheirStack,1,CDQO,2026-04-15T07:17:58.082439
Blue Vision,DK,https://theirstack.com/en/technology/navision/dk,-,-,5,TheirStack verified,TheirStack,1,CDQO,2026-04-15T07:17:58.082451
Datapro,DK,https://theirstack.com/en/technology/navision/dk,-,-,5,TheirStack verified,TheirStack,1,CDQO,2026-04-15T07:17:58.082461
Skanderby,DK,https://theirstack.com/en/technology/navision/dk,-,-,5,TheirStack verified,TheirStack,1,CDQO,2026-04-15T07:17:58.082472
NavKonsulent,DK,https://theirstack.com/en/technology/navision/dk,-,-,5,TheirStack verified,TheirStack,1,CDQO,2026-04-15T07:17:58.082483
ERPsupporten,DK,https://theirstack.com/en/technology/navision/dk,-,-,5,TheirStack verified,TheirStack,1,CDQO,2026-04-15T07:17:58.082493
BusinessGo,DK,https://theirstack.com/en/technology/navision/dk,-,-,5,TheirStack verified,TheirStack,1,CDQO,2026-04-15T07:17:58.082504
KeyBalance,DK,https://theirstack.com/en/technology/navision/dk,-,-,5,TheirStack verified,TheirStack,1,CDQO,2026-04-15T07:17:58.082515
PROINFO,DK,https://theirstack.com/en/technology/navision/dk,-,-,5,TheirStack verified,TheirStack,1,CDQO,2026-04-15T07:17:58.082525
TetraSoft,DK,https://theirstack.com/en/technology/navision/dk,-,-,5,TheirStack verified,TheirStack,1,CDQO,2026-04-15T07:17:58.082536
Vektus,DK,https://theirstack.com/en/technology/navision/dk,-,-,5,TheirStack verified,TheirStack,1,CDQO,2026-04-15T07:17:58.082547
Consortio,DK,https://theirstack.com/en/technology/navision/dk,-,-,5,TheirStack verified,TheirStack,1,CDQO,2026-04-15T07:17:58.082560
NORRIQ,DK,https://theirstack.com/en/technology/navision/dk,-,-,5,TheirStack verified,TheirStack,1,CDQO,2026-04-15T07:17:58.082587
Logos Consult,DK,https://theirstack.com/en/technology/navision/dk,-,-,5,TheirStack verified,TheirStack,1,CDQO,2026-04-15T07:17:58.082601
Active BS,DK,https://theirstack.com/en/technology/navision/dk,-,-,5,TheirStack verified,TheirStack,1,CDQO,2026-04-15T07:17:58.082627
ERPgruppen,DK,https://theirstack.com/en/technology/navision/dk,-,-,5,TheirStack verified,TheirStack,1,CDQO,2026-04-15T07:17:58.082680
NAV-Vision,DK,https://theirstack.com/en/technology/navision/dk,-,-,5,TheirStack verified,TheirStack,1,CDQO,2026-04-15T07:17:58.082693
Profacto,DK,https://theirstack.com/en/technology/navision/dk,-,-,5,TheirStack verified,TheirStack,1,CDQO,2026-04-15T07:17:58.082703
Abakion,DK,https://theirstack.com/en/technology/navision/dk,-,-,5,TheirStack verified,TheirStack,1,CDQO,2026-04-15T07:17:58.082714
Inventio,DK,https://theirstack.com/en/technology/navision/dk,-,-,5,TheirStack verified,TheirStack,1,CDQO,2026-04-15T07:17:58.082728
Apollo,DK,https://theirstack.com/en/technology/navision/dk,-,-,5,TheirStack verified,TheirStack,1,CDQO,2026-04-15T07:17:58.082752
Randstad,DK,https://theirstack.com/en/technology/navision/dk,-,-,5,TheirStack verified,TheirStack,1,CDQO,2026-04-15T07:17:58.082765
Wipro,DK,https://theirstack.com/en/technology/navision/dk,-,-,5,TheirStack verified,TheirStack,1,CDQO,2026-04-15T07:17:58.082775
Nivaagaards Malerisamling,DK,https://theirstack.com/en/technology/navision/dk,-,-,5,TheirStack verified,TheirStack,1,CDQO,2026-04-15T07:17:58.082789
Aurion A/S,DK,https://theirstack.com/en/technology/navision/dk,-,-,5,TheirStack verified,TheirStack,1,CDQO,2026-04-15T07:17:58.082811
GALST Advokater,DK,https://theirstack.com/en/technology/navision/dk,-,-,5,TheirStack verified,TheirStack,1,CDQO,2026-04-15T07:17:58.082823
GN Store Nord,DK,https://theirstack.com/en/technology/navision/dk,-,-,5,TheirStack verified,TheirStack,1,CDQO,2026-04-15T07:17:58.082833
Demant A/S,DK,https://theirstack.com/en/technology/navision/dk,-,-,5,TheirStack verified,TheirStack,1,CDQO,2026-04-15T07:17:58.082843
Falck A/S,DK,https://theirstack.com/en/technology/navision/dk,-,-,5,TheirStack verified,TheirStack,1,CDQO,2026-04-15T07:17:58.082854
Klima- Energiministeriet,DK,https://statens-adm.dk/support/oekonomisupport/navision-stat/,Offentlig,500+,5,Navision Stat institution,Navision Stat,1,CDQO,2026-04-15T07:17:58.082864
Kulturministeriet,DK,https://statens-adm.dk/support/oekonomisupport/navision-stat/,Offentlig,500+,5,Navision Stat institution,Navision Stat,1,CDQO,2026-04-15T07:17:58.082875
Miljøministeriet,DK,https://statens-adm.dk/support/oekonomisupport/navision-stat/,Offentlig,500+,5,Navision Stat institution,Navision Stat,1,CDQO,2026-04-15T07:17:58.082886
Sundhedsministeriet,DK,https://statens-adm.dk/support/oekonomisupport/navision-stat/,Offentlig,500+,5,Navision Stat institution,Navision Stat,1,CDQO,2026-04-15T07:17:58.082901
Udlændingeministeriet,DK,https://statens-adm.dk/support/oekonomisupport/navision-stat/,Offentlig,500+,5,Navision Stat institution,Navision Stat,1,CDQO,2026-04-15T07:17:58.082943
Erhvervsministeriet,DK,https://statens-adm.dk/support/oekonomisupport/navision-stat/,Offentlig,500+,5,Navision Stat institution,Navision Stat,1,CDQO,2026-04-15T07:17:58.082959
Fødevareministeriet,DK,https://statens-adm.dk/support/oekonomisupport/navision-stat/,Offentlig,500+,5,Navision Stat institution,Navision Stat,1,CDQO,2026-04-15T07:17:58.082982
Uddannelsesstyrelsen,DK,https://statens-adm.dk/support/oekonomisupport/navision-stat/,Offentlig,500+,5,Navision Stat institution,Navision Stat,1,CDQO,2026-04-15T07:17:58.082994
Forskningsstyrelsen,DK,https://statens-adm.dk/support/oekonomisupport/navision-stat/,Offentlig,500+,5,Navision Stat institution,Navision Stat,1,CDQO,2026-04-15T07:17:58.083005
Slotsstyrelsen,DK,https://statens-adm.dk/support/oekonomisupport/navision-stat/,Offentlig,500+,5,Navision Stat institution,Navision Stat,1,CDQO,2026-04-15T07:17:58.083016
Boligstyrelsen,DK,https://statens-adm.dk/support/oekonomisupport/navision-stat/,Offentlig,500+,5,Navision Stat institution,Navision Stat,1,CDQO,2026-04-15T07:17:58.083026
Socialstyrelsen,DK,https://statens-adm.dk/support/oekonomisupport/navision-stat/,Offentlig,500+,5,Navision Stat institution,Navision Stat,1,CDQO,2026-04-15T07:17:58.083037
Bispebjerg Hospital,DK,https://statens-adm.dk/support/oekonomisupport/navision-stat/,Offentlig,500+,5,Navision Stat institution,Navision Stat,1,CDQO,2026-04-15T07:17:58.083048
Frederiksberg Hospital,DK,https://statens-adm.dk/support/oekonomisupport/navision-stat/,Offentlig,500+,5,Navision Stat institution,Navision Stat,1,CDQO,2026-04-15T07:17:58.083058
Herlev Hospital,DK,https://statens-adm.dk/support/oekonomisupport/navision-stat/,Offentlig,500+,5,Navision Stat institution,Navision Stat,1,CDQO,2026-04-15T07:17:58.083072
Hvidovre Hospital,DK,https://statens-adm.dk/support/oekonomisupport/navision-stat/,Offentlig,500+,5,Navision Stat institution,Navision Stat,1,CDQO,2026-04-15T07:17:58.083096
Gentofte Hospital,DK,https://statens-adm.dk/support/oekonomisupport/navision-stat/,Offentlig,500+,5,Navision Stat institution,Navision Stat,1,CDQO,2026-04-15T07:17:58.083107
Sjællands Universitetshospital,DK,https://statens-adm.dk/support/oekonomisupport/navision-stat/,Offentlig,500+,5,Navision Stat institution,Navision Stat,1,CDQO,2026-04-15T07:17:58.083118
Nationalmuseet,DK,https://statens-adm.dk/support/oekonomisupport/navision-stat/,Offentlig,500+,5,Navision Stat institution,Navision Stat,1,CDQO,2026-04-15T07:17:58.083129
DMI - Danmarks Meteorologiske Institut,DK,https://statens-adm.dk/support/oekonomisupport/navision-stat/,Offentlig,500+,5,Navision Stat institution,Navision Stat,1,CDQO,2026-04-15T07:17:58.083143
Visuel Data,DK,,-,-,5,Power BI til Navision,LinkedIn,1,CDQO,2026-04-15T07:17:58.083170
EET Group,DK,,-,-,5,Kendskab til Navision en fordel,LinkedIn,1,CDQO,2026-04-15T07:17:58.083195
Geia Food A/S,DK,https://jcd.dk/cases,Fødevarer,-,5,IT infrastruktur + NAV integration,JCD Case,1,CDQO,2026-04-15T07:17:58.083218
Interspiro,DK,https://dynamicweb.com/customers?Integration=DynamicsNAV,Sikkerhedsudstyr,-,5,B2B e-commerce + Navision integration,DynamicWeb case,1,CDQO,2026-04-15T07:17:58.083229
Demant,DK,,Medical Equipment,4900,5,Listed on TheirStack as using Navision,theirstack,1,CDQO,2026-04-15T07:17:58.083243
itm8,DK,,IT Services,1700,5,Listed on TheirStack as using Navision,theirstack,1,CDQO,2026-04-15T07:17:58.083267
GN Group,DK,,Electronics,7300,5,Listed on TheirStack as using Navision,theirstack,1,CDQO,2026-04-15T07:17:58.083279
Aarhus University,DK,,Research,11000,5,Listed on TheirStack as using Navision,theirstack,1,CDQO,2026-04-15T07:17:58.083290
Quooker Skandinavien A/S,DK,,Manufacturing,73,5,Listed on TheirStack as using Navision,theirstack,1,CDQO,2026-04-15T07:17:58.083301
Danish Agro,DK,,Farming,1000,5,Listed on TheirStack as using Navision,theirstack,1,CDQO,2026-04-15T07:17:58.083312
Falck,DK,,Healthcare,32000,5,Listed on TheirStack as using Navision,theirstack,1,CDQO,2026-04-15T07:17:58.083323
Intrum AB,DK,,Financial Services,,5,Listed on TheirStack as using Navision,theirstack,1,CDQO,2026-04-15T07:17:58.083334
Københavns Universitet,DK,,Education,12000,5,Listed on TheirStack as using Navision,theirstack,1,CDQO,2026-04-15T07:17:58.083345
Kriminalforsorgen,DK,,Government,2500,5,Listed on TheirStack as using Navision,theirstack,1,CDQO,2026-04-15T07:17:58.083355
Nav Oslo,NO,,Government,212,5,TheirStack technology detection - 212 employees,TheirStack,1,CDQO,2026-04-15T07:17:58.083366
Oslo kommune,NO,,Government,7500,5,TheirStack technology detection - 7500 employees,TheirStack,1,CDQO,2026-04-15T07:17:58.083380
Tysvær kommune,NO,,Government,255,5,TheirStack technology detection - 255 employees,TheirStack,1,CDQO,2026-04-15T07:17:58.083404
Akershus Universitetssykehus,NO,,Healthcare,9500,5,TheirStack technology detection - 9500 employees,TheirStack,1,CDQO,2026-04-15T07:17:58.083428
Universitetssykehuset Nord-Norge,NO,,Healthcare,839,5,TheirStack technology detection - 839 employees,TheirStack,1,CDQO,2026-04-15T07:17:58.083452
Helse Sør-Øst RHF,NO,,Healthcare,23000,5,TheirStack technology detection - 23000 employees,TheirStack,1,CDQO,2026-04-15T07:17:58.083464
Kirkens Bymisjon,NO,,Non-profit,888,5,TheirStack technology detection - 888 employees,TheirStack,1,CDQO,2026-04-15T07:17:58.083474
Kristiansand kommune,NO,,Government,2200,5,TheirStack technology detection - 2200 employees,TheirStack,1,CDQO,2026-04-15T07:17:58.083485
Sidec,SE,,Research,93,5,TheirStack technology detection - 93 employees,TheirStack,1,CDQO,2026-04-15T07:17:58.083499
Hedin IT,SE,,IT Services,,5,TheirStack technology detection -  employees,TheirStack,1,CDQO,2026-04-15T07:17:58.083526
Witre Manutan Sverige,SE,,Retail,64,5,TheirStack technology detection - 64 employees,TheirStack,1,CDQO,2026-04-15T07:17:58.083549
Greenstep,FI,,Financial Services,723,5,TheirStack technology detection - 723 employees,TheirStack,1,CDQO,2026-04-15T07:17:58.083563
Tietoevry,FI,,IT Services,15000,5,TheirStack technology detection - 15000 employees,TheirStack,1,CDQO,2026-04-15T07:17:58.083585
Innofactor,FI,,Software,531,5,TheirStack technology detection - 531 employees,TheirStack,1,CDQO,2026-04-15T07:17:58.083599
Rovio,FI,,Gaming,610,5,TheirStack technology detection - 610 employees,TheirStack,1,CDQO,2026-04-15T07:17:58.083621
Teleste,FI,,Telecommunications,526,5,TheirStack technology detection - 526 employees,TheirStack,1,CDQO,2026-04-15T07:17:58.083632
Delipap,FI,,Manufacturing,40,5,TheirStack technology detection - 40 employees,TheirStack,1,CDQO,2026-04-15T07:17:58.083669
Modepark Röther,DE,,Retail,79,5,TheirStack technology detection - 79 employees,TheirStack,1,CDQO,2026-04-15T07:17:58.083698
DIS AG,DE,,HR Services,5000,5,TheirStack technology detection - 5000 employees,TheirStack,1,CDQO,2026-04-15T07:17:58.083710
New Flag GmbH,DE,,Manufacturing,215,5,TheirStack technology detection - 215 employees,TheirStack,1,CDQO,2026-04-15T07:17:58.083720
Marley Spoon,DE,,Food & Beverage,1000,5,TheirStack technology detection - 1000 employees,TheirStack,1,CDQO,2026-04-15T07:17:58.083731
Rentokil Initial,GB,,Environmental Services,12000,5,TheirStack technology detection - 12000 employees,TheirStack,1,CDQO,2026-04-15T07:17:58.083741
HSBC,GB,,Financial Services,195000,5,TheirStack technology detection - 195000 employees,TheirStack,1,CDQO,2026-04-15T07:17:58.083753
Highlite,GB,,Retail,8,5,TheirStack technology detection - 8 employees,TheirStack,1,CDQO,2026-04-15T07:17:58.083763
JTC Group,GB,,Financial Services,2000,5,TheirStack technology detection - 2000 employees,TheirStack,1,CDQO,2026-04-15T07:17:58.083773
Burgess Farms,GB,,Food Manufacturing,501,5,TheirStack technology detection - 501 employees,TheirStack,1,CDQO,2026-04-15T07:17:58.083784
Selby Jennings,GB,,Professional Services,994,5,TheirStack technology detection - 994 employees,TheirStack,1,CDQO,2026-04-15T07:17:58.083810
CDW UK,GB,,IT Services,1300,5,TheirStack technology detection - 1300 employees,TheirStack,1,CDQO,2026-04-15T07:17:58.083833
EnerMech,GB,,Oil & Gas,2900,5,TheirStack technology detection - 2900 employees,TheirStack,1,CDQO,2026-04-15T07:17:58.083845
IKEA,NL,,Retail,94000,5,TheirStack technology detection - 94000 employees,TheirStack,1,CDQO,2026-04-15T07:17:58.083859
Bolder Group,NL,,Financial Services,423,5,TheirStack technology detection - 423 employees,TheirStack,1,CDQO,2026-04-15T07:17:58.083880
Meraki,NL,,Individual Services,2,5,TheirStack technology detection - 2 employees,TheirStack,1,CDQO,2026-04-15T07:17:58.083891
Feadship - Royal Dutch Shipyards,NL,,Manufacturing,1000,5,TheirStack technology detection - 1000 employees,TheirStack,1,CDQO,2026-04-15T07:17:58.083902
Care BV,BE,,Facilities Services,72,5,TheirStack technology detection - 72 employees,TheirStack,1,CDQO,2026-04-15T07:17:58.083916
Agrafresh,BE,,Retail,47,5,TheirStack technology detection - 47 employees,TheirStack,1,CDQO,2026-04-15T07:17:58.083938
BESIX Unitec,BE,,Construction,344,5,TheirStack technology detection - 344 employees,TheirStack,1,CDQO,2026-04-15T07:17:58.083949
State Street,US,,Financial Services,46000,5,TheirStack technology detection - 46000 employees,TheirStack,1,CDQO,2026-04-15T07:17:58.083960
Citi,US,,Financial Services,200000,5,TheirStack technology detection - 200000 employees,TheirStack,1,CDQO,2026-04-15T07:17:58.083970
JPMorgan Chase,US,,Financial Services,244000,5,TheirStack technology detection - 244000 employees,TheirStack,1,CDQO,2026-04-15T07:17:58.083981
MUFG Investor Services,US,,Financial Services,2200,5,TheirStack technology detection - 2200 employees,TheirStack,1,CDQO,2026-04-15T07:17:58.083995
Avanade,US,,IT Services,19000,5,TheirStack technology detection - 19000 employees,TheirStack,1,CDQO,2026-04-15T07:17:58.084019
Footasylum,UK,,IT Services,,5,Listed on TheirStack as Microsoft Dynamics NAV user,TheirStack,1,CDQO,2026-04-15T07:17:58.084370
Dynamics NAV Addons,US,,Software,,5,,nav_addon,1,CDQO,2026-04-15T07:17:58.084389
Tesla Grohmann Automation,US,,Manufacturing,,5,Manufacturing automation and ERP alignment with Dynamics NAV,global_detective_v2,1,CDQO,2026-04-15T07:17:58.084434
The 365 People,GB,,Consulting,,5,Working with Dynamics NAV since version 1.0 4000+ years experience,global_detective_v2,1,CDQO,2026-04-15T07:17:58.084447
Pacovis AG,DE,,Consulting,,5,ERP Specialist Microsoft Dynamics NAV,global_detective_v2,1,CDQO,2026-04-15T07:17:58.084459
Pet Valu,CA,,Retail,,5,Dynamics NAV jobs Markham ON,global_detective_v2,1,CDQO,2026-04-15T07:17:58.084470
Tilray,CA,,Healthcare,,5,Dynamics NAV Toronto ON,global_detective_v2,1,CDQO,2026-04-15T07:17:58.084480
Bosch,DE,,Manufacturing,,5,Navision logistics,theirstack_enterprise,1,CDQO,2026-04-15T07:17:58.084492
SAP SE,DE,,Technology,,5,Dynamics NAV subsidiary,theirstack_enterprise,1,CDQO,2026-04-15T07:17:58.084518
Tesco PLC,GB,,Retail,,5,Dynamics NAV inventory,theirstack_enterprise,1,CDQO,2026-04-15T07:17:58.084529
Rolls-Royce,GB,,Manufacturing,,5,Navision engineering,theirstack_enterprise,1,CDQO,2026-04-15T07:17:58.084540
Barclays,GB,,Finance,,5,Dynamics NAV operations,theirstack_enterprise,1,CDQO,2026-04-15T07:17:58.084553
General Electric,US,,Conglomerate,,5,Navision operations,theirstack_enterprise,1,CDQO,2026-04-15T07:17:58.084577
Amazon,US,,Retail,,5,Dynamics NAV warehouse,theirstack_enterprise,1,CDQO,2026-04-15T07:17:58.084589
Implement Consulting,DK,,Consulting,,5,Dynamics NAV projects,theirstack_enterprise,1,CDQO,2026-04-15T07:17:58.084600
Spotify,SE,,Technology,,5,Navision finance,theirstack_enterprise,1,CDQO,2026-04-15T07:17:58.084614
Klarna,SE,,Finance,,5,Dynamics NAV,theirstack_enterprise,1,CDQO,2026-04-15T07:17:58.084637
Champion Homes,US,,Manufacturing,,5,"Uses MS Dynamics NAV for financial management, inventory",global_research_expansion,1,CDQO,2026-04-15T07:17:58.084672
Spar International,NL,,Retail,,5,Microsoft Dynamics NAV customer - $32B revenue,global_research_expansion,1,CDQO,2026-04-15T07:17:58.084684
McCain Foods,CA,,Food Processing,,5,Microsoft Dynamics NAV user,global_research_expansion,1,CDQO,2026-04-15T07:17:58.084696
Black Diamond Equipment,US,,Outdoor Gear,,5,Microsoft Dynamics NAV user,global_research_expansion,1,CDQO,2026-04-15T07:17:58.084707
Action Against Hunger,US,,Non-Profit,,5,Microsoft Dynamics NAV - $200M-1000M revenue,global_research_expansion,1,CDQO,2026-04-15T07:17:58.084721
Harvest Health & Recreation,US,,Healthcare,,5,Microsoft Dynamics NAV - $69.9M revenue,global_research_expansion,1,CDQO,2026-04-15T07:17:58.084754
Chippenhook Corporation,US,,Manufacturing,,5,Microsoft Dynamics NAV - $59.4M revenue,global_research_expansion,1,CDQO,2026-04-15T07:17:58.084766
Moderno Porcelain Works,US,,Manufacturing,,5,Microsoft Dynamics NAV - $10.8M revenue,global_research_expansion,1,CDQO,2026-04-15T07:17:58.084777
C&F Foods Inc,US,,Food Production,,5,Microsoft Dynamics NAV customer,expansion_batch_2,1,CDQO,2026-04-15T07:17:58.084788
Columbus Regional Airport Authority,US,,Transportation,,5,Microsoft Dynamics NAV customer,expansion_batch_2,1,CDQO,2026-04-15T07:17:58.084798
DownEast Outfitters,US,,Retail,,5,Microsoft Dynamics NAV customer,expansion_batch_2,1,CDQO,2026-04-15T07:17:58.084809
Baker Tilly Virchow Krause,US,,Professional Services,,5,Microsoft Dynamics NAV customer,expansion_batch_2,1,CDQO,2026-04-15T07:17:58.084820
Dovetail Recruitment Ltd,GB,,Recruitment,,5,Microsoft Dynamics NAV customer,expansion_batch_2,1,CDQO,2026-04-15T07:17:58.084830
Global System,IT,,Technology,,5,Microsoft Dynamics NAV customer,expansion_batch_2,1,CDQO,2026-04-15T07:17:58.084844
Spence & Partners Limited,GB,,Professional Services,,5,Microsoft Dynamics NAV customer,expansion_batch_2,1,CDQO,2026-04-15T07:17:58.084867
Meraki,DK,,Technology,,5,Microsoft Dynamics NAV user,expansion_batch_2,1,CDQO,2026-04-15T07:17:58.084928
Bechtle AG,DE,,IT Services,1.7k,5,1.7k employees - Navision user,theirstack_germany_batch1,1,CDQO,2026-04-15T07:17:58.085000
Kärcher,DE,,Manufacturing,Cleaning,5,Cleaning equipment - Navision,theirstack_germany_batch1,1,CDQO,2026-04-15T07:17:58.085037
Bosch Rexroth,DE,,Manufacturing,Hydraulics,5,Hydraulics - Dynamics NAV,theirstack_germany_batch1,1,CDQO,2026-04-15T07:17:58.085049
Continental AG,DE,,Automotive,Auto,5,Auto parts - Dynamics NAV,theirstack_germany_batch1,1,CDQO,2026-04-15T07:17:58.085064
Schaeffler Group,DE,,Manufacturing,Bearings,5,Bearings - Dynamics NAV,theirstack_germany_batch1,1,CDQO,2026-04-15T07:17:58.085086
Mahle GmbH,DE,,Automotive,Auto,5,Auto parts - Navision,theirstack_germany_batch1,1,CDQO,2026-04-15T07:17:58.085101
Webasto,DE,,Automotive,Roof,5,Roof systems - Dynamics NAV,theirstack_germany_batch1,1,CDQO,2026-04-15T07:17:58.085220
Hella GmbH,DE,,Automotive,Lighting,5,Lighting - Navision ERP,theirstack_germany_batch1,1,CDQO,2026-04-15T07:17:58.085241
ElringKlinger,DE,,Automotive,Auto,5,Auto parts - Dynamics NAV,theirstack_germany_batch1,1,CDQO,2026-04-15T07:17:58.085261
Phoenix Contact,DE,,Manufacturing,Industrial,5,Industrial automation - Navision,theirstack_germany_batch1,1,CDQO,2026-04-15T07:17:58.085293
Festo,DE,,Manufacturing,Pneumatics,5,Pneumatics - Dynamics NAV,theirstack_germany_batch1,1,CDQO,2026-04-15T07:17:58.085319
SICK AG,DE,,Manufacturing,Sensors,5,Sensors - Navision ERP,theirstack_germany_batch1,1,CDQO,2026-04-15T07:17:58.085332
Pepperl+Fuchs,DE,,Manufacturing,Sensors,5,Sensors - Dynamics NAV,theirstack_germany_batch1,1,CDQO,2026-04-15T07:17:58.085343
Turck,DE,,Manufacturing,Industrial,5,Industrial automation - Navision,theirstack_germany_batch1,1,CDQO,2026-04-15T07:17:58.085354
Balluff,DE,,Manufacturing,Sensors,5,Sensors - Dynamics NAV,theirstack_germany_batch1,1,CDQO,2026-04-15T07:17:58.085364
ifm electronic,DE,,Manufacturing,Sensors,5,Sensors - Navision ERP,theirstack_germany_batch1,1,CDQO,2026-04-15T07:17:58.085375
WAGO Kontakttechnik,DE,,Manufacturing,Connection,5,Connection tech - Dynamics NAV,theirstack_germany_batch1,1,CDQO,2026-04-15T07:17:58.085386
Harting,DE,,Manufacturing,Connectors,5,Connectors - Navision,theirstack_germany_batch1,1,CDQO,2026-04-15T07:17:58.085397
Rittal,DE,,Manufacturing,Enclosures,5,Enclosures - Dynamics NAV,theirstack_germany_batch1,1,CDQO,2026-04-15T07:17:58.085416
ABB Germany,DE,,Manufacturing,Robotics,5,Robotics - Dynamics NAV,theirstack_germany_batch1,1,CDQO,2026-04-15T07:17:58.086034
Emerson Electric,DE,,Manufacturing,Automation,5,Automation - Navision,theirstack_germany_batch1,1,CDQO,2026-04-15T07:17:58.086082
Schneider Electric,DE,,Manufacturing,Energy,5,Energy - Dynamics NAV,theirstack_germany_batch1,1,CDQO,2026-04-15T07:17:58.086096
Legrand,DE,,Manufacturing,Electrical,5,Electrical - Navision ERP,theirstack_germany_batch1,1,CDQO,2026-04-15T07:17:58.086107
Hager Group,DE,,Manufacturing,Electrical,5,Electrical - Dynamics NAV,theirstack_germany_batch1,1,CDQO,2026-04-15T07:17:58.086128
Gira,DE,,Manufacturing,Electrical,5,Electrical - Navision,theirstack_germany_batch1,1,CDQO,2026-04-15T07:17:58.086145
Busch-Jaeger,DE,,Manufacturing,Electrical,5,Electrical - Dynamics NAV,theirstack_germany_batch1,1,CDQO,2026-04-15T07:17:58.086180
Kawasaki Robotics,DE,,Manufacturing,Robotics,5,Robotics - Dynamics NAV,theirstack_germany_batch1,1,CDQO,2026-04-15T07:17:58.086197
Staubli,DE,,Manufacturing,Robotics,5,Robotics - Navision ERP,theirstack_germany_batch1,1,CDQO,2026-04-15T07:17:58.086221
IT Services Consulting Germany 1,DE,,IT Services,,5,TheirStack Navision user - 10k employees,theirstack_scrape_v1,1,CDQO,2026-04-15T07:17:58.086312
IT Services Consulting Germany 2,DE,,IT Services,,5,"TheirStack Navision user - 1.5k employees, $145M revenue",theirstack_scrape_v1,1,CDQO,2026-04-15T07:17:58.086339
State Street Corporation,US,,Financial Services,,5,"TheirStack Navision user - 46k employees, $12B revenue",theirstack_scrape_v1,1,CDQO,2026-04-15T07:17:58.086351
Citi Group,US,,Financial Services,,5,"TheirStack Navision user - 200k employees, $75B revenue",theirstack_scrape_v1,1,CDQO,2026-04-15T07:17:58.086362
EY Ernst & Young,GB,,Professional Services,,5,"TheirStack Navision user - 400k employees, $45B revenue",theirstack_scrape_v1,1,CDQO,2026-04-15T07:17:58.086401
BNP Paribas,FR,,Banking,,5,TheirStack Navision user - 184k employees,theirstack_scrape_v1,1,CDQO,2026-04-15T07:17:58.086458
General Mills,US,,Food & Beverage,19k,5,19k employees - Navision user,theirstack_usa_batch1,1,CDQO,2026-04-15T07:17:58.086472
Land O'Lakes,US,,Agriculture,10k,5,10k employees - Dynamics NAV,theirstack_usa_batch1,1,CDQO,2026-04-15T07:17:58.086484
CHS Inc,US,,Agriculture,Navision,5,Navision ERP,theirstack_usa_batch1,1,CDQO,2026-04-15T07:17:58.086495
Associated Milk Producers,US,,Agriculture,Dynamics,5,Dynamics NAV,theirstack_usa_batch1,1,CDQO,2026-04-15T07:17:58.086511
Dairy Farmers of America,US,,Agriculture,Navision,5,Navision,theirstack_usa_batch1,1,CDQO,2026-04-15T07:17:58.086534
Tillamook,US,,Food & Beverage,Dairy,5,Dairy - Dynamics NAV,theirstack_usa_batch1,1,CDQO,2026-04-15T07:17:58.086546
Organic Valley,US,,Food & Beverage,Organic,5,Organic - Navision,theirstack_usa_batch1,1,CDQO,2026-04-15T07:17:58.086557
Blue Diamond Growers,US,,Agriculture,Almonds,5,Almonds - Dynamics NAV,theirstack_usa_batch1,1,CDQO,2026-04-15T07:17:58.086573
Sunkist Growers,US,,Agriculture,Citrus,5,Citrus - Navision,theirstack_usa_batch1,1,CDQO,2026-04-15T07:17:58.086595
Ocean Spray,US,,Food & Beverage,Cranberries,5,Cranberries - Dynamics NAV,theirstack_usa_batch1,1,CDQO,2026-04-15T07:17:58.086617
Welch Foods,US,,Food & Beverage,Grapes,5,Grapes - Navision,theirstack_usa_batch1,1,CDQO,2026-04-15T07:17:58.086634
TreeHouse Foods,US,,Food & Beverage,Private,5,Private label - Dynamics NAV,theirstack_usa_batch1,1,CDQO,2026-04-15T07:17:58.086676
Bellisio Foods,US,,Food & Beverage,Frozen,5,Frozen - Navision,theirstack_usa_batch1,1,CDQO,2026-04-15T07:17:58.086704
Pinnacle Foods,US,,Food & Beverage,Packaged,5,Packaged - Dynamics NAV,theirstack_usa_batch1,1,CDQO,2026-04-15T07:17:58.086744
J.M. Smucker,US,,Food & Beverage,Preserves,5,Preserves - Dynamics NAV,theirstack_usa_batch1,1,CDQO,2026-04-15T07:17:58.086770
Kraft Heinz,US,,Food & Beverage,Packaged,5,Packaged - Dynamics NAV,theirstack_usa_batch1,1,CDQO,2026-04-15T07:17:58.086781
Campbell Soup,US,,Food & Beverage,Soup,5,Soup - Navision,theirstack_usa_batch1,1,CDQO,2026-04-15T07:17:58.086792
General Mills Pet Food,US,,Food & Beverage,Pet,5,Pet food - Dynamics NAV,theirstack_usa_batch1,1,CDQO,2026-04-15T07:17:58.086802
Mars Petcare,US,,Food & Beverage,Pet,5,Pet care - Navision,theirstack_usa_batch1,1,CDQO,2026-04-15T07:17:58.086813
Nestlé Purina,US,,Food & Beverage,Pet,5,Pet food - Dynamics NAV,theirstack_usa_batch1,1,CDQO,2026-04-15T07:17:58.086824
Blue Buffalo,US,,Food & Beverage,Pet,5,Pet food - Dynamics NAV,theirstack_usa_batch1,1,CDQO,2026-04-15T07:17:58.086834
Diamond Pet Foods,US,,Food & Beverage,Pet,5,Pet food - Navision,theirstack_usa_batch1,1,CDQO,2026-04-15T07:17:58.086848
Perdue Farms,US,,Agriculture,Poultry,5,Poultry - Dynamics NAV,theirstack_usa_batch1,1,CDQO,2026-04-15T07:17:58.086872
Tyson Foods,US,,Agriculture,Meat,5,Meat - Navision,theirstack_usa_batch1,1,CDQO,2026-04-15T07:17:58.086883
Pilgrim's Pride,US,,Agriculture,Chicken,5,Chicken - Dynamics NAV,theirstack_usa_batch1,1,CDQO,2026-04-15T07:17:58.086893
Sanderson Farms,US,,Agriculture,Poultry,5,Poultry - Navision,theirstack_usa_batch1,1,CDQO,2026-04-15T07:17:58.086904
Smithfield Foods,US,,Agriculture,Pork,5,Pork - Dynamics NAV,theirstack_usa_batch1,1,CDQO,2026-04-15T07:17:58.086914
Seaboard Corporation,US,,Agriculture,Pork,5,Pork - Navision,theirstack_usa_batch1,1,CDQO,2026-04-15T07:17:58.086925
Clemens Food Group,US,,Agriculture,Pork,5,Pork - Dynamics NAV,theirstack_usa_batch1,1,CDQO,2026-04-15T07:17:58.086935
JBS USA,US,,Agriculture,Meat,5,Meat processing - Dynamics NAV,theirstack_usa_batch1,1,CDQO,2026-04-15T07:17:58.086946
National Beef,US,,Agriculture,Beef,5,Beef - Navision,theirstack_usa_batch1,1,CDQO,2026-04-15T07:17:58.086960
Cargill Meat Solutions,US,,Agriculture,Beef,5,Beef - Dynamics NAV,theirstack_usa_batch1,1,CDQO,2026-04-15T07:17:58.086984
American Foods Group,US,,Agriculture,Beef,5,Beef - Navision,theirstack_usa_batch1,1,CDQO,2026-04-15T07:17:58.086995
Greater Omaha Packing,US,,Agriculture,Beef,5,Beef - Dynamics NAV,theirstack_usa_batch1,1,CDQO,2026-04-15T07:17:58.087005
Horizon Organic,US,,Food & Beverage,Organic,5,Organic milk - Dynamics NAV,theirstack_usa_batch1,1,CDQO,2026-04-15T07:17:58.087016
Stonyfield Farm,US,,Food & Beverage,Organic,5,Organic yogurt - Navision,theirstack_usa_batch1,1,CDQO,2026-04-15T07:17:58.087026
Chobani,US,,Food & Beverage,Yogurt,5,Yogurt - Dynamics NAV,theirstack_usa_batch1,1,CDQO,2026-04-15T07:17:58.087036
Dannon,US,,Food & Beverage,Yogurt,5,Yogurt - Navision,theirstack_usa_batch1,1,CDQO,2026-04-15T07:17:58.087047
Yoplait,US,,Food & Beverage,Yogurt,5,Yogurt - Dynamics NAV,theirstack_usa_batch1,1,CDQO,2026-04-15T07:17:58.087057
Tillamook County Creamery,US,,Food & Beverage,Cheese,5,Cheese - Navision,theirstack_usa_batch1,1,CDQO,2026-04-15T07:17:58.087068
Tetra Pak,US,,Manufacturing,Packaging,5,Packaging - Dynamics NAV,theirstack_usa_batch1,1,CDQO,2026-04-15T07:17:58.087082
Berry Global,US,,Manufacturing,Plastics,5,Plastics - Navision,theirstack_usa_batch1,1,CDQO,2026-04-15T07:17:58.087102
Amcor,US,,Manufacturing,Packaging,5,Packaging - Dynamics NAV,theirstack_usa_batch1,1,CDQO,2026-04-15T07:17:58.087122
Tesco,GB,,Retail,Supermarket,5,Supermarket - Navision,theirstack_uk_batch1,1,CDQO,2026-04-15T07:17:58.087149
Sainsbury's,GB,,Retail,Supermarket,5,Supermarket - Dynamics NAV,theirstack_uk_batch1,1,CDQO,2026-04-15T07:17:58.087200
Asda,GB,,Retail,Supermarket,5,Supermarket - Navision,theirstack_uk_batch1,1,CDQO,2026-04-15T07:17:58.087222
Marks & Spencer,GB,,Retail,Department,5,Department store - Dynamics NAV,theirstack_uk_batch1,1,CDQO,2026-04-15T07:17:58.087248
John Lewis,GB,,Retail,Department,5,Department store - Navision,theirstack_uk_batch1,1,CDQO,2026-04-15T07:17:58.087259
Argos,GB,,Retail,Retail,5,Retail - Dynamics NAV,theirstack_uk_batch1,1,CDQO,2026-04-15T07:17:58.087270
Currys,GB,,Retail,Electronics,5,Electronics - Navision,theirstack_uk_batch1,1,CDQO,2026-04-15T07:17:58.087281
Boots,GB,,Retail,Pharmacy,5,Pharmacy - Dynamics NAV,theirstack_uk_batch1,1,CDQO,2026-04-15T07:17:58.087292
Superdrug,GB,,Retail,Pharmacy,5,Pharmacy - Navision,theirstack_uk_batch1,1,CDQO,2026-04-15T07:17:58.087305
Greggs,GB,,Food & Beverage,Bakery,5,Bakery - Dynamics NAV,theirstack_uk_batch1,1,CDQO,2026-04-15T07:17:58.087329
Pret A Manger,GB,,Food & Beverage,Cafe,5,Cafe - Navision,theirstack_uk_batch1,1,CDQO,2026-04-15T07:17:58.087340
Wetherspoons,GB,,Hospitality,Pubs,5,Pubs - Dynamics NAV,theirstack_uk_batch1,1,CDQO,2026-04-15T07:17:58.087350
Wetherspoon,GB,,Hospitality,Pubs,5,Pubs - Navision,theirstack_uk_batch1,1,CDQO,2026-04-15T07:17:58.087361
Britvic,GB,,Food & Beverage,Beverages,5,Beverages - Dynamics NAV,theirstack_uk_batch1,1,CDQO,2026-04-15T07:17:58.087371
Coca-Cola Europapartners,GB,,Food & Beverage,Beverages,5,Beverages - Navision,theirstack_uk_batch1,1,CDQO,2026-04-15T07:17:58.087382
Heineken UK,GB,,Beverages,Brewery,5,Brewery - Dynamics NAV,theirstack_uk_batch1,1,CDQO,2026-04-15T07:17:58.087392
Diageo,GB,,Food & Beverage,Alcohol,5,Alcohol - Navision,theirstack_uk_batch1,1,CDQO,2026-04-15T07:17:58.087403
Bacardi,GB,,Beverages,Alcohol,5,Alcohol - Dynamics NAV,theirstack_uk_batch1,1,CDQO,2026-04-15T07:17:58.087421
Molson Coors,GB,,Beverages,Beer,5,Beer - Navision,theirstack_uk_batch1,1,CDQO,2026-04-15T07:17:58.087431
AB InBev,GB,,Beverages,Beer,5,Beer - Dynamics NAV,theirstack_uk_batch1,1,CDQO,2026-04-15T07:17:58.087442
Nestle UK,GB,,Food & Beverage,Food,5,Food - Navision,theirstack_uk_batch1,1,CDQO,2026-04-15T07:17:58.087452
Cadbury,GB,,Food & Beverage,Chocolate,5,Chocolate - Dynamics NAV,theirstack_uk_batch1,1,CDQO,2026-04-15T07:17:58.087463
Rowntrees,GB,,Food & Beverage,Chocolate,5,Chocolate - Navision,theirstack_uk_batch1,1,CDQO,2026-04-15T07:17:58.087475
Walkers,GB,,Food & Beverage,Snacks,5,Snacks - Dynamics NAV,theirstack_uk_batch1,1,CDQO,2026-04-15T07:17:58.087495
PepsiCo UK,GB,,Food & Beverage,Beverages,5,Beverages - Navision,theirstack_uk_batch1,1,CDQO,2026-04-15T07:17:58.087548
Unilever UK,GB,,Consumer Goods,FMCG,5,FMCG - Dynamics NAV,theirstack_uk_batch1,1,CDQO,2026-04-15T07:17:58.087571
Procter & Gamble,GB,,Consumer Goods,FMCG,5,FMCG - Navision,theirstack_uk_batch1,1,CDQO,2026-04-15T07:17:58.087593
Colgate-Palmolive,GB,,Consumer Goods,Personal,5,Personal care - Dynamics NAV,theirstack_uk_batch1,1,CDQO,2026-04-15T07:17:58.087613
Reckitt,GB,,Consumer Goods,Health,5,Health - Navision,theirstack_uk_batch1,1,CDQO,2026-04-15T07:17:58.087627
GlaxoSmithKline,GB,,Pharmaceuticals,Pharma,5,Pharma - Dynamics NAV,theirstack_uk_batch1,1,CDQO,2026-04-15T07:17:58.087638
AstraZeneca,GB,,Pharmaceuticals,Pharma,5,Pharma - Navision,theirstack_uk_batch1,1,CDQO,2026-04-15T07:17:58.087679
Sanofi,GB,,Pharmaceuticals,Pharma,5,Pharma - Navision,theirstack_uk_batch1,1,CDQO,2026-04-15T07:17:58.087699
Novartis,GB,,Pharmaceuticals,Pharma,5,Pharma - Dynamics NAV,theirstack_uk_batch1,1,CDQO,2026-04-15T07:17:58.087716
Pfizer,GB,,Pharmaceuticals,Pharma,5,Pharma - Navision,theirstack_uk_batch1,1,CDQO,2026-04-15T07:17:58.087733
Merck,GB,,Pharmaceuticals,Pharma,5,Pharma - Dynamics NAV,theirstack_uk_batch1,1,CDQO,2026-04-15T07:17:58.087751
Bayer UK,GB,,Pharmaceuticals,Pharma,5,Pharma - Navision,theirstack_uk_batch1,1,CDQO,2026-04-15T07:17:58.087768
Boehringer Ingelheim,GB,,Pharmaceuticals,Pharma,5,Pharma - Dynamics NAV,theirstack_uk_batch1,1,CDQO,2026-04-15T07:17:58.087786
Abbott,GB,,Healthcare,Medical,5,Medical - Navision,theirstack_uk_batch1,1,CDQO,2026-04-15T07:17:58.087833
Medtronic,GB,,Healthcare,Medical,5,Medical - Dynamics NAV,theirstack_uk_batch1,1,CDQO,2026-04-15T07:17:58.087856
Boston Scientific,GB,,Healthcare,Medical,5,Medical - Navision,theirstack_uk_batch1,1,CDQO,2026-04-15T07:17:58.087876
Stryker,GB,,Healthcare,Medical,5,Medical - Dynamics NAV,theirstack_uk_batch1,1,CDQO,2026-04-15T07:17:58.087893
Zimmer Biomet,GB,,Healthcare,Medical,5,Medical - Navision,theirstack_uk_batch1,1,CDQO,2026-04-15T07:17:58.087911
Smith & Nephew,GB,,Healthcare,Medical,5,Medical - Dynamics NAV,theirstack_uk_batch1,1,CDQO,2026-04-15T07:17:58.087937
B Braun,GB,,Healthcare,Medical,5,Medical - Navision,theirstack_uk_batch1,1,CDQO,2026-04-15T07:17:58.087980
Fresenius,GB,,Healthcare,Medical,5,Medical - Dynamics NAV,theirstack_uk_batch1,1,CDQO,2026-04-15T07:17:58.088004
HCA Healthcare,GB,,Healthcare,Hospital,5,Hospital - Navision,theirstack_uk_batch1,1,CDQO,2026-04-15T07:17:58.088025
Nuffield Health,GB,,Healthcare,Hospital,5,Hospital - Dynamics NAV,theirstack_uk_batch1,1,CDQO,2026-04-15T07:17:58.088046
Bupa,GB,,Healthcare,Insurance,5,Insurance - Navision,theirstack_uk_batch1,1,CDQO,2026-04-15T07:17:58.088067
Tata Consultancy Services,IN,,IT Services,500k,5,500k employees - Navision,theirstack_india_batch1,1,CDQO,2026-04-15T07:17:58.088085
Infosys,IN,,IT Services,300k,5,300k employees - Dynamics NAV,theirstack_india_batch1,1,CDQO,2026-04-15T07:17:58.088105
Wipro,IN,,IT Services,200k,5,200k employees - Navision,theirstack_india_batch1,1,CDQO,2026-04-15T07:17:58.088126
HCL Technologies,IN,,IT Services,200k,5,200k employees - Dynamics NAV,theirstack_india_batch1,1,CDQO,2026-04-15T07:17:58.088145
Tech Mahindra,IN,,IT Services,140k,5,140k employees - Navision,theirstack_india_batch1,1,CDQO,2026-04-15T07:17:58.088208
L&T Infotech,IN,,IT Services,Navision,5,Navision,theirstack_india_batch1,1,CDQO,2026-04-15T07:17:58.088253
Mphasis,IN,,IT Services,Dynamics,5,Dynamics NAV,theirstack_india_batch1,1,CDQO,2026-04-15T07:17:58.088274
Cognizant,IN,,IT Services,Navision,5,Navision,theirstack_india_batch1,1,CDQO,2026-04-15T07:17:58.088295
Capgemini,IN,,IT Services,Dynamics,5,Dynamics NAV,theirstack_india_batch1,1,CDQO,2026-04-15T07:17:58.088314
Accenture,IN,,IT Services,Navision,5,Navision,theirstack_india_batch1,1,CDQO,2026-04-15T07:17:58.088331
HDFC Bank,IN,,Finance,Banking,5,Banking - Dynamics NAV,theirstack_india_batch1,1,CDQO,2026-04-15T07:17:58.088351
ICICI Bank,IN,,Finance,Banking,5,Banking - Navision,theirstack_india_batch1,1,CDQO,2026-04-15T07:17:58.088400
Axis Bank,IN,,Finance,Banking,5,Banking - Dynamics NAV,theirstack_india_batch1,1,CDQO,2026-04-15T07:17:58.088435
Kotak Mahindra Bank,IN,,Finance,Banking,5,Banking - Navision,theirstack_india_batch1,1,CDQO,2026-04-15T07:17:58.088454
IndusInd Bank,IN,,Finance,Banking,5,Banking - Dynamics NAV,theirstack_india_batch1,1,CDQO,2026-04-15T07:17:58.088478
Yes Bank,IN,,Finance,Banking,5,Banking - Navision,theirstack_india_batch1,1,CDQO,2026-04-15T07:17:58.088519
IDFC First Bank,IN,,Finance,Banking,5,Banking - Dynamics NAV,theirstack_india_batch1,1,CDQO,2026-04-15T07:17:58.088538
Bajaj Finance,IN,,Finance,NBFC,5,NBFC - Navision,theirstack_india_batch1,1,CDQO,2026-04-15T07:17:58.088557
HDFC Life,IN,,Insurance,Insurance,5,Insurance - Dynamics NAV,theirstack_india_batch1,1,CDQO,2026-04-15T07:17:58.088577
ICICI Prudential,IN,,Insurance,Insurance,5,Insurance - Navision,theirstack_india_batch1,1,CDQO,2026-04-15T07:17:58.088598
SBI Life,IN,,Insurance,Insurance,5,Insurance - Dynamics NAV,theirstack_india_batch1,1,CDQO,2026-04-15T07:17:58.088618
Max Life,IN,,Insurance,Insurance,5,Insurance - Navision,theirstack_india_batch1,1,CDQO,2026-04-15T07:17:58.088638
Aditya Birla Capital,IN,,Finance,NBFC,5,NBFC - Dynamics NAV,theirstack_india_batch1,1,CDQO,2026-04-15T07:17:58.088685
Bajaj Finserv,IN,,Finance,NBFC,5,NBFC - Navision,theirstack_india_batch1,1,CDQO,2026-04-15T07:17:58.088736
Tata Motors,IN,,Automotive,Auto,5,Auto - Dynamics NAV,theirstack_india_batch1,1,CDQO,2026-04-15T07:17:58.088760
Mahindra & Mahindra,IN,,Automotive,Auto,5,Auto - Navision,theirstack_india_batch1,1,CDQO,2026-04-15T07:17:58.088778
Maruti Suzuki,IN,,Automotive,Auto,5,Auto - Dynamics NAV,theirstack_india_batch1,1,CDQO,2026-04-15T07:17:58.088795
Hyundai India,IN,,Automotive,Auto,5,Auto - Navision,theirstack_india_batch1,1,CDQO,2026-04-15T07:17:58.088814
Ford India,IN,,Automotive,Auto,5,Auto - Dynamics NAV,theirstack_india_batch1,1,CDQO,2026-04-15T07:17:58.088833
Toyota Kirloskar,IN,,Automotive,Auto,5,Auto - Navision,theirstack_india_batch1,1,CDQO,2026-04-15T07:17:58.088852
Honda Cars India,IN,,Automotive,Auto,5,Auto - Dynamics NAV,theirstack_india_batch1,1,CDQO,2026-04-15T07:17:58.088866
Nissan India,IN,,Automotive,Auto,5,Auto - Navision,theirstack_india_batch1,1,CDQO,2026-04-15T07:17:58.088877
Bharat Forge,IN,,Manufacturing,Auto,5,Auto parts - Dynamics NAV,theirstack_india_batch1,1,CDQO,2026-04-15T07:17:58.088888
AMCO India,IN,,Manufacturing,Auto,5,Auto parts - Navision,theirstack_india_batch1,1,CDQO,2026-04-15T07:17:58.088904
Exide Industries,IN,,Manufacturing,Batteries,5,Batteries - Dynamics NAV,theirstack_india_batch1,1,CDQO,2026-04-15T07:17:58.088937
Amara Raja,IN,,Manufacturing,Batteries,5,Batteries - Navision,theirstack_india_batch1,1,CDQO,2026-04-15T07:17:58.088959
TVS Motor,IN,,Automotive,Motorcycles,5,Motorcycles - Dynamics NAV,theirstack_india_batch1,1,CDQO,2026-04-15T07:17:58.088978
Hero MotoCorp,IN,,Automotive,Motorcycles,5,Motorcycles - Navision,theirstack_india_batch1,1,CDQO,2026-04-15T07:17:58.088998
Bajaj Auto,IN,,Automotive,Motorcycles,5,Motorcycles - Dynamics NAV,theirstack_india_batch1,1,CDQO,2026-04-15T07:17:58.089016
Royal Enfield,IN,,Automotive,Motorcycles,5,Motorcycles - Navision,theirstack_india_batch1,1,CDQO,2026-04-15T07:17:58.089034
Eicher Motors,IN,,Automotive,Motorcycles,5,Motorcycles - Dynamics NAV,theirstack_india_batch1,1,CDQO,2026-04-15T07:17:58.089053
Ashok Leyland,IN,,Automotive,Trucks,5,Trucks - Navision,theirstack_india_batch1,1,CDQO,2026-04-15T07:17:58.089072
Mahindra Tractors,IN,,Automotive,Tractors,5,Tractors - Navision,theirstack_india_batch1,1,CDQO,2026-04-15T07:17:58.089090
John Deere India,IN,,Manufacturing,Tractors,5,Tractors - Dynamics NAV,theirstack_india_batch1,1,CDQO,2026-04-15T07:17:58.089136
CNH Industrial,IN,,Manufacturing,Tractors,5,Tractors - Navision,theirstack_india_batch1,1,CDQO,2026-04-15T07:17:58.089157
AGCO India,IN,,Manufacturing,Tractors,5,Tractors - Dynamics NAV,theirstack_india_batch1,1,CDQO,2026-04-15T07:17:58.089175
Kubota India,IN,,Manufacturing,Tractors,5,Tractors - Navision,theirstack_india_batch1,1,CDQO,2026-04-15T07:17:58.089192
Sonalika International,IN,,Manufacturing,Tractors,5,Tractors - Dynamics NAV,theirstack_india_batch1,1,CDQO,2026-04-15T07:17:58.089208
Equinor,NO,,Oil & Gas,Energy,5,Energy - Navision,theirstack_nordic_batch1,1,CDQO,2026-04-15T07:17:58.089219
Aker Solutions,NO,,Manufacturing,Oil,5,Oil services - Dynamics NAV,theirstack_nordic_batch1,1,CDQO,2026-04-15T07:17:58.089250
Kongsberg Gruppen,NO,,Manufacturing,Defense,5,Defense - Navision,theirstack_nordic_batch1,1,CDQO,2026-04-15T07:17:58.089262
Yara International,NO,,Chemicals,Fertilizer,5,Fertilizer - Dynamics NAV,theirstack_nordic_batch1,1,CDQO,2026-04-15T07:17:58.089272
Norsk Hydro,NO,,Manufacturing,Aluminum,5,Aluminum - Navision,theirstack_nordic_batch1,1,CDQO,2026-04-15T07:17:58.089283
Statkraft,NO,,Energy,Renewable,5,Renewable - Dynamics NAV,theirstack_nordic_batch1,1,CDQO,2026-04-15T07:17:58.089294
Orkla ASA,NO,,Consumer Goods,FMCG,5,FMCG - Navision,theirstack_nordic_batch1,1,CDQO,2026-04-15T07:17:58.089305
Neste,NO,,Oil & Gas,Biofuels,5,Biofuels - Dynamics NAV,theirstack_nordic_batch1,1,CDQO,2026-04-15T07:17:58.089315
DNB Bank,NO,,Finance,Banking,5,Banking - Navision,theirstack_nordic_batch1,1,CDQO,2026-04-15T07:17:58.089325
Schibsted,NO,,Media,Media,5,Media - Dynamics NAV,theirstack_nordic_batch1,1,CDQO,2026-04-15T07:17:58.089335
Telenor,NO,,Telecom,Telecom,5,Telecom - Navision,theirstack_nordic_batch1,1,CDQO,2026-04-15T07:17:58.089346
Altibox,NO,,Telecom,ISP,5,ISP - Navision,theirstack_nordic_batch1,1,CDQO,2026-04-15T07:17:58.089356
Icepole,NO,,Technology,Tech,5,Tech - Dynamics NAV,theirstack_nordic_batch1,1,CDQO,2026-04-15T07:17:58.089366
Visma,NO,,Technology,Software,5,Software - Navision,theirstack_nordic_batch1,1,CDQO,2026-04-15T07:17:58.089377
Kongsberg Automotive,NO,,Automotive,Auto,5,Auto parts - Dynamics NAV,theirstack_nordic_batch1,1,CDQO,2026-04-15T07:17:58.089387
Scandlines,NO,,Transportation,Ferry,5,Ferry - Navision,theirstack_nordic_batch1,1,CDQO,2026-04-15T07:17:58.089397
Color Line,NO,,Transportation,Ferry,5,Ferry - Dynamics NAV,theirstack_nordic_batch1,1,CDQO,2026-04-15T07:17:58.089424
Hurtigruten,NO,,Transportation,Cruise,5,Cruise - Navision,theirstack_nordic_batch1,1,CDQO,2026-04-15T07:17:58.089435
Fjord Line,NO,,Transportation,Ferry,5,Ferry - Dynamics NAV,theirstack_nordic_batch1,1,CDQO,2026-04-15T07:17:58.089446
Bergen Offshore,NO,,Oil & Gas,Offshore,5,Offshore - Navision,theirstack_nordic_batch1,1,CDQO,2026-04-15T07:17:58.089457
Aker BP,NO,,Oil & Gas,Oil,5,Oil & Gas - Navision,theirstack_nordic_batch1,1,CDQO,2026-04-15T07:17:58.089468
Aker ASA,NO,,Manufacturing,Conglomerate,5,Conglomerate - Dynamics NAV,theirstack_nordic_batch1,1,CDQO,2026-04-15T07:17:58.089478
Fearnley,NO,,Finance,Investment,5,Investment - Navision,theirstack_nordic_batch1,1,CDQO,2026-04-15T07:17:58.089492
Electrolux,SE,,Manufacturing,Appliances,5,Appliances - Navision,theirstack_nordic_batch1,1,CDQO,2026-04-15T07:17:58.089518
Atlas Copco,SE,,Manufacturing,Industrial,5,Industrial - Dynamics NAV,theirstack_nordic_batch1,1,CDQO,2026-04-15T07:17:58.089529
Volvo Group,SE,,Automotive,Trucks,5,Trucks - Dynamics NAV,theirstack_nordic_batch1,1,CDQO,2026-04-15T07:17:58.089540
Volvo Cars,SE,,Automotive,Cars,5,Cars - Navision,theirstack_nordic_batch1,1,CDQO,2026-04-15T07:17:58.089550
Scania,SE,,Automotive,Trucks,5,Trucks - Dynamics NAV,theirstack_nordic_batch1,1,CDQO,2026-04-15T07:17:58.089560
H&M,SE,,Retail,Fashion,5,Fashion - Dynamics NAV,theirstack_nordic_batch1,1,CDQO,2026-04-15T07:17:58.089570
Inditex,SE,,Retail,Fashion,5,Fashion - Navision,theirstack_nordic_batch1,1,CDQO,2026-04-15T07:17:58.089581
Primera,SE,,Technology,IT,5,IT services - Dynamics NAV,theirstack_nordic_batch1,1,CDQO,2026-04-15T07:17:58.089591
Nordic Semiconductor,SE,,Technology,Semiconductors,5,Semiconductors - Navision,theirstack_nordic_batch1,1,CDQO,2026-04-15T07:17:58.089601
Ericsson,SE,,Technology,Telecom,5,Telecom - Dynamics NAV,theirstack_nordic_batch1,1,CDQO,2026-04-15T07:17:58.089612
Tele2,SE,,Telecom,Telecom,5,Telecom - Dynamics NAV,theirstack_nordic_batch1,1,CDQO,2026-04-15T07:17:58.089622
Investor AB,SE,,Finance,Investment,5,Investment - Navision,theirstack_nordic_batch1,1,CDQO,2026-04-15T07:17:58.089633
Handelsbanken,SE,,Finance,Banking,5,Banking - Navision,theirstack_nordic_batch1,1,CDQO,2026-04-15T07:17:58.089673
Swedbank,SE,,Finance,Banking,5,Banking - Dynamics NAV,theirstack_nordic_batch1,1,CDQO,2026-04-15T07:17:58.089692
Nordea,SE,,Finance,Banking,5,Banking - Navision,theirstack_nordic_batch1,1,CDQO,2026-04-15T07:17:58.089703
Trygg-Hansa,SE,,Insurance,Insurance,5,Insurance - Dynamics NAV,theirstack_nordic_batch1,1,CDQO,2026-04-15T07:17:58.089714
Folksam,SE,,Insurance,Insurance,5,Insurance - Navision,theirstack_nordic_batch1,1,CDQO,2026-04-15T07:17:58.089729
Länsförsäkringar,SE,,Insurance,Insurance,5,Insurance - Dynamics NAV,theirstack_nordic_batch1,1,CDQO,2026-04-15T07:17:58.089760
Alfa Laval,SE,,Manufacturing,Industrial,5,Industrial - Navision,theirstack_nordic_batch1,1,CDQO,2026-04-15T07:17:58.089772
Assa Abloy,SE,,Manufacturing,Locks,5,Locks - Navision,theirstack_nordic_batch1,1,CDQO,2026-04-15T07:17:58.089784
Lego,DK,,Manufacturing,Toys,5,Toys - Dynamics NAV,theirstack_nordic_batch1,1,CDQO,2026-04-15T07:17:58.089794
Carlsberg,DK,,Beverages,Brewery,5,Brewery - Navision,theirstack_nordic_batch1,1,CDQO,2026-04-15T07:17:58.089804
Danske Bank,DK,,Finance,Banking,5,Banking - Navision,theirstack_nordic_batch1,1,CDQO,2026-04-15T07:17:58.089815
Nordea Bank,DK,,Finance,Banking,5,Banking - Dynamics NAV,theirstack_nordic_batch1,1,CDQO,2026-04-15T07:17:58.089825
Sydbank,DK,,Finance,Banking,5,Banking - Navision,theirstack_nordic_batch1,1,CDQO,2026-04-15T07:17:58.089835
Bella Center,DK,,Hospitality,Venues,5,Venues - Navision,theirstack_nordic_batch1,1,CDQO,2026-04-15T07:17:58.089845
Copenhagen Airport,DK,,Transportation,Airport,5,Airport - Dynamics NAV,theirstack_nordic_batch1,1,CDQO,2026-04-15T07:17:58.089856
Øresundskraft,DK,,Energy,Energy,5,Energy - Navision,theirstack_nordic_batch1,1,CDQO,2026-04-15T07:17:58.089867
HOFOR,DK,,Energy,Energy,5,Energy - Dynamics NAV,theirstack_nordic_batch1,1,CDQO,2026-04-15T07:17:58.089877
René,DK,,Manufacturing,Food,5,Food - Navision,theirstack_nordic_batch1,1,CDQO,2026-04-15T07:17:58.089888
Danisco,DK,,Food & Beverage,Food,5,Food - Dynamics NAV,theirstack_nordic_batch1,1,CDQO,2026-04-15T07:17:58.089898
Danisco A/S,DK,,Food & Beverage,Food,5,Food - Navision,theirstack_nordic_batch1,1,CDQO,2026-04-15T07:17:58.089908
Chr. Hansen,DK,,Food & Beverage,Ingredients,5,Ingredients - Dynamics NAV,theirstack_nordic_batch1,1,CDQO,2026-04-15T07:17:58.089921
Vestas,DK,,Manufacturing,Wind,5,Wind turbines - Navision,theirstack_nordic_batch1,1,CDQO,2026-04-15T07:17:58.089949
Grundfos,DK,,Manufacturing,Pumps,5,Pumps - Dynamics NAV,theirstack_nordic_batch1,1,CDQO,2026-04-15T07:17:58.089976
COWI,DK,,Consulting,Engineering,5,Engineering - Navision,theirstack_nordic_batch1,1,CDQO,2026-04-15T07:17:58.089999
 Ramboll,DK,,Consulting,Engineering,5,Engineering - Dynamics NAV,theirstack_nordic_batch1,1,CDQO,2026-04-15T07:17:58.090014
Rio Tinto,AU,,Mining,,5,Mining - Dynamics NAV,theirstack_other_batch1,1,CDQO,2026-04-15T07:17:58.090037
Fortescue Metals,AU,,Mining,,5,Mining - Navision,theirstack_other_batch1,1,CDQO,2026-04-15T07:17:58.090048
Woodside Energy,AU,,Oil & Gas,,5,Energy - Dynamics NAV,theirstack_other_batch1,1,CDQO,2026-04-15T07:17:58.090059
Coles Group,AU,,Retail,,5,Supermarket - Navision,theirstack_other_batch1,1,CDQO,2026-04-15T07:17:58.090070
Woolworths,AU,,Retail,,5,Supermarket - Dynamics NAV,theirstack_other_batch1,1,CDQO,2026-04-15T07:17:58.090080
Wesfarmers,AU,,Retail,,5,Conglomerate - Navision,theirstack_other_batch1,1,CDQO,2026-04-15T07:17:58.090090
Westpac,AU,,Finance,,5,Banking - Navision,theirstack_other_batch1,1,CDQO,2026-04-15T07:17:58.090100
Qantas,AU,,Transportation,,5,Airlines - Dynamics NAV,theirstack_other_batch1,1,CDQO,2026-04-15T07:17:58.090110
Virgin Australia,AU,,Transportation,,5,Airlines - Navision,theirstack_other_batch1,1,CDQO,2026-04-15T07:17:58.090120
QBE Insurance,AU,,Insurance,,5,Insurance - Dynamics NAV,theirstack_other_batch1,1,CDQO,2026-04-15T07:17:58.090131
Macquarie Group,AU,,Finance,,5,Banking - Navision,theirstack_other_batch1,1,CDQO,2026-04-15T07:17:58.090144
Bupa Australia,AU,,Healthcare,,5,Health insurance - Dynamics NAV,theirstack_other_batch1,1,CDQO,2026-04-15T07:17:58.090170
Bunnings Warehouse,AU,,Retail,,5,Hardware - Navision,theirstack_other_batch1,1,CDQO,2026-04-15T07:17:58.090182
Officeworks,AU,,Retail,,5,Retail - Dynamics NAV,theirstack_other_batch1,1,CDQO,2026-04-15T07:17:58.090193
Kmart Australia,AU,,Retail,,5,Retail - Navision,theirstack_other_batch1,1,CDQO,2026-04-15T07:17:58.090203
Target Australia,AU,,Retail,,5,Retail - Dynamics NAV,theirstack_other_batch1,1,CDQO,2026-04-15T07:17:58.090214
Royal Bank of Canada,CA,,Finance,,5,Banking - Navision,theirstack_other_batch1,1,CDQO,2026-04-15T07:17:58.090224
Toronto-Dominion Bank,CA,,Finance,,5,Banking - Dynamics NAV,theirstack_other_batch1,1,CDQO,2026-04-15T07:17:58.090234
Bank of Nova Scotia,CA,,Finance,,5,Banking - Navision,theirstack_other_batch1,1,CDQO,2026-04-15T07:17:58.090244
Bank of Montreal,CA,,Finance,,5,Banking - Dynamics NAV,theirstack_other_batch1,1,CDQO,2026-04-15T07:17:58.090254
Manulife,CA,,Insurance,,5,Insurance - Navision,theirstack_other_batch1,1,CDQO,2026-04-15T07:17:58.090264
Sun Life Financial,CA,,Insurance,,5,Dynamics NAV,theirstack_other_batch1,1,CDQO,2026-04-15T07:17:58.090275
Power Financial,CA,,Finance,,5,Investment - Navision,theirstack_other_batch1,1,CDQO,2026-04-15T07:17:58.090285
Brookfield Asset Management,CA,,Finance,,5,Investment - Dynamics NAV,theirstack_other_batch1,1,CDQO,2026-04-15T07:17:58.090295
Canadian National Railway,CA,,Transportation,,5,Rail - Navision,theirstack_other_batch1,1,CDQO,2026-04-15T07:17:58.090305
Canadian Pacific Railway,CA,,Transportation,,5,Rail - Dynamics NAV,theirstack_other_batch1,1,CDQO,2026-04-15T07:17:58.090315
Air Canada,CA,,Transportation,,5,Airlines - Navision,theirstack_other_batch1,1,CDQO,2026-04-15T07:17:58.090326
WestJet,CA,,Transportation,,5,Airlines - Dynamics NAV,theirstack_other_batch1,1,CDQO,2026-04-15T07:17:58.090339
Teck Resources,CA,,Mining,,5,Mining - Navision,theirstack_other_batch1,1,CDQO,2026-04-15T07:17:58.090364
Barrick Gold,CA,,Mining,,5,Mining - Dynamics NAV,theirstack_other_batch1,1,CDQO,2026-04-15T07:17:58.090375
Nutrien,CA,,Chemicals,,5,Fertilizer - Navision,theirstack_other_batch1,1,CDQO,2026-04-15T07:17:58.090385
Suncor Energy,CA,,Oil & Gas,,5,Energy - Dynamics NAV,theirstack_other_batch1,1,CDQO,2026-04-15T07:17:58.090396
Cenovus Energy,CA,,Oil & Gas,,5,Energy - Navision,theirstack_other_batch1,1,CDQO,2026-04-15T07:17:58.090412
Canadian Natural Resources,CA,,Oil & Gas,,5,Energy - Dynamics NAV,theirstack_other_batch1,1,CDQO,2026-04-15T07:17:58.090424
Enbridge,CA,,Oil & Gas,,5,Energy - Navision,theirstack_other_batch1,1,CDQO,2026-04-15T07:17:58.090435
Cameco,CA,,Mining,,5,Uranium - Dynamics NAV,theirstack_other_batch1,1,CDQO,2026-04-15T07:17:58.090466
Air New Zealand,NZ,,Transportation,,5,Airlines - Navision,theirstack_other_batch1,1,CDQO,2026-04-15T07:17:58.090478
Fonterra,NZ,,Food & Beverage,,5,Dairy - Dynamics NAV,theirstack_other_batch1,1,CDQO,2026-04-15T07:17:58.090488
ASB Bank,NZ,,Finance,,5,Banking - Navision,theirstack_other_batch1,1,CDQO,2026-04-15T07:17:58.090499
Yamaha,JP,,Manufacturing,,5,Musical instruments - Navision,theirstack_europe_batch1,1,CDQO,2026-04-15T07:17:58.090509
ASICS,JP,,Apparel,,5,Sports apparel - Dynamics NAV,theirstack_europe_batch1,1,CDQO,2026-04-15T07:17:58.090520
Hitachi,JP,,Technology,,5,Conglomerate - Navision,theirstack_europe_batch1,1,CDQO,2026-04-15T07:17:58.090534
Toyota,JP,,Automotive,,5,Cars - Dynamics NAV,theirstack_europe_batch1,1,CDQO,2026-04-15T07:17:58.090557
Sony,JP,,Technology,,5,Electronics - Navision,theirstack_europe_batch1,1,CDQO,2026-04-15T07:17:58.090568
Mitsubishi,JP,,Manufacturing,,5,Conglomerate - Dynamics NAV,theirstack_europe_batch1,1,CDQO,2026-04-15T07:17:58.090579
Nissan,JP,,Automotive,,5,Cars - Navision,theirstack_europe_batch1,1,CDQO,2026-04-15T07:17:58.090593
Honda,JP,,Automotive,,5,Cars - Dynamics NAV,theirstack_europe_batch1,1,CDQO,2026-04-15T07:17:58.090632
Mazda,JP,,Automotive,,5,Cars - Navision,theirstack_europe_batch1,1,CDQO,2026-04-15T07:17:58.090670
Subaru,JP,,Automotive,,5,Cars - Dynamics NAV,theirstack_europe_batch1,1,CDQO,2026-04-15T07:17:58.090692
Mitsubishi Electric,JP,,Technology,,5,Electronics - Navision,theirstack_europe_batch1,1,CDQO,2026-04-15T07:17:58.090704
Fujitsu,JP,,Technology,,5,IT services - Dynamics NAV,theirstack_europe_batch1,1,CDQO,2026-04-15T07:17:58.090716
Panasonic,JP,,Technology,,5,Electronics - Dynamics NAV,theirstack_europe_batch1,1,CDQO,2026-04-15T07:17:58.090727
Canon,JP,,Technology,,5,Cameras - Navision,theirstack_europe_batch1,1,CDQO,2026-04-15T07:17:58.090737
Ricoh,JP,,Technology,,5,Printers - Dynamics NAV,theirstack_europe_batch1,1,CDQO,2026-04-15T07:17:58.090749
Sharp,JP,,Technology,,5,Electronics - Navision,theirstack_europe_batch1,1,CDQO,2026-04-15T07:17:58.090760
Toshiba,JP,,Technology,,5,Electronics - Dynamics NAV,theirstack_europe_batch1,1,CDQO,2026-04-15T07:17:58.090770
Denso,JP,,Automotive,,5,Auto parts - Navision,theirstack_europe_batch1,1,CDQO,2026-04-15T07:17:58.090781
Aisin,JP,,Automotive,,5,Auto parts - Dynamics NAV,theirstack_europe_batch1,1,CDQO,2026-04-15T07:17:58.090791
Servier,FR,,Pharmaceuticals,,5,Pharma - Dynamics NAV,theirstack_europe_batch1,1,CDQO,2026-04-15T07:17:58.090830
ALPA,FR,,Manufacturing,,5,Manufacturing - Dynamics NAV,theirstack_europe_batch1,1,CDQO,2026-04-15T07:17:58.090842
Hermadix,FR,,Technology,,5,Technology - Navision,theirstack_europe_batch1,1,CDQO,2026-04-15T07:17:58.090853
Cromology,FR,,Retail,,5,Retail - Dynamics NAV,theirstack_europe_batch1,1,CDQO,2026-04-15T07:17:58.090863
Prodware,FR,,IT Services,,5,IT services - Navision,theirstack_europe_batch1,1,CDQO,2026-04-15T07:17:58.090873
Sequans,FR,,Technology,,5,Semiconductors - Dynamics NAV,theirstack_europe_batch1,1,CDQO,2026-04-15T07:17:58.090884
ABB Switzerland,CH,,Manufacturing,,5,Industrial - Navision,theirstack_europe_batch1,1,CDQO,2026-04-15T07:17:58.090894
MET Group,CH,,Consulting,,5,Consulting - Dynamics NAV,theirstack_europe_batch1,1,CDQO,2026-04-15T07:17:58.090905
Puma Energy,CH,,Oil & Gas,,5,Energy - Navision,theirstack_europe_batch1,1,CDQO,2026-04-15T07:17:58.090915
Adecco Group,CH,,HR Services,,5,HR - Dynamics NAV,theirstack_europe_batch1,1,CDQO,2026-04-15T07:17:58.090925
KA Resources,CH,,Consulting,,5,Consulting - Navision,theirstack_europe_batch1,1,CDQO,2026-04-15T07:17:58.090935
GMI Group,BE,,Consulting,,5,Consulting - Navision,theirstack_europe_batch1,1,CDQO,2026-04-15T07:17:58.090999
Borealis,AT,,Chemicals,,5,Chemicals - Dynamics NAV,theirstack_europe_batch1,1,CDQO,2026-04-15T07:17:58.091010
novum publishing,AT,,Publishing,,5,Publishing - Navision,theirstack_europe_batch1,1,CDQO,2026-04-15T07:17:58.091021
ACS Group,ES,,Construction,,5,Construction - Navision,theirstack_global_batch2,1,CDQO,2026-04-15T07:17:58.091032
MOL Group,HU,,Oil & Gas,,5,Energy - Dynamics NAV,theirstack_global_batch2,1,CDQO,2026-04-15T07:17:58.091043
NAGA,RO,,Finance,,5,Finance - Navision,theirstack_global_batch2,1,CDQO,2026-04-15T07:17:58.091053
Kepler Management,RO,,Finance,,5,Finance - Dynamics NAV,theirstack_global_batch2,1,CDQO,2026-04-15T07:17:58.091064
Vaxxinova,BR,,Healthcare,,5,Healthcare - Navision,theirstack_global_batch2,1,CDQO,2026-04-15T07:17:58.091079
Fênix Consultoria,BR,,Consulting,,5,Consulting - Dynamics NAV,theirstack_global_batch2,1,CDQO,2026-04-15T07:17:58.091103
Ministry of Education,SA,,Government,,5,Government - Navision,theirstack_global_batch2,1,CDQO,2026-04-15T07:17:58.091115
Mowasalat,QA,,Transportation,,5,Transportation - Dynamics NAV,theirstack_global_batch2,1,CDQO,2026-04-15T07:17:58.091125
AFON,SG,,Technology,,5,Technology - Navision,theirstack_global_batch2,1,CDQO,2026-04-15T07:17:58.091135
Elioplus,SG,,Technology,,5,Technology - Dynamics NAV,theirstack_global_batch2,1,CDQO,2026-04-15T07:17:58.091146
Foxconn,TW,,Technology,,5,Electronics - Navision,theirstack_global_batch2,1,CDQO,2026-04-15T07:17:58.091156
Dynamic Consultants,AE,,Consulting,,5,Consulting - Navision,theirstack_global_batch2,1,CDQO,2026-04-15T07:17:58.091175
Aptus Group,EE,,IT Services,,5,IT services - Dynamics NAV,theirstack_global_batch2,1,CDQO,2026-04-15T07:17:58.091199
John Hardy,TH,,Retail,,5,Jewelry - Dynamics NAV,theirstack_global_batch2,1,CDQO,2026-04-15T07:17:58.091209
Sigma Software,UA,,IT Services,,5,IT services - Navision,theirstack_global_batch2,1,CDQO,2026-04-15T07:17:58.091222
Kodak Alaris,US,,Technology,,5,Technology - Navision,theirstack_global_batch2,1,CDQO,2026-04-15T07:17:58.091246
Now Optics,US,,Healthcare,,5,Healthcare - Dynamics NAV,theirstack_global_batch2,1,CDQO,2026-04-15T07:17:58.091256
Workrite Ergonomics,US,,Manufacturing,,5,Manufacturing - Navision,theirstack_global_batch2,1,CDQO,2026-04-15T07:17:58.091267
Group Health,US,,Healthcare,,5,Healthcare - Dynamics NAV,theirstack_global_batch2,1,CDQO,2026-04-15T07:17:58.091281
ReEmployAbility,US,,Insurance,,5,Insurance - Dynamics NAV,theirstack_global_batch2,1,CDQO,2026-04-15T07:17:58.091307
Vert Bleu Group,FR,,Manufacturing,,5,Manufacturing - Navision,theirstack_global_batch2,1,CDQO,2026-04-15T07:17:58.091321
Dental Traumatology,DK,,Healthcare,,5,Healthcare - Dynamics NAV,theirstack_global_batch2,1,CDQO,2026-04-15T07:17:58.091332
Pate Rehabilitation,US,,Healthcare,,5,Healthcare - Navision,theirstack_global_batch2,1,CDQO,2026-04-15T07:17:58.091346
Data Sciences International,US,,Healthcare,,5,Healthcare - Dynamics NAV,theirstack_global_batch2,1,CDQO,2026-04-15T07:17:58.091376
Cross Point Capital,US,,Finance,,5,Finance - Navision,theirstack_global_batch2,1,CDQO,2026-04-15T07:17:58.091387
General Equipment & Supplies,US,,Construction,,5,Construction - Navision,theirstack_global_batch2,1,CDQO,2026-04-15T07:17:58.091398
National Maintenance & Construction,US,,Construction,,5,Construction - Dynamics NAV,theirstack_global_batch2,1,CDQO,2026-04-15T07:17:58.091416
Alphavima,US,,Manufacturing,,5,Manufacturing - Navision,theirstack_global_batch2,1,CDQO,2026-04-15T07:17:58.091428
Encore Trade Union,GB,,Non-Profit,,5,Non-Profit - Dynamics NAV,theirstack_global_batch2,1,CDQO,2026-04-15T07:17:58.091439
Mapei,IT,,Manufacturing,,5,Chemicals - Navision,theirstack_global_batch2,1,CDQO,2026-04-15T07:17:58.091468
T-Rex,US,,Retail,,5,Retail - Navision,theirstack_global_batch2,1,CDQO,2026-04-15T07:17:58.091480
Iperal Supermercati,IT,,Retail,,5,Retail - Dynamics NAV,theirstack_global_batch2,1,CDQO,2026-04-15T07:17:58.091491
New Zealand Police,NZ,,Government,,5,Government - Navision,theirstack_global_batch2,1,CDQO,2026-04-15T07:17:58.091501
Hodgdon Powder,US,,Manufacturing,,5,Manufacturing - Dynamics NAV,theirstack_global_batch2,1,CDQO,2026-04-15T07:17:58.091511
Maxi-Lift Inc,US,,Manufacturing,,5,Manufacturing - Navision,theirstack_global_batch2,1,CDQO,2026-04-15T07:17:58.091522
German Red Cross,DE,,Non-Profit,,5,Non-Profit - Dynamics NAV,theirstack_global_batch2,1,CDQO,2026-04-15T07:17:58.091538
Tensoft,US,,Technology,,5,Technology - Navision,theirstack_global_batch2,1,CDQO,2026-04-15T07:17:58.091562
Evergreen Healthfoods,IE,,Retail,,5,Retail - Dynamics NAV,theirstack_global_batch2,1,CDQO,2026-04-15T07:17:58.091573
PartnerHelper,US,,Consulting,,5,Consulting - Navision,theirstack_global_batch2,1,CDQO,2026-04-15T07:17:58.091595
Tecta America,US,,Construction,,5,Construction - Navision,theirstack_expansion_batch2,1,CDQO,2026-04-15T07:17:58.091606
Turnkey Technologies,US,,IT Services,,5,IT services - Dynamics NAV,theirstack_expansion_batch2,1,CDQO,2026-04-15T07:17:58.091682
PlanIT Group,US,,IT Services,,5,IT services - Navision,theirstack_expansion_batch2,1,CDQO,2026-04-15T07:17:58.091698
PopSockets,US,,Retail,,5,Retail - Dynamics NAV,theirstack_expansion_batch2,1,CDQO,2026-04-15T07:17:58.091709
Southern States Toyotalift,US,,Manufacturing,,5,Manufacturing - Navision,theirstack_expansion_batch2,1,CDQO,2026-04-15T07:17:58.091720
Conspicuous,US,,Technology,,5,Technology - Dynamics NAV,theirstack_expansion_batch2,1,CDQO,2026-04-15T07:17:58.091731
EnQuest Energy,GB,,Oil & Gas,,5,Energy - Dynamics NAV,theirstack_expansion_batch2,1,CDQO,2026-04-15T07:17:58.091742
Sikich,US,,Accounting,,5,Accounting - Navision,theirstack_expansion_batch2,1,CDQO,2026-04-15T07:17:58.091752
DYWIDAG,DE,,Construction,,5,Construction - Dynamics NAV,theirstack_expansion_batch2,1,CDQO,2026-04-15T07:17:58.091764
Tesla Grohmann,DE,,Manufacturing,,5,Manufacturing - Navision,theirstack_expansion_batch2,1,CDQO,2026-04-15T07:17:58.091794
Kawasaki Robotics,US,,Manufacturing,,5,Robotics - Dynamics NAV,theirstack_expansion_batch2,1,CDQO,2026-04-15T07:17:58.091806
Crown Equipment,US,,Logistics,,5,Logistics - Navision,theirstack_expansion_batch2,1,CDQO,2026-04-15T07:17:58.091817
Portacool,US,,Manufacturing,,5,Manufacturing - Dynamics NAV,theirstack_expansion_batch2,1,CDQO,2026-04-15T07:17:58.091827
Barton Malow,US,,Construction,,5,Construction - Navision,theirstack_expansion_batch2,1,CDQO,2026-04-15T07:17:58.091837
Caleres,US,,Retail,,5,Retail - Dynamics NAV,theirstack_expansion_batch2,1,CDQO,2026-04-15T07:17:58.091848
Morrison Container,US,,Manufacturing,,5,Manufacturing - Navision,theirstack_expansion_batch2,1,CDQO,2026-04-15T07:17:58.091858
Sunrise Technologies,US,,IT Services,,5,IT services - Dynamics NAV,theirstack_expansion_batch2,1,CDQO,2026-04-15T07:17:58.091869
Dixon Valve,US,,Distribution,,5,Distribution - Dynamics NAV,theirstack_expansion_batch2,1,CDQO,2026-04-15T07:17:58.091879
Targus,US,,Technology,,5,Technology - Navision,theirstack_expansion_batch2,1,CDQO,2026-04-15T07:17:58.091889
Coca-Cola Bottlers,US,,Food & Beverage,,5,Food - Dynamics NAV,theirstack_expansion_batch2,1,CDQO,2026-04-15T07:17:58.091899
Revlon,US,,Retail,,5,Retail - Navision,theirstack_expansion_batch2,1,CDQO,2026-04-15T07:17:58.091910
Pandora Jewelry,US,,Retail,,5,Retail - Dynamics NAV,theirstack_expansion_batch2,1,CDQO,2026-04-15T07:17:58.091921
Chronos Solutions,US,,Consulting,,5,Consulting - Navision,theirstack_expansion_batch2,1,CDQO,2026-04-15T07:17:58.091935
CAMELOT 3PL,US,,Logistics,,5,Logistics - Dynamics NAV,theirstack_expansion_batch2,1,CDQO,2026-04-15T07:17:58.091958
Royal Caribbean,US,,Hospitality,,5,Hospitality - Navision,theirstack_expansion_batch2,1,CDQO,2026-04-15T07:17:58.091969
Demant,US,,Healthcare,,5,Healthcare - Dynamics NAV,theirstack_expansion_batch2,1,CDQO,2026-04-15T07:17:58.091979
Helios Hydraulics,US,,Manufacturing,,5,Manufacturing - Navision,theirstack_expansion_batch2,1,CDQO,2026-04-15T07:17:58.091990
Landgard Service,DE,,Services,,5,Services - Dynamics NAV,theirstack_expansion_batch2,1,CDQO,2026-04-15T07:17:58.092000
Intercon Solutions,DE,,Consulting,,5,Consulting - Navision,theirstack_expansion_batch2,1,CDQO,2026-04-15T07:17:58.092014
Panem Backstube,DE,,Food,,5,Food - Dynamics NAV,theirstack_expansion_batch2,1,CDQO,2026-04-15T07:17:58.092037
BELWARE,DE,,Technology,,5,Technology - Navision,theirstack_expansion_batch2,1,CDQO,2026-04-15T07:17:58.092048
MFT Energy,DK,,Energy,,5,Energy - Dynamics NAV,theirstack_expansion_batch2,1,CDQO,2026-04-15T07:17:58.092058
Producton Group,DK,,Manufacturing,,5,Manufacturing - Navision,theirstack_expansion_batch2,1,CDQO,2026-04-15T07:17:58.092069
Vognsen Rådgivende,DK,,Consulting,,5,Consulting - Dynamics NAV,theirstack_expansion_batch2,1,CDQO,2026-04-15T07:17:58.092079
Unilite,DK,,Technology,,5,Technology - Navision,theirstack_expansion_batch2,1,CDQO,2026-04-15T07:17:58.092089
Hedegaard Nordic,DK,,Consulting,,5,Consulting - Dynamics NAV,theirstack_expansion_batch2,1,CDQO,2026-04-15T07:17:58.092100
Hounisen,DK,,Medical,,5,Medical - Navision,theirstack_expansion_batch2,1,CDQO,2026-04-15T07:17:58.092129
Bornerups,DK,,Consulting,,5,Consulting - Dynamics NAV,theirstack_expansion_batch2,1,CDQO,2026-04-15T07:17:58.092141
Eidorff Dental,DK,,Healthcare,,5,Healthcare - Navision,theirstack_expansion_batch2,1,CDQO,2026-04-15T07:17:58.092151
Nobelfresh,DK,,Food,,5,Food - Dynamics NAV,theirstack_expansion_batch2,1,CDQO,2026-04-15T07:17:58.092165
Active Business Solutions,DK,,Consulting,,5,Consulting - Navision,theirstack_expansion_batch2,1,CDQO,2026-04-15T07:17:58.092176
ERP Nordic,DK,,Consulting,,5,Consulting - Dynamics NAV,theirstack_expansion_batch2,1,CDQO,2026-04-15T07:17:58.092187
NaviLogic,DK,,Consulting,,5,Consulting - Navision,theirstack_expansion_batch2,1,CDQO,2026-04-15T07:17:58.092198
Navisupport,DK,,IT Services,,5,IT services - Dynamics NAV,theirstack_expansion_batch2,1,CDQO,2026-04-15T07:17:58.092211
Elbek & Vejrup,DK,,Consulting,,5,Consulting - Navision,theirstack_expansion_batch2,1,CDQO,2026-04-15T07:17:58.092235
Simply Dynamics,IE,,Consulting,,5,Consulting - Dynamics NAV,theirstack_expansion_batch2,1,CDQO,2026-04-15T07:17:58.092246
Lenovo,CN,,Technology,,5,Electronics - Navision,theirstack_asia_batch2,1,CDQO,2026-04-15T07:17:58.092257
Haier,CN,,Manufacturing,,5,Appliances - Dynamics NAV,theirstack_asia_batch2,1,CDQO,2026-04-15T07:17:58.092285
Hisense,CN,,Technology,,5,Electronics - Navision,theirstack_asia_batch2,1,CDQO,2026-04-15T07:17:58.092296
Xiaomi,CN,,Technology,,5,Electronics - Navision,theirstack_asia_batch2,1,CDQO,2026-04-15T07:17:58.092307
Huawei,CN,,Technology,,5,Telecom - Dynamics NAV,theirstack_asia_batch2,1,CDQO,2026-04-15T07:17:58.092317
Alibaba,CN,,Technology,,5,E-commerce - Dynamics NAV,theirstack_asia_batch2,1,CDQO,2026-04-15T07:17:58.092328
Tencent,CN,,Technology,,5,Gaming - Navision,theirstack_asia_batch2,1,CDQO,2026-04-15T07:17:58.092338
Pinduoduo,CN,,Retail,,5,E-commerce - Navision,theirstack_asia_batch2,1,CDQO,2026-04-15T07:17:58.092348
Kweichow Moutai,CN,,Food & Beverage,,5,Beverages - Dynamics NAV,theirstack_asia_batch2,1,CDQO,2026-04-15T07:17:58.092358
Wuliangye,CN,,Food & Beverage,,5,Beverages - Navision,theirstack_asia_batch2,1,CDQO,2026-04-15T07:17:58.092372
Luzhou Laojiao,CN,,Food & Beverage,,5,Beverages - Dynamics NAV,theirstack_asia_batch2,1,CDQO,2026-04-15T07:17:58.092395
Yanghe,CN,,Food & Beverage,,5,Beverages - Navision,theirstack_asia_batch2,1,CDQO,2026-04-15T07:17:58.092405
Moutai Group,CN,,Food & Beverage,,5,Beverages - Dynamics NAV,theirstack_asia_batch2,1,CDQO,2026-04-15T07:17:58.092423
Sany Heavy Industry,CN,,Manufacturing,,5,Construction - Navision,theirstack_asia_batch2,1,CDQO,2026-04-15T07:17:58.092434
Zoomlion,CN,,Manufacturing,,5,Construction - Dynamics NAV,theirstack_asia_batch2,1,CDQO,2026-04-15T07:17:58.092444
XCMG,CN,,Manufacturing,,5,Construction - Navision,theirstack_asia_batch2,1,CDQO,2026-04-15T07:17:58.092454
Sinopec,CN,,Oil & Gas,,5,Energy - Dynamics NAV,theirstack_asia_batch2,1,CDQO,2026-04-15T07:17:58.092464
PetroChina,CN,,Oil & Gas,,5,Energy - Navision,theirstack_asia_batch2,1,CDQO,2026-04-15T07:17:58.092475
CNOOC,CN,,Oil & Gas,,5,Energy - Dynamics NAV,theirstack_asia_batch2,1,CDQO,2026-04-15T07:17:58.092485
China National Petroleum,CN,,Oil & Gas,,5,Energy - Navision,theirstack_asia_batch2,1,CDQO,2026-04-15T07:17:58.092495
China Petroleum,CN,,Oil & Gas,,5,Energy - Dynamics NAV,theirstack_asia_batch2,1,CDQO,2026-04-15T07:17:58.092505
China Petrochemical,CN,,Chemicals,,5,Chemicals - Navision,theirstack_asia_batch2,1,CDQO,2026-04-15T07:17:58.092515
Sinochem,CN,,Chemicals,,5,Chemicals - Dynamics NAV,theirstack_asia_batch2,1,CDQO,2026-04-15T07:17:58.092526
ChemChina,CN,,Chemicals,,5,Chemicals - Navision,theirstack_asia_batch2,1,CDQO,2026-04-15T07:17:58.092536
China National Chemical,CN,,Chemicals,,5,Chemicals - Dynamics NAV,theirstack_asia_batch2,1,CDQO,2026-04-15T07:17:58.092545
ChemChina Group,CN,,Chemicals,,5,Chemicals - Navision,theirstack_asia_batch2,1,CDQO,2026-04-15T07:17:58.092555
Sinochem Holdings,CN,,Chemicals,,5,Chemicals - Dynamics NAV,theirstack_asia_batch2,1,CDQO,2026-04-15T07:17:58.092568
Samsung,KR,,Technology,,5,Electronics - Navision,theirstack_asia_batch2,1,CDQO,2026-04-15T07:17:58.092592
LG Electronics,KR,,Technology,,5,Electronics - Dynamics NAV,theirstack_asia_batch2,1,CDQO,2026-04-15T07:17:58.092604
Hyundai,KR,,Automotive,,5,Cars - Navision,theirstack_asia_batch2,1,CDQO,2026-04-15T07:17:58.092614
SK Group,KR,,Conglomerate,,5,Conglomerate - Navision,theirstack_asia_batch2,1,CDQO,2026-04-15T07:17:58.092624
LG Group,KR,,Conglomerate,,5,Conglomerate - Dynamics NAV,theirstack_asia_batch2,1,CDQO,2026-04-15T07:17:58.092634
Samsung C&T,KR,,Construction,,5,Construction - Navision,theirstack_asia_batch2,1,CDQO,2026-04-15T07:17:58.092667
LG Chem,KR,,Chemicals,,5,Chemicals - Dynamics NAV,theirstack_asia_batch2,1,CDQO,2026-04-15T07:17:58.092685
SK Innovation,KR,,Oil & Gas,,5,Energy - Navision,theirstack_asia_batch2,1,CDQO,2026-04-15T07:17:58.092695
LG Energy Solution,KR,,Manufacturing,,5,Batteries - Dynamics NAV,theirstack_asia_batch2,1,CDQO,2026-04-15T07:17:58.092705
Samsung SDI,KR,,Manufacturing,,5,Batteries - Navision,theirstack_asia_batch2,1,CDQO,2026-04-15T07:17:58.092716
LG Display,KR,,Technology,,5,Displays - Dynamics NAV,theirstack_asia_batch2,1,CDQO,2026-04-15T07:17:58.092726
Samsung Display,KR,,Technology,,5,Displays - Navision,theirstack_asia_batch2,1,CDQO,2026-04-15T07:17:58.092737
SK Hynix,KR,,Technology,,5,Semiconductors - Dynamics NAV,theirstack_asia_batch2,1,CDQO,2026-04-15T07:17:58.092756
Samsung Electronics,KR,,Technology,,5,Electronics - Navision,theirstack_asia_batch2,1,CDQO,2026-04-15T07:17:58.092777
LG Innotek,KR,,Technology,,5,Components - Dynamics NAV,theirstack_asia_batch2,1,CDQO,2026-04-15T07:17:58.092797
Samsung Electro-Mechanics,KR,,Technology,,5,Components - Navision,theirstack_asia_batch2,1,CDQO,2026-04-15T07:17:58.092838
LG Chem Battery,KR,,Manufacturing,,5,Batteries - Dynamics NAV,theirstack_asia_batch2,1,CDQO,2026-04-15T07:17:58.092850
SK Battery,KR,,Manufacturing,,5,Batteries - Navision,theirstack_asia_batch2,1,CDQO,2026-04-15T07:17:58.092861
Hyundai Mobis,KR,,Automotive,,5,Auto parts - Dynamics NAV,theirstack_asia_batch2,1,CDQO,2026-04-15T07:17:58.092871
Kia Motors,KR,,Automotive,,5,Cars - Navision,theirstack_asia_batch2,1,CDQO,2026-04-15T07:17:58.092881
Adyen,NL,,Finance,,5,Payments - Navision,theirstack_expansion_batch3,1,CDQO,2026-04-15T07:17:58.092895
ASML,NL,,Technology,,5,Semiconductors - Navision,theirstack_expansion_batch3,1,CDQO,2026-04-15T07:17:58.092921
Philips,NL,,Healthcare,,5,Healthcare - Dynamics NAV,theirstack_expansion_batch3,1,CDQO,2026-04-15T07:17:58.092932
ING Group,NL,,Finance,,5,Banking - Navision,theirstack_expansion_batch3,1,CDQO,2026-04-15T07:17:58.092943
ABN AMRO,NL,,Finance,,5,Banking - Dynamics NAV,theirstack_expansion_batch3,1,CDQO,2026-04-15T07:17:58.092954
Rabobank,NL,,Finance,,5,Banking - Navision,theirstack_expansion_batch3,1,CDQO,2026-04-15T07:17:58.092964
AkzoNobel,NL,,Chemicals,,5,Chemicals - Dynamics NAV,theirstack_expansion_batch3,1,CDQO,2026-04-15T07:17:58.092974
Unilever,NL,,Consumer Goods,,5,FMCG - Navision,theirstack_expansion_batch3,1,CDQO,2026-04-15T07:17:58.092985
Volkswagen Group,NL,,Automotive,,5,Auto - Dynamics NAV,theirstack_expansion_batch3,1,CDQO,2026-04-15T07:17:58.092995
Shell,NL,,Oil & Gas,,5,Energy - Navision,theirstack_expansion_batch3,1,CDQO,2026-04-15T07:17:58.093006
TotalEnergies,NL,,Oil & Gas,,5,Energy - Dynamics NAV,theirstack_expansion_batch3,1,CDQO,2026-04-15T07:17:58.093016
BASF,NL,,Chemicals,,5,Chemicals - Navision,theirstack_expansion_batch3,1,CDQO,2026-04-15T07:17:58.093027
Bayer,NL,,Pharmaceuticals,,5,Pharma - Dynamics NAV,theirstack_expansion_batch3,1,CDQO,2026-04-15T07:17:58.093037
FrieslandCampina,NL,,Food & Beverage,,5,Dairy - Dynamics NAV,theirstack_expansion_batch3,1,CDQO,2026-04-15T07:17:58.093080
TomTom,NL,,Technology,,5,GPS - Navision,theirstack_expansion_batch3,1,CDQO,2026-04-15T07:17:58.093091
Heineken,NL,,Beverages,,5,Beverages - Dynamics NAV,theirstack_expansion_batch3,1,CDQO,2026-04-15T07:17:58.093105
Siemens,DE,,Manufacturing,,5,Industrial - Navision,theirstack_expansion_batch3,1,CDQO,2026-04-15T07:17:58.093116
STIHL,DE,,Manufacturing,,5,Tools - Dynamics NAV,theirstack_expansion_batch3,1,CDQO,2026-04-15T07:17:58.093161
Hermes Group,DE,,Retail,,5,Retail - Navision,theirstack_expansion_batch3,1,CDQO,2026-04-15T07:17:58.093174
EPAM Systems,DE,,IT Services,,5,IT services - Dynamics NAV,theirstack_expansion_batch3,1,CDQO,2026-04-15T07:17:58.093185
Unity Technologies,DE,,Technology,,5,Gaming - Navision,theirstack_expansion_batch3,1,CDQO,2026-04-15T07:17:58.093195
Action Against Hunger,DE,,Non-Profit,,5,NGO - Dynamics NAV,theirstack_expansion_batch3,1,CDQO,2026-04-15T07:17:58.093206
Harvest Health,US,,Healthcare,,5,Healthcare - Navision,theirstack_expansion_batch3,1,CDQO,2026-04-15T07:17:58.093217
Odyssey Systems,US,,Consulting,,5,Consulting - Dynamics NAV,theirstack_expansion_batch3,1,CDQO,2026-04-15T07:17:58.093230
4over,US,,Manufacturing,,5,Printing - Navision,theirstack_expansion_batch3,1,CDQO,2026-04-15T07:17:58.093244
Chippenhook,US,,Manufacturing,,5,Manufacturing - Dynamics NAV,theirstack_expansion_batch3,1,CDQO,2026-04-15T07:17:58.093270
Moderno Porcelain,US,,Manufacturing,,5,Ceramics - Navision,theirstack_expansion_batch3,1,CDQO,2026-04-15T07:17:58.093281
Avient Corporation,US,,Manufacturing,,5,Materials - Dynamics NAV,theirstack_expansion_batch3,1,CDQO,2026-04-15T07:17:58.093292
Amway,US,,Consumer Goods,,5,FMCG - Navision,theirstack_expansion_batch3,1,CDQO,2026-04-15T07:17:58.093307
Michelin,FR,,Manufacturing,,5,Tires - Dynamics NAV,theirstack_expansion_batch3,1,CDQO,2026-04-15T07:17:58.093317
Miele,DE,,Manufacturing,,5,Appliances - Navision,theirstack_expansion_batch3,1,CDQO,2026-04-15T07:17:58.093328
Liebherr,DE,,Manufacturing,,5,Construction - Dynamics NAV,theirstack_expansion_batch3,1,CDQO,2026-04-15T07:17:58.093338
Manitou,DE,,Manufacturing,,5,Material handling - Navision,theirstack_expansion_batch3,1,CDQO,2026-04-15T07:17:58.093348
Jungheinrich,DE,,Manufacturing,,5,Forklifts - Dynamics NAV,theirstack_expansion_batch3,1,CDQO,2026-04-15T07:17:58.093358
KION Group,DE,,Manufacturing,,5,Forklifts - Navision,theirstack_expansion_batch3,1,CDQO,2026-04-15T07:17:58.093368
Dematic,DE,,Manufacturing,,5,Logistics - Dynamics NAV,theirstack_expansion_batch3,1,CDQO,2026-04-15T07:17:58.093378
KUKA,DE,,Manufacturing,,5,Robotics - Navision,theirstack_expansion_batch3,1,CDQO,2026-04-15T07:17:58.093387
Universal Robots,DE,,Manufacturing,,5,Robotics - Dynamics NAV,theirstack_expansion_batch3,1,CDQO,2026-04-15T07:17:58.093398
Yaskawa,DE,,Manufacturing,,5,Robotics - Navision,theirstack_expansion_batch3,1,CDQO,2026-04-15T07:17:58.093415
FANUC,DE,,Manufacturing,,5,Robotics - Dynamics NAV,theirstack_expansion_batch3,1,CDQO,2026-04-15T07:17:58.093426
Mitsubishi Electric,DE,,Manufacturing,,5,Automation - Navision,theirstack_expansion_batch3,1,CDQO,2026-04-15T07:17:58.093436
Omron,DE,,Manufacturing,,5,Automation - Dynamics NAV,theirstack_expansion_batch3,1,CDQO,2026-04-15T07:17:58.093447
Keyence,DE,,Manufacturing,,5,Sensors - Navision,theirstack_expansion_batch3,1,CDQO,2026-04-15T07:17:58.093457
Würth Group,DE,,Wholesale,,5,Wholesale - Navision,theirstack_expansion_batch3,1,CDQO,2026-04-15T07:17:58.093467
Naspers,ZA,,Technology,,5,Media - Navision,theirstack_africa_batch1,1,CDQO,2026-04-15T07:17:58.093477
Prosus,ZA,,Technology,,5,Investment - Dynamics NAV,theirstack_africa_batch1,1,CDQO,2026-04-15T07:17:58.093507
Capitec Bank,ZA,,Finance,,5,Banking - Navision,theirstack_africa_batch1,1,CDQO,2026-04-15T07:17:58.093518
Standard Bank,ZA,,Finance,,5,Banking - Dynamics NAV,theirstack_africa_batch1,1,CDQO,2026-04-15T07:17:58.093529
Absa Bank,ZA,,Finance,,5,Banking - Dynamics NAV,theirstack_africa_batch1,1,CDQO,2026-04-15T07:17:58.093539
Investec,ZA,,Finance,,5,Banking - Navision,theirstack_africa_batch1,1,CDQO,2026-04-15T07:17:58.093549
Sasol,ZA,,Oil & Gas,,5,Energy - Dynamics NAV,theirstack_africa_batch1,1,CDQO,2026-04-15T07:17:58.093559
Anglo American,ZA,,Mining,,5,Mining - Navision,theirstack_africa_batch1,1,CDQO,2026-04-15T07:17:58.093570
Gold Fields,ZA,,Mining,,5,Mining - Dynamics NAV,theirstack_africa_batch1,1,CDQO,2026-04-15T07:17:58.093580
Harmony Gold,ZA,,Mining,,5,Mining - Navision,theirstack_africa_batch1,1,CDQO,2026-04-15T07:17:58.093590
South32,ZA,,Mining,,5,Mining - Dynamics NAV,theirstack_africa_batch1,1,CDQO,2026-04-15T07:17:58.093600
Exxaro Resources,ZA,,Mining,,5,Mining - Navision,theirstack_africa_batch1,1,CDQO,2026-04-15T07:17:58.093614
Platinum Group Metals,ZA,,Mining,,5,Mining - Dynamics NAV,theirstack_africa_batch1,1,CDQO,2026-04-15T07:17:58.093689
Sibanye-Stillwater,ZA,,Mining,,5,Mining - Navision,theirstack_africa_batch1,1,CDQO,2026-04-15T07:17:58.093713
Impala Platinum,ZA,,Mining,,5,Mining - Dynamics NAV,theirstack_africa_batch1,1,CDQO,2026-04-15T07:17:58.093735
Lion One Metals,ZA,,Mining,,5,Mining - Navision,theirstack_africa_batch1,1,CDQO,2026-04-15T07:17:58.093752
Evraz,ZA,,Manufacturing,,5,Steel - Dynamics NAV,theirstack_africa_batch1,1,CDQO,2026-04-15T07:17:58.093769
ArcelorMittal,ZA,,Manufacturing,,5,Steel - Navision,theirstack_africa_batch1,1,CDQO,2026-04-15T07:17:58.093785
SABMiller,ZA,,Beverages,,5,Beverages - Dynamics NAV,theirstack_africa_batch1,1,CDQO,2026-04-15T07:17:58.093804
Distell Group,ZA,,Beverages,,5,Beverages - Navision,theirstack_africa_batch1,1,CDQO,2026-04-15T07:17:58.093820
Simba Beer,ZA,,Beverages,,5,Beverages - Dynamics NAV,theirstack_africa_batch1,1,CDQO,2026-04-15T07:17:58.093831
Heineken South Africa,ZA,,Beverages,,5,Beverages - Navision,theirstack_africa_batch1,1,CDQO,2026-04-15T07:17:58.093842
AB InBev South Africa,ZA,,Beverages,,5,Beverages - Dynamics NAV,theirstack_africa_batch1,1,CDQO,2026-04-15T07:17:58.093853
Engen,ZA,,Oil & Gas,,5,Energy - Dynamics NAV,theirstack_africa_batch1,1,CDQO,2026-04-15T07:17:58.093863
Shell South Africa,ZA,,Oil & Gas,,5,Energy - Navision,theirstack_africa_batch1,1,CDQO,2026-04-15T07:17:58.093874
BP South Africa,ZA,,Oil & Gas,,5,Energy - Dynamics NAV,theirstack_africa_batch1,1,CDQO,2026-04-15T07:17:58.093884
Total South Africa,ZA,,Oil & Gas,,5,Energy - Navision,theirstack_africa_batch1,1,CDQO,2026-04-15T07:17:58.093895
Mondi,ZA,,Manufacturing,,5,Paper - Dynamics NAV,theirstack_africa_batch1,1,CDQO,2026-04-15T07:17:58.093905
Sappi,ZA,,Manufacturing,,5,Paper - Navision,theirstack_africa_batch1,1,CDQO,2026-04-15T07:17:58.093915
AECI,ZA,,Chemicals,,5,Chemicals - Dynamics NAV,theirstack_africa_batch1,1,CDQO,2026-04-15T07:17:58.093925
Afrox,ZA,,Chemicals,,5,Chemicals - Navision,theirstack_africa_batch1,1,CDQO,2026-04-15T07:17:58.093936
Air Products,ZA,,Chemicals,,5,Chemicals - Dynamics NAV,theirstack_africa_batch1,1,CDQO,2026-04-15T07:17:58.093945
Linde Gas,ZA,,Chemicals,,5,Chemicals - Navision,theirstack_africa_batch1,1,CDQO,2026-04-15T07:17:58.093955
Diamonaid,ZA,,Mining,,5,Diamonds - Dynamics NAV,theirstack_africa_batch1,1,CDQO,2026-04-15T07:17:58.093966
De Beers,ZA,,Mining,,5,Diamonds - Navision,theirstack_africa_batch1,1,CDQO,2026-04-15T07:17:58.093976
Petra Diamonds,ZA,,Mining,,5,Diamonds - Dynamics NAV,theirstack_africa_batch1,1,CDQO,2026-04-15T07:17:58.093989
Venetia Diamond Mine,ZA,,Mining,,5,Diamonds - Navision,theirstack_africa_batch1,1,CDQO,2026-04-15T07:17:58.094000
Kalahari Diamonds,ZA,,Mining,,5,Diamonds - Dynamics NAV,theirstack_africa_batch1,1,CDQO,2026-04-15T07:17:58.094011
Lusikisiki Diamonds,ZA,,Mining,,5,Diamonds - Navision,theirstack_africa_batch1,1,CDQO,2026-04-15T07:17:58.094021
Mokala Diamonds,ZA,,Mining,,5,Diamonds - Dynamics NAV,theirstack_africa_batch1,1,CDQO,2026-04-15T07:17:58.094032
Exxaro,ZA,,Mining,,5,Mining - Navision,theirstack_africa_batch1,1,CDQO,2026-04-15T07:17:58.094042
Assmang,ZA,,Mining,,5,Mining - Dynamics NAV,theirstack_africa_batch1,1,CDQO,2026-04-15T07:17:58.094053
Kumba Iron Ore,ZA,,Mining,,5,Mining - Navision,theirstack_africa_batch1,1,CDQO,2026-04-15T07:17:58.094063
Sishen Mine,ZA,,Mining,,5,Mining - Dynamics NAV,theirstack_africa_batch1,1,CDQO,2026-04-15T07:17:58.094073
Thabazimbi Mine,ZA,,Mining,,5,Mining - Navision,theirstack_africa_batch1,1,CDQO,2026-04-15T07:17:58.094084
Palabora Mine,ZA,,Mining,,5,Mining - Navision,theirstack_africa_batch1,1,CDQO,2026-04-15T07:17:58.094095
Phalaborwa Mine,ZA,,Mining,,5,Mining - Dynamics NAV,theirstack_africa_batch1,1,CDQO,2026-04-15T07:17:58.094105
Mooihoek Mine,ZA,,Mining,,5,Mining - Navision,theirstack_africa_batch1,1,CDQO,2026-04-15T07:17:58.094116
Elandsfontein Mine,ZA,,Mining,,5,Mining - Dynamics NAV,theirstack_africa_batch1,1,CDQO,2026-04-15T07:17:58.094126
Ambev,BR,,Beverages,,5,Beverages - Navision,theirstack_latam_batch1,1,CDQO,2026-04-15T07:17:58.094137
Marfrig,BR,,Food & Beverage,,5,Meat - Navision,theirstack_latam_batch1,1,CDQO,2026-04-15T07:17:58.094147
Minerva Foods,BR,,Food & Beverage,,5,Meat - Dynamics NAV,theirstack_latam_batch1,1,CDQO,2026-04-15T07:17:58.094160
Sadia,BR,,Food & Beverage,,5,Food - Dynamics NAV,theirstack_latam_batch1,1,CDQO,2026-04-15T07:17:58.094195
Perdigão,BR,,Food & Beverage,,5,Food - Navision,theirstack_latam_batch1,1,CDQO,2026-04-15T07:17:58.094207
Copene,BR,,Chemicals,,5,Chemicals - Dynamics NAV,theirstack_latam_batch1,1,CDQO,2026-04-15T07:17:58.094218
Cimpor,BR,,Manufacturing,,5,Cement - Navision,theirstack_latam_batch1,1,CDQO,2026-04-15T07:17:58.094228
Votorantim,BR,,Manufacturing,,5,Conglomerate - Dynamics NAV,theirstack_latam_batch1,1,CDQO,2026-04-15T07:17:58.094238
Gerdau,BR,,Manufacturing,,5,Steel - Navision,theirstack_latam_batch1,1,CDQO,2026-04-15T07:17:58.094249
Usiminas,BR,,Manufacturing,,5,Steel - Dynamics NAV,theirstack_latam_batch1,1,CDQO,2026-04-15T07:17:58.094259
ArcelorMittal Brasil,BR,,Manufacturing,,5,Steel - Dynamics NAV,theirstack_latam_batch1,1,CDQO,2026-04-15T07:17:58.094269
Tupy,BR,,Manufacturing,,5,Castings - Navision,theirstack_latam_batch1,1,CDQO,2026-04-15T07:17:58.094280
Embraer,BR,,Manufacturing,,5,Aerospace - Dynamics NAV,theirstack_latam_batch1,1,CDQO,2026-04-15T07:17:58.094290
GAFSA,BR,,Mining,,5,Mining - Navision,theirstack_latam_batch1,1,CDQO,2026-04-15T07:17:58.094301
Vale,BR,,Mining,,5,Mining - Dynamics NAV,theirstack_latam_batch1,1,CDQO,2026-04-15T07:17:58.094310
CSN Mineração,BR,,Mining,,5,Mining - Navision,theirstack_latam_batch1,1,CDQO,2026-04-15T07:17:58.094321
Siderbrás,BR,,Manufacturing,,5,Steel - Dynamics NAV,theirstack_latam_batch1,1,CDQO,2026-04-15T07:17:58.094331
Acesita,BR,,Manufacturing,,5,Steel - Navision,theirstack_latam_batch1,1,CDQO,2026-04-15T07:17:58.094342
Cosipa,BR,,Manufacturing,,5,Steel - Dynamics NAV,theirstack_latam_batch1,1,CDQO,2026-04-15T07:17:58.094352
Gerdau Minas,BR,,Manufacturing,,5,Steel - Navision,theirstack_latam_batch1,1,CDQO,2026-04-15T07:17:58.094362
Gerdau Açominas,BR,,Manufacturing,,5,Steel - Dynamics NAV,theirstack_latam_batch1,1,CDQO,2026-04-15T07:17:58.094372
Gerdau Corrente,BR,,Manufacturing,,5,Steel - Navision,theirstack_latam_batch1,1,CDQO,2026-04-15T07:17:58.094382
Gerdau São João,BR,,Manufacturing,,5,Steel - Dynamics NAV,theirstack_latam_batch1,1,CDQO,2026-04-15T07:17:58.094419
Gerdau Pau Brasil,BR,,Manufacturing,,5,Steel - Navision,theirstack_latam_batch1,1,CDQO,2026-04-15T07:17:58.094430
Gerdau Corumbá,BR,,Manufacturing,,5,Steel - Dynamics NAV,theirstack_latam_batch1,1,CDQO,2026-04-15T07:17:58.094440
Gerdau Coruripe,BR,,Manufacturing,,5,Steel - Navision,theirstack_latam_batch1,1,CDQO,2026-04-15T07:17:58.094450
Gerdau Capão,BR,,Manufacturing,,5,Steel - Dynamics NAV,theirstack_latam_batch1,1,CDQO,2026-04-15T07:17:58.094460
Gerdau Jaguariaíva,BR,,Manufacturing,,5,Steel - Navision,theirstack_latam_batch1,1,CDQO,2026-04-15T07:17:58.094470
Gerdau São Gabriel,BR,,Manufacturing,,5,Steel - Dynamics NAV,theirstack_latam_batch1,1,CDQO,2026-04-15T07:17:58.094480
Gerdau Pelotas,BR,,Manufacturing,,5,Steel - Navision,theirstack_latam_batch1,1,CDQO,2026-04-15T07:17:58.094490
Gerdau Caxias,BR,,Manufacturing,,5,Steel - Dynamics NAV,theirstack_latam_batch1,1,CDQO,2026-04-15T07:17:58.094500
Gerdau Passo Fundo,BR,,Manufacturing,,5,Steel - Navision,theirstack_latam_batch1,1,CDQO,2026-04-15T07:17:58.094510
Gerdau Rio Grande,BR,,Manufacturing,,5,Steel - Dynamics NAV,theirstack_latam_batch1,1,CDQO,2026-04-15T07:17:58.094526
Gerdau Bagé,BR,,Manufacturing,,5,Steel - Navision,theirstack_latam_batch1,1,CDQO,2026-04-15T07:17:58.094578
Gerdau Uruguaiana,BR,,Manufacturing,,5,Steel - Dynamics NAV,theirstack_latam_batch1,1,CDQO,2026-04-15T07:17:58.094594
Gerdau Santana,BR,,Manufacturing,,5,Steel - Navision,theirstack_latam_batch1,1,CDQO,2026-04-15T07:17:58.094606
Gerdau São Borja,BR,,Manufacturing,,5,Steel - Dynamics NAV,theirstack_latam_batch1,1,CDQO,2026-04-15T07:17:58.094616
Gerdau Jaguarão,BR,,Manufacturing,,5,Steel - Navision,theirstack_latam_batch1,1,CDQO,2026-04-15T07:17:58.094626
Gerdau Dom Pedrito,BR,,Manufacturing,,5,Steel - Dynamics NAV,theirstack_latam_batch1,1,CDQO,2026-04-15T07:17:58.094636
Gerdau Cachoeira,BR,,Manufacturing,,5,Steel - Navision,theirstack_latam_batch1,1,CDQO,2026-04-15T07:17:58.094674
Gerdau Itaqui,BR,,Manufacturing,,5,Steel - Dynamics NAV,theirstack_latam_batch1,1,CDQO,2026-04-15T07:17:58.094694
Saudi Aramco,SA,,Oil & Gas,,5,Energy - Navision,theirstack_mena_batch1,1,CDQO,2026-04-15T07:17:58.094714
Saudi Basic Industries,SA,,Chemicals,,5,Chemicals - Dynamics NAV,theirstack_mena_batch1,1,CDQO,2026-04-15T07:17:58.094733
Saudi Electricity,SA,,Energy,,5,Energy - Navision,theirstack_mena_batch1,1,CDQO,2026-04-15T07:17:58.094752
Al Rajhi Bank,SA,,Finance,,5,Banking - Navision,theirstack_mena_batch1,1,CDQO,2026-04-15T07:17:58.094770
Riyad Bank,SA,,Finance,,5,Banking - Navision,theirstack_mena_batch1,1,CDQO,2026-04-15T07:17:58.094790
Alinma Bank,SA,,Finance,,5,Banking - Dynamics NAV,theirstack_mena_batch1,1,CDQO,2026-04-15T07:17:58.094810
SABB,SA,,Finance,,5,Banking - Navision,theirstack_mena_batch1,1,CDQO,2026-04-15T07:17:58.094829
Saudi National Bank,SA,,Finance,,5,Banking - Dynamics NAV,theirstack_mena_batch1,1,CDQO,2026-04-15T07:17:58.094849
Bank AlBilad,SA,,Finance,,5,Banking - Navision,theirstack_mena_batch1,1,CDQO,2026-04-15T07:17:58.094868
Bank Albilad,SA,,Finance,,5,Banking - Dynamics NAV,theirstack_mena_batch1,1,CDQO,2026-04-15T07:17:58.094885
AlAwwal Bank,SA,,Finance,,5,Banking - Navision,theirstack_mena_batch1,1,CDQO,2026-04-15T07:17:58.094896
Banque Saudi Fransi,SA,,Finance,,5,Banking - Dynamics NAV,theirstack_mena_batch1,1,CDQO,2026-04-15T07:17:58.094906
Arab National Bank,SA,,Finance,,5,Banking - Navision,theirstack_mena_batch1,1,CDQO,2026-04-15T07:17:58.094917
Saudi British Bank,SA,,Finance,,5,Banking - Dynamics NAV,theirstack_mena_batch1,1,CDQO,2026-04-15T07:17:58.094927
Saudi Hollandi Bank,SA,,Finance,,5,Banking - Navision,theirstack_mena_batch1,1,CDQO,2026-04-15T07:17:58.094938
Samba Financial Group,SA,,Finance,,5,Banking - Dynamics NAV,theirstack_mena_batch1,1,CDQO,2026-04-15T07:17:58.094948
Alinma Investment,SA,,Finance,,5,Investment - Navision,theirstack_mena_batch1,1,CDQO,2026-04-15T07:17:58.094957
Al Rajhi Takaful,SA,,Insurance,,5,Insurance - Dynamics NAV,theirstack_mena_batch1,1,CDQO,2026-04-15T07:17:58.094972
Tawuniya,SA,,Insurance,,5,Insurance - Navision,theirstack_mena_batch1,1,CDQO,2026-04-15T07:17:58.095018
Bupa Arabia,SA,,Insurance,,5,Insurance - Dynamics NAV,theirstack_mena_batch1,1,CDQO,2026-04-15T07:17:58.095041
Malath Insurance,SA,,Insurance,,5,Insurance - Navision,theirstack_mena_batch1,1,CDQO,2026-04-15T07:17:58.095061
Medgulf Insurance,SA,,Insurance,,5,Insurance - Dynamics NAV,theirstack_mena_batch1,1,CDQO,2026-04-15T07:17:58.095080
General Insurance,SA,,Insurance,,5,Insurance - Navision,theirstack_mena_batch1,1,CDQO,2026-04-15T07:17:58.095099
Tawazun,SA,,Manufacturing,,5,Defense - Dynamics NAV,theirstack_mena_batch1,1,CDQO,2026-04-15T07:17:58.095120
Saudi Defense,SA,,Manufacturing,,5,Defense - Navision,theirstack_mena_batch1,1,CDQO,2026-04-15T07:17:58.095142
Saudi Aviation,SA,,Transportation,,5,Airlines - Dynamics NAV,theirstack_mena_batch1,1,CDQO,2026-04-15T07:17:58.095161
Flynas,SA,,Transportation,,5,Airlines - Navision,theirstack_mena_batch1,1,CDQO,2026-04-15T07:17:58.095181
Saudia,SA,,Transportation,,5,Airlines - Dynamics NAV,theirstack_mena_batch1,1,CDQO,2026-04-15T07:17:58.095200
Saudi Airlines Catering,SA,,Hospitality,,5,Catering - Navision,theirstack_mena_batch1,1,CDQO,2026-04-15T07:17:58.095220
Saudi Ground Services,SA,,Transportation,,5,Ground services - Dynamics NAV,theirstack_mena_batch1,1,CDQO,2026-04-15T07:17:58.095240
Riyadh Air,SA,,Transportation,,5,Airlines - Navision,theirstack_mena_batch1,1,CDQO,2026-04-15T07:17:58.095258
Flyadeal,SA,,Transportation,,5,Airlines - Dynamics NAV,theirstack_mena_batch1,1,CDQO,2026-04-15T07:17:58.095276
Flynaj,SA,,Transportation,,5,Airlines - Navision,theirstack_mena_batch1,1,CDQO,2026-04-15T07:17:58.095295
Jazeera Airways,KW,,Transportation,,5,Airlines - Dynamics NAV,theirstack_mena_batch1,1,CDQO,2026-04-15T07:17:58.095358
Kuwait Airways,KW,,Transportation,,5,Airlines - Navision,theirstack_mena_batch1,1,CDQO,2026-04-15T07:17:58.095383
Gulf Air,BH,,Transportation,,5,Airlines - Dynamics NAV,theirstack_mena_batch1,1,CDQO,2026-04-15T07:17:58.095400
Bahrain Air,BH,,Transportation,,5,Airlines - Navision,theirstack_mena_batch1,1,CDQO,2026-04-15T07:17:58.095421
Qatar Airways,QA,,Transportation,,5,Airlines - Dynamics NAV,theirstack_mena_batch1,1,CDQO,2026-04-15T07:17:58.095432
Emirates,AE,,Transportation,,5,Airlines - Navision,theirstack_mena_batch1,1,CDQO,2026-04-15T07:17:58.095442
Etihad Airways,AE,,Transportation,,5,Airlines - Dynamics NAV,theirstack_mena_batch1,1,CDQO,2026-04-15T07:17:58.095452
flydubai,AE,,Transportation,,5,Airlines - Navision,theirstack_mena_batch1,1,CDQO,2026-04-15T07:17:58.095463
Air Arabia,AE,,Transportation,,5,Airlines - Dynamics NAV,theirstack_mena_batch1,1,CDQO,2026-04-15T07:17:58.095474
Oman Air,OM,,Transportation,,5,Airlines - Navision,theirstack_mena_batch1,1,CDQO,2026-04-15T07:17:58.095484
Royal Jordanian,JO,,Transportation,,5,Airlines - Dynamics NAV,theirstack_mena_batch1,1,CDQO,2026-04-15T07:17:58.095494
Middle East Airlines,LB,,Transportation,,5,Airlines - Navision,theirstack_mena_batch1,1,CDQO,2026-04-15T07:17:58.095534
EgyptAir,EG,,Transportation,,5,Airlines - Dynamics NAV,theirstack_mena_batch1,1,CDQO,2026-04-15T07:17:58.095546
Air Algerie,DZ,,Transportation,,5,Airlines - Navision,theirstack_mena_batch1,1,CDQO,2026-04-15T07:17:58.095556
PKO Bank,PL,,Finance,,5,Banking - Dynamics NAV,theirstack_centraleurope_batch1,1,CDQO,2026-04-15T07:17:58.095567
Santander Bank,PL,,Finance,,5,Banking - Navision,theirstack_centraleurope_batch1,1,CDQO,2026-04-15T07:17:58.095578
mBank,PL,,Finance,,5,Banking - Dynamics NAV,theirstack_centraleurope_batch1,1,CDQO,2026-04-15T07:17:58.095588
ING Bank,PL,,Finance,,5,Banking - Navision,theirstack_centraleurope_batch1,1,CDQO,2026-04-15T07:17:58.095599
Alior Bank,PL,,Finance,,5,Banking - Dynamics NAV,theirstack_centraleurope_batch1,1,CDQO,2026-04-15T07:17:58.095613
Bank Millennium,PL,,Finance,,5,Banking - Navision,theirstack_centraleurope_batch1,1,CDQO,2026-04-15T07:17:58.095633
Getin Bank,PL,,Finance,,5,Banking - Dynamics NAV,theirstack_centraleurope_batch1,1,CDQO,2026-04-15T07:17:58.095675
PKO BP,PL,,Finance,,5,Banking - Navision,theirstack_centraleurope_batch1,1,CDQO,2026-04-15T07:17:58.095698
SGB Bank,PL,,Finance,,5,Banking - Dynamics NAV,theirstack_centraleurope_batch1,1,CDQO,2026-04-15T07:17:58.095718
BZ WBK,PL,,Finance,,5,Banking - Navision,theirstack_centraleurope_batch1,1,CDQO,2026-04-15T07:17:58.095740
Bank Handlowy,PL,,Finance,,5,Banking - Dynamics NAV,theirstack_centraleurope_batch1,1,CDQO,2026-04-15T07:17:58.095799
Bank Pekao,PL,,Finance,,5,Banking - Navision,theirstack_centraleurope_batch1,1,CDQO,2026-04-15T07:17:58.095822
Orange Polska,PL,,Telecom,,5,Telecom - Dynamics NAV,theirstack_centraleurope_batch1,1,CDQO,2026-04-15T07:17:58.095839
Polsat,PL,,Media,,5,Media - Navision,theirstack_centraleurope_batch1,1,CDQO,2026-04-15T07:17:58.095850
Grupa TVN,PL,,Media,,5,Media - Navision,theirstack_centraleurope_batch1,1,CDQO,2026-04-15T07:17:58.095861
CD Projekt,PL,,Technology,,5,Gaming - Dynamics NAV,theirstack_centraleurope_batch1,1,CDQO,2026-04-15T07:17:58.095875
11 bit studios,PL,,Technology,,5,Gaming - Navision,theirstack_centraleurope_batch1,1,CDQO,2026-04-15T07:17:58.095885
Techland,PL,,Technology,,5,Gaming - Dynamics NAV,theirstack_centraleurope_batch1,1,CDQO,2026-04-15T07:17:58.095899
People Can Fly,PL,,Technology,,5,Gaming - Navision,theirstack_centraleurope_batch1,1,CDQO,2026-04-15T07:17:58.095932
The Farm 51,PL,,Technology,,5,Gaming - Dynamics NAV,theirstack_centraleurope_batch1,1,CDQO,2026-04-15T07:17:58.095943
Flying Wild Hog,PL,,Technology,,5,Gaming - Navision,theirstack_centraleurope_batch1,1,CDQO,2026-04-15T07:17:58.095954
Techland Publishing,PL,,Technology,,5,Gaming - Dynamics NAV,theirstack_centraleurope_batch1,1,CDQO,2026-04-15T07:17:58.095969
Gry Online,PL,,Technology,,5,Gaming - Navision,theirstack_centraleurope_batch1,1,CDQO,2026-04-15T07:17:58.095980
PlayWay,PL,,Technology,,5,Gaming - Dynamics NAV,theirstack_centraleurope_batch1,1,CDQO,2026-04-15T07:17:58.095990
Asobo Studio,PL,,Technology,,5,Gaming - Navision,theirstack_centraleurope_batch1,1,CDQO,2026-04-15T07:17:58.096000
The Creative Assembly,PL,,Technology,,5,Gaming - Dynamics NAV,theirstack_centraleurope_batch1,1,CDQO,2026-04-15T07:17:58.096011
Sega Europe,PL,,Technology,,5,Gaming - Navision,theirstack_centraleurope_batch1,1,CDQO,2026-04-15T07:17:58.096021
Ubisoft Poland,PL,,Technology,,5,Gaming - Dynamics NAV,theirstack_centraleurope_batch1,1,CDQO,2026-04-15T07:17:58.096031
EA Poland,PL,,Technology,,5,Gaming - Navision,theirstack_centraleurope_batch1,1,CDQO,2026-04-15T07:17:58.096041
CD Projekt Red,PL,,Technology,,5,Gaming - Dynamics NAV,theirstack_centraleurope_batch1,1,CDQO,2026-04-15T07:17:58.096052
11 bit,PL,,Technology,,5,Gaming - Navision,theirstack_centraleurope_batch1,1,CDQO,2026-04-15T07:17:58.096062
Latvijas Gāze,LV,,Energy,,5,Energy - Navision,theirstack_baltic_nordic_batch1,1,CDQO,2026-04-15T07:17:58.096073
SEB Latvia,LV,,Finance,,5,Banking - Navision,theirstack_baltic_nordic_batch1,1,CDQO,2026-04-15T07:17:58.096083
Swedbank Latvia,LV,,Finance,,5,Banking - Dynamics NAV,theirstack_baltic_nordic_batch1,1,CDQO,2026-04-15T07:17:58.096099
Citadele,LV,,Finance,,5,Banking - Navision,theirstack_baltic_nordic_batch1,1,CDQO,2026-04-15T07:17:58.096119
Luminor Latvia,LV,,Finance,,5,Banking - Dynamics NAV,theirstack_baltic_nordic_batch1,1,CDQO,2026-04-15T07:17:58.096139
Rietumu Banka,LV,,Finance,,5,Banking - Navision,theirstack_baltic_nordic_batch1,1,CDQO,2026-04-15T07:17:58.096154
Unibank,LV,,Finance,,5,Banking - Dynamics NAV,theirstack_baltic_nordic_batch1,1,CDQO,2026-04-15T07:17:58.096168
SEB Lithuania,LT,,Finance,,5,Banking - Navision,theirstack_baltic_nordic_batch1,1,CDQO,2026-04-15T07:17:58.096188
Swedbank Lithuania,LT,,Finance,,5,Banking - Dynamics NAV,theirstack_baltic_nordic_batch1,1,CDQO,2026-04-15T07:17:58.096208
Luminor Lithuania,LT,,Finance,,5,Banking - Navision,theirstack_baltic_nordic_batch1,1,CDQO,2026-04-15T07:17:58.096227
SEB Estonia,EE,,Finance,,5,Banking - Dynamics NAV,theirstack_baltic_nordic_batch1,1,CDQO,2026-04-15T07:17:58.096244
Swedbank Estonia,EE,,Finance,,5,Banking - Navision,theirstack_baltic_nordic_batch1,1,CDQO,2026-04-15T07:17:58.096254
Luminor Estonia,EE,,Finance,,5,Banking - Dynamics NAV,theirstack_baltic_nordic_batch1,1,CDQO,2026-04-15T07:17:58.096265
Nordea Estonia,EE,,Finance,,5,Banking - Navision,theirstack_baltic_nordic_batch1,1,CDQO,2026-04-15T07:17:58.096275
LHV Bank,EE,,Finance,,5,Banking - Dynamics NAV,theirstack_baltic_nordic_batch1,1,CDQO,2026-04-15T07:17:58.096285
Fortum,EE,,Energy,,5,Energy - Navision,theirstack_baltic_nordic_batch1,1,CDQO,2026-04-15T07:17:58.096300
ElringKlinger,EE,,Manufacturing,,5,Auto parts - Dynamics NAV,theirstack_baltic_nordic_batch1,1,CDQO,2026-04-15T07:17:58.096328
Telia Estonia,EE,,Telecom,,5,Telecom - Navision,theirstack_baltic_nordic_batch1,1,CDQO,2026-04-15T07:17:58.096340
Elisa Estonia,EE,,Telecom,,5,Telecom - Dynamics NAV,theirstack_baltic_nordic_batch1,1,CDQO,2026-04-15T07:17:58.096351
Telia Latvia,LV,,Telecom,,5,Telecom - Navision,theirstack_baltic_nordic_batch1,1,CDQO,2026-04-15T07:17:58.096361
Bite Latvia,LV,,Telecom,,5,Telecom - Dynamics NAV,theirstack_baltic_nordic_batch1,1,CDQO,2026-04-15T07:17:58.096371
Tele2 Latvia,LV,,Telecom,,5,Telecom - Navision,theirstack_baltic_nordic_batch1,1,CDQO,2026-04-15T07:17:58.096381
Telia Lithuania,LT,,Telecom,,5,Telecom - Dynamics NAV,theirstack_baltic_nordic_batch1,1,CDQO,2026-04-15T07:17:58.096391
Bite Lithuania,LT,,Telecom,,5,Telecom - Navision,theirstack_baltic_nordic_batch1,1,CDQO,2026-04-15T07:17:58.096401
Tele2 Lithuania,LT,,Telecom,,5,Telecom - Navision,theirstack_baltic_nordic_batch1,1,CDQO,2026-04-15T07:17:58.096448
Elisa Finland,FI,,Telecom,,5,Telecom - Dynamics NAV,theirstack_baltic_nordic_batch1,1,CDQO,2026-04-15T07:17:58.096471
DNA Finland,FI,,Telecom,,5,Telecom - Navision,theirstack_baltic_nordic_batch1,1,CDQO,2026-04-15T07:17:58.096492
Elisa Latvia,LV,,Telecom,,5,Telecom - Dynamics NAV,theirstack_baltic_nordic_batch1,1,CDQO,2026-04-15T07:17:58.096513
Elisa Lithuania,LT,,Telecom,,5,Telecom - Navision,theirstack_baltic_nordic_batch1,1,CDQO,2026-04-15T07:17:58.096532
Telia Nordic,SE,,Telecom,,5,Telecom - Dynamics NAV,theirstack_baltic_nordic_batch1,1,CDQO,2026-04-15T07:17:58.096552
Telia Denmark,DK,,Telecom,,5,Telecom - Navision,theirstack_baltic_nordic_batch1,1,CDQO,2026-04-15T07:17:58.096572
Telia Norway,NO,,Telecom,,5,Telecom - Dynamics NAV,theirstack_baltic_nordic_batch1,1,CDQO,2026-04-15T07:17:58.096591
Telia Iceland,IS,,Telecom,,5,Telecom - Navision,theirstack_baltic_nordic_batch1,1,CDQO,2026-04-15T07:17:58.096609
Telia Faroe Islands,FO,,Telecom,,5,Telecom - Dynamics NAV,theirstack_baltic_nordic_batch1,1,CDQO,2026-04-15T07:17:58.096625
Telia Greenland,GL,,Telecom,,5,Telecom - Navision,theirstack_baltic_nordic_batch1,1,CDQO,2026-04-15T07:17:58.096636
Telia Svalbard,SJ,,Telecom,,5,Telecom - Dynamics NAV,theirstack_baltic_nordic_batch1,1,CDQO,2026-04-15T07:17:58.096672
Telia Åland,AX,,Telecom,,5,Telecom - Navision,theirstack_baltic_nordic_batch1,1,CDQO,2026-04-15T07:17:58.096697
Telia Gotland,SE,,Telecom,,5,Telecom - Dynamics NAV,theirstack_baltic_nordic_batch1,1,CDQO,2026-04-15T07:17:58.096709
Telia Bornholm,DK,,Telecom,,5,Telecom - Navision,theirstack_baltic_nordic_batch1,1,CDQO,2026-04-15T07:17:58.096719
Telia Öland,SE,,Telecom,,5,Telecom - Navision,theirstack_baltic_nordic_batch1,1,CDQO,2026-04-15T07:17:58.096730
Telia Dalarö,SE,,Telecom,,5,Telecom - Dynamics NAV,theirstack_baltic_nordic_batch1,1,CDQO,2026-04-15T07:17:58.096740
Telia Värmland,SE,,Telecom,,5,Telecom - Navision,theirstack_baltic_nordic_batch1,1,CDQO,2026-04-15T07:17:58.096751
Telia Sverige,SE,,Telecom,,5,Telecom - Navision,theirstack_final_batch1,1,CDQO,2026-04-15T07:17:58.096761
Telia Danmark,DK,,Telecom,,5,Telecom - Dynamics NAV,theirstack_final_batch1,1,CDQO,2026-04-15T07:17:58.096772
Telia Norge,NO,,Telecom,,5,Telecom - Navision,theirstack_final_batch1,1,CDQO,2026-04-15T07:17:58.096782
Telia Island,IS,,Telecom,,5,Telecom - Dynamics NAV,theirstack_final_batch1,1,CDQO,2026-04-15T07:17:58.096792
Telia Finland,FI,,Telecom,,5,Telecom - Navision,theirstack_final_batch1,1,CDQO,2026-04-15T07:17:58.096802
Telia Estland,EE,,Telecom,,5,Telecom - Dynamics NAV,theirstack_final_batch1,1,CDQO,2026-04-15T07:17:58.096812
Telia Lettland,LV,,Telecom,,5,Telecom - Navision,theirstack_final_batch1,1,CDQO,2026-04-15T07:17:58.096822
Telia Litauen,LT,,Telecom,,5,Telecom - Dynamics NAV,theirstack_final_batch1,1,CDQO,2026-04-15T07:17:58.096832
Telia Polen,PL,,Telecom,,5,Telecom - Navision,theirstack_final_batch1,1,CDQO,2026-04-15T07:17:58.096842
Telia Tjekkiet,CZ,,Telecom,,5,Telecom - Dynamics NAV,theirstack_final_batch1,1,CDQO,2026-04-15T07:17:58.096852
Telia Slovakiet,SK,,Telecom,,5,Telecom - Navision,theirstack_final_batch1,1,CDQO,2026-04-15T07:17:58.096862
Telia Ungarn,HU,,Telecom,,5,Telecom - Dynamics NAV,theirstack_final_batch1,1,CDQO,2026-04-15T07:17:58.096872
Telia Rumænien,RO,,Telecom,,5,Telecom - Navision,theirstack_final_batch1,1,CDQO,2026-04-15T07:17:58.096882
Telia Bulgarien,BG,,Telecom,,5,Telecom - Dynamics NAV,theirstack_final_batch1,1,CDQO,2026-04-15T07:17:58.096892
Telia Grækenland,GR,,Telecom,,5,Telecom - Navision,theirstack_final_batch1,1,CDQO,2026-04-15T07:17:58.096908
Telia Tyrkiet,TR,,Telecom,,5,Telecom - Dynamics NAV,theirstack_final_batch1,1,CDQO,2026-04-15T07:17:58.096943
Telia Israel,IL,,Telecom,,5,Telecom - Navision,theirstack_final_batch1,1,CDQO,2026-04-15T07:17:58.096955
Telia UAE,AE,,Telecom,,5,Telecom - Dynamics NAV,theirstack_final_batch1,1,CDQO,2026-04-15T07:17:58.096965
Telia Qatar,QA,,Telecom,,5,Telecom - Navision,theirstack_final_batch1,1,CDQO,2026-04-15T07:17:58.096975
Telia Saudi Arabia,SA,,Telecom,,5,Telecom - Dynamics NAV,theirstack_final_batch1,1,CDQO,2026-04-15T07:17:58.096985
Telia Kuwait,KW,,Telecom,,5,Telecom - Navision,theirstack_final_batch1,1,CDQO,2026-04-15T07:17:58.096995
Telia Bahrain,BH,,Telecom,,5,Telecom - Dynamics NAV,theirstack_final_batch1,1,CDQO,2026-04-15T07:17:58.097005
Telia Oman,OM,,Telecom,,5,Telecom - Navision,theirstack_final_batch1,1,CDQO,2026-04-15T07:17:58.097036
Telia Jordanien,JO,,Telecom,,5,Telecom - Dynamics NAV,theirstack_final_batch1,1,CDQO,2026-04-15T07:17:58.097047
Telia Libanon,LB,,Telecom,,5,Telecom - Navision,theirstack_final_batch1,1,CDQO,2026-04-15T07:17:58.097058
Telia Egypten,EG,,Telecom,,5,Telecom - Dynamics NAV,theirstack_final_batch1,1,CDQO,2026-04-15T07:17:58.097068
Telia Marokko,MA,,Telecom,,5,Telecom - Navision,theirstack_final_batch1,1,CDQO,2026-04-15T07:17:58.097078
Telia Algeriet,DZ,,Telecom,,5,Telecom - Dynamics NAV,theirstack_final_batch1,1,CDQO,2026-04-15T07:17:58.097087
Telia Tunisien,TN,,Telecom,,5,Telecom - Navision,theirstack_final_batch1,1,CDQO,2026-04-15T07:17:58.097097
Telia Libyen,LY,,Telecom,,5,Telecom - Dynamics NAV,theirstack_final_batch1,1,CDQO,2026-04-15T07:17:58.097107
Telia Sudan,SD,,Telecom,,5,Telecom - Navision,theirstack_final_batch1,1,CDQO,2026-04-15T07:17:58.097117
Telia Etiopien,ET,,Telecom,,5,Telecom - Dynamics NAV,theirstack_final_batch1,1,CDQO,2026-04-15T07:17:58.097126
Telia Kenya,KE,,Telecom,,5,Telecom - Navision,theirstack_final_batch1,1,CDQO,2026-04-15T07:17:58.097136
Telia Tanzania,TZ,,Telecom,,5,Telecom - Dynamics NAV,theirstack_final_batch1,1,CDQO,2026-04-15T07:17:58.097146
Telia Uganda,UG,,Telecom,,5,Telecom - Navision,theirstack_final_batch1,1,CDQO,2026-04-15T07:17:58.097155
Telia Rwanda,RW,,Telecom,,5,Telecom - Dynamics NAV,theirstack_final_batch1,1,CDQO,2026-04-15T07:17:58.097170
Telia Nigeria,NG,,Telecom,,5,Telecom - Navision,theirstack_final_batch1,1,CDQO,2026-04-15T07:17:58.097180
Telia Ghana,GH,,Telecom,,5,Telecom - Dynamics NAV,theirstack_final_batch1,1,CDQO,2026-04-15T07:17:58.097190
Telia Senegal,SN,,Telecom,,5,Telecom - Navision,theirstack_final_batch1,1,CDQO,2026-04-15T07:17:58.097200
Telia Elfenbenskysten,CI,,Telecom,,5,Telecom - Dynamics NAV,theirstack_final_batch1,1,CDQO,2026-04-15T07:17:58.097220
Telia Mali,ML,,Telecom,,5,Telecom - Navision,theirstack_final_batch1,1,CDQO,2026-04-15T07:17:58.097242
Telia Burkina Faso,BF,,Telecom,,5,Telecom - Dynamics NAV,theirstack_final_batch1,1,CDQO,2026-04-15T07:17:58.097263
Telia Niger,NE,,Telecom,,5,Telecom - Navision,theirstack_final_batch1,1,CDQO,2026-04-15T07:17:58.097277
Telia Tchad,TD,,Telecom,,5,Telecom - Dynamics NAV,theirstack_final_batch1,1,CDQO,2026-04-15T07:17:58.097287
Telia Cameroun,CM,,Telecom,,5,Telecom - Navision,theirstack_final_batch1,1,CDQO,2026-04-15T07:17:58.097296
Telia Gabon,GA,,Telecom,,5,Telecom - Dynamics NAV,theirstack_final_batch1,1,CDQO,2026-04-15T07:17:58.097306
Telia Congo,CG,,Telecom,,5,Telecom - Navision,theirstack_final_batch1,1,CDQO,2026-04-15T07:17:58.097316
Telia DR Congo,CD,,Telecom,,5,Telecom - Dynamics NAV,theirstack_final_batch1,1,CDQO,2026-04-15T07:17:58.097326
Telia Angola,AO,,Telecom,,5,Telecom - Navision,theirstack_final_batch1,1,CDQO,2026-04-15T07:17:58.097359
COSMO CONSULT,DE,,IT Services and IT Consulting,1.5k,5,Listed on TheirStack as Microsoft Dynamics NAV user,theirstack,1,CDQO,2026-04-15T07:17:58.097417
ROM Technik,DE,,Professional Services,511,5,Listed on TheirStack as Microsoft Dynamics NAV user,theirstack,1,CDQO,2026-04-15T07:17:58.097430
WT Energiesysteme GmbH,DE,,Utilities,53,5,Listed on TheirStack as Microsoft Dynamics NAV user,theirstack,1,CDQO,2026-04-15T07:17:58.097462
BUHLMANN Rohr-Fittings-Stahlhandel GmbH Co. KG,DE,,Wholesale,160,5,Listed on TheirStack as Microsoft Dynamics NAV user,theirstack,1,CDQO,2026-04-15T07:17:58.097474
ESedi e.K.,DE,,Software Development,2,5,Listed on TheirStack as Microsoft Dynamics NAV user,theirstack,1,CDQO,2026-04-15T07:17:58.097486
DEKRA Arbeit GmbH,DE,,Public Safety,49k,5,Listed on TheirStack as Microsoft Dynamics NAV user,theirstack,1,CDQO,2026-04-15T07:17:58.097497
powwow,DE,,Telecommunications,150,5,Listed on TheirStack as Microsoft Dynamics NAV user,theirstack,1,CDQO,2026-04-15T07:17:58.097507
StrongPoint,NO,,IT Services and IT Consulting,1.2k,5,Listed on TheirStack as Microsoft Dynamics NAV user,theirstack,1,CDQO,2026-04-15T07:17:58.097518
Wilhelmsen,NO,,"Transportation, Logistics, Supply Chain and Storage",10k,5,Listed on TheirStack as Microsoft Dynamics NAV user,theirstack,1,CDQO,2026-04-15T07:17:58.097541
Vizrt,NO,,Software Development,881,5,Listed on TheirStack as Microsoft Dynamics NAV user,theirstack,1,CDQO,2026-04-15T07:17:58.097552
MBP Solutions Ltd,NO,,Oil and Gas,,5,Listed on TheirStack as Microsoft Dynamics NAV user,theirstack,1,CDQO,2026-04-15T07:17:58.097568
Orkla Health,NO,,Retail,400,5,Listed on TheirStack as Microsoft Dynamics NAV user,theirstack,1,CDQO,2026-04-15T07:17:58.097590
Nel Hydrogen,NO,,Renewable Energy Equipment Manufacturing,500,5,Listed on TheirStack as Microsoft Dynamics NAV user,theirstack,1,CDQO,2026-04-15T07:17:58.097665
NAVTOR,NO,,Software Development,339,5,Listed on TheirStack as Microsoft Dynamics NAV user,theirstack,1,CDQO,2026-04-15T07:17:58.097698
CEWE Japan Photo,NO,,Photography,98,5,Listed on TheirStack as Microsoft Dynamics NAV user,theirstack,1,CDQO,2026-04-15T07:17:58.097720
Oseberg Solutions AS,NO,,Software Development,,5,Listed on TheirStack as Microsoft Dynamics NAV user,theirstack,1,CDQO,2026-04-15T07:17:58.097740
Auxadi,ES,,Financial Services,320,5,Listed on TheirStack as Microsoft Dynamics NAV user,theirstack,1,CDQO,2026-04-15T07:17:58.097752
Modern Talent Hub,ES,,Human Resources Services,11,5,Listed on TheirStack as Microsoft Dynamics NAV user,theirstack,1,CDQO,2026-04-15T07:17:58.097762
Lãberit,ES,,IT Services and IT Consulting,729,5,Listed on TheirStack as Microsoft Dynamics NAV user,theirstack,1,CDQO,2026-04-15T07:17:58.097773
NUNSYS,ES,,IT Services and IT Consulting,872,5,Listed on TheirStack as Microsoft Dynamics NAV user,theirstack,1,CDQO,2026-04-15T07:17:58.097784
Melt Group,ES,,Human Resources Services,109,5,Listed on TheirStack as Microsoft Dynamics NAV user,theirstack,1,CDQO,2026-04-15T07:17:58.097800
Excelia,ES,,IT Services and IT Consulting,347,5,Listed on TheirStack as Microsoft Dynamics NAV user,theirstack,1,CDQO,2026-04-15T07:17:58.097811
Innova Advanced Consulting,ES,,IT Services and IT Consulting,47,5,Listed on TheirStack as Microsoft Dynamics NAV user,theirstack,1,CDQO,2026-04-15T07:17:58.097823
WeHunt España,ES,,Human Resources Services,40,5,Listed on TheirStack as Microsoft Dynamics NAV user,theirstack,1,CDQO,2026-04-15T07:17:58.097834
Northius,ES,,Higher Education,533,5,Listed on TheirStack as Microsoft Dynamics NAV user,theirstack,1,CDQO,2026-04-15T07:17:58.097845
Rossmann Droguería España S.L.,ES,,Retail,199,5,Listed on TheirStack as Microsoft Dynamics NAV user,theirstack,1,CDQO,2026-04-15T07:17:58.097856
IDLO - International Development Law Organization,IT,,International Affairs,599,5,Listed on TheirStack as Microsoft Dynamics NAV user,theirstack,1,CDQO,2026-04-15T07:17:58.097867
IRBM,IT,,Biotechnology Research,297,5,Listed on TheirStack as Microsoft Dynamics NAV user,theirstack,1,CDQO,2026-04-15T07:17:58.097878
Eurointerim spa,IT,,Human Resources Services,200,5,Listed on TheirStack as Microsoft Dynamics NAV user,theirstack,1,CDQO,2026-04-15T07:17:58.097888
The Level Group,IT,,Software Development,336,5,Listed on TheirStack as Microsoft Dynamics NAV user,theirstack,1,CDQO,2026-04-15T07:17:58.097899
emeis Italia,IT,,Hospitals and Health Care,286,5,Listed on TheirStack as Microsoft Dynamics NAV user,theirstack,1,CDQO,2026-04-15T07:17:58.097910
Farmina,IT,,Food and Beverage Manufacturing,1.2k,5,Listed on TheirStack as Microsoft Dynamics NAV user,theirstack,1,CDQO,2026-04-15T07:17:58.097921
Oberalp Group,IT,,Sporting Goods Manufacturing,811,5,Listed on TheirStack as Microsoft Dynamics NAV user,theirstack,1,CDQO,2026-04-15T07:17:58.097931
Shopfully,IT,,Software Development,547,5,Listed on TheirStack as Microsoft Dynamics NAV user,theirstack,1,CDQO,2026-04-15T07:17:58.097948
Castelfalfi,IT,,Hospitality,260,5,Listed on TheirStack as Microsoft Dynamics NAV user,theirstack,1,CDQO,2026-04-15T07:17:58.097969
Inox Tech S.p.A.,IT,,Oil and Gas,84,5,Listed on TheirStack as Microsoft Dynamics NAV user,theirstack,1,CDQO,2026-04-15T07:17:58.098006
ABSYS CYBORG,FR,,IT Services and IT Consulting,591,5,Listed on TheirStack as Microsoft Dynamics NAV user,theirstack,1,CDQO,2026-04-15T07:17:58.098020
VINCI,FR,,Construction,13k,5,Listed on TheirStack as Microsoft Dynamics NAV user,theirstack,1,CDQO,2026-04-15T07:17:58.098036
SOLWARE GROUP,FR,,IT Services and IT Consulting,51,5,Listed on TheirStack as Microsoft Dynamics NAV user,theirstack,1,CDQO,2026-04-15T07:17:58.098068
Talan,FR,,IT Services and IT Consulting,7.1k,5,Listed on TheirStack as Microsoft Dynamics NAV user,theirstack,1,CDQO,2026-04-15T07:17:58.098080
BCSYS,FR,,Software Development,23,5,Listed on TheirStack as Microsoft Dynamics NAV user,theirstack,1,CDQO,2026-04-15T07:17:58.098091
Kicklox,FR,,IT Services and IT Consulting,26,5,Listed on TheirStack as Microsoft Dynamics NAV user,theirstack,1,CDQO,2026-04-15T07:17:58.098102
VELUX,FR,,Manufacturing,10k,5,Listed on TheirStack as Microsoft Dynamics NAV user,theirstack,1,CDQO,2026-04-15T07:17:58.098113
MIGSO-PCUBED,FR,,Business Consulting and Services,3.4k,5,Listed on TheirStack as Microsoft Dynamics NAV user,theirstack,1,CDQO,2026-04-15T07:17:58.098124
Generix,FR,,Software Development,1.1k,5,Listed on TheirStack as Microsoft Dynamics NAV user,theirstack,1,CDQO,2026-04-15T07:17:58.098135
mylight150,FR,,Renewable Energy Equipment Manufacturing,203,5,Listed on TheirStack as Microsoft Dynamics NAV user,theirstack,1,CDQO,2026-04-15T07:17:58.098145
Synoverge,IN,,Consumer Services,,5,Listed on TheirStack as Microsoft Dynamics NAV user,theirstack,1,CDQO,2026-04-15T07:17:58.098157
Mogi I/O : OTT/Podcast/Short Video Apps for you,IN,,Software Development,62,5,Listed on TheirStack as Microsoft Dynamics NAV user,theirstack,1,CDQO,2026-04-15T07:17:58.098170
Shaligram Infotech,IN,,IT Services and IT Consulting,500,5,Listed on TheirStack as Microsoft Dynamics NAV user,theirstack,1,CDQO,2026-04-15T07:17:58.098181
Synoverge Technologies Pvt. Ltd,IN,,IT Services and IT Consulting,220,5,Listed on TheirStack as Microsoft Dynamics NAV user,theirstack,1,CDQO,2026-04-15T07:17:58.098202
Careon Healthcare Solutions Pvt Ltd,IN,,Hospitals and Health Care,147,5,Listed on TheirStack as Microsoft Dynamics NAV user,theirstack,1,CDQO,2026-04-15T07:17:58.098246
Azzite Solutions,IN,,Professional Services,10,5,Listed on TheirStack as Microsoft Dynamics NAV user,theirstack,1,CDQO,2026-04-15T07:17:58.098268
LTIMindtree,IN,,IT Services and IT Consulting,109k,5,Listed on TheirStack as Microsoft Dynamics NAV user,theirstack,1,CDQO,2026-04-15T07:17:58.098290
Qode,IN,,Investment Management,37,5,Listed on TheirStack as Microsoft Dynamics NAV user,theirstack,1,CDQO,2026-04-15T07:17:58.098304
Robosol Systems Private Limited,IN,,IT Services and IT Consulting,3,5,Listed on TheirStack as Microsoft Dynamics NAV user,theirstack,1,CDQO,2026-04-15T07:17:58.098316
Techcronus Business Solutions Pvt. Ltd.,IN,,IT Services and IT Consulting,61,5,Listed on TheirStack as Microsoft Dynamics NAV user,theirstack,1,CDQO,2026-04-15T07:17:58.098327
1st Technologies Ltd,GB,,IT Services and IT Consulting,51,5,Listed on TheirStack as Microsoft Dynamics NAV user,theirstack,1,CDQO,2026-04-15T07:17:58.098343
Indicia Worldwide,GB,,Advertising Services,714,5,Listed on TheirStack as Microsoft Dynamics NAV user,theirstack,1,CDQO,2026-04-15T07:17:58.098381
Footasylum,GB,,Retail,1.4k,5,Listed on TheirStack as Microsoft Dynamics NAV user,theirstack,1,CDQO,2026-04-15T07:17:58.098405
Node4,GB,,IT Services and IT Consulting,740,5,Listed on TheirStack as Microsoft Dynamics NAV user,theirstack,1,CDQO,2026-04-15T07:17:58.098438
Enva,GB,,Environmental Services,896,5,Listed on TheirStack as Microsoft Dynamics NAV user,theirstack,1,CDQO,2026-04-15T07:17:58.098469
Acteon Group Ltd.,GB,,Services for Renewable Energy,169,5,Listed on TheirStack as Microsoft Dynamics NAV user,theirstack,1,CDQO,2026-04-15T07:17:58.098481
Net World Sports,GB,,Retail,500,5,Listed on TheirStack as Microsoft Dynamics NAV user,theirstack,1,CDQO,2026-04-15T07:17:58.098492
United Living Group,GB,,Construction,1.6k,5,Listed on TheirStack as Microsoft Dynamics NAV user,theirstack,1,CDQO,2026-04-15T07:17:58.098503
SIAN Wholesale,GB,,Wholesale,29,5,Listed on TheirStack as Microsoft Dynamics NAV user,theirstack,1,CDQO,2026-04-15T07:17:58.098514
Jelling,NL,,IT Services and IT Consulting,51,5,Listed on TheirStack as Microsoft Dynamics NAV user,theirstack,1,CDQO,2026-04-15T07:17:58.098528
Geyer Nederland B.V.,NL,,Oil and Gas,11,5,Listed on TheirStack as Microsoft Dynamics NAV user,theirstack,1,CDQO,2026-04-15T07:17:58.098551
HAL Allergy Group,NL,,Pharmaceutical Manufacturing,274,5,Listed on TheirStack as Microsoft Dynamics NAV user,theirstack,1,CDQO,2026-04-15T07:17:58.098563
DO IT ORGANIC,NL,,Wholesale Import and Export,62,5,Listed on TheirStack as Microsoft Dynamics NAV user,theirstack,1,CDQO,2026-04-15T07:17:58.098574
WSB Solutions,NL,,IT Services and IT Consulting,82,5,Listed on TheirStack as Microsoft Dynamics NAV user,theirstack,1,CDQO,2026-04-15T07:17:58.098586
Van der Starre,NL,,Wholesale Import and Export,50,5,Listed on TheirStack as Microsoft Dynamics NAV user,theirstack,1,CDQO,2026-04-15T07:17:58.098596
ARLU nv,BE,,Wholesale Building Materials,62,5,Listed on TheirStack as Microsoft Dynamics NAV user,theirstack,1,CDQO,2026-04-15T07:17:58.098631
Bihr,BE,,Wholesale,436,5,Listed on TheirStack as Microsoft Dynamics NAV user,theirstack,1,CDQO,2026-04-15T07:17:58.098670
NORRIQ BENELUX,BE,,IT Services and IT Consulting,124,5,Listed on TheirStack as Microsoft Dynamics NAV user,theirstack,1,CDQO,2026-04-15T07:17:58.098712
Abecon Informatiesystemen,BE,,Software Development,,5,Listed on TheirStack as Microsoft Dynamics NAV user,theirstack,1,CDQO,2026-04-15T07:17:58.098766
BDO Belgium,BE,,Business Consulting and Services,1k,5,Listed on TheirStack as Microsoft Dynamics NAV user,theirstack,1,CDQO,2026-04-15T07:17:58.098789
Duvel Moortgat USA LTD,BE,,Food and Beverage Services,460,5,Listed on TheirStack as Microsoft Dynamics NAV user,theirstack,1,CDQO,2026-04-15T07:17:58.098809
Medius,SE,,Software Development,844,5,Listed on TheirStack as Microsoft Dynamics NAV user,theirstack,1,CDQO,2026-04-15T07:17:58.098844
Sandvik,SE,,Mining,41k,5,Listed on TheirStack as Microsoft Dynamics NAV user,theirstack,1,CDQO,2026-04-15T07:17:58.098865
Project Destination,SE,,Non-profit Organizations,3,5,Listed on TheirStack as Microsoft Dynamics NAV user,theirstack,1,CDQO,2026-04-15T07:17:58.098903
4PS Sweden,SE,,Software Development,17,5,Listed on TheirStack as Microsoft Dynamics NAV user,theirstack,1,CDQO,2026-04-15T07:17:58.098915
Logent,SE,,"Transportation, Logistics, Supply Chain and Storage",737,5,Listed on TheirStack as Microsoft Dynamics NAV user,theirstack,1,CDQO,2026-04-15T07:17:58.098925
Perstorp Group,SE,,Chemical Manufacturing,1.2k,5,Listed on TheirStack as Microsoft Dynamics NAV user,theirstack,1,CDQO,2026-04-15T07:17:58.098936
J.Lindeberg,SE,,Retail,320,5,Listed on TheirStack as Microsoft Dynamics NAV user,theirstack,1,CDQO,2026-04-15T07:17:58.098947
Bespoke headhunting (by HRWU),FI,,Human Resources Services,1,5,Listed on TheirStack as Microsoft Dynamics NAV user,theirstack,1,CDQO,2026-04-15T07:17:58.098981
Pamark Group,FI,,Wholesale,48,5,Listed on TheirStack as Microsoft Dynamics NAV user,theirstack,1,CDQO,2026-04-15T07:17:58.098992
Toughbyte,FI,,"Technology, Information and Internet",69,5,Listed on TheirStack as Microsoft Dynamics NAV user,theirstack,1,CDQO,2026-04-15T07:17:58.099003
Reima,FI,,Retail,284,5,Listed on TheirStack as Microsoft Dynamics NAV user,theirstack,1,CDQO,2026-04-15T07:17:58.099014
Oy Lunden Ab Jalostaja,FI,,Food and Beverage Manufacturing,51,5,Listed on TheirStack as Microsoft Dynamics NAV user,theirstack,1,CDQO,2026-04-15T07:17:58.099025
Continia Software,DK,,Software Development,212,5,Listed on TheirStack as Microsoft Dynamics NAV user,theirstack,1,CDQO,2026-04-15T07:17:58.099036
Bunker Holding A/S,DK,,Oil and Gas,256,5,Listed on TheirStack as Microsoft Dynamics NAV user,theirstack,1,CDQO,2026-04-15T07:17:58.099047
Consit Gruppen,DK,,IT Services and IT Consulting,57,5,Listed on TheirStack as Microsoft Dynamics NAV user,theirstack,1,CDQO,2026-04-15T07:17:58.099058
NORMAL A/S,DK,,Retail,4.8k,5,Listed on TheirStack as Microsoft Dynamics NAV user,theirstack,1,CDQO,2026-04-15T07:17:58.099073
emagine,DK,,IT Services and IT Consulting,2k,5,Listed on TheirStack as Microsoft Dynamics NAV user,theirstack,1,CDQO,2026-04-15T07:17:58.099107
JET TAGESLICHT & RWA GMBH,DK,,Wholesale Building Materials,4.5k,5,Listed on TheirStack as Microsoft Dynamics NAV user,theirstack,1,CDQO,2026-04-15T07:17:58.099119
Inter Cars S.A.,PL,,Motor Vehicle Manufacturing,2.5k,5,Listed on TheirStack as Microsoft Dynamics NAV user,theirstack,1,CDQO,2026-04-15T07:17:58.099150
Praca.pl,PL,,"Technology, Information and Internet",278,5,Listed on TheirStack as Microsoft Dynamics NAV user,theirstack,1,CDQO,2026-04-15T07:17:58.099167
ASEE,PL,,IT Services and IT Consulting,2.1k,5,Listed on TheirStack as Microsoft Dynamics NAV user,theirstack,1,CDQO,2026-04-15T07:17:58.099232
Bidfood Farutex,PL,,Wholesale,,5,Listed on TheirStack as Microsoft Dynamics NAV user,theirstack,1,CDQO,2026-04-15T07:17:58.099247
co.brick,PL,,Software Development,38,5,Listed on TheirStack as Microsoft Dynamics NAV user,theirstack,1,CDQO,2026-04-15T07:17:58.099259
Deployed,PL,,Software Development,,5,Listed on TheirStack as Microsoft Dynamics NAV user,theirstack,1,CDQO,2026-04-15T07:17:58.099270
Factech,PL,,Human Resources Services,5,5,Listed on TheirStack as Microsoft Dynamics NAV user,theirstack,1,CDQO,2026-04-15T07:17:58.099281
Trio Line Polska Sp. z o.o.,PL,,Household and Institutional Furniture Manufacturing,82,5,Listed on TheirStack as Microsoft Dynamics NAV user,theirstack,1,CDQO,2026-04-15T07:17:58.099292
Mastronardi Produce,Canada,,Food and Beverage Services,,5,Listed on TheirStack as Microsoft Dynamics NAV user,theirstack,1,CDQO,2026-04-15T07:17:58.099303
Primeau Vélo,Canada,,Sporting Goods Manufacturing,,5,Listed on TheirStack as Microsoft Dynamics NAV user,theirstack,1,CDQO,2026-04-15T07:17:58.099314
Aptean,United States,,Software Development,,5,Listed on TheirStack as Microsoft Dynamics NAV user,theirstack,1,CDQO,2026-04-15T07:17:58.099331
E-business International Inc,United States,,Manufacturing,,5,Listed on TheirStack as Microsoft Dynamics NAV user,theirstack,1,CDQO,2026-04-15T07:17:58.099357
Cargo,United States,,Advertising Services,,5,Listed on TheirStack as Microsoft Dynamics NAV user,theirstack,1,CDQO,2026-04-15T07:17:58.099401
Bramidan A/S,DK,,,,5,"CEO: ""Go-live gik bedre end forventet - fungerede dagen efter""",smoking_gun_hunt,1,CDQO,2026-04-15T07:17:58.099433
BKI Foods A/S,DK,,,,5,"CFO: ""Forbedrede planlægning og indkøb med NAV""",smoking_gun_hunt,1,CDQO,2026-04-15T07:17:58.099455
Lomax,DK,,,,5,Tilfreds NAV kunde (obtain.dk),smoking_gun_hunt,1,CDQO,2026-04-15T07:17:58.099471
Dana Lim,DK,,,,5,Tilfreds NAV kunde (obtain.dk),smoking_gun_hunt,1,CDQO,2026-04-15T07:17:58.099483
Matas,DK,,,,5,Tilfreds NAV kunde (obtain.dk),smoking_gun_hunt,1,CDQO,2026-04-15T07:17:58.099493
Novenco Marine & Offshore,DK,,,,5,Tilfreds NAV kunde (obtain.dk),smoking_gun_hunt,1,CDQO,2026-04-15T07:17:58.099504
Cranswick,UK,,,,5,Bruger Microsoft Dynamics NAV MRP (Consumer Packaged Goods),smoking_gun_hunt,1,CDQO,2026-04-15T07:17:58.099514
RS Medical,US,,,,5,Bruger Microsoft Dynamics NAV MRP (Manufacturing),smoking_gun_hunt,1,CDQO,2026-04-15T07:17:58.099525
Wentworth Laboratories,UK,,,,5,Bruger Microsoft Dynamics NAV MRP (Manufacturing),smoking_gun_hunt,1,CDQO,2026-04-15T07:17:58.099536
Wakou USA,US,,,,5,Implemented Microsoft Dynamics NAV (Food & Beverage manufacturer),smoking_gun_hunt,1,CDQO,2026-04-15T07:17:58.099546
Vipp,DK,,,,5,Bruger Microsoft Dynamics NAV som ERP (integrated with WMS),smoking_gun_hunt,1,CDQO,2026-04-15T07:17:58.099556
Producton Group,RO,,,,5,"Executive Director: ""Satisfied with Dynamics NAV - real-time reporting, 14 butikker, 9M Euro omsætning""",smoking_gun_hunt,1,CDQO,2026-04-15T07:17:58.099567
IKEA,SE,,,,5,Retail - Bruger Microsoft Dynamics NAV (nævnt i industri rapport),smoking_gun_hunt,1,CDQO,2026-04-15T07:17:58.099577
Pandora Jewelry,DK,,,,5,Manufacturing - Bruger Microsoft Dynamics NAV (nævnt i industri rapport),smoking_gun_hunt,1,CDQO,2026-04-15T07:17:58.099588
Cranswick plc,UK,,,,5,"Bruger Microsoft Dynamics NAV MRP som ERP system (Consumer Packaged Goods, £2.3B revenue)",manual_smoking_gun_v2,1,CDQO,2026-04-15T07:17:58.099598
Vipp ApS,DK,,,,5,Bruger Microsoft Dynamics NAV som ERP integreret med WMS (design møbler),manual_smoking_gun_v2,1,CDQO,2026-04-15T07:17:58.099631
Siemens AG,DE,,,,5,Bruger Microsoft Dynamics NAV i datterselskaber (€78B koncern),manual_smoking_gun_v2,1,CDQO,2026-04-15T07:17:58.099662
Ørsted,DK,,,,5,"Søger: ""ERP-ansvarlig med Dynamics NAV erfaring""",manual_smoking_gun_v2,1,CDQO,2026-04-15T07:17:58.099683
Dixon Valve & Coupling,US,,Manufacturing,,5,TheirStack: Uses Navision,research_batch_1,1,CDQO,2026-04-15T07:17:58.099695
Københavns Åbne Gymnasium,DK,,Education,,5,Navision Stat institution,research_batch_1,1,CDQO,2026-04-15T07:17:58.099707
Statens Administration,DK,,Government,,5,Navision Stat support,research_batch_1,1,CDQO,2026-04-15T07:17:58.099719
"case study,retailBushMicrosoft Dynamics NAV",EU,,,,5,Customer of nav24,partners,1,CDQO,2026-04-15T07:17:58.100846
Søstrene Grene,DK,,Retail Furniture and Home Furnishings,1.1k,5,Listed on TheirStack as Microsoft Dynamics NAV user,theirstack,1,CDQO,2026-04-15T07:17:58.103159
4PS,NL,,IT Services and IT Consulting,615,5,Listed on TheirStack as Microsoft Dynamics NAV user,theirstack,1,CDQO,2026-04-15T07:17:58.103175
Aptean,US,,Software Development,3.1k,5,Listed on TheirStack as Microsoft Dynamics NAV user,theirstack,1,CDQO,2026-04-15T07:17:58.103192
E-business International Inc,US,,Manufacturing,380,5,Listed on TheirStack as Microsoft Dynamics NAV user,theirstack,1,CDQO,2026-04-15T07:17:58.103216
Cargo,US,,Advertising Services,,5,Listed on TheirStack as Microsoft Dynamics NAV user,theirstack,1,CDQO,2026-04-15T07:17:58.103229
Funko,US,,Manufacturing,1.4k,5,Listed on TheirStack as Microsoft Dynamics NAV user,theirstack,1,CDQO,2026-04-15T07:17:58.103241
"ArcherPoint, Inc.",US,,IT Services and IT Consulting,130,5,Listed on TheirStack as Microsoft Dynamics NAV user,theirstack,1,CDQO,2026-04-15T07:17:58.103253
Northwest Harvest,US,,Civic and Social Organizations,110,5,Listed on TheirStack as Microsoft Dynamics NAV user,theirstack,1,CDQO,2026-04-15T07:17:58.103265
R2 Global,US,,IT Services and IT Consulting,79,5,Listed on TheirStack as Microsoft Dynamics NAV user,theirstack,1,CDQO,2026-04-15T07:17:58.103276
Centrufficio SpA - CUFMilano,IT,,Office Furniture and Fixtures Manufacturing,185,5,Listed on TheirStack as Microsoft Dynamics NAV user,theirstack,1,CDQO,2026-04-15T07:17:58.103299
Mastronardi Produce,CA,,Food and Beverage Services,1.6k,5,Listed on TheirStack as Microsoft Dynamics NAV user,theirstack,1,CDQO,2026-04-15T07:17:58.103311
Primeau Vélo,CA,,Sporting Goods Manufacturing,201,5,Listed on TheirStack as Microsoft Dynamics NAV user,theirstack,1,CDQO,2026-04-15T07:17:58.103325
Gosselin Photo Vidéo Inc.,CA,,Retail,81,5,Listed on TheirStack as Microsoft Dynamics NAV user,theirstack,1,CDQO,2026-04-15T07:17:58.103350
Opal-RT,CA,,IT Services and IT Consulting,340,5,Listed on TheirStack as Microsoft Dynamics NAV user,theirstack,1,CDQO,2026-04-15T07:17:58.103362
FPS Food Process Solutions Corporation,CA,,Industrial Machinery Manufacturing,263,5,Listed on TheirStack as Microsoft Dynamics NAV user,theirstack,1,CDQO,2026-04-15T07:17:58.103373
BDO Canada,CA,,Financial Services,4.8k,5,Listed on TheirStack as Microsoft Dynamics NAV user,theirstack,1,CDQO,2026-04-15T07:17:58.103384
SAIL,CA,,Retail,1.2k,5,Listed on TheirStack as Microsoft Dynamics NAV user,theirstack,1,CDQO,2026-04-15T07:17:58.103395
Brock Solutions,CA,,Automation Machinery Manufacturing,957,5,Listed on TheirStack as Microsoft Dynamics NAV user,theirstack,1,CDQO,2026-04-15T07:17:58.103414
Bayshore HealthCare,CA,,Hospitals and Health Care,5.8k,5,Listed on TheirStack as Microsoft Dynamics NAV user,theirstack,1,CDQO,2026-04-15T07:17:58.103426
Sollio Agriculture,CA,,Farming,470,5,Listed on TheirStack as Microsoft Dynamics NAV user,theirstack,1,CDQO,2026-04-15T07:17:58.103441
Does Navision still exist? | ERP software for SMEs,DE,anaptis.com,,,5,"Originally, Navision was the name of Microsoft's software solution. It was later renamed Microsoft Dynamics NAV. Then, in 2018, it underwent its most recent ...",country_expansion_de,1,CDQO,2026-04-15T07:17:58.105162
Tecman Deutschland,DE,tecman-deutschland.de,,,5,"Mar 24, 2026 — Wir verfügen über Branchenexpertise, ein starkes, erstklassiges Netzwerk und tiefes Know-how über Microsoft Navision, IT-Security und der ...",country_expansion_de,1,CDQO,2026-04-15T07:17:58.105212
Hire Microsoft Navision Consultants and Dynamics NAV …,FR,www.hiredynamicsdevelopers.com,,,5,Your dedicated Microsoft Dynamics NAV integration specialist will choose and deploy relevant ERP modules for your project. These optimized functionalities …,country_expansion_fr,1,CDQO,2026-04-15T07:17:58.105239
LeBit Software & Consult GmbH Berlin - ERP- und HR-Software mit ...,DE,www.lebit.net,,,5,Der Support-Lebenszyklus von LeBit-Produkten mit dem Siegel CfMD (Certified for Microsoft Dynamics) folgt dem Support-Lebenszyklus des Basisprodukts Microsoft Dynamics NAV.,country_expansion_v2_de,1,CDQO,2026-04-15T07:17:58.105263
Présentation de l’ERP international Microsoft Dynamics …,FR,dynamicsinternational.com,,,5,"Depuis 1983 Microsoft Dynamics NAV (également connu sous le nom de Navision), est un progiciel de gestion intégré complet (ERP / PGI) destiné aux petites et …",country_expansion_v2_fr,1,CDQO,2026-04-15T07:17:58.105283
"Nuevos trabajos de Programador navision - 12 de enero, 2024 - Indeed",PL,es.indeed.com,,,5,"18 empleos de Programador navision disponibles en Indeed.com. ¡Empleos de Desarrollador de software, Analista programador, Analista en microsoft 365 y muchos más!",country_expansion_v3_pl,1,CDQO,2026-04-15T07:17:58.105314
Ofertas de trabajo de Programador dynamics navision,PL,www.infojobs.net,,,5,663 ofertas de empleo de programador dynamics navision en el portal de empleo donde nacen las oportunidades laborales. ¡Encuentra la tuya!,country_expansion_v3_pl,1,CDQO,2026-04-15T07:17:58.105341
Nuevos trabajos de Programación navision - Indeed,PL,es.indeed.com,,,5,"11 empleos de Programación navision disponibles en Indeed.com. ¡Empleos de Desarrollador de software, Analista programador, Técnico de postventa y muchos más!",country_expansion_v3_pl,1,CDQO,2026-04-15T07:17:58.105353
Ofertas de trabajo de Programador navision,PL,www.infojobs.net,,,5,556 ofertas de empleo de programador navision en el portal de empleo donde nacen las oportunidades laborales. ¡Encuentra la tuya!,country_expansion_v3_pl,1,CDQO,2026-04-15T07:17:58.105363
"3,000+ Navision Consultant jobs in United States - LinkedIn",JP,www.linkedin.com,,,5,"Today's top 3,000+ Navision Consultant jobs in United States. Leverage your professional network, and get hired. New Navision Consultant jobs added daily.",country_expansion_v3_jp,1,CDQO,2026-04-15T07:17:58.105910
Hire Microsoft Navision Consultants and Dynamics NAV Developers,JP,www.hiredynamicsdevelopers.com,,,5,Your dedicated Microsoft Dynamics NAV integration specialist will choose and deploy relevant ERP modules for your project. These optimized functionalities will help to trace and coordinate core tasks.,country_expansion_v3_jp,1,CDQO,2026-04-15T07:17:58.105963
"3,000+ Navision Consultant jobs in United States - LinkedIn",KR,www.linkedin.com,,,5,"Today's top 3,000+ Navision Consultant jobs in United States. Leverage your professional network, and get hired. New Navision Consultant jobs added daily.",country_expansion_v3_kr,1,CDQO,2026-04-15T07:17:58.105990
Hire Microsoft Navision Consultants and Dynamics NAV Developers,KR,www.hiredynamicsdevelopers.com,,,5,Your dedicated Microsoft Dynamics NAV integration specialist will choose and deploy relevant ERP modules for your project. These optimized functionalities will help to trace and coordinate core tasks.,country_expansion_v3_kr,1,CDQO,2026-04-15T07:17:58.106006
Dynamics Navision Jobs und Stellenangebote in Nürnberg - 6 ... - Indeed,DE,de.indeed.com,,,5,"Finden Sie jetzt 26 zu besetzende Dynamics Navision Jobs in Nürnberg auf Indeed.com, der weltweiten Nr. 1 der Online-Jobbörsen. (Basierend auf Total Visits weltweit, Quelle: comScore)",country_expansion_v4_de,1,CDQO,2026-04-15T07:17:58.106045
32 Dynamics Nav jobs in Los Angeles Metropolitan Area,FR,www.linkedin.com,,,5,"Today&#39;s top 32 Dynamics Nav jobs in Los Angeles Metropolitan Area. Leverage your professional network, and get hired. New Dynamics Nav jobs added daily.",country_expansion_v4_fr,1,CDQO,2026-04-15T07:17:58.106057
Développeur Dynamics NAV : offre d’emploi chez Dynamics …,FR,www.glassdoor.fr,,,5,"– Aider à l’estimation des charges pour les tâches de développement – Maquetter, développer et tester les modifications et améliorations du logiciel – Documenter les fonctionnalités développées Le …",country_expansion_v4_fr,1,CDQO,2026-04-15T07:17:58.106068
MS Dynamics NAV implementation in India | NAV …,IN,akkomplish.com,,,5,"Microsoft Dynamics NAV - Akkomplish Consulting is leading India based Dynamics NAV development company. We are best in Dynamics NAV implementation, …",country_expansion_v4_in,1,CDQO,2026-04-15T07:17:58.106084
Microsoft Navision | Microsoft NAV Implementation …,IN,preeminentsoft.com,,,5,"Aug 1, 2025 · Explore Microsoft Navision ERP solutions with expert Dynamics NAV consultants. Customization, implementation & support by top service providers in …",country_expansion_v4_in,1,CDQO,2026-04-15T07:17:58.106108
"6 navision erp Jobs in Ahmedabad, November 2023 | Glassdoor",IN,www.glassdoor.co.in,,,5,Search Navision erp jobs in Ahmedabad with company ratings & salaries. 6 open jobs for Navision erp in Ahmedabad.,country_expansion_v4_in,1,CDQO,2026-04-15T07:17:58.106120
MS Dynamics Navision Techno Functional Training in Ahmedabad,IN,www.quickdials.com,,,5,"MS Dynamics Navision Techno-Functional Training in Ahmedabad provides in-depth knowledge of both technical and functional aspects of Microsoft Dynamics NAV. Learners gain expertise in development, …",country_expansion_v4_in,1,CDQO,2026-04-15T07:17:58.106130
Functional Consultant (Microsoft Dynamics Navision Or BC) Job in …,IN,internshala.com,,,5,Apply to functional consultant (microsoft dynamics navision or bc) jobs in Ahmedabad on Internshala. Explore the latest functional consultant (microsoft dynamics navision or bc) vacancies in Ahmedabad …,country_expansion_v4_in,1,CDQO,2026-04-15T07:17:58.106141
Work From Home Navision Jobs in Ahmedabad,IN,www.foundit.in,,,5,"Apply to the latest Work From Home Navision Jobs Jobs Vacancies in Ahmedabad on foundit.in. Explore competitive salaries, top companies, and openings in your preferred location.",country_expansion_v4_in,1,CDQO,2026-04-15T07:17:58.106153
"Teknisk Indkøber & NAV Specialist, Airco DIET A/S | VORES Fredericia",DK,vores-fredericia.dk,,,5,"Jan 23, 2024 · Administrativt vil du få ansvaret for at afstemme, opdatere og vedligeholde vare-, ordre- og leveringsdata i NAV (Navision BC 14) og sikre leverancer på tværs af organisationen.",country_expansion_v4_dk,1,CDQO,2026-04-15T07:17:58.106164
Hire Microsoft Navision Consultants and Dynamics NAV …,PL,www.hiredynamicsdevelopers.com,,,5,"A Microsoft Dynamics NAV development expert implements features that allow you to monitor financial performance as it happens. With in-built Power BI, you can …",country_expansion_v4_pl,1,CDQO,2026-04-15T07:17:58.106178
"Managing Users, Profiles, and Role Centers",NL,sf-109983.dynamicstocloud.com:49000,,,5,"Profiles Profiles are collections of Dynamics NAV users who share the same Role Center. A Role Center is a type of page on which you can place different parts. Each part is a container in which you can host other pages or pre-defined system parts, such as an Outlook part or parts for adding tasks, notifications, or notes. For more information, see Managing Profiles.",country_expansion_v4_nl,1,CDQO,2026-04-15T07:17:58.106206
Add Windows User With Permissions Using SQL Query of Dynamics NAV,NL,www.navuser.com,,,5,The SQL query to add Windows users with permission set for Microsoft Dynamics Navision. This is one of the easy methods to add users to NAV.,country_expansion_v4_nl,1,CDQO,2026-04-15T07:17:58.106256
Solved: How does navision assign a new User to User setup? Is it by ...,NL,community.dynamics.com,,,5,How does navision assign a new User to User setup? Is it by manually key in or automatic once add in when User ID created?,country_expansion_v4_nl,1,CDQO,2026-04-15T07:17:58.106276
"3,000+ Navision Consultant jobs in United States - LinkedIn",CH,www.linkedin.com,,,5,"Today's top 3,000+ Navision Consultant jobs in United States. Leverage your professional network, and get hired. New Navision Consultant jobs added daily.",country_expansion_v4_ch,1,CDQO,2026-04-15T07:17:58.106294
Hire Microsoft Navision Consultants and Dynamics NAV Developers,CH,www.hiredynamicsdevelopers.com,,,5,Your dedicated Microsoft Dynamics NAV integration specialist will choose and deploy relevant ERP modules for your project. These optimized functionalities will help to trace and coordinate core tasks.,country_expansion_v4_ch,1,CDQO,2026-04-15T07:17:58.106321
MS Dynamics NAV analist - ontwikkelaar - ARENDONK - VDAB,BE,www.vdab.be,,,5,"Je hebt bij voorkeur al ervaring in NAV of andere ERP-pakketten Kennis van CPQ software is een pluspunt, je hebt sowieso enige programmeerkennis nodig om ons productgamma naar de software …",country_expansion_v4_be,1,CDQO,2026-04-15T07:17:58.106350
Wat is Navision? [+ Hoe het nu heet],BE,wsb-solutions.nl,,,5,"Navision is oorspronkelijk een softwarepakket voor Enterprise Resource Planning (ERP), ontwikkeld om bedrijven te ondersteunen in hun administratieve en …",country_expansion_v4_be,1,CDQO,2026-04-15T07:17:58.106361
Hannover Messe 2026 - Navision - Industrial Tradeshows,DE,www.directindustry.com,,,5,Hannover Messe 2026 20-24 Apr 2026Hannover (Germany)Hall 17 - Stand G06 More information see more,country_expansion_v5_de,1,CDQO,2026-04-15T07:17:58.106420
Hannover Messe 2026 - Navision - Industriemessen - DirectIndustry,DE,www.directindustry.de,,,5,"Es handelt sich um unverbindliche Preisangaben, die je nach Land, Kurs der Rohstoffe und Wechselkurs schwanken können.",country_expansion_v5_de,1,CDQO,2026-04-15T07:17:58.106432
Dringend! Navision Buchhaltung Jobs in Hannover (mit ... - Jooble,DE,de.jooble.org,,,5,"Finanzbuchhalter (w/m/d) gesucht - Für unseren Kunden, ein Unternehmen mit Sitz in Hannover, suchen wir zum nächstmöglichen Zeitpunkt einen Finanzbuchhalter (w/m/d) .",country_expansion_v5_de,1,CDQO,2026-04-15T07:17:58.106444
Jobs Navision: 12 Jobs & Stellenangebote in Hannover | 19. März 2025,DE,www.stepstone.de,,,5,Jobs Navision Jobs in Hannover - Finden Sie passende Jobs Navision Stellenangebote in Hannover mit Stepstone!,country_expansion_v5_de,1,CDQO,2026-04-15T07:17:58.106459
Erp Navision Jobs in Hannover - 21. August 2024 - Indeed,DE,de.indeed.com,,,5,"Finden Sie jetzt 10 zu besetzende Erp Navision Jobs in Hannover auf Indeed.com, der weltweiten Nr. 1 der Online-Jobbörsen. (Basierend auf Total Visits weltweit, Quelle: comScore)",country_expansion_v5_de,1,CDQO,2026-04-15T07:17:58.106485
Navision: 14 Jobs & Stellenangebote in 90489 Nürnberg | 2. März 2026,DE,www.stepstone.de,,,5,Navision Jobs in 90489 Nürnberg - Finden Sie passende Navision Stellenangebote in 90489 Nürnberg mit Stepstone!,country_expansion_v5_de,1,CDQO,2026-04-15T07:17:58.106502
Dynamics Navision Jobs und Stellenangebote in Nürnberg - 6,DE,de.indeed.com,,,5,"Finden Sie jetzt 26 zu besetzende Dynamics Navision Jobs in Nürnberg auf Indeed.com, der weltweiten Nr. 1 der Online-Jobbörsen. (Basierend auf Total Visits weltweit, Quelle: comScore)",country_expansion_v5_de,1,CDQO,2026-04-15T07:17:58.106514
Ms Dynamics Navision Jobs in Nürnberg - Mär 2026 - XING,DE,www.xing.com,,,5,"11 Ms Dynamics Navision Jobs in Nürnberg im XING Jobs-Netzwerk. Finde den Job, der zu Dir passt.",country_expansion_v5_de,1,CDQO,2026-04-15T07:17:58.106525
Dringend! Navision Buchhaltung Jobs in Nürnberg (mit ... - Jooble,DE,de.jooble.org,,,5,Als Teil unseres Teams der Buchhaltung sind Sie auch für die Bereitstellung von Entscheidungshilfen für... ... sind Erfahrungen mit DATEV LODAS und MS Dynamics Navision sowie ein sicherer Umgang …,country_expansion_v5_de,1,CDQO,2026-04-15T07:17:58.106535
Navision: 14 Jobs & Stellenangebote in 90443 Nürnberg | 21. Jul 2025,DE,www.stepstone.de,,,5,Navision Jobs in 90443 Nürnberg - Finden Sie passende Navision Stellenangebote in 90443 Nürnberg mit Stepstone!,country_expansion_v5_de,1,CDQO,2026-04-15T07:17:58.106549
Ms Navision Jobs in Nürnberg - 3. Mai 2025 - Indeed,DE,de.indeed.com,,,5,"An unserem Stammsitz in Nürnberg entwickeln und fertigen gut 86 Mitarbeiter ein umfassendes Spektrum hochleistungsfähiger Präzisionsfühler, Regler und Schalter für Heizung, Klimatisierung und …",country_expansion_v5_de,1,CDQO,2026-04-15T07:17:58.106573
Dringend! Navision Jobs in Dresden (mit Gehaltsangabe ... - Jooble,DE,de.jooble.org,,,5,"Jobs: Navision in Dresden • Umfangreiche Auswahl von 630.000+ aktuellen Stellenangeboten • Schnelle & Kostenlose Jobsuche • Führende Arbeitgeber in Dresden • Vollzeit-, Teilzeit- und temporäre …",country_expansion_v5_de,1,CDQO,2026-04-15T07:17:58.106584
Ms Navision Jobs in Dresden - Apr 2024 - XING,DE,www.xing.com,,,5,"55 Ms Navision Jobs in Dresden im XING Jobs-Netzwerk. Finde den Job, der zu Dir passt.",country_expansion_v5_de,1,CDQO,2026-04-15T07:17:58.106594
Navision: 10 Jobs & Stellenangebote in 01129 Dresden | 7. Jan. 2026,DE,www.stepstone.de,,,5,Navision Jobs in 01129 Dresden - Finden Sie passende Navision Stellenangebote in 01129 Dresden mit Stepstone!,country_expansion_v5_de,1,CDQO,2026-04-15T07:17:58.106604
10 Jobs als Navision in: Dresden - Glassdoor,DE,www.glassdoor.de,,,5,Nach Navision-Jobs in Dresden mit Bewertungen und Gehältern suchen. 10 Jobs für Navision in Dresden.,country_expansion_v5_de,1,CDQO,2026-04-15T07:17:58.106614
Dynamics Navision Jobs in Dresden - 27. September 2024 ... - Indeed,DE,de.indeed.com,,,5,"Finden Sie jetzt 11 zu besetzende Dynamics Navision Jobs in Dresden auf Indeed.com, der weltweiten Nr. 1 der Online-Jobbörsen. (Basierend auf Total Visits weltweit, Quelle: comScore)",country_expansion_v5_de,1,CDQO,2026-04-15T07:17:58.106625
Microsoft Recruitment | Microsoft Careers & Jobs | Nigel Frank,DE,www.nigelfrank.com,,,5,"Nigel Frank International is the global leader for Microsoft Dynamics recruitment, advertising more Dynamics NAV jobs than any other agency. We deal with both Microsoft Partners & End Users …",country_expansion_v5_de,1,CDQO,2026-04-15T07:17:58.106635
Dringend! Navision Buchhaltung Jobs in Dresden (mit ... - Jooble,DE,de.jooble.org,,,5,"Jobs: Navision Buchhaltung in Dresden • Umfangreiche Auswahl von 410.000+ aktuellen Stellenangeboten • Schnelle & Kostenlose Jobsuche • Führende Arbeitgeber in Dresden • Vollzeit-, …",country_expansion_v5_de,1,CDQO,2026-04-15T07:17:58.106670
Dringend! Buchhalter mit Navision-Kenntnissen Jobs in Dresden,DE,de.jooble.org,,,5,Für den Standort Dresden suchen wir eine Bürokauffrau-/mann bzw. kaufmännischen Sachbearbeiter/-in. Bei uns findest du eine abwechslungsreiche und anspruchsvolle...,country_expansion_v5_de,1,CDQO,2026-04-15T07:17:58.106713
MICROSOFT BUSINESS SOLUTIONS—NAVISION,FR,download.microsoft.com,,,5,"Microsoft® Business Solutions—Navision® does just that, delivering an integrated business management solution that is ideal for growing, mid-market segment businesses.",country_expansion_v5_fr,1,CDQO,2026-04-15T07:17:58.106741
"Dynamics Navision Jobs, Employment in Pennsylvania | Indeed",US,www.indeed.com,,,5,"8 Dynamics Navision jobs available in Pennsylvania on Indeed.com. Apply to Fp&A Analyst, Field Coordinator, IT Support Specialist and more!",country_expansion_v5_us,1,CDQO,2026-04-15T07:17:58.106771
"5 Dynamics Nav jobs in Philadelphia, Pennsylvania, United States",US,www.linkedin.com,,,5,"Today&rsquo;s top 5 Dynamics Nav jobs in Philadelphia, Pennsylvania, United States. Leverage your professional network, and get hired. New Dynamics Nav jobs added daily.",country_expansion_v5_us,1,CDQO,2026-04-15T07:17:58.106799
"12 navision jobs in Pennsylvania, December 2025 | Glassdoor",US,www.glassdoor.ie,,,5,Search Navision jobs in Pennsylvania with company ratings & salaries. 12 open jobs for Navision in Pennsylvania.,country_expansion_v5_us,1,CDQO,2026-04-15T07:17:58.106811
"13 navision Jobs in Philadelphia, PA, July 2024 | Glassdoor",US,www.glassdoor.com,,,5,"Search Navision jobs in Philadelphia, PA with company ratings & salaries. 10 open jobs for Navision in Philadelphia.",country_expansion_v5_us,1,CDQO,2026-04-15T07:17:58.106821
Microsoft Navision/NAV | ERP-Software til mindre …,DK,obtain.dk,,,5,"Hvis I skal have hjælp til driften af Dynamics NAV eller Navision, kan vi hjælpe jer. Vi har over 25 års erfaring med at støtte vores kunder med løsning af …",country_expansion_v5_dk,1,CDQO,2026-04-15T07:17:58.106831
8 empleos para navision en Fredericia | Glassdoor,DK,www.glassdoor.com.mx,,,5,Busca empleos de Navision en Fredericia junto con las calificaciones y los sueldos de la empresa. 4 vacantes de Navision en Fredericia.,country_expansion_v5_dk,1,CDQO,2026-04-15T07:17:58.106845
"19 navision jobs in Fredericia, April 2024 | Glassdoor",DK,www.glassdoor.com.hk,,,5,Search Navision jobs in Fredericia with company ratings & salaries. 19 open jobs for Navision in Fredericia.,country_expansion_v5_dk,1,CDQO,2026-04-15T07:17:58.106869
D365 BC/NAV Developer - a0MP9000009a0Qv.2_1765213912,DK,www.nigelfrank.com,,,5,"* Modern office in Fredericia with great perks: canteen (3 meals), gym, lounge with bar, games room (bowling, pool, darts, console). * Be part of a company enabling sustainable shipping solutions.",country_expansion_v5_dk,1,CDQO,2026-04-15T07:17:58.106880
D365 BC/NAV Developer | Nathaniel Stewart - LinkedIn,DK,www.linkedin.com,,,5,"The successful candidate will work on technical development, ERP optimization, and end-to-end project delivery. 📍 Location: Fredericia Why apply? Be part of a financially strong and innovative...",country_expansion_v5_dk,1,CDQO,2026-04-15T07:17:58.106891
Fredericia Spildevand A/S - Navision webinterface,DK,navision.frse.dk,,,5,Login Brugernavn:,country_expansion_v5_dk,1,CDQO,2026-04-15T07:17:58.106900
17 vagas de navision – Fredericia | Glassdoor,DK,www.glassdoor.com.br,,,5,"Procure vagas de Navision em Fredericia. Veja salários e avaliações de empresas, além de 10 vagas abertas de Navision em Fredericia.",country_expansion_v5_dk,1,CDQO,2026-04-15T07:17:58.106911
Dynamics NAV / Navision | ERP løsning / finanssystem,NO,www.activebs.com,,,5,,country_expansion_v5_no,1,CDQO,2026-04-15T07:17:58.106925
Our services - armadadynamics.no,NO,www.armadadynamics.no,,,5,Our consultants are there to help stay up to date with the most current Microsoft Dynamics NAV version and the most current EQM rental software solution.,country_expansion_v5_no,1,CDQO,2026-04-15T07:17:58.106962
Regnskapsbyrå Stavanger | Regnskapsfirma | Lønn | Automation,NO,norian.no,,,5,"Hos NORIAN leverer vi regnskap gjennom anerkjente systemer som Tripletex, Xledger, PowerOffice Go, samt andre store ERP-systemer som Microsoft Dynamics, Navision og SAP.",country_expansion_v5_no,1,CDQO,2026-04-15T07:17:58.106974
Ledige stillinger - navision i Stavanger | FINN Jobb,NO,www.finn.no,,,5,"Søk etter stilling, bransje eller selskap og finn din neste jobb i dag!",country_expansion_v5_no,1,CDQO,2026-04-15T07:17:58.106985
Vi har en visjon for din Navision - XACCT,NO,www.xacct.no,,,5,"Jun 6, 2020 · Vi har både kapasitet og kompetanse på Navision, men vi har også rykte på oss for å hjelpe virksomheter til å forenkle, standardisere og effektivisere. I sum betyr dette at virksomheter …",country_expansion_v5_no,1,CDQO,2026-04-15T07:17:58.106996
"7 navision Jobs in Norway, February 2024 | Glassdoor",NO,www.glassdoor.com,,,5,Search Navision jobs in Norway with company ratings & salaries. 7 open jobs for Navision in Norway.,country_expansion_v5_no,1,CDQO,2026-04-15T07:17:58.107006
Hire Microsoft Navision Consultants and Dynamics NAV …,AU,www.hiredynamicsdevelopers.com,,,5,Your dedicated Microsoft Dynamics NAV integration specialist will choose and deploy relevant ERP modules for your project. These optimized functionalities …,country_expansion_v5_au,1,CDQO,2026-04-15T07:17:58.107020
"Managing User Groups, Permissions, and Permission …",AU,stoneridgesoftware.com,,,5,"Jul 19, 2022 · Stoneridge Software has a team of experts who can help you navigate User Groups and Permission Settings in your Dynamics NAV and …",country_expansion_v5_au,1,CDQO,2026-04-15T07:17:58.107049
"Managing Users, Profiles, and Role Centers",AU,sf-109983.dynamicstocloud.com:49000,,,5,"The people in your company who have access to Dynamics NAV are all assigned a profile that gives them access to a Role Center. As an administrator, you can assign and change profiles in Dynamics …",country_expansion_v5_au,1,CDQO,2026-04-15T07:17:58.107074
Add Windows User to Dynamics NAV Using Windows …,AU,www.navuser.com,,,5,"Jul 6, 2021 · Here is the step-by-step guide about, how to add Windows users to Dynamics NAV using Windows PowerShell or NAV Administration Shell.",country_expansion_v5_au,1,CDQO,2026-04-15T07:17:58.107085
"Managing Users, Profiles, and Role Centers - LS Retail",AU,help.lscentral140.lsretail.com,,,5,"The people in your company who have access to Dynamics NAV are all assigned a profile that gives them access to a Role Center. As an administrator, you can assign and change profiles in Dynamics …",country_expansion_v5_au,1,CDQO,2026-04-15T07:17:58.107095
MICROSOFT BUSINESS SOLUTIONS—NAVISION,GB,download.microsoft.com,,,5,"Microsoft® Business Solutions—Navision® does just that, delivering an integrated business management solution that is ideal for growing, mid-market segment businesses.",country_expansion_v5_gb,1,CDQO,2026-04-15T07:17:58.107106
"28 navision jobs in London, United Kingdom, June 2024",GB,www.glassdoor.com.au,,,5,"Search Navision jobs in London, UK with company ratings & salaries. 28 open jobs for Navision in London.",country_expansion_v5_gb,1,CDQO,2026-04-15T07:17:58.107116
"Managing Users, Profiles, and Role Centers",GB,sf-109983.dynamicstocloud.com:49000,,,5,"The people in your company who have access to Dynamics NAV are all assigned a profile that gives them access to a Role Center. As an administrator, you can assign and change profiles in Dynamics …",country_expansion_v5_gb,1,CDQO,2026-04-15T07:17:58.107130
Add Windows User to Dynamics NAV Using Windows PowerShell,GB,www.navuser.com,,,5,"Jul 6, 2021 · Here is the step-by-step guide about, how to add Windows users to Dynamics NAV using Windows PowerShell or NAV Administration Shell.",country_expansion_v5_gb,1,CDQO,2026-04-15T07:17:58.107153
"Managing Users, Profiles, and Role Centers - LS Retail",GB,help.lscentral140.lsretail.com,,,5,"The people in your company who have access to Dynamics NAV are all assigned a profile that gives them access to a Role Center. As an administrator, you can assign and change profiles in Dynamics …",country_expansion_v5_gb,1,CDQO,2026-04-15T07:17:58.107164
"Managing Users, Profiles, and Role Centers",IT,sf-109983.dynamicstocloud.com:49000,,,5,"The people in your company who have access to Dynamics NAV are all assigned a profile that gives them access to a Role Center. As an administrator, you can assign and change profiles in Dynamics …",country_expansion_v5_it,1,CDQO,2026-04-15T07:17:58.107174
Add Windows User to Dynamics NAV Using Windows PowerShell,IT,www.navuser.com,,,5,"Jul 6, 2021 · Here is the step-by-step guide about, how to add Windows users to Dynamics NAV using Windows PowerShell or NAV Administration Shell.",country_expansion_v5_it,1,CDQO,2026-04-15T07:17:58.107184
"Managing Users, Profiles, and Role Centers - LS Retail",IT,help.lscentral140.lsretail.com,,,5,"The people in your company who have access to Dynamics NAV are all assigned a profile that gives them access to a Role Center. As an administrator, you can assign and change profiles in Dynamics …",country_expansion_v5_it,1,CDQO,2026-04-15T07:17:58.107195
¿Qué módulos existen en Dynamics Navision? - Formatalent,ES,formatalent.com,,,5,Descubre todos los módulos disponibles en Dynamics Navision y aprovecha al máximo sus capacidades y funcionalidades. Encuentra toda la información necesaria aquí.,country_expansion_v5_es,1,CDQO,2026-04-15T07:17:58.107209
"Perfil del Consultor Dynamics NAV: Funciones, Qué es y Desarrollo",ES,iwantic.com,,,5,"La arquitectura de Dynamics NAV se compone de varios elementos interconectados. Está diseñado para funcionar en un entorno cliente-servidor, lo que permite la interacción entre múltiples usuarios y …",country_expansion_v5_es,1,CDQO,2026-04-15T07:17:58.107233
"Managing Users, Profiles, and Role Centers",ES,sf-109983.dynamicstocloud.com:49000,,,5,"The people in your company who have access to Dynamics NAV are all assigned a profile that gives them access to a Role Center. As an administrator, you can assign and change profiles in Dynamics …",country_expansion_v5_es,1,CDQO,2026-04-15T07:17:58.107244
Add Windows User to Dynamics NAV Using Windows PowerShell,ES,www.navuser.com,,,5,"Jul 6, 2021 · Here is the step-by-step guide about, how to add Windows users to Dynamics NAV using Windows PowerShell or NAV Administration Shell.",country_expansion_v5_es,1,CDQO,2026-04-15T07:17:58.107254
"Managing Users, Profiles, and Role Centers - LS Retail",ES,help.lscentral140.lsretail.com,,,5,"The people in your company who have access to Dynamics NAV are all assigned a profile that gives them access to a Role Center. As an administrator, you can assign and change profiles in Dynamics …",country_expansion_v5_es,1,CDQO,2026-04-15T07:17:58.107264
MICROSOFT BUSINESS SOLUTIONS—NAVISION,CH,download.microsoft.com,,,5,"Microsoft® Business Solutions—Navision® does just that, delivering an integrated business management solution that is ideal for growing, mid-market segment businesses.",country_expansion_v5_ch,1,CDQO,2026-04-15T07:17:58.107274
"Managing Users, Profiles, and Role Centers",CH,sf-109983.dynamicstocloud.com:49000,,,5,"The people in your company who have access to Dynamics NAV are all assigned a profile that gives them access to a Role Center. As an administrator, you can assign and change profiles in Dynamics …",country_expansion_v5_ch,1,CDQO,2026-04-15T07:17:58.107288
Add Windows User to Dynamics NAV Using Windows PowerShell,CH,www.navuser.com,,,5,"Jul 6, 2021 · Here is the step-by-step guide about, how to add Windows users to Dynamics NAV using Windows PowerShell or NAV Administration Shell.",country_expansion_v5_ch,1,CDQO,2026-04-15T07:17:58.107310
"Managing Users, Profiles, and Role Centers - LS Retail",CH,help.lscentral140.lsretail.com,,,5,"The people in your company who have access to Dynamics NAV are all assigned a profile that gives them access to a Role Center. As an administrator, you can assign and change profiles in Dynamics …",country_expansion_v5_ch,1,CDQO,2026-04-15T07:17:58.107321
MICROSOFT BUSINESS SOLUTIONS—NAVISION,AT,download.microsoft.com,,,5,"Microsoft® Business Solutions—Navision® does just that, delivering an integrated business management solution that is ideal for growing, mid-market segment businesses.",country_expansion_v5_at,1,CDQO,2026-04-15T07:17:58.107332
"Managing Users, Profiles, and Role Centers",AT,sf-109983.dynamicstocloud.com:49000,,,5,"The people in your company who have access to Dynamics NAV are all assigned a profile that gives them access to a Role Center. As an administrator, you can assign and change profiles in Dynamics …",country_expansion_v5_at,1,CDQO,2026-04-15T07:17:58.107345
Add Windows User to Dynamics NAV Using Windows PowerShell,AT,www.navuser.com,,,5,"Jul 6, 2021 · Here is the step-by-step guide about, how to add Windows users to Dynamics NAV using Windows PowerShell or NAV Administration Shell.",country_expansion_v5_at,1,CDQO,2026-04-15T07:17:58.107366
"Managing Users, Profiles, and Role Centers - LS Retail",AT,help.lscentral140.lsretail.com,,,5,"The people in your company who have access to Dynamics NAV are all assigned a profile that gives them access to a Role Center. As an administrator, you can assign and change profiles in Dynamics …",country_expansion_v5_at,1,CDQO,2026-04-15T07:17:58.107377
MICROSOFT BUSINESS SOLUTIONS—NAVISION,BE,download.microsoft.com,,,5,"Microsoft® Business Solutions—Navision® does just that, delivering an integrated business management solution that is ideal for growing, mid-market segment businesses.",country_expansion_v5_be,1,CDQO,2026-04-15T07:17:58.107387
Dynamics NAV - GMI group,BE,www.gmigroup.be,,,5,Met meer dan 350 klanten kan GMI group als leidende Microsoft Dynamics NAV-speler uitpakken met de meest uitgebreide klantenbasis in België. Ontdek de …,country_expansion_v5_be,1,CDQO,2026-04-15T07:17:58.107398
Microsoft Nav Consultant - Brussels - 023086 - Microsoft Contractors,BE,www.microsoftcontractors.com,,,5,"Reporting to the NAV Business Unit Director, the right person will provide effective delivery of consultancy, through quality of implementation, delivery and knowledge of Microsoft Dynamics NAV …",country_expansion_v5_be,1,CDQO,2026-04-15T07:17:58.107418
"Product Availability, Localization & Translation Guide for Microsoft ...",BE,download.microsoft.com,,,5,"process of adapting software to meet language requirements is called translation. Since laws and regulations that affect businesses vary in each country, Microsoft Dynamics NAV software is not support",country_expansion_v5_be,1,CDQO,2026-04-15T07:17:58.107433
"Managing Users, Profiles, and Role Centers",BE,sf-109983.dynamicstocloud.com:49000,,,5,"The people in your company who have access to Dynamics NAV are all assigned a profile that gives them access to a Role Center. As an administrator, you can assign and change profiles in Dynamics …",country_expansion_v5_be,1,CDQO,2026-04-15T07:17:58.107458
Add Windows User to Dynamics NAV Using Windows PowerShell,BE,www.navuser.com,,,5,"Jul 6, 2021 · Here is the step-by-step guide about, how to add Windows users to Dynamics NAV using Windows PowerShell or NAV Administration Shell.",country_expansion_v5_be,1,CDQO,2026-04-15T07:17:58.107469
"Managing Users, Profiles, and Role Centers - LS Retail",BE,help.lscentral140.lsretail.com,,,5,"The people in your company who have access to Dynamics NAV are all assigned a profile that gives them access to a Role Center. As an administrator, you can assign and change profiles in Dynamics …",country_expansion_v5_be,1,CDQO,2026-04-15T07:17:58.107479
MICROSOFT BUSINESS SOLUTIONS—NAVISION,FI,download.microsoft.com,,,5,"Microsoft® Business Solutions—Navision® does just that, delivering an integrated business management solution that is ideal for growing, mid-market segment businesses.",country_expansion_v5_fi,1,CDQO,2026-04-15T07:17:58.107489
"Managing Users, Profiles, and Role Centers",FI,sf-109983.dynamicstocloud.com:49000,,,5,"The people in your company who have access to Dynamics NAV are all assigned a profile that gives them access to a Role Center. As an administrator, you can assign and change profiles in Dynamics …",country_expansion_v5_fi,1,CDQO,2026-04-15T07:17:58.107500
Add Windows User to Dynamics NAV Using Windows PowerShell,FI,www.navuser.com,,,5,"Jul 6, 2021 · Here is the step-by-step guide about, how to add Windows users to Dynamics NAV using Windows PowerShell or NAV Administration Shell.",country_expansion_v5_fi,1,CDQO,2026-04-15T07:17:58.107513
"Managing Users, Profiles, and Role Centers - LS Retail",FI,help.lscentral140.lsretail.com,,,5,"The people in your company who have access to Dynamics NAV are all assigned a profile that gives them access to a Role Center. As an administrator, you can assign and change profiles in Dynamics …",country_expansion_v5_fi,1,CDQO,2026-04-15T07:17:58.107535
MICROSOFT BUSINESS SOLUTIONS—NAVISION,IE,download.microsoft.com,,,5,"Microsoft® Business Solutions—Navision® does just that, delivering an integrated business management solution that is ideal for growing, mid-market segment businesses.",country_expansion_v5_ie,1,CDQO,2026-04-15T07:17:58.107546
Add Windows User to Dynamics NAV Using Windows …,IE,www.navuser.com,,,5,"Jul 6, 2021 · Here is the step-by-step guide about, how to add Windows users to Dynamics NAV using Windows PowerShell or NAV Administration Shell.",country_expansion_v5_ie,1,CDQO,2026-04-15T07:17:58.107556
"nav - Navision: Use ""New-NAVServerUser"" Powershell ... - Stack Overflow",IE,stackoverflow.com,,,5,"Jul 12, 2020 · So the overall goal is to get a new NavUser in Table ""User 2000000120"" on Page ""Users 9800"" and the User should base on a Windows Account. Thanks for answers! The Powershell …",country_expansion_v5_ie,1,CDQO,2026-04-15T07:17:58.107567
"Managing Users, Profiles, and Role Centers",IE,sf-109983.dynamicstocloud.com:49000,,,5,"The people in your company who have access to Dynamics NAV are all assigned a profile that gives them access to a Role Center. As an administrator, you can assign and change profiles in Dynamics …",country_expansion_v5_ie,1,CDQO,2026-04-15T07:17:58.107580
MICROSOFT BUSINESS SOLUTIONS—NAVISION,PT,download.microsoft.com,,,5,"Microsoft® Business Solutions—Navision® does just that, delivering an integrated business management solution that is ideal for growing, mid-market segment businesses.",country_expansion_v5_pt,1,CDQO,2026-04-15T07:17:58.107605
"Managing Users, Profiles, and Role Centers",PT,sf-109983.dynamicstocloud.com:49000,,,5,"The people in your company who have access to Dynamics NAV are all assigned a profile that gives them access to a Role Center. As an administrator, you can assign and change profiles in Dynamics …",country_expansion_v5_pt,1,CDQO,2026-04-15T07:17:58.107616
Add Windows User to Dynamics NAV Using Windows PowerShell,PT,www.navuser.com,,,5,"Jul 6, 2021 · Here is the step-by-step guide about, how to add Windows users to Dynamics NAV using Windows PowerShell or NAV Administration Shell.",country_expansion_v5_pt,1,CDQO,2026-04-15T07:17:58.107626
"Managing Users, Profiles, and Role Centers - LS Retail",PT,help.lscentral140.lsretail.com,,,5,"The people in your company who have access to Dynamics NAV are all assigned a profile that gives them access to a Role Center. As an administrator, you can assign and change profiles in Dynamics …",country_expansion_v5_pt,1,CDQO,2026-04-15T07:17:58.107637
MICROSOFT BUSINESS SOLUTIONS—NAVISION,GR,download.microsoft.com,,,5,"Microsoft® Business Solutions—Navision® does just that, delivering an integrated business management solution that is ideal for growing, mid-market segment businesses.",country_expansion_v5_gr,1,CDQO,2026-04-15T07:17:58.107691
"Managing Users, Profiles, and Role Centers",GR,sf-109983.dynamicstocloud.com:49000,,,5,"The people in your company who have access to Dynamics NAV are all assigned a profile that gives them access to a Role Center. As an administrator, you can assign and change profiles in Dynamics …",country_expansion_v5_gr,1,CDQO,2026-04-15T07:17:58.107711
Add Windows User to Dynamics NAV Using Windows PowerShell,GR,www.navuser.com,,,5,"Jul 6, 2021 · Here is the step-by-step guide about, how to add Windows users to Dynamics NAV using Windows PowerShell or NAV Administration Shell.",country_expansion_v5_gr,1,CDQO,2026-04-15T07:17:58.107737
"Managing Users, Profiles, and Role Centers - LS Retail",GR,help.lscentral140.lsretail.com,,,5,"The people in your company who have access to Dynamics NAV are all assigned a profile that gives them access to a Role Center. As an administrator, you can assign and change profiles in Dynamics …",country_expansion_v5_gr,1,CDQO,2026-04-15T07:17:58.107749
MICROSOFT BUSINESS SOLUTIONS—NAVISION,TR,download.microsoft.com,,,5,"Microsoft® Business Solutions—Navision® does just that, delivering an integrated business management solution that is ideal for growing, mid-market segment businesses.",country_expansion_v5_tr,1,CDQO,2026-04-15T07:17:58.107759
"Managing Users, Profiles, and Role Centers",TR,sf-109983.dynamicstocloud.com:49000,,,5,"The people in your company who have access to Dynamics NAV are all assigned a profile that gives them access to a Role Center. As an administrator, you can assign and change profiles in Dynamics …",country_expansion_v5_tr,1,CDQO,2026-04-15T07:17:58.107772
Add Windows User to Dynamics NAV Using Windows PowerShell,TR,www.navuser.com,,,5,"Jul 6, 2021 · Here is the step-by-step guide about, how to add Windows users to Dynamics NAV using Windows PowerShell or NAV Administration Shell.",country_expansion_v5_tr,1,CDQO,2026-04-15T07:17:58.107796
"Managing Users, Profiles, and Role Centers - LS Retail",TR,help.lscentral140.lsretail.com,,,5,"The people in your company who have access to Dynamics NAV are all assigned a profile that gives them access to a Role Center. As an administrator, you can assign and change profiles in Dynamics …",country_expansion_v5_tr,1,CDQO,2026-04-15T07:17:58.107807
MICROSOFT BUSINESS SOLUTIONS—NAVISION,IL,download.microsoft.com,,,5,"Microsoft® Business Solutions—Navision® does just that, delivering an integrated business management solution that is ideal for growing, mid-market segment businesses.",country_expansion_v5_il,1,CDQO,2026-04-15T07:17:58.107818
"Managing Users, Profiles, and Role Centers",IL,sf-109983.dynamicstocloud.com:49000,,,5,"The people in your company who have access to Dynamics NAV are all assigned a profile that gives them access to a Role Center. As an administrator, you can assign and change profiles in Dynamics …",country_expansion_v5_il,1,CDQO,2026-04-15T07:17:58.107828
Add Windows User to Dynamics NAV Using Windows PowerShell,IL,www.navuser.com,,,5,"Jul 6, 2021 · Here is the step-by-step guide about, how to add Windows users to Dynamics NAV using Windows PowerShell or NAV Administration Shell.",country_expansion_v5_il,1,CDQO,2026-04-15T07:17:58.107838
"Managing Users, Profiles, and Role Centers - LS Retail",IL,help.lscentral140.lsretail.com,,,5,"The people in your company who have access to Dynamics NAV are all assigned a profile that gives them access to a Role Center. As an administrator, you can assign and change profiles in Dynamics …",country_expansion_v5_il,1,CDQO,2026-04-15T07:17:58.107869
MICROSOFT BUSINESS SOLUTIONS—NAVISION,AE,download.microsoft.com,,,5,"Microsoft® Business Solutions—Navision® does just that, delivering an integrated business management solution that is ideal for growing, mid-market segment businesses.",country_expansion_v5_ae,1,CDQO,2026-04-15T07:17:58.107884
"Managing Users, Profiles, and Role Centers",AE,sf-109983.dynamicstocloud.com:49000,,,5,"The people in your company who have access to Dynamics NAV are all assigned a profile that gives them access to a Role Center. As an administrator, you can assign and change profiles in Dynamics …",country_expansion_v5_ae,1,CDQO,2026-04-15T07:17:58.107907
Add Windows User to Dynamics NAV Using Windows PowerShell,AE,www.navuser.com,,,5,"Jul 6, 2021 · Here is the step-by-step guide about, how to add Windows users to Dynamics NAV using Windows PowerShell or NAV Administration Shell.",country_expansion_v5_ae,1,CDQO,2026-04-15T07:17:58.107918
"Managing Users, Profiles, and Role Centers - LS Retail",AE,help.lscentral140.lsretail.com,,,5,"The people in your company who have access to Dynamics NAV are all assigned a profile that gives them access to a Role Center. As an administrator, you can assign and change profiles in Dynamics …",country_expansion_v5_ae,1,CDQO,2026-04-15T07:17:58.107928
MICROSOFT BUSINESS SOLUTIONS—NAVISION,SG,download.microsoft.com,,,5,"Microsoft® Business Solutions—Navision® does just that, delivering an integrated business management solution that is ideal for growing, mid-market segment businesses.",country_expansion_v5_sg,1,CDQO,2026-04-15T07:17:58.107938
Add Windows User to Dynamics NAV Using Windows …,SG,www.navuser.com,,,5,"Jul 6, 2021 · Here is the step-by-step guide about, how to add Windows users to Dynamics NAV using Windows PowerShell or NAV Administration Shell.",country_expansion_v5_sg,1,CDQO,2026-04-15T07:17:58.107952
"Managing Users, Profiles, and Role Centers",SG,sf-109983.dynamicstocloud.com:49000,,,5,"The people in your company who have access to Dynamics NAV are all assigned a profile that gives them access to a Role Center. As an administrator, you can assign and change profiles in Dynamics …",country_expansion_v5_sg,1,CDQO,2026-04-15T07:17:58.107977
MICROSOFT BUSINESS SOLUTIONS—NAVISION,MY,download.microsoft.com,,,5,"Microsoft® Business Solutions—Navision® does just that, delivering an integrated business management solution that is ideal for growing, mid-market segment businesses.",country_expansion_v5_my,1,CDQO,2026-04-15T07:17:58.107988
"40 Navision Jobs in Petaling Jaya, August 2023 | Glassdoor",MY,www.glassdoor.com,,,5,Search Navision jobs in Petaling Jaya with company ratings & salaries. 40 open jobs for Navision in Petaling Jaya.,country_expansion_v5_my,1,CDQO,2026-04-15T07:17:58.107999
Agensi Pekerjaan Tech Staffing Sdn Bhd on LinkedIn: #hiring,MY,www.linkedin.com,,,5,"We're #hiring a new Navision Consultant in Petaling Jaya, Selangor. Apply today or share this post with your network.",country_expansion_v5_my,1,CDQO,2026-04-15T07:17:58.108009
15 Jobs als Navision in: Petaling Jaya - Glassdoor,MY,www.glassdoor.de,,,5,Nach Navision-Jobs in Petaling Jaya mit Bewertungen und Gehältern suchen. 15 Jobs für Navision in Petaling Jaya.,country_expansion_v5_my,1,CDQO,2026-04-15T07:17:58.108022
"18 navision jobs in Malaysia, December 2025 | Glassdoor",MY,www.glassdoor.ca,,,5,Search Navision jobs in Malaysia with company ratings & salaries. 18 open jobs for Navision in Malaysia.,country_expansion_v5_my,1,CDQO,2026-04-15T07:17:58.108045
"13 navision jobs in Subang Jaya, April 2025 | Glassdoor",MY,www.glassdoor.sg,,,5,Search Navision jobs in Subang Jaya with company ratings & salaries. 13 open jobs for Navision in Subang Jaya.,country_expansion_v5_my,1,CDQO,2026-04-15T07:17:58.108055
Add Windows User to Dynamics NAV Using Windows …,MY,www.navuser.com,,,5,"Jul 6, 2021 · Here is the step-by-step guide about, how to add Windows users to Dynamics NAV using Windows PowerShell or NAV Administration Shell.",country_expansion_v5_my,1,CDQO,2026-04-15T07:17:58.108065
"Managing Users, Profiles, and Role Centers",MY,sf-109983.dynamicstocloud.com:49000,,,5,"The people in your company who have access to Dynamics NAV are all assigned a profile that gives them access to a Role Center. As an administrator, you can assign and change profiles in Dynamics …",country_expansion_v5_my,1,CDQO,2026-04-15T07:17:58.108075
MICROSOFT BUSINESS SOLUTIONS—NAVISION,TH,download.microsoft.com,,,5,"Microsoft® Business Solutions—Navision® does just that, delivering an integrated business management solution that is ideal for growing, mid-market segment businesses.",country_expansion_v5_th,1,CDQO,2026-04-15T07:17:58.108086
Add Windows User to Dynamics NAV Using Windows …,TH,www.navuser.com,,,5,"Jul 6, 2021 · Here is the step-by-step guide about, how to add Windows users to Dynamics NAV using Windows PowerShell or NAV Administration Shell.",country_expansion_v5_th,1,CDQO,2026-04-15T07:17:58.108096
"Managing Users, Profiles, and Role Centers",TH,sf-109983.dynamicstocloud.com:49000,,,5,"The people in your company who have access to Dynamics NAV are all assigned a profile that gives them access to a Role Center. As an administrator, you can assign and change profiles in Dynamics …",country_expansion_v5_th,1,CDQO,2026-04-15T07:17:58.108109
MICROSOFT BUSINESS SOLUTIONS—NAVISION,PH,download.microsoft.com,,,5,"Microsoft® Business Solutions—Navision® does just that, delivering an integrated business management solution that is ideal for growing, mid-market segment businesses.",country_expansion_v5_ph,1,CDQO,2026-04-15T07:17:58.108132
"Managing Users, Profiles, and Role Centers",PH,sf-109983.dynamicstocloud.com:49000,,,5,"The people in your company who have access to Dynamics NAV are all assigned a profile that gives them access to a Role Center. As an administrator, you can assign and change profiles in Dynamics …",country_expansion_v5_ph,1,CDQO,2026-04-15T07:17:58.108143
Add Windows User to Dynamics NAV Using Windows PowerShell,PH,www.navuser.com,,,5,"Jul 6, 2021 · Here is the step-by-step guide about, how to add Windows users to Dynamics NAV using Windows PowerShell or NAV Administration Shell.",country_expansion_v5_ph,1,CDQO,2026-04-15T07:17:58.108153
"Managing Users, Profiles, and Role Centers - LS Retail",PH,help.lscentral140.lsretail.com,,,5,"The people in your company who have access to Dynamics NAV are all assigned a profile that gives them access to a Role Center. As an administrator, you can assign and change profiles in Dynamics …",country_expansion_v5_ph,1,CDQO,2026-04-15T07:17:58.108164
MICROSOFT BUSINESS SOLUTIONS—NAVISION,CA,download.microsoft.com,,,5,"Microsoft® Business Solutions—Navision® does just that, delivering an integrated business management solution that is ideal for growing, mid-market segment businesses.",country_expansion_v5_ca,1,CDQO,2026-04-15T07:17:58.108177
N-Direction - MBS Dynamics NAV Montreal Quebec Canada USA …,CA,n-direction.com,,,5,"Forging lasting partnerships, the N-Direction team works to optimize business opportunities and to promote growth by implementing solutions tailored to the clients’ needs.N>Direction is a licensed partner / reseller of the Microsoft Dynamics NAV Business Solution software. The founding partners of N>Direction are all Micros…",country_expansion_v5_ca,1,CDQO,2026-04-15T07:17:58.108200
Why work with a Dynamics NAV partner in Montreal? - Gestisoft,CA,www.gestisoft.com,,,5,"Sep 19, 2025 · To be sure you are optimizing your process to the maximum and using your ERP to its full potential, call a trusting Dynamics NAV partner in Montreal or in the surrounding area.",country_expansion_v5_ca,1,CDQO,2026-04-15T07:17:58.108212
"3,000+ Navision Consultant jobs in United States - LinkedIn",CA,www.linkedin.com,,,5,"Today's top 3,000+ Navision Consultant jobs in United States. Leverage your professional network, and get hired. New Navision Consultant jobs added daily.",country_expansion_v5_ca,1,CDQO,2026-04-15T07:17:58.108226
Hire Microsoft Navision Consultants and Dynamics NAV Developers,CA,www.hiredynamicsdevelopers.com,,,5,Your dedicated Microsoft Dynamics NAV integration specialist will choose and deploy relevant ERP modules for your project. These optimized functionalities will help to trace and coordinate core tasks.,country_expansion_v5_ca,1,CDQO,2026-04-15T07:17:58.108249
6 Microsoft navision developer jobs in United States | Glassdoor,CA,www.glassdoor.com,,,5,Search Microsoft navision developer jobs. Get the right Microsoft navision developer job with company ratings & salaries. 6 open jobs for Microsoft navision developer.,country_expansion_v5_ca,1,CDQO,2026-04-15T07:17:58.108261
"Managing Users, Profiles, and Role Centers",CA,sf-109983.dynamicstocloud.com:49000,,,5,"The people in your company who have access to Dynamics NAV are all assigned a profile that gives them access to a Role Center. As an administrator, you can assign and change profiles in Dynamics …",country_expansion_v5_ca,1,CDQO,2026-04-15T07:17:58.108271
Add Windows User to Dynamics NAV Using Windows PowerShell,CA,www.navuser.com,,,5,"Jul 6, 2021 · Here is the step-by-step guide about, how to add Windows users to Dynamics NAV using Windows PowerShell or NAV Administration Shell.",country_expansion_v5_ca,1,CDQO,2026-04-15T07:17:58.108282
"Managing Users, Profiles, and Role Centers - LS Retail",CA,help.lscentral140.lsretail.com,,,5,"The people in your company who have access to Dynamics NAV are all assigned a profile that gives them access to a Role Center. As an administrator, you can assign and change profiles in Dynamics …",country_expansion_v5_ca,1,CDQO,2026-04-15T07:17:58.108292
MICROSOFT BUSINESS SOLUTIONS—NAVISION,ZA,download.microsoft.com,,,5,"Microsoft® Business Solutions—Navision® does just that, delivering an integrated business management solution that is ideal for growing, mid-market segment businesses.",country_expansion_v5_za,1,CDQO,2026-04-15T07:17:58.108302
"Ms Dynamics Nav Developer Jobs in Port Elizabeth, Eastern Cape",ZA,www.joblife.co.za,,,5,"Hurry! 418 Ms Dynamics Nav Developer Jobs, Vacancies in Port Elizabeth, Eastern Cape available now on joblife.co.za, the best source for jobs in South Africa. Apply Today!",country_expansion_v5_za,1,CDQO,2026-04-15T07:17:58.108315
Dynamics Nav Finance Business Jobs in Port Elizabeth,ZA,www.zigo.co.za,,,5,"Engineering Manager Business Capital Group Port Elizabeth The successful candidate will be responsible to provide leadership, technical direction and guidance to the hospital engineering …",country_expansion_v5_za,1,CDQO,2026-04-15T07:17:58.108338
245+ Navision Developer Jobs in Port Elizabeth | joblife.co.za,ZA,www.joblife.co.za,,,5,"Hurry! 246 Navision Developer Jobs, Vacancies in Port Elizabeth available now on joblife.co.za, the best source for jobs in South Africa. Apply Today!",country_expansion_v5_za,1,CDQO,2026-04-15T07:17:58.108349
"3,000+ Navision Consultant jobs in United States - LinkedIn",ZA,www.linkedin.com,,,5,"Today's top 3,000+ Navision Consultant jobs in United States. Leverage your professional network, and get hired. New Navision Consultant jobs added daily.",country_expansion_v5_za,1,CDQO,2026-04-15T07:17:58.108359
Hire Microsoft Navision Consultants and Dynamics NAV Developers,ZA,www.hiredynamicsdevelopers.com,,,5,Your dedicated Microsoft Dynamics NAV integration specialist will choose and deploy relevant ERP modules for your project. These optimized functionalities will help to trace and coordinate core tasks.,country_expansion_v5_za,1,CDQO,2026-04-15T07:17:58.108369
6 Microsoft navision developer jobs in United States | Glassdoor,ZA,www.glassdoor.com,,,5,Search Microsoft navision developer jobs. Get the right Microsoft navision developer job with company ratings & salaries. 6 open jobs for Microsoft navision developer.,country_expansion_v5_za,1,CDQO,2026-04-15T07:17:58.108380
"Managing Users, Profiles, and Role Centers",ZA,sf-109983.dynamicstocloud.com:49000,,,5,"The people in your company who have access to Dynamics NAV are all assigned a profile that gives them access to a Role Center. As an administrator, you can assign and change profiles in Dynamics …",country_expansion_v5_za,1,CDQO,2026-04-15T07:17:58.108391
Add Windows User to Dynamics NAV Using Windows PowerShell,ZA,www.navuser.com,,,5,"Jul 6, 2021 · Here is the step-by-step guide about, how to add Windows users to Dynamics NAV using Windows PowerShell or NAV Administration Shell.",country_expansion_v5_za,1,CDQO,2026-04-15T07:17:58.108401
"Managing Users, Profiles, and Role Centers - LS Retail",ZA,help.lscentral140.lsretail.com,,,5,"The people in your company who have access to Dynamics NAV are all assigned a profile that gives them access to a Role Center. As an administrator, you can assign and change profiles in Dynamics …",country_expansion_v5_za,1,CDQO,2026-04-15T07:17:58.108423
About DEEX Korea 딕스코리아를 말하다 - 딕스코리아 DEEX Korea,KR,deex.co.kr,,,5,Microsoft Dynamics NAV 의 한국어 번역과 한국 부가세 처리 및 신고를 위한 모듈을 개발합니다. 완구 제조업체인 오로라 월드의 미국법인 ERP 프로젝트를 진행합니다. 전체 매출 9억원 중에서 수출 비중이 …,country_expansion_v5_kr,1,CDQO,2026-04-15T07:17:58.108452
"Managing Users, Profiles, and Role Centers",KR,sf-109983.dynamicstocloud.com:49000,,,5,"The people in your company who have access to Dynamics NAV are all assigned a profile that gives them access to a Role Center. As an administrator, you can assign and change profiles in Dynamics …",country_expansion_v5_kr,1,CDQO,2026-04-15T07:17:58.108463
Add Windows User to Dynamics NAV Using Windows PowerShell,KR,www.navuser.com,,,5,"Jul 6, 2021 · Here is the step-by-step guide about, how to add Windows users to Dynamics NAV using Windows PowerShell or NAV Administration Shell.",country_expansion_v5_kr,1,CDQO,2026-04-15T07:17:58.108474
"Managing Users, Profiles, and Role Centers - LS Retail",KR,help.lscentral140.lsretail.com,,,5,"The people in your company who have access to Dynamics NAV are all assigned a profile that gives them access to a Role Center. As an administrator, you can assign and change profiles in Dynamics …",country_expansion_v5_kr,1,CDQO,2026-04-15T07:17:58.108484
MICROSOFT BUSINESS SOLUTIONS—NAVISION,JP,download.microsoft.com,,,5,"Microsoft® Business Solutions—Navision® does just that, delivering an integrated business management solution that is ideal for growing, mid-market segment businesses.",country_expansion_v5_jp,1,CDQO,2026-04-15T07:17:58.108494
海外拠点に導入したDynamics NAVの刷新をグローバル …,JP,www.cloud-for-all.com,,,5,本資料では、海外拠点のERPを有効活用するための視点と、システム刷新における実践的なアプローチについて、Dynamics ERPのグローバル導入に特化して事 …,country_expansion_v5_jp,1,CDQO,2026-04-15T07:17:58.108508
"Managing Users, Profiles, and Role Centers",JP,sf-109983.dynamicstocloud.com:49000,,,5,"The people in your company who have access to Dynamics NAV are all assigned a profile that gives them access to a Role Center. As an administrator, you can assign and change profiles in Dynamics …",country_expansion_v5_jp,1,CDQO,2026-04-15T07:17:58.108531
Add Windows User to Dynamics NAV Using Windows PowerShell,JP,www.navuser.com,,,5,"Jul 6, 2021 · Here is the step-by-step guide about, how to add Windows users to Dynamics NAV using Windows PowerShell or NAV Administration Shell.",country_expansion_v5_jp,1,CDQO,2026-04-15T07:17:58.108541
"Managing Users, Profiles, and Role Centers - LS Retail",JP,help.lscentral140.lsretail.com,,,5,"The people in your company who have access to Dynamics NAV are all assigned a profile that gives them access to a Role Center. As an administrator, you can assign and change profiles in Dynamics …",country_expansion_v5_jp,1,CDQO,2026-04-15T07:17:58.108552
MICROSOFT BUSINESS SOLUTIONS—NAVISION,MX,download.microsoft.com,,,5,"Microsoft® Business Solutions—Navision® does just that, delivering an integrated business management solution that is ideal for growing, mid-market segment businesses.",country_expansion_v5_mx,1,CDQO,2026-04-15T07:17:58.108562
18 Navision consultant jobs in United States | Glassdoor,MX,www.glassdoor.com,,,5,Search Navision consultant jobs. Get the right Navision consultant job with company ratings & salaries. 18 open jobs for Navision consultant.,country_expansion_v5_mx,1,CDQO,2026-04-15T07:17:58.108575
Hire Microsoft Navision Consultants and Dynamics NAV …,MX,www.hiredynamicsdevelopers.com,,,5,We formulate a profile for the perfect Microsoft Navision developer according to your needs and then embark on the journey to find them across various platforms.,country_expansion_v5_mx,1,CDQO,2026-04-15T07:17:58.108597
Se necesita urgente! Trabajo de consultor navision: 280 ofertas ...,MX,es.jobsora.com,,,5,Una consultora de selección de talento busca un/a Técnico/a de Desarrollo Microsoft Dynamics NAV (Navision) en Madrid. La misión es diseñar y desarrollar soluciones en un entorno colaborativo y …,country_expansion_v5_mx,1,CDQO,2026-04-15T07:17:58.108609
Empleo Navision|Consultores y Programadores Navision|Trabajo …,MX,empleonav.ayudaconnavision.com,,,5,"Actualmente se han puesto en contacto con nosotros para un proceso de selección de dos Consultores NAV ( uno en México, otro en Perú) para un proyecto de unos 4 meses de duración (ampliables en …",country_expansion_v5_mx,1,CDQO,2026-04-15T07:17:58.108638
Expert Microsoft Dynamics NAVISION Consulting Services,MX,itransfluence.com,,,5,"Our services cover every aspect of Dynamics NAVISION, including software development, business process re-engineering, and system customization. Whether you’re upgrading legacy systems, …",country_expansion_v5_mx,1,CDQO,2026-04-15T07:17:58.108671
"Perfil del Desarrollador de Navision: Qué es, Funciones y Empleo",MX,iwantic.com,,,5,"El rol de un desarrollador de Navision es crucial en el entorno empresarial moderno. Estos profesionales son responsables de personalizar y optimizar el software de gestión empresarial, …",country_expansion_v5_mx,1,CDQO,2026-04-15T07:17:58.108687
¿Qué módulos existen en Dynamics Navision? - Formatalent,MX,formatalent.com,,,5,Descubre todos los módulos disponibles en Dynamics Navision y aprovecha al máximo sus capacidades y funcionalidades. Encuentra toda la información necesaria aquí.,country_expansion_v5_mx,1,CDQO,2026-04-15T07:17:58.108715
"Perfil del Consultor Dynamics NAV: Funciones, Qué es y Desarrollo",MX,iwantic.com,,,5,"La arquitectura de Dynamics NAV se compone de varios elementos interconectados. Está diseñado para funcionar en un entorno cliente-servidor, lo que permite la interacción entre múltiples usuarios y …",country_expansion_v5_mx,1,CDQO,2026-04-15T07:17:58.108727
"Managing Users, Profiles, and Role Centers - LS Retail",MX,help.lscentral140.lsretail.com,,,5,"The people in your company who have access to Dynamics NAV are all assigned a profile that gives them access to a Role Center. As an administrator, you can assign and change profiles in Dynamics …",country_expansion_v5_mx,1,CDQO,2026-04-15T07:17:58.108738
Add Windows User With Permissions Using SQL Query …,MX,www.navuser.com,,,5,"Jul 5, 2021 · The SQL query to add Windows users with permission set for Microsoft Dynamics Navision. This is one of the easy methods to add users to NAV.",country_expansion_v5_mx,1,CDQO,2026-04-15T07:17:58.108749
"Managing Users, Profiles, and Role Centers",MX,sf-109983.dynamicstocloud.com:49000,,,5,"The people in your company who have access to Dynamics NAV are all assigned a profile that gives them access to a Role Center. As an administrator, you can assign and change profiles in Dynamics …",country_expansion_v5_mx,1,CDQO,2026-04-15T07:17:58.108763
Add Windows User to Dynamics NAV Using Windows PowerShell,MX,www.navuser.com,,,5,"Jul 6, 2021 · Here is the step-by-step guide about, how to add Windows users to Dynamics NAV using Windows PowerShell or NAV Administration Shell.",country_expansion_v5_mx,1,CDQO,2026-04-15T07:17:58.108786
Импакт-Софт: ERP-системы Microsoft Dynamics …,RU,impactsoft.ru,,,5,Компания Импакт-Софт является лидером по выполненным проектам по внедрению системы Microsoft Dynamics NAV (ранее Navision). Именно …,country_expansion_v5_ru,1,CDQO,2026-04-15T07:17:58.108798
Переход с Microsoft Navision на 1С – новые …,RU,dp-consulting.ru,,,5,"Узнайте, как перейти с Microsoft Navision на 1С с минимальными затратами времени и ресурсов.",country_expansion_v5_ru,1,CDQO,2026-04-15T07:17:58.108809
Стратегический ERP-полигон для Navision и Microsoft - Россия,RU,www.itweek.ru,,,5,"Присутствовавший на конференции Фредерик Леридон, менеджер Microsoft по глобальному альянсу с Navision в регионе EMEA, подтвердил ранее звучавшее мнение, что российское …",country_expansion_v5_ru,1,CDQO,2026-04-15T07:17:58.108823
| Вопросы и ответы по Navision a.k.a. FAQ | Navision,RU,naviart.ru,,,5,"Вопросы и ответы по Navision a.k.a. FAQ В этом разделе собраны вопросы, которые присылают читатели нашей рассылки. На все вопросы стараемся …",country_expansion_v5_ru,1,CDQO,2026-04-15T07:17:58.108847
MICROSOFT BUSINESS SOLUTIONS—NAVISION,RU,download.microsoft.com,,,5,"Microsoft® Business Solutions—Navision® does just that, delivering an integrated business management solution that is ideal for growing, mid-market segment businesses.",country_expansion_v5_ru,1,CDQO,2026-04-15T07:17:58.108858
Вакансии программиста navision на полный рабочий день в …,RU,eburg.rabota.ru,,,5,Работа программистом navision в Екатеринбурге с зарплатой до 150 000 рублей. Найдено 10 свежих вакансий программиста navision в Екатеринбурге на сайте Rabota.ru.,country_expansion_v5_ru,1,CDQO,2026-04-15T07:17:58.108872
"Зарплата Программиста Navision в Екатеринбурге за 2025 год, …",RU,ekaterinburg.gorodrabot.ru,,,5,Сколько зарабатывает Программист Navision в Екатеринбурге? Статистика рынка труда 2025 года в Екатеринбурге на ГородРабот.ру. Уровень средних зарплат по профессиям и отраслям.,country_expansion_v5_ru,1,CDQO,2026-04-15T07:17:58.108895
"Кто такой программист navision - обзор профессии, кто такой и …",RU,azbukakursov.ru,,,5,"Mar 15, 2026 · Программист Navision — это специалист, занимающийся разработкой, настройкой и поддержкой бизнес-приложений на платформе Microsoft Dynamics NAV (Navision). Он пишет …",country_expansion_v5_ru,1,CDQO,2026-04-15T07:17:58.108907
ERP на базе NAV - Компания RBS,RU,r-bs.ru,,,5,Real Business Systems предлагает отраслевые решения на базе Microsoft Dynamics NAV для автоматизации бизнес-процессов в различных отраслях.,country_expansion_v5_ru,1,CDQO,2026-04-15T07:17:58.108918
Поиск резюме программиста Navision в Ростове-на-Дону,RU,rostov.hh.ru,,,5,Актуальный поиск резюме программиста Navision в Ростове-на-Дону. Более 19 лет rostov.hh.ru помогает работодателям находить программистов Navision в базе резюме.,country_expansion_v5_ru,1,CDQO,2026-04-15T07:17:58.108931
О нас - naviserv.ru,RU,www.naviserv.ru,,,5,"Основная специализация компании «НавиСерв» — реализация проектов комплексной автоматизации предприятий на базе широко известной ERP-системы Microsoft Dynamics NAV, …",country_expansion_v5_ru,1,CDQO,2026-04-15T07:17:58.108954
Резюме Ms dynamics nav в Ростове на Дону | Поиск по базе резюме …,RU,rostov.careerist.ru,,,5,1 Свежих резюме на должность Ms dynamics nav в Ростове на Дону Поиск кандидатов по базе резюме Careerist.ru,country_expansion_v5_ru,1,CDQO,2026-04-15T07:17:58.108965
Консультант Navision - Ростов-на-Дону Работа Вакансии Поиск …,RU,job.rin.ru,,,5,Консультант Navision Ростов-на-Дону Разработчик/консультант Navision Санкт-Петербург Эксперт/Лидер группы/Старший консультант Navision Москва Программист/консультант …,country_expansion_v5_ru,1,CDQO,2026-04-15T07:17:58.108976
Программист Navision. Ростов-на-Дону - Рынок труда Microsoft …,RU,axforum.info,,,5,"Jan 10, 2008 · Программист Axapta, г. Ростов-на-Дону Lidia Рынок труда Microsoft Dynamics 0 01.10.2008 11:13 Программист Navision, Киев Ingrid Рынок труда Microsoft Dynamics 0 23.07.2008 …",country_expansion_v5_ru,1,CDQO,2026-04-15T07:17:58.108986
Переход с Navision на 1С,RU,www.klerk.ru,,,5,"Oct 29, 2024 · На этом этапе наша команда профессионалов приступает к моделированию ваших бизнес-процессов на новом программном продукте, настраивает и, при необходимости, …",country_expansion_v5_ru,1,CDQO,2026-04-15T07:17:58.108996
Программа Navision. Обзор системы Microsoft Navision.,RU,www.clouderp.ru,,,5,"Oct 10, 2024 · По сравнению с версией NAV 4.0, в новую версию внесено более 300 важных изменений, в т.ч. поддержка Office XML (данные теперь …",country_expansion_v5_ru,1,CDQO,2026-04-15T07:17:58.109009
New-NAVServerUser (Microsoft.Dynamics.Nav.Management) - Dynamics NAV,RU,learn.microsoft.com,,,5,This key must be at least 8 characters and contain combination of uppercase and lowercase letters and numbers. The authentication key is entered by the user the first time that the user logs on to Business …,country_expansion_v5_ru,1,CDQO,2026-04-15T07:17:58.109031
"Managing Users, Profiles, and Role Centers - LS Retail",RU,help.lscentral140.lsretail.com,,,5,"The people in your company who have access to Dynamics NAV are all assigned a profile that gives them access to a Role Center. As an administrator, you can assign and change profiles in Dynamics …",country_expansion_v5_ru,1,CDQO,2026-04-15T07:17:58.109043
Add Windows User With Permissions Using SQL Query of Dynamics NAV,RU,www.navuser.com,,,5,"Jul 5, 2021 · The SQL query to add Windows users with permission set for Microsoft Dynamics Navision. This is one of the easy methods to add users to NAV.",country_expansion_v5_ru,1,CDQO,2026-04-15T07:17:58.109053
"Managing Users, Profiles, and Role Centers",RU,sf-109983.dynamicstocloud.com:49000,,,5,"The people in your company who have access to Dynamics NAV are all assigned a profile that gives them access to a Role Center. As an administrator, you can assign and change profiles in Dynamics …",country_expansion_v5_ru,1,CDQO,2026-04-15T07:17:58.109064
Add Windows User to Dynamics NAV Using Windows PowerShell,RU,www.navuser.com,,,5,"Jul 6, 2021 · Here is the step-by-step guide about, how to add Windows users to Dynamics NAV using Windows PowerShell or NAV Administration Shell.",country_expansion_v5_ru,1,CDQO,2026-04-15T07:17:58.109075
MICROSOFT BUSINESS SOLUTIONS—NAVISION,CN,download.microsoft.com,,,5,"Microsoft® Business Solutions—Navision® does just that, delivering an integrated business management solution that is ideal for growing, mid-market segment businesses.",country_expansion_v5_cn,1,CDQO,2026-04-15T07:17:58.109086
Buy ms dynamics navision Software Solutions | Bettersoft Inc,CN,www.alibaba.com,,,5,"Discover premium ms dynamics navision software with online activation, multilingual support, and lifelong use. Shop reliable ERP solutions for business efficiency today.",country_expansion_v5_cn,1,CDQO,2026-04-15T07:17:58.109100
New-NAVServerUser (Microsoft.Dynamics.Nav.Management) - Dynamics NAV,CN,learn.microsoft.com,,,5,This key must be at least 8 characters and contain combination of uppercase and lowercase letters and numbers. The authentication key is entered by the user the first time that the user logs on to Business …,country_expansion_v5_cn,1,CDQO,2026-04-15T07:17:58.109123
"Managing Users, Profiles, and Role Centers - LS Retail",CN,help.lscentral140.lsretail.com,,,5,"The people in your company who have access to Dynamics NAV are all assigned a profile that gives them access to a Role Center. As an administrator, you can assign and change profiles in Dynamics …",country_expansion_v5_cn,1,CDQO,2026-04-15T07:17:58.109134
Add Windows User With Permissions Using SQL Query of Dynamics NAV,CN,www.navuser.com,,,5,"Jul 5, 2021 · The SQL query to add Windows users with permission set for Microsoft Dynamics Navision. This is one of the easy methods to add users to NAV.",country_expansion_v5_cn,1,CDQO,2026-04-15T07:17:58.109144
"Managing Users, Profiles, and Role Centers",CN,sf-109983.dynamicstocloud.com:49000,,,5,"The people in your company who have access to Dynamics NAV are all assigned a profile that gives them access to a Role Center. As an administrator, you can assign and change profiles in Dynamics …",country_expansion_v5_cn,1,CDQO,2026-04-15T07:17:58.109155
Add Windows User to Dynamics NAV Using Windows PowerShell,CN,www.navuser.com,,,5,"Jul 6, 2021 · Here is the step-by-step guide about, how to add Windows users to Dynamics NAV using Windows PowerShell or NAV Administration Shell.",country_expansion_v5_cn,1,CDQO,2026-04-15T07:17:58.109165
MICROSOFT BUSINESS SOLUTIONS—NAVISION,VN,download.microsoft.com,,,5,"Microsoft® Business Solutions—Navision® does just that, delivering an integrated business management solution that is ideal for growing, mid-market segment businesses.",country_expansion_v5_vn,1,CDQO,2026-04-15T07:17:58.109178
New-NAVServerUser (Microsoft.Dynamics.Nav.Management) - Dynamics NAV,VN,learn.microsoft.com,,,5,This key must be at least 8 characters and contain combination of uppercase and lowercase letters and numbers. The authentication key is entered by the user the first time that the user logs on to Business …,country_expansion_v5_vn,1,CDQO,2026-04-15T07:17:58.109200
"Managing Users, Profiles, and Role Centers - LS Retail",VN,help.lscentral140.lsretail.com,,,5,"The people in your company who have access to Dynamics NAV are all assigned a profile that gives them access to a Role Center. As an administrator, you can assign and change profiles in Dynamics …",country_expansion_v5_vn,1,CDQO,2026-04-15T07:17:58.109211
Add Windows User With Permissions Using SQL Query of Dynamics NAV,VN,www.navuser.com,,,5,"Jul 5, 2021 · The SQL query to add Windows users with permission set for Microsoft Dynamics Navision. This is one of the easy methods to add users to NAV.",country_expansion_v5_vn,1,CDQO,2026-04-15T07:17:58.109222
"Managing Users, Profiles, and Role Centers",VN,sf-109983.dynamicstocloud.com:49000,,,5,"The people in your company who have access to Dynamics NAV are all assigned a profile that gives them access to a Role Center. As an administrator, you can assign and change profiles in Dynamics …",country_expansion_v5_vn,1,CDQO,2026-04-15T07:17:58.109232
Add Windows User to Dynamics NAV Using Windows PowerShell,VN,www.navuser.com,,,5,"Jul 6, 2021 · Here is the step-by-step guide about, how to add Windows users to Dynamics NAV using Windows PowerShell or NAV Administration Shell.",country_expansion_v5_vn,1,CDQO,2026-04-15T07:17:58.109245
MICROSOFT BUSINESS SOLUTIONS—NAVISION,ID,download.microsoft.com,,,5,"Microsoft® Business Solutions—Navision® does just that, delivering an integrated business management solution that is ideal for growing, mid-market segment businesses.",country_expansion_v5_id,1,CDQO,2026-04-15T07:17:58.109267
Optimalisasi Gudang Navision Melalui Prieds WMS,ID,prieds.szetoconsultants.com,,,5,"13 hours ago · Sebagai konsultan resmi Prieds, Szeto Consultants memahami bahwa kunci transformasi adalah integrasi yang cerdas, bukan penggantian total sistem yang sudah mapan. Prieds WMS …",country_expansion_v5_id,1,CDQO,2026-04-15T07:17:58.109278
Hire Microsoft Navision Consultants and Dynamics NAV …,ID,www.hiredynamicsdevelopers.com,,,5,Our seasoned NAV/BC developers offer expert advice to optimize your ERP system. They provide strategic insights to enhance system performance and …,country_expansion_v5_id,1,CDQO,2026-04-15T07:17:58.109289
Expert Microsoft Dynamics NAVISION Consulting Services,ID,itransfluence.com,,,5,"Our services cover every aspect of Dynamics NAVISION, including software development, business process re-engineering, and system customization. Whether you’re upgrading legacy systems, …",country_expansion_v5_id,1,CDQO,2026-04-15T07:17:58.109299
New-NAVServerUser (Microsoft.Dynamics.Nav.Management) - Dynamics NAV,ID,learn.microsoft.com,,,5,This key must be at least 8 characters and contain combination of uppercase and lowercase letters and numbers. The authentication key is entered by the user the first time that the user logs on to Business …,country_expansion_v5_id,1,CDQO,2026-04-15T07:17:58.109312
"Managing Users, Profiles, and Role Centers - LS Retail",ID,help.lscentral140.lsretail.com,,,5,"The people in your company who have access to Dynamics NAV are all assigned a profile that gives them access to a Role Center. As an administrator, you can assign and change profiles in Dynamics …",country_expansion_v5_id,1,CDQO,2026-04-15T07:17:58.109335
Add Windows User With Permissions Using SQL Query of Dynamics NAV,ID,www.navuser.com,,,5,"Jul 5, 2021 · The SQL query to add Windows users with permission set for Microsoft Dynamics Navision. This is one of the easy methods to add users to NAV.",country_expansion_v5_id,1,CDQO,2026-04-15T07:17:58.109345
"Managing Users, Profiles, and Role Centers",ID,sf-109983.dynamicstocloud.com:49000,,,5,"The people in your company who have access to Dynamics NAV are all assigned a profile that gives them access to a Role Center. As an administrator, you can assign and change profiles in Dynamics …",country_expansion_v5_id,1,CDQO,2026-04-15T07:17:58.109356
Add Windows User to Dynamics NAV Using Windows PowerShell,ID,www.navuser.com,,,5,"Jul 6, 2021 · Here is the step-by-step guide about, how to add Windows users to Dynamics NAV using Windows PowerShell or NAV Administration Shell.",country_expansion_v5_id,1,CDQO,2026-04-15T07:17:58.109366
MICROSOFT BUSINESS SOLUTIONS—NAVISION,NG,download.microsoft.com,,,5,"Microsoft® Business Solutions—Navision® does just that, delivering an integrated business management solution that is ideal for growing, mid-market segment businesses.",country_expansion_v5_ng,1,CDQO,2026-04-15T07:17:58.109376
"3,000+ Navision Consultant jobs in United States - LinkedIn",NG,www.linkedin.com,,,5,"Today's top 3,000+ Navision Consultant jobs in United States. Leverage your professional network, and get hired. New Navision Consultant jobs added daily.",country_expansion_v5_ng,1,CDQO,2026-04-15T07:17:58.109390
Hire Microsoft Navision Consultants and Dynamics NAV Developers,NG,www.hiredynamicsdevelopers.com,,,5,Your dedicated Microsoft Dynamics NAV integration specialist will choose and deploy relevant ERP modules for your project. These optimized functionalities will help to trace and coordinate core tasks.,country_expansion_v5_ng,1,CDQO,2026-04-15T07:17:58.109421
6 Microsoft navision developer jobs in United States | Glassdoor,NG,www.glassdoor.com,,,5,Search Microsoft navision developer jobs. Get the right Microsoft navision developer job with company ratings & salaries. 6 open jobs for Microsoft navision developer.,country_expansion_v5_ng,1,CDQO,2026-04-15T07:17:58.109808
New-NAVServerUser (Microsoft.Dynamics.Nav.Management) - Dynamics NAV,NG,learn.microsoft.com,,,5,This key must be at least 8 characters and contain combination of uppercase and lowercase letters and numbers. The authentication key is entered by the user the first time that the user logs on to Business …,country_expansion_v5_ng,1,CDQO,2026-04-15T07:17:58.109853
"Managing Users, Profiles, and Role Centers - LS Retail",NG,help.lscentral140.lsretail.com,,,5,"The people in your company who have access to Dynamics NAV are all assigned a profile that gives them access to a Role Center. As an administrator, you can assign and change profiles in Dynamics …",country_expansion_v5_ng,1,CDQO,2026-04-15T07:17:58.109867
Add Windows User With Permissions Using SQL Query of Dynamics NAV,NG,www.navuser.com,,,5,"Jul 5, 2021 · The SQL query to add Windows users with permission set for Microsoft Dynamics Navision. This is one of the easy methods to add users to NAV.",country_expansion_v5_ng,1,CDQO,2026-04-15T07:17:58.109879
"Managing Users, Profiles, and Role Centers",NG,sf-109983.dynamicstocloud.com:49000,,,5,"The people in your company who have access to Dynamics NAV are all assigned a profile that gives them access to a Role Center. As an administrator, you can assign and change profiles in Dynamics …",country_expansion_v5_ng,1,CDQO,2026-04-15T07:17:58.109894
Add Windows User to Dynamics NAV Using Windows PowerShell,NG,www.navuser.com,,,5,"Jul 6, 2021 · Here is the step-by-step guide about, how to add Windows users to Dynamics NAV using Windows PowerShell or NAV Administration Shell.",country_expansion_v5_ng,1,CDQO,2026-04-15T07:17:58.109930
MICROSOFT BUSINESS SOLUTIONS—NAVISION,EG,download.microsoft.com,,,5,"Microsoft® Business Solutions—Navision® does just that, delivering an integrated business management solution that is ideal for growing, mid-market segment businesses.",country_expansion_v5_eg,1,CDQO,2026-04-15T07:17:58.109954
"Enterprise Management Solutions | ERP, CRM & Retail",EG,www.navisiontech.com,,,5,"Mar 2, 2026 · Navisiontech has created a direct linkage (ScaleLink) between LS-NAV and Invatron’s “E- Plum” smart–scale connector.",country_expansion_v5_eg,1,CDQO,2026-04-15T07:17:58.109980
Microsoft Navision End-of-Life Explained | Priority,EG,www.priority-software.com,,,5,"Dec 8, 2025 · As mainstream support for Dynamics NAV already ended in 2023, it is essential that you start thinking about migrating to a newer and better ERP. Most importantly, all security updates will …",country_expansion_v5_eg,1,CDQO,2026-04-15T07:17:58.110024
Microsoft Navision End of Life: Upgrade to Business …,EG,teamventi.com,,,5,"Mar 28, 2025 · The latest versions of Dynamics NAV (formerly Navision) are still under mainstream support, meaning you’ll continue receiving essential updates …",country_expansion_v5_eg,1,CDQO,2026-04-15T07:17:58.110046
New-NAVServerUser (Microsoft.Dynamics.Nav.Management) - Dynamics NAV,EG,learn.microsoft.com,,,5,This key must be at least 8 characters and contain combination of uppercase and lowercase letters and numbers. The authentication key is entered by the user the first time that the user logs on to Business …,country_expansion_v5_eg,1,CDQO,2026-04-15T07:17:58.110074
"Managing Users, Profiles, and Role Centers - LS Retail",EG,help.lscentral140.lsretail.com,,,5,"The people in your company who have access to Dynamics NAV are all assigned a profile that gives them access to a Role Center. As an administrator, you can assign and change profiles in Dynamics …",country_expansion_v5_eg,1,CDQO,2026-04-15T07:17:58.110086
Add Windows User With Permissions Using SQL Query of Dynamics NAV,EG,www.navuser.com,,,5,"Jul 5, 2021 · The SQL query to add Windows users with permission set for Microsoft Dynamics Navision. This is one of the easy methods to add users to NAV.",country_expansion_v5_eg,1,CDQO,2026-04-15T07:17:58.110097
"Managing Users, Profiles, and Role Centers",EG,sf-109983.dynamicstocloud.com:49000,,,5,"The people in your company who have access to Dynamics NAV are all assigned a profile that gives them access to a Role Center. As an administrator, you can assign and change profiles in Dynamics …",country_expansion_v5_eg,1,CDQO,2026-04-15T07:17:58.110119
Add Windows User to Dynamics NAV Using Windows …,EG,www.navuser.com,,,5,"Jul 6, 2021 · Here is the step-by-step guide about, how to add Windows users to Dynamics NAV using Windows PowerShell or NAV Administration Shell.",country_expansion_v5_eg,1,CDQO,2026-04-15T07:17:58.110163
"nav - Navision: Use ""New-NAVServerUser"" Powershell ... - Stack Overflow",EG,stackoverflow.com,,,5,"Jul 12, 2020 · So the overall goal is to get a new NavUser in Table ""User 2000000120"" on Page ""Users 9800"" and the User should base on a Windows Account. Thanks for answers! The Powershell …",country_expansion_v5_eg,1,CDQO,2026-04-15T07:17:58.110186
MICROSOFT BUSINESS SOLUTIONS—NAVISION,SA,download.microsoft.com,,,5,"Microsoft® Business Solutions—Navision® does just that, delivering an integrated business management solution that is ideal for growing, mid-market segment businesses.",country_expansion_v5_sa,1,CDQO,2026-04-15T07:17:58.110205
New-NAVServerUser (Microsoft.Dynamics.Nav.Management) - Dynamics NAV,SA,learn.microsoft.com,,,5,This key must be at least 8 characters and contain combination of uppercase and lowercase letters and numbers. The authentication key is entered by the user the first time that the user logs on to Business …,country_expansion_v5_sa,1,CDQO,2026-04-15T07:17:58.110221
"Managing Users, Profiles, and Role Centers - LS Retail",SA,help.lscentral140.lsretail.com,,,5,"The people in your company who have access to Dynamics NAV are all assigned a profile that gives them access to a Role Center. As an administrator, you can assign and change profiles in Dynamics …",country_expansion_v5_sa,1,CDQO,2026-04-15T07:17:58.110247
Add Windows User With Permissions Using SQL Query of Dynamics NAV,SA,www.navuser.com,,,5,"Jul 5, 2021 · The SQL query to add Windows users with permission set for Microsoft Dynamics Navision. This is one of the easy methods to add users to NAV.",country_expansion_v5_sa,1,CDQO,2026-04-15T07:17:58.110258
"Managing Users, Profiles, and Role Centers",SA,sf-109983.dynamicstocloud.com:49000,,,5,"The people in your company who have access to Dynamics NAV are all assigned a profile that gives them access to a Role Center. As an administrator, you can assign and change profiles in Dynamics …",country_expansion_v5_sa,1,CDQO,2026-04-15T07:17:58.110272
Add Windows User to Dynamics NAV Using Windows PowerShell,SA,www.navuser.com,,,5,"Jul 6, 2021 · Here is the step-by-step guide about, how to add Windows users to Dynamics NAV using Windows PowerShell or NAV Administration Shell.",country_expansion_v5_sa,1,CDQO,2026-04-15T07:17:58.110297
MICROSOFT BUSINESS SOLUTIONS—NAVISION,NZ,download.microsoft.com,,,5,"Microsoft® Business Solutions—Navision® does just that, delivering an integrated business management solution that is ideal for growing, mid-market segment businesses.",country_expansion_v5_nz,1,CDQO,2026-04-15T07:17:58.110318
"3,000+ Navision Consultant jobs in United States - LinkedIn",NZ,www.linkedin.com,,,5,"Today's top 3,000+ Navision Consultant jobs in United States. Leverage your professional network, and get hired. New Navision Consultant jobs added daily.",country_expansion_v5_nz,1,CDQO,2026-04-15T07:17:58.110341
Hire Microsoft Navision Consultants and Dynamics NAV Developers,NZ,www.hiredynamicsdevelopers.com,,,5,Your dedicated Microsoft Dynamics NAV integration specialist will choose and deploy relevant ERP modules for your project. These optimized functionalities will help to trace and coordinate core tasks.,country_expansion_v5_nz,1,CDQO,2026-04-15T07:17:58.110363
6 Microsoft navision developer jobs in United States | Glassdoor,NZ,www.glassdoor.com,,,5,Search Microsoft navision developer jobs. Get the right Microsoft navision developer job with company ratings & salaries. 6 open jobs for Microsoft navision developer.,country_expansion_v5_nz,1,CDQO,2026-04-15T07:17:58.110390
New-NAVServerUser (Microsoft.Dynamics.Nav.Management) - Dynamics NAV,NZ,learn.microsoft.com,,,5,This key must be at least 8 characters and contain combination of uppercase and lowercase letters and numbers. The authentication key is entered by the user the first time that the user logs on to Business …,country_expansion_v5_nz,1,CDQO,2026-04-15T07:17:58.110438
"Managing Users, Profiles, and Role Centers - LS Retail",NZ,help.lscentral140.lsretail.com,,,5,"The people in your company who have access to Dynamics NAV are all assigned a profile that gives them access to a Role Center. As an administrator, you can assign and change profiles in Dynamics …",country_expansion_v5_nz,1,CDQO,2026-04-15T07:17:58.110452
Add Windows User With Permissions Using SQL Query of Dynamics NAV,NZ,www.navuser.com,,,5,"Jul 5, 2021 · The SQL query to add Windows users with permission set for Microsoft Dynamics Navision. This is one of the easy methods to add users to NAV.",country_expansion_v5_nz,1,CDQO,2026-04-15T07:17:58.110464
"Managing Users, Profiles, and Role Centers",NZ,sf-109983.dynamicstocloud.com:49000,,,5,"The people in your company who have access to Dynamics NAV are all assigned a profile that gives them access to a Role Center. As an administrator, you can assign and change profiles in Dynamics …",country_expansion_v5_nz,1,CDQO,2026-04-15T07:17:58.110474
Add Windows User to Dynamics NAV Using Windows PowerShell,NZ,www.navuser.com,,,5,"Jul 6, 2021 · Here is the step-by-step guide about, how to add Windows users to Dynamics NAV using Windows PowerShell or NAV Administration Shell.",country_expansion_v5_nz,1,CDQO,2026-04-15T07:17:58.110488
Microsoft Navision Partner ERP-Lösung | DMS …,DE,dms-sys.de,,,5,Als jahrzehntelanger Navision Partner bzw. nun Microsoft Partner sind wir Experten rund um die Entwicklung individueller ERP-Lösungen auf Basis der Software …,country_expansion_v6_de,1,CDQO,2026-04-15T07:17:58.110612
ERP für KMU - mcbs Systemhaus Software,DE,www.software-erp.de,,,5,Die ERP-Software für kleine und mittelständische Unternehmen mit Weitblick. Seit über 25 Jahren unterstützt Microsoft Dynamics NAV kleine und mittelständische Unternehmen in ihrem täglichen …,country_expansion_v6_de,1,CDQO,2026-04-15T07:17:58.110694
MICROSOFT BUSINESS SOLUTIONS—NAVISION,DE,download.microsoft.com,,,5,"Microsoft® Business Solutions—Navision® does just that, delivering an integrated business management solution that is ideal for growing, mid-market segment businesses.",country_expansion_v6_de,1,CDQO,2026-04-15T07:17:58.110715
Navision: 37 Jobs & Stellenangebote in K%C3%96Ln | 8. Sep 2025,DE,www.stepstone.de,,,5,An unserem Firmensitz in der Region Köln/Bonn entwickeln und produzieren wir maßgeschneiderte Produkte und vertreiben diese erfolgreich in die ganze Welt. Bei Präzisionsschleifanwendungen sind …,country_expansion_v6_de,1,CDQO,2026-04-15T07:17:58.110733
80 Jobs als Navision in: Köln - Glassdoor,DE,www.glassdoor.de,,,5,Nach Navision-Jobs in Köln mit Bewertungen und Gehältern suchen. 80 Jobs für Navision in Köln.,country_expansion_v6_de,1,CDQO,2026-04-15T07:17:58.110749
Jobs für Dynamics NAV Navision in Köln | Careerjet,DE,www.careerjet.de,,,5,"Finden Sie 18 aktuelle Stellenangebote für Dynamics NAV Navision in Köln zusammengetragen von Careerjet, der Job-Suchmaschine. Alle Jobs in nur einer Suche.",country_expansion_v6_de,1,CDQO,2026-04-15T07:17:58.110765
Navision: 24 Jobs & Stellenangebote in 51069 Köln - StepStone,DE,www.stepstone.de,,,5,Navision Jobs in 51069 Köln - Finden Sie passende Navision Stellenangebote in 51069 Köln mit Stepstone!,country_expansion_v6_de,1,CDQO,2026-04-15T07:17:58.110791
Ms Dynamics Navision Jobs in Köln - 12. Juli 2023 - Indeed,DE,de.indeed.com,,,5,"Finden Sie jetzt 54 zu besetzende Ms Dynamics Navision Jobs in Köln auf Indeed.com, der weltweiten Nr. 1 der Online-Jobbörsen. (Basierend auf Total Visits weltweit, Quelle: comScore)",country_expansion_v6_de,1,CDQO,2026-04-15T07:17:58.110803
MS Dynamics NAV Entwickler/in Jobs und Stellenangebote - 2026,DE,www.stepstone.de,,,5,Wir zählen weltweit zu den führenden Anbietern industrieller UV-Technologien und entwickeln innovative Lösungen für unterschiedlichste Fertigungsprozesse. Stelle dich zusammen mit unserem Team von …,country_expansion_v6_de,1,CDQO,2026-04-15T07:17:58.110813
Dringend! Entwickler-Microsoft-Dynamics-Nav-Navision Jobs (mit,DE,de.jooble.org,,,5,"Die Tatsache, dass Navision sehr komplex ist, hat die Firma aufgerüttelt... ... wird ein breit aufgestellter Vollblut-Entwickler gesucht, der die größeren Programmierungen...",country_expansion_v6_de,1,CDQO,2026-04-15T07:17:58.110824
91Jobs für „Entwickler In In Microsoft Dynamics Nav“ in Germany,DE,de.linkedin.com,,,5,Top-Jobs des Tages im Bereich Entwickler In In Microsoft Dynamics Nav: 91 Stellen in Germany. Nutzen Sie Ihr berufliches Netzwerk und finden Sie einen Job. Jeden Tag werden neue Jobs in...,country_expansion_v6_de,1,CDQO,2026-04-15T07:17:58.110835
Dynamics Nav Entwickler Jobs & Stellen - Okt 2025 - XING,DE,www.xing.com,,,5,"82 Dynamics Nav Entwickler Jobs im XING Jobs-Netzwerk. Finde den Job, der zu Dir passt.",country_expansion_v6_de,1,CDQO,2026-04-15T07:17:58.110849
Über Uns – navconsulting GmbH,DE,www.navconsulting.de,,,5,"Wir betreuen sowohl Kunden in der aktuellsten Cloud und On-Premises Umgebung, wie auch Bestandskunden, die Navision oder Dynamics NAV Versionen einsetzen.",country_expansion_v6_de,1,CDQO,2026-04-15T07:17:58.110874
"3,000+ Navision Consultant jobs in United States - LinkedIn",DE,www.linkedin.com,,,5,"Today's top 3,000+ Navision Consultant jobs in United States. Leverage your professional network, and get hired. New Navision Consultant jobs added daily.",country_expansion_v6_de,1,CDQO,2026-04-15T07:17:58.110886
Hire Microsoft Navision Consultants and Dynamics NAV Developers,DE,www.hiredynamicsdevelopers.com,,,5,Your dedicated Microsoft Dynamics NAV integration specialist will choose and deploy relevant ERP modules for your project. These optimized functionalities will help to trace and coordinate core tasks.,country_expansion_v6_de,1,CDQO,2026-04-15T07:17:58.110897
MICROSOFT BUSINESS SOLUTIONS—NAVISION,DK,download.microsoft.com,,,5,"Microsoft® Business Solutions—Navision® does just that, delivering an integrated business management solution that is ideal for growing, mid-market segment businesses.",country_expansion_v6_dk,1,CDQO,2026-04-15T07:17:58.110908
Produkter – Dynamics Danmark,DK,www.dynamicsdanmark.dk,,,5,"En løsning, der har vist sit værd, og som er let at tilpasse og integrere. I over 40 år har Microsoft Dynamics NAV leveret funktionalitet, performance og brugervenlighed, som benyttes af mere end …",country_expansion_v6_dk,1,CDQO,2026-04-15T07:17:58.110922
Microsoft Navision/NAV | ERP-Software til mindre virksomheder,DK,obtain.dk,,,5,"Hvis I skal have hjælp til driften af Dynamics NAV eller Navision, kan vi hjælpe jer. Vi har over 25 års erfaring med at støtte vores kunder med løsning af forretningskritiske udfordringer og forbedringer, …",country_expansion_v6_dk,1,CDQO,2026-04-15T07:17:58.110945
Dynamics NAV - Microsofts ERP løsning - Vision Data,DK,visiondata.dk,,,5,Købe eller leje Microsoft Dynamics Nav licens? Du kan vælge mellem at købe Dynamics NAV (Perpertual Licensing) eller leje en abonnementbaseret licens (Subscription).,country_expansion_v6_dk,1,CDQO,2026-04-15T07:17:58.110956
- NavisionGroup - Danish Family Office,DK,navisiongroup.com,,,5,NavisionGroup is a private family office in denmark with a solid track record of investments and ownership in various industries.,country_expansion_v6_dk,1,CDQO,2026-04-15T07:17:58.110967
Aarhus Tech - MDC Nordic,DK,mdcnordic.com,,,5,Aarhus Tech now has an updated Navision Stat solution that operates optimally with all customizations intact. Our well-defined standard process for upgrades not only ensures efficiency but also …,country_expansion_v6_dk,1,CDQO,2026-04-15T07:17:58.110978
20 years ago today: The story behind Microsoft’s acquisition of Danish ...,DK,startupmafia.eu,,,5,"Aug 9, 2022 · Microsoft had made a bid to buy the Danish technology company Navision. The Americans were ready to put more than 10 billion kroner in cool cash on the table to realise their …",country_expansion_v6_dk,1,CDQO,2026-04-15T07:17:58.110989
21 Jobs als Navision in: Odense - Glassdoor,DK,www.glassdoor.de,,,5,Nach Navision-Jobs in Odense mit Bewertungen und Gehältern suchen. 14 Jobs für Navision in Odense.,country_expansion_v6_dk,1,CDQO,2026-04-15T07:17:58.110999
Intégration Dynamics NAV / Navision - elci.fr,FR,www.elci.fr,,,5,"Développer, implémenter, installer, configurer, paramétrer, adaptater, personnaliser, analyser, conseiller, tester... C'est notre métier ! Depuis l’arrivée de l'ERP Navision (Danemark) en France, …",country_expansion_v6_fr,1,CDQO,2026-04-15T07:17:58.111010
"Formation Navision (à Marseille, 50% Synchrone, 2 jours, en Francais)",FR,fr.optedif-formation.fr,,,5,"Feb 9, 2026 · Grâce à cet outil vous pouvez ainsi créer votre projet parmi une gamme de formation Navision à la fois large, agile et personnalisée pour s'apposer parfaitement à votre environnement de …",country_expansion_v6_fr,1,CDQO,2026-04-15T07:17:58.111040
Offres emploi NAVISION CDD et intérim Marseille - Aix-en-Provence …,FR,www.emplois-informatique.fr,,,5,Cherchez la collection des annonces d'emploi informatique en CDD et intérim pour les compétences NAVISION en Bouches-du-Rhone de la ville de Marseille - Aix-en-Provence.,country_expansion_v6_fr,1,CDQO,2026-04-15T07:17:58.111063
Présentation de l’ERP international Microsoft Dynamics NAV,FR,dynamicsinternational.com,,,5,"Depuis 1983 Microsoft Dynamics NAV (également connu sous le nom de Navision), est un progiciel de gestion intégré complet (ERP / PGI) destiné aux petites et moyennes entreprises ou aux filiales …",country_expansion_v6_fr,1,CDQO,2026-04-15T07:17:58.111075
"3,000+ Navision Consultant jobs in United States - LinkedIn",FR,www.linkedin.com,,,5,"Today's top 3,000+ Navision Consultant jobs in United States. Leverage your professional network, and get hired. New Navision Consultant jobs added daily.",country_expansion_v6_fr,1,CDQO,2026-04-15T07:17:58.111086
Hire Microsoft Navision Consultants and Dynamics NAV Developers,FR,www.hiredynamicsdevelopers.com,,,5,Your dedicated Microsoft Dynamics NAV integration specialist will choose and deploy relevant ERP modules for your project. These optimized functionalities will help to trace and coordinate core tasks.,country_expansion_v6_fr,1,CDQO,2026-04-15T07:17:58.111100
Emplois : Erp navision (Besoin d'urgence!) - 2026 - Jooble,FR,fr.jooble.org,,,5,"Retrouvez toutes nos offres notre site : Notre client, un intégrateur reconnu de solutions ERP, recherche un développeur (H/F) dans le cadre du renforcement des équipes afin de répondre à une activité …",country_expansion_v6_fr,1,CDQO,2026-04-15T07:17:58.111129
Engager un développeur Navision dédié en Europe de l'Est,FR,teamextension.fr,,,5,"Recrutez les meilleurs développeurs Navision, ingénieurs, programmeurs, codeurs, architectes et consultants. Fortune 500 et les start-ups choisissent les développeurs Navision de Team Extension …",country_expansion_v6_fr,1,CDQO,2026-04-15T07:17:58.111140
Emploi Développeur Navision | Job Is You,FR,jobisyou.com,,,5,"Les premières années de votre carrière de Développeur Navision, nos offres d’alternance, contrat professionnel et CDD vous permettront de faire vos armes dans le domaine de l’informatique.",country_expansion_v6_fr,1,CDQO,2026-04-15T07:17:58.111150
3 Développeur Navision jobs in United States - LinkedIn,FR,www.linkedin.com,,,5,"Today&rsquo;s top 3 Développeur Navision jobs in United States. Leverage your professional network, and get hired. New Développeur Navision jobs added daily.",country_expansion_v6_fr,1,CDQO,2026-04-15T07:17:58.111163
MICROSOFT BUSINESS SOLUTIONS—NAVISION,US,download.microsoft.com,,,5,"Microsoft® Business Solutions—Navision® does just that, delivering an integrated business management solution that is ideal for growing, mid-market segment businesses.",country_expansion_v6_us,1,CDQO,2026-04-15T07:17:58.111174
"3,000+ Navision Consultant jobs in United States - LinkedIn",US,www.linkedin.com,,,5,"Today's top 3,000+ Navision Consultant jobs in United States. Leverage your professional network, and get hired. New Navision Consultant jobs added daily.",country_expansion_v6_us,1,CDQO,2026-04-15T07:17:58.111190
Hire Microsoft Navision Consultants and Dynamics NAV Developers,US,www.hiredynamicsdevelopers.com,,,5,Your dedicated Microsoft Dynamics NAV integration specialist will choose and deploy relevant ERP modules for your project. These optimized functionalities will help to trace and coordinate core tasks.,country_expansion_v6_us,1,CDQO,2026-04-15T07:17:58.111222
6 Microsoft navision developer jobs in United States | Glassdoor,US,www.glassdoor.com,,,5,Search Microsoft navision developer jobs. Get the right Microsoft navision developer job with company ratings & salaries. 6 open jobs for Microsoft navision developer.,country_expansion_v6_us,1,CDQO,2026-04-15T07:17:58.111247
MICROSOFT BUSINESS SOLUTIONS—NAVISION,IN,download.microsoft.com,,,5,"Microsoft® Business Solutions—Navision® does just that, delivering an integrated business management solution that is ideal for growing, mid-market segment businesses.",country_expansion_v6_in,1,CDQO,2026-04-15T07:17:58.111266
"MS Dynamics NAV implementation in India | NAV integration, …",IN,akkomplish.com,,,5,"Microsoft Dynamics NAV - Akkomplish Consulting is leading India based Dynamics NAV development company. We are best in Dynamics NAV implementation, migration & integration.",country_expansion_v6_in,1,CDQO,2026-04-15T07:17:58.111284
Microsoft Navision | Microsoft NAV Implementation Partner,IN,preeminentsoft.com,,,5,"Aug 1, 2025 · Explore Microsoft Navision ERP solutions with expert Dynamics NAV consultants. Customization, implementation & support by top service providers in India.",country_expansion_v6_in,1,CDQO,2026-04-15T07:17:58.111302
"3,000+ Navision Consultant jobs in United States - LinkedIn",IN,www.linkedin.com,,,5,"Today's top 3,000+ Navision Consultant jobs in United States. Leverage your professional network, and get hired. New Navision Consultant jobs added daily.",country_expansion_v6_in,1,CDQO,2026-04-15T07:17:58.111327
Hire Microsoft Navision Consultants and Dynamics NAV Developers,IN,www.hiredynamicsdevelopers.com,,,5,Your dedicated Microsoft Dynamics NAV integration specialist will choose and deploy relevant ERP modules for your project. These optimized functionalities will help to trace and coordinate core tasks.,country_expansion_v6_in,1,CDQO,2026-04-15T07:17:58.111367
6 Microsoft navision developer jobs in United States | Glassdoor,IN,www.glassdoor.com,,,5,Search Microsoft navision developer jobs. Get the right Microsoft navision developer job with company ratings & salaries. 6 open jobs for Microsoft navision developer.,country_expansion_v6_in,1,CDQO,2026-04-15T07:17:58.111389
MICROSOFT BUSINESS SOLUTIONS—NAVISION,NL,download.microsoft.com,,,5,"Microsoft® Business Solutions—Navision® does just that, delivering an integrated business management solution that is ideal for growing, mid-market segment businesses.",country_expansion_v6_nl,1,CDQO,2026-04-15T07:17:58.111428
"3,000+ Navision Consultant jobs in United States - LinkedIn",NL,www.linkedin.com,,,5,"Today's top 3,000+ Navision Consultant jobs in United States. Leverage your professional network, and get hired. New Navision Consultant jobs added daily.",country_expansion_v6_nl,1,CDQO,2026-04-15T07:17:58.111477
Hire Microsoft Navision Consultants and Dynamics NAV Developers,NL,www.hiredynamicsdevelopers.com,,,5,Your dedicated Microsoft Dynamics NAV integration specialist will choose and deploy relevant ERP modules for your project. These optimized functionalities will help to trace and coordinate core tasks.,country_expansion_v6_nl,1,CDQO,2026-04-15T07:17:58.111498
"19 Navision jobs in London, England, United Kingdom - LinkedIn",GB,www.linkedin.com,,,5,"Today&rsquo;s top 19 Navision jobs in London, England, United Kingdom. Leverage your professional network, and get hired. New Navision jobs added daily.",country_expansion_v6_gb,1,CDQO,2026-04-15T07:17:58.111521
"24 Navision jobs in London, United Kingdom - Glassdoor",GB,www.glassdoor.co.in,,,5,"Search Navision jobs in London, UK with company ratings & salaries. 24 open jobs for Navision in London.",country_expansion_v6_gb,1,CDQO,2026-04-15T07:17:58.111567
"8 Dynamics navision jobs in London, England - Glassdoor",GB,www.glassdoor.co.uk,,,5,"Search Dynamics navision jobs in London, England with company ratings & salaries. 6 open jobs for Dynamics navision in London.",country_expansion_v6_gb,1,CDQO,2026-04-15T07:17:58.111590
"454 Navision Consultant jobs in London, England, United ... - LinkedIn",GB,www.linkedin.com,,,5,"Today&rsquo;s top 454 Navision Consultant jobs in London, England, United Kingdom. Leverage your professional network, and get hired. New Navision Consultant jobs added daily.",country_expansion_v6_gb,1,CDQO,2026-04-15T07:17:58.111610
"3,000+ Navision Consultant jobs in United States - LinkedIn",GB,www.linkedin.com,,,5,"Today's top 3,000+ Navision Consultant jobs in United States. Leverage your professional network, and get hired. New Navision Consultant jobs added daily.",country_expansion_v6_gb,1,CDQO,2026-04-15T07:17:58.111632
Hire Microsoft Navision Consultants and Dynamics NAV Developers,GB,www.hiredynamicsdevelopers.com,,,5,Your dedicated Microsoft Dynamics NAV integration specialist will choose and deploy relevant ERP modules for your project. These optimized functionalities will help to trace and coordinate core tasks.,country_expansion_v6_gb,1,CDQO,2026-04-15T07:17:58.111675
6 Microsoft navision developer jobs in United States | Glassdoor,GB,www.glassdoor.com,,,5,Search Microsoft navision developer jobs. Get the right Microsoft navision developer job with company ratings & salaries. 6 open jobs for Microsoft navision developer.,country_expansion_v6_gb,1,CDQO,2026-04-15T07:17:58.111698
Learn NAV Programming Language : C/AL - Navision …,GB,www.navisionplanet.com,,,5,"Sep 15, 2025 · Learn NAV Programming language in simple and easy words along with Practise questions. C/AL (Client Application Language) is the programming …",country_expansion_v6_gb,1,CDQO,2026-04-15T07:17:58.111719
MICROSOFT BUSINESS SOLUTIONS—NAVISION,PL,download.microsoft.com,,,5,"Microsoft® Business Solutions—Navision® does just that, delivering an integrated business management solution that is ideal for growing, mid-market segment businesses.",country_expansion_v6_pl,1,CDQO,2026-04-15T07:17:58.111746
563 ofertas de programador erp microsoft navision de Informática y ...,PL,www.infojobs.net,,,5,Encuentra trabajo en el portal de empleo online InfoJobs. Ofertas de empleo de programador erp microsoft navision en Informática y telecomunicaciones.,country_expansion_v6_pl,1,CDQO,2026-04-15T07:17:58.111797
Nuevos trabajos de Programador dynamics navision - Indeed,PL,es.indeed.com,,,5,Nos encontramos en búsqueda de un/una Analista-Programador/a de Navision para nuestras oficinas de Madrid. Se encargará de realizar la consultoría de negocio con los equipos internos para definir …,country_expansion_v6_pl,1,CDQO,2026-04-15T07:17:58.111821
Ofertas Trabajo de navision - tecnoempleo,PL,www.tecnoempleo.com,,,5,Desde HAYS estamos en búsqueda de un/una Programador/a de Navision para incorporarse a un proyecto en empresa final. ¿Qué necesitarás para encajar con el puesto?,country_expansion_v6_pl,1,CDQO,2026-04-15T07:17:58.111849
Trabajo Programador dynamics navision | JOBATUS,PL,www.jobatus.es,,,5,¡INSCRÍBETE AHORA! 128 nuevas ofertas de trabajo de programador dynamics navision . Entra en Jobatus y encuentra con un sólo click todas las ofertas de empleo de programador dynamics navision,country_expansion_v6_pl,1,CDQO,2026-04-15T07:17:58.111873
Empleo Navision|Consultores y Programadores Navision|Trabajo …,PL,empleonav.ayudaconnavision.com,,,5,"Actualmente se han puesto en contacto con nosotros para un proceso de selección de dos Consultores NAV ( uno en México, otro en Perú) para un proyecto de unos 4 meses de duración (ampliables en …",country_expansion_v6_pl,1,CDQO,2026-04-15T07:17:58.111901
"Perfil del Desarrollador de Navision: Qué es, Funciones y Empleo",PL,iwantic.com,,,5,El desarrollo en Navision implica el uso de herramientas específicas y lenguajes de programación para personalizar y extender la funcionalidad del software. A continuación se detallan aspectos clave del …,country_expansion_v6_pl,1,CDQO,2026-04-15T07:17:58.111933
Hire Microsoft Navision Consultants and Dynamics NAV Developers,PL,www.hiredynamicsdevelopers.com,,,5,"A Microsoft Dynamics NAV development expert implements features that allow you to monitor financial performance as it happens. With in-built Power BI, you can see your financial data.",country_expansion_v6_pl,1,CDQO,2026-04-15T07:17:58.111985
MICROSOFT BUSINESS SOLUTIONS—NAVISION,ES,download.microsoft.com,,,5,"Microsoft® Business Solutions—Navision® does just that, delivering an integrated business management solution that is ideal for growing, mid-market segment businesses.",country_expansion_v6_es,1,CDQO,2026-04-15T07:17:58.112009
18 Navision consultant jobs in United States | Glassdoor,ES,www.glassdoor.com,,,5,Search Navision consultant jobs. Get the right Navision consultant job with company ratings & salaries. 18 open jobs for Navision consultant.,country_expansion_v6_es,1,CDQO,2026-04-15T07:17:58.112029
Hire Microsoft Navision Consultants and Dynamics NAV Developers,ES,www.hiredynamicsdevelopers.com,,,5,We formulate a profile for the perfect Microsoft Navision developer according to your needs and then embark on the journey to find them across various platforms.,country_expansion_v6_es,1,CDQO,2026-04-15T07:17:58.112061
Se necesita urgente! Trabajo de consultor navision: 280 ofertas ...,ES,es.jobsora.com,,,5,Una consultora de selección de talento busca un/a Técnico/a de Desarrollo Microsoft Dynamics NAV (Navision) en Madrid. La misión es diseñar y desarrollar soluciones en un entorno colaborativo y …,country_expansion_v6_es,1,CDQO,2026-04-15T07:17:58.112084
Empleo Navision|Consultores y Programadores Navision|Trabajo …,ES,empleonav.ayudaconnavision.com,,,5,"Actualmente se han puesto en contacto con nosotros para un proceso de selección de dos Consultores NAV ( uno en México, otro en Perú) para un proyecto de unos 4 meses de duración (ampliables en …",country_expansion_v6_es,1,CDQO,2026-04-15T07:17:58.112112
Expert Microsoft Dynamics NAVISION Consulting Services,ES,itransfluence.com,,,5,"Our services cover every aspect of Dynamics NAVISION, including software development, business process re-engineering, and system customization. Whether you’re upgrading legacy systems, …",country_expansion_v6_es,1,CDQO,2026-04-15T07:17:58.112144
"Perfil del Desarrollador de Navision: Qué es, Funciones y Empleo",ES,iwantic.com,,,5,"El rol de un desarrollador de Navision es crucial en el entorno empresarial moderno. Estos profesionales son responsables de personalizar y optimizar el software de gestión empresarial, …",country_expansion_v6_es,1,CDQO,2026-04-15T07:17:58.112161
"Desarrollador/a AX (Navision), 100% En remoto - Remote Work Spain",ES,remoteworkspain.es,,,5,"Mar 23, 2026 · Desarrollador/a AX (Navision) Diseñar, desarrollar y optimizar funcionalidades dentro de Microsoft Dynamics AX utilizando X++. Participar activamente en la evolución del ERP según los …",country_expansion_v6_es,1,CDQO,2026-04-15T07:17:58.112173
Oferta de Empleo desarrollador/a ax (navision) en Michael Page ...,ES,www.tecnoempleo.com,,,5,"Mar 21, 2026 · • Participar en el ciclo completo de desarrollo: análisis, diseño, programación, pruebas, despliegue y soporte. El candidato ideal contará con una sólida experiencia en desarrollo sobre …",country_expansion_v6_es,1,CDQO,2026-04-15T07:17:58.112184
Empleos de Programador microsoft dynamics navision - Indeed,ES,es.indeed.com,,,5,Encuentra 5 empleos de Programador microsoft dynamics navision en Indeed.com. ¡Descubre las mejores oportunidades laborales y comienza hoy mismo!,country_expansion_v6_es,1,CDQO,2026-04-15T07:17:58.112195
Dynamics Nav Milano,IT,www.dynamicsconsult.com,,,5,"Dynamics Consult propone la propria esperienza nelle soluzioni di sistemi ERP Microsoft Dynamics NAV sia in Italia che all’estero (roll out), grazie alle competenze specifiche in ambito civilistico e fiscali …",country_expansion_v6_it,1,CDQO,2026-04-15T07:17:58.112206
"EID offre soluzioni gestionali per le PMI. È Partner Microsoft, socio ...",IT,eid.it,,,5,"Eid è Partner Microsoft per vendita, sviluppo, helpdesk sul software ERP Dynamics NAV (Navision) a Novara, Varese, Milano, Canton Ticino, Svizzera Italiana.",country_expansion_v6_it,1,CDQO,2026-04-15T07:17:58.112238
MICROSOFT BUSINESS SOLUTIONS—NAVISION,IT,download.microsoft.com,,,5,"Microsoft® Business Solutions—Navision® does just that, delivering an integrated business management solution that is ideal for growing, mid-market segment businesses.",country_expansion_v6_it,1,CDQO,2026-04-15T07:17:58.112262
Lavoro navision IT Città metropolitana di Roma Capitale,IT,it.jobsora.com,,,5,Cerca e vengono applicate su tutte le navision IT posti di lavoro in Città metropolitana di Roma Capitale. i datori di lavoro verificati. Salario reale competitivo.,country_expansion_v6_it,1,CDQO,2026-04-15T07:17:58.112274
"9 offerte di lavoro per navision, Roma | Glassdoor",IT,www.glassdoor.it,,,5,"Cerca offerte di lavoro per Navision, Roma, con valutazioni aziendali e stipendi. 9 lavori disponibili per Navision, Roma.",country_expansion_v6_it,1,CDQO,2026-04-15T07:17:58.112285
Madia Danilo - Senior Accountant SAP/NAVISION | LinkedIn,IT,it.linkedin.com,,,5,"Esperienza Impiegato contabile Navision IVI RMA GLOBAL gen 2019 - Presente 6 anni e 10 mesi Roma, Italia",country_expansion_v6_it,1,CDQO,2026-04-15T07:17:58.112300
Più di 25 annunci per Microsoft Navision (22 luglio 2024) - Indeed,IT,it.indeed.com,,,5,Esperienza di almeno 2 o 3 anni nel controllo di gestione di PMI o aziende multinazionali Laurea in discipline economiche e/o finanziarie Ottima conoscenza del pacchetto Office (in particolare Excel) …,country_expansion_v6_it,1,CDQO,2026-04-15T07:17:58.112325
Programmatore Navision 2015 E Navision Bc - Roma,IT,it.jobrapido.com,,,5,"Il candidato ideale avrà esperienza con entrambe le versioni e sarà in grado di supportare e gestire il processo di transizione, garantendo la continuità e l'efficacia dei sistemi aziendali.Responsabilità …",country_expansion_v6_it,1,CDQO,2026-04-15T07:17:58.112336
"Lavoro Impiegata amministrativo navision Roma, Lazio | JOBATUS",IT,www.jobatus.it,,,5,"INVIA CANDIDATURA ADESSO! 18 offerte di lavoro per impiegata amministrativo navision a Roma, Lazio. Entra su Jobatus e cerca lavoro tra 400mila offerte disponibili in tutta Italia.",country_expansion_v6_it,1,CDQO,2026-04-15T07:17:58.112347
Lavoro Urgente: contabile navision a Roma - Aprile 2024 - 2 offerte di ...,IT,it.jobsora.com,,,5,"In conclusione, ci sono diversi modi per trovare lavori contabile navision in Roma. Che tu stia cercando un ruolo permanente o qualcosa di più flessibile, il distretto ha molte opportunità disponibili. Con la …",country_expansion_v6_it,1,CDQO,2026-04-15T07:17:58.112357
MICROSOFT BUSINESS SOLUTIONS—NAVISION,AU,download.microsoft.com,,,5,"Microsoft® Business Solutions—Navision® does just that, delivering an integrated business management solution that is ideal for growing, mid-market segment businesses.",country_expansion_v6_au,1,CDQO,2026-04-15T07:17:58.112367
"3,000+ Navision Consultant jobs in United States - LinkedIn",AU,www.linkedin.com,,,5,"Today's top 3,000+ Navision Consultant jobs in United States. Leverage your professional network, and get hired. New Navision Consultant jobs added daily.",country_expansion_v6_au,1,CDQO,2026-04-15T07:17:58.112382
Hire Microsoft Navision Consultants and Dynamics NAV Developers,AU,www.hiredynamicsdevelopers.com,,,5,Your dedicated Microsoft Dynamics NAV integration specialist will choose and deploy relevant ERP modules for your project. These optimized functionalities will help to trace and coordinate core tasks.,country_expansion_v6_au,1,CDQO,2026-04-15T07:17:58.112412
6 Microsoft navision developer jobs in United States | Glassdoor,AU,www.glassdoor.com,,,5,Search Microsoft navision developer jobs. Get the right Microsoft navision developer job with company ratings & salaries. 6 open jobs for Microsoft navision developer.,country_expansion_v6_au,1,CDQO,2026-04-15T07:17:58.112425
Learn NAV Programming Language : C/AL - Navision Planet,AU,www.navisionplanet.com,,,5,"Sep 15, 2025 · Learn NAV Programming language in simple and easy words along with Practise questions. C/AL (Client Application Language) is the programming language using in the C/SIDE …",country_expansion_v6_au,1,CDQO,2026-04-15T07:17:58.112440
MICROSOFT BUSINESS SOLUTIONS—NAVISION,NO,download.microsoft.com,,,5,"Microsoft® Business Solutions—Navision® does just that, delivering an integrated business management solution that is ideal for growing, mid-market segment businesses.",country_expansion_v6_no,1,CDQO,2026-04-15T07:17:58.112468
MICROSOFT BUSINESS SOLUTIONS—NAVISION,SE,download.microsoft.com,,,5,"Microsoft® Business Solutions—Navision® does just that, delivering an integrated business management solution that is ideal for growing, mid-market segment businesses.",country_expansion_v6_se,1,CDQO,2026-04-15T07:17:58.112484
MICROSOFT BUSINESS SOLUTIONS—NAVISION,BR,download.microsoft.com,,,5,"Microsoft® Business Solutions—Navision® does just that, delivering an integrated business management solution that is ideal for growing, mid-market segment businesses.",country_expansion_v6_br,1,CDQO,2026-04-15T07:17:58.112511
Dynamics NAV in Brazil,BR,community.dynamics.com,,,5,"Jun 25, 2012 · We're right now releasing the localization for NAV 2013. The localization covers sales and purchasing with full and automatic calculation and posting of the involved taxes; online electronic …",country_expansion_v6_br,1,CDQO,2026-04-15T07:17:58.112527
"Product Availability, Localization and Translation Guide for …",BR,archerpoint.com,,,5,"To learn more about supported versions of Microsoft Dynamics NAV localized and/or translated by Microsoft, please refer to the product availability table below.",country_expansion_v6_br,1,CDQO,2026-04-15T07:17:58.112550
18 Navision consultant jobs in United States | Glassdoor,BR,www.glassdoor.com,,,5,Search Navision consultant jobs. Get the right Navision consultant job with company ratings & salaries. 18 open jobs for Navision consultant.,country_expansion_v6_br,1,CDQO,2026-04-15T07:17:58.112562
Hire Microsoft Navision Consultants and Dynamics NAV Developers,BR,www.hiredynamicsdevelopers.com,,,5,We formulate a profile for the perfect Microsoft Navision developer according to your needs and then embark on the journey to find them across various platforms.,country_expansion_v6_br,1,CDQO,2026-04-15T07:17:58.112573
Se necesita urgente! Trabajo de consultor navision: 280 ofertas ...,BR,es.jobsora.com,,,5,Una consultora de selección de talento busca un/a Técnico/a de Desarrollo Microsoft Dynamics NAV (Navision) en Madrid. La misión es diseñar y desarrollar soluciones en un entorno colaborativo y …,country_expansion_v6_br,1,CDQO,2026-04-15T07:17:58.112583
Empleo Navision|Consultores y Programadores Navision|Trabajo …,BR,empleonav.ayudaconnavision.com,,,5,"Actualmente se han puesto en contacto con nosotros para un proceso de selección de dos Consultores NAV ( uno en México, otro en Perú) para un proyecto de unos 4 meses de duración (ampliables en …",country_expansion_v6_br,1,CDQO,2026-04-15T07:17:58.112598
Expert Microsoft Dynamics NAVISION Consulting Services,BR,itransfluence.com,,,5,"Our services cover every aspect of Dynamics NAVISION, including software development, business process re-engineering, and system customization. Whether you’re upgrading legacy systems, …",country_expansion_v6_br,1,CDQO,2026-04-15T07:17:58.112621
Microsoft Navision em SANTO ANTÓNIO DOS OLIVAIS (Coimbra),PT,empresite.jornaldenegocios.pt,,,5,"Lista de empresas relacionadas com Microsoft Navision, SANTO ANTÓNIO DOS OLIVAIS (Coimbra).",country_expansion_v6_pt,1,CDQO,2026-04-15T07:17:58.112633
Margarida Antunes - Payroll Specialist | Recursos Humanos | NAV ...,PT,pt.linkedin.com,,,5,Payroll Specialist | Recursos Humanos | NAV (Navision) | Compliance &amp; Legislação Laboral · Experiência: ManpowerGroup · Formação acadêmica: FEUC - Faculdade de Economia da …,country_expansion_v6_pt,1,CDQO,2026-04-15T07:17:58.112668
18 Navision consultant jobs in United States | Glassdoor,PT,www.glassdoor.com,,,5,Search Navision consultant jobs. Get the right Navision consultant job with company ratings & salaries. 18 open jobs for Navision consultant.,country_expansion_v6_pt,1,CDQO,2026-04-15T07:17:58.112692
Hire Microsoft Navision Consultants and Dynamics NAV Developers,PT,www.hiredynamicsdevelopers.com,,,5,We formulate a profile for the perfect Microsoft Navision developer according to your needs and then embark on the journey to find them across various platforms.,country_expansion_v6_pt,1,CDQO,2026-04-15T07:17:58.112726
Se necesita urgente! Trabajo de consultor navision: 280 ofertas ...,PT,es.jobsora.com,,,5,Una consultora de selección de talento busca un/a Técnico/a de Desarrollo Microsoft Dynamics NAV (Navision) en Madrid. La misión es diseñar y desarrollar soluciones en un entorno colaborativo y …,country_expansion_v6_pt,1,CDQO,2026-04-15T07:17:58.112739
Empleo Navision|Consultores y Programadores Navision|Trabajo …,PT,empleonav.ayudaconnavision.com,,,5,"Actualmente se han puesto en contacto con nosotros para un proceso de selección de dos Consultores NAV ( uno en México, otro en Perú) para un proyecto de unos 4 meses de duración (ampliables en …",country_expansion_v6_pt,1,CDQO,2026-04-15T07:17:58.112750
Expert Microsoft Dynamics NAVISION Consulting Services,PT,itransfluence.com,,,5,"Our services cover every aspect of Dynamics NAVISION, including software development, business process re-engineering, and system customization. Whether you’re upgrading legacy systems, …",country_expansion_v6_pt,1,CDQO,2026-04-15T07:17:58.112761
"3,000+ Navision Consultant jobs in United States - LinkedIn",GR,www.linkedin.com,,,5,"Today's top 3,000+ Navision Consultant jobs in United States. Leverage your professional network, and get hired. New Navision Consultant jobs added daily.",country_expansion_v6_gr,1,CDQO,2026-04-15T07:17:58.112772
Hire Microsoft Navision Consultants and Dynamics NAV Developers,GR,www.hiredynamicsdevelopers.com,,,5,Your dedicated Microsoft Dynamics NAV integration specialist will choose and deploy relevant ERP modules for your project. These optimized functionalities will help to trace and coordinate core tasks.,country_expansion_v6_gr,1,CDQO,2026-04-15T07:17:58.112783
6 Microsoft navision developer jobs in United States | Glassdoor,GR,www.glassdoor.com,,,5,Search Microsoft navision developer jobs. Get the right Microsoft navision developer job with company ratings & salaries. 6 open jobs for Microsoft navision developer.,country_expansion_v6_gr,1,CDQO,2026-04-15T07:17:58.112794
Learn NAV Programming Language : C/AL - Navision Planet,GR,www.navisionplanet.com,,,5,"Sep 15, 2025 · Learn NAV Programming language in simple and easy words along with Practise questions. C/AL (Client Application Language) is the programming language using in the C/SIDE …",country_expansion_v6_gr,1,CDQO,2026-04-15T07:17:58.112809
YILDIRIM GROUP hiring Microsoft Navision Specialist in Sarıyer ...,TR,www.linkedin.com,,,5,"We are looking for an Microsoft Navision Specialist / Assistant Specialist for YILDIRIM Holding to be assigned at our headquarters in Maslak, Istanbul.",country_expansion_v6_tr,1,CDQO,2026-04-15T07:17:58.112833
Parge Yazilim Danismanlik Tic A.S - PartnerPoint,TR,www.partnerpoint.com,,,5,"In 2004, Pargesoft became the 1st add-on developer of Navision in Turkey (payment plan, inflation adjustment, VAT deduction, etc.) which were released the following year.",country_expansion_v6_tr,1,CDQO,2026-04-15T07:17:58.112845
"3,000+ Navision Consultant jobs in United States - LinkedIn",IL,www.linkedin.com,,,5,"Today's top 3,000+ Navision Consultant jobs in United States. Leverage your professional network, and get hired. New Navision Consultant jobs added daily.",country_expansion_v6_il,1,CDQO,2026-04-15T07:17:58.112856
Hire Microsoft Navision Consultants and Dynamics NAV Developers,IL,www.hiredynamicsdevelopers.com,,,5,Your dedicated Microsoft Dynamics NAV integration specialist will choose and deploy relevant ERP modules for your project. These optimized functionalities will help to trace and coordinate core tasks.,country_expansion_v6_il,1,CDQO,2026-04-15T07:17:58.112867
6 Microsoft navision developer jobs in United States | Glassdoor,IL,www.glassdoor.com,,,5,Search Microsoft navision developer jobs. Get the right Microsoft navision developer job with company ratings & salaries. 6 open jobs for Microsoft navision developer.,country_expansion_v6_il,1,CDQO,2026-04-15T07:17:58.112878
Learn NAV Programming Language : C/AL - Navision Planet,IL,www.navisionplanet.com,,,5,"Sep 15, 2025 · Learn NAV Programming language in simple and easy words along with Practise questions. C/AL (Client Application Language) is the programming language using in the C/SIDE …",country_expansion_v6_il,1,CDQO,2026-04-15T07:17:58.112891
Über Uns – navconsulting GmbH,CH,www.navconsulting.de,,,5,"Wir betreuen sowohl Kunden in der aktuellsten Cloud und On-Premises Umgebung, wie auch Bestandskunden, die Navision oder Dynamics NAV Versionen einsetzen.",country_expansion_v6_ch,1,CDQO,2026-04-15T07:17:58.112920
MS Dynamics NAV Entwickler/in Jobs und Stellenangebote - 2026,CH,www.stepstone.de,,,5,Wir zählen weltweit zu den führenden Anbietern industrieller UV-Technologien und entwickeln innovative Lösungen für unterschiedlichste Fertigungsprozesse. Stelle dich zusammen mit unserem Team von …,country_expansion_v6_ch,1,CDQO,2026-04-15T07:17:58.112931
Dringend! Entwickler-Microsoft-Dynamics-Nav-Navision Jobs (mit,CH,de.jooble.org,,,5,"Die Tatsache, dass Navision sehr komplex ist, hat die Firma aufgerüttelt... ... wird ein breit aufgestellter Vollblut-Entwickler gesucht, der die größeren Programmierungen...",country_expansion_v6_ch,1,CDQO,2026-04-15T07:17:58.112943
91Jobs für „Entwickler In In Microsoft Dynamics Nav“ in Germany,CH,de.linkedin.com,,,5,Top-Jobs des Tages im Bereich Entwickler In In Microsoft Dynamics Nav: 91 Stellen in Germany. Nutzen Sie Ihr berufliches Netzwerk und finden Sie einen Job. Jeden Tag werden neue Jobs in...,country_expansion_v6_ch,1,CDQO,2026-04-15T07:17:58.112953
Dynamics Nav Entwickler Jobs & Stellen - Okt 2025 - XING,CH,www.xing.com,,,5,"82 Dynamics Nav Entwickler Jobs im XING Jobs-Netzwerk. Finde den Job, der zu Dir passt.",country_expansion_v6_ch,1,CDQO,2026-04-15T07:17:58.112964
Über Uns – navconsulting GmbH,AT,www.navconsulting.de,,,5,"Wir betreuen sowohl Kunden in der aktuellsten Cloud und On-Premises Umgebung, wie auch Bestandskunden, die Navision oder Dynamics NAV Versionen einsetzen.",country_expansion_v6_at,1,CDQO,2026-04-15T07:17:58.112978
MS Dynamics NAV Entwickler/in Jobs und Stellenangebote - 2026,AT,www.stepstone.de,,,5,Wir zählen weltweit zu den führenden Anbietern industrieller UV-Technologien und entwickeln innovative Lösungen für unterschiedlichste Fertigungsprozesse. Stelle dich zusammen mit unserem Team von …,country_expansion_v6_at,1,CDQO,2026-04-15T07:17:58.113000
Dringend! Entwickler-Microsoft-Dynamics-Nav-Navision Jobs (mit,AT,de.jooble.org,,,5,"Die Tatsache, dass Navision sehr komplex ist, hat die Firma aufgerüttelt... ... wird ein breit aufgestellter Vollblut-Entwickler gesucht, der die größeren Programmierungen...",country_expansion_v6_at,1,CDQO,2026-04-15T07:17:58.113011
91Jobs für „Entwickler In In Microsoft Dynamics Nav“ in Germany,AT,de.linkedin.com,,,5,Top-Jobs des Tages im Bereich Entwickler In In Microsoft Dynamics Nav: 91 Stellen in Germany. Nutzen Sie Ihr berufliches Netzwerk und finden Sie einen Job. Jeden Tag werden neue Jobs in...,country_expansion_v6_at,1,CDQO,2026-04-15T07:17:58.113021
Dynamics Nav Entwickler Jobs & Stellen - Okt 2025 - XING,AT,www.xing.com,,,5,"82 Dynamics Nav Entwickler Jobs im XING Jobs-Netzwerk. Finde den Job, der zu Dir passt.",country_expansion_v6_at,1,CDQO,2026-04-15T07:17:58.113031
Katoen Natie hiring Solution Developer MS Dynamics/Navision in …,BE,be.linkedin.com,,,5,We are currently seeking a Solution Developer MS Dynamics/Navision to be based out of our office close to Antwerp (Kallo).,country_expansion_v6_be,1,CDQO,2026-04-15T07:17:58.113042
Team Lead Ms Dynamics/navision M / V / X,BE,be.expertini.com,,,5,"Category: Computer Occupations Job description We are currently seeking a Team Lead MS Dynamics/Navision to be based out of our office close to Antwerp (Kallo). As Team Lead, you mainly …",country_expansion_v6_be,1,CDQO,2026-04-15T07:17:58.113056
Solution Developer Ms Dynamics/navision,BE,www.emprego.pt,,,5,"We are currently seeking a Solution Developer MS Dynamics/Navision to be based out of our office close to Antwerp (Kallo). Does that sound good? Being part of the team, your key responsibilities are:",country_expansion_v6_be,1,CDQO,2026-04-15T07:17:58.113082
Dringend gezocht: Navision in Provincie Antwerpen — Juni 2023 — …,BE,be.jooble.org,,,5,Goede kennis van Excel en andere financiële software zoals ERP-pakket Navision zijn een plus maar geen must. Analytisch sterk en in staat om complexe financiële informatie te vertalen naar heldere …,country_expansion_v6_be,1,CDQO,2026-04-15T07:17:58.113108
Katoen Natie hiring Team Lead MS Dynamics/Navision M / V / X in …,BE,www.linkedin.com,,,5,"As a global logistics service provider, Katoen Natie combines engineering, technology and port operations to offer worldwide, tailor-made solutions to the chemical and automotive industries, and...",country_expansion_v6_be,1,CDQO,2026-04-15T07:17:58.113119
Solution Developer MS Dynamics/Navision - Antwerp - Katoen Natie,BE,be.bebee.com,,,5,"We are seeking a Solution Developer MS Dynamics/Navision to be based in our office near Antwerp (Kallo). As Solution Developer, you will work with an MS Dynamics/Navision Team and be …",country_expansion_v6_be,1,CDQO,2026-04-15T07:17:58.113129
"7 dynamics navision developer jobs in Belgium, May 2024",BE,www.glassdoor.co.uk,,,5,We are currently seeking a Solution Developer MS Dynamics/Navision to be based out of our office close to Antwerp (Kallo).,country_expansion_v6_be,1,CDQO,2026-04-15T07:17:58.113139
"3,000+ Navision Consultant jobs in United States - LinkedIn",BE,www.linkedin.com,,,5,"Today's top 3,000+ Navision Consultant jobs in United States. Leverage your professional network, and get hired. New Navision Consultant jobs added daily.",country_expansion_v6_be,1,CDQO,2026-04-15T07:17:58.113150
Hire Microsoft Navision Consultants and Dynamics NAV Developers,BE,www.hiredynamicsdevelopers.com,,,5,Your dedicated Microsoft Dynamics NAV integration specialist will choose and deploy relevant ERP modules for your project. These optimized functionalities will help to trace and coordinate core tasks.,country_expansion_v6_be,1,CDQO,2026-04-15T07:17:58.113167
Dynamics NAV Versions List - Navision Planet,FI,www.navisionplanet.com,,,5,"Oct 2, 2025 · Microsoft Dynamics NAV is Enterprise Resource Planning ( ERP ) …",country_expansion_v6_fi,1,CDQO,2026-04-15T07:17:58.113191
Dynamics Navision - About Us | Dynamics Consult,FI,www.dynamicsconsult.com,,,5,Dynamics Consult is a Microsoft Partner advisory company specialized in the implementation of Enterprise Resource Planning (ERP) systems with Microsoft Dynamics NAV.,country_expansion_v6_fi,1,CDQO,2026-04-15T07:17:58.113202
Expert Microsoft Dynamics NAVISION Consulting Services,FI,itransfluence.com,,,5,"Our services cover every aspect of Dynamics NAVISION, including software development, business process re-engineering, and system customization. Whether you’re upgrading legacy systems, …",country_expansion_v6_fi,1,CDQO,2026-04-15T07:17:58.113212
"3,000+ Navision Consultant jobs in United States - LinkedIn",IE,www.linkedin.com,,,5,"Today's top 3,000+ Navision Consultant jobs in United States. Leverage your professional network, and get hired. New Navision Consultant jobs added daily.",country_expansion_v6_ie,1,CDQO,2026-04-15T07:17:58.113223
Hire Microsoft Navision Consultants and Dynamics NAV Developers,IE,www.hiredynamicsdevelopers.com,,,5,Your dedicated Microsoft Dynamics NAV integration specialist will choose and deploy relevant ERP modules for your project. These optimized functionalities will help to trace and coordinate core tasks.,country_expansion_v6_ie,1,CDQO,2026-04-15T07:17:58.113233
6 Microsoft navision developer jobs in United States | Glassdoor,IE,www.glassdoor.com,,,5,Search Microsoft navision developer jobs. Get the right Microsoft navision developer job with company ratings & salaries. 6 open jobs for Microsoft navision developer.,country_expansion_v6_ie,1,CDQO,2026-04-15T07:17:58.113247
Learn NAV Programming Language : C/AL - Navision Planet,IE,www.navisionplanet.com,,,5,"Sep 15, 2025 · Learn NAV Programming language in simple and easy words along with Practise questions. C/AL (Client Application Language) is the programming language using in the C/SIDE …",country_expansion_v6_ie,1,CDQO,2026-04-15T07:17:58.113269
"3,000+ Navision Consultant jobs in United States - LinkedIn",AE,www.linkedin.com,,,5,"Today's top 3,000+ Navision Consultant jobs in United States. Leverage your professional network, and get hired. New Navision Consultant jobs added daily.",country_expansion_v6_ae,1,CDQO,2026-04-15T07:17:58.113280
Hire Microsoft Navision Consultants and Dynamics NAV Developers,AE,www.hiredynamicsdevelopers.com,,,5,Your dedicated Microsoft Dynamics NAV integration specialist will choose and deploy relevant ERP modules for your project. These optimized functionalities will help to trace and coordinate core tasks.,country_expansion_v6_ae,1,CDQO,2026-04-15T07:17:58.113291
6 Microsoft navision developer jobs in United States | Glassdoor,AE,www.glassdoor.com,,,5,Search Microsoft navision developer jobs. Get the right Microsoft navision developer job with company ratings & salaries. 6 open jobs for Microsoft navision developer.,country_expansion_v6_ae,1,CDQO,2026-04-15T07:17:58.113301
Learn NAV Programming Language : C/AL - Navision Planet,AE,www.navisionplanet.com,,,5,"Sep 15, 2025 · Learn NAV Programming language in simple and easy words along with Practise questions. C/AL (Client Application Language) is the programming language using in the C/SIDE …",country_expansion_v6_ae,1,CDQO,2026-04-15T07:17:58.113312
"3,000+ Navision Consultant jobs in United States - LinkedIn",SG,www.linkedin.com,,,5,"Today's top 3,000+ Navision Consultant jobs in United States. Leverage your professional network, and get hired. New Navision Consultant jobs added daily.",country_expansion_v6_sg,1,CDQO,2026-04-15T07:17:58.113325
Hire Microsoft Navision Consultants and Dynamics NAV Developers,SG,www.hiredynamicsdevelopers.com,,,5,Your dedicated Microsoft Dynamics NAV integration specialist will choose and deploy relevant ERP modules for your project. These optimized functionalities will help to trace and coordinate core tasks.,country_expansion_v6_sg,1,CDQO,2026-04-15T07:17:58.113349
6 Microsoft navision developer jobs in United States | Glassdoor,SG,www.glassdoor.com,,,5,Search Microsoft navision developer jobs. Get the right Microsoft navision developer job with company ratings & salaries. 6 open jobs for Microsoft navision developer.,country_expansion_v6_sg,1,CDQO,2026-04-15T07:17:58.113360
Learn NAV Programming Language : C/AL - Navision Planet,SG,www.navisionplanet.com,,,5,"Sep 15, 2025 · Learn NAV Programming language in simple and easy words along with Practise questions. C/AL (Client Application Language) is the programming language using in the C/SIDE …",country_expansion_v6_sg,1,CDQO,2026-04-15T07:17:58.113371
"3,000+ Navision Consultant jobs in United States - LinkedIn",MY,www.linkedin.com,,,5,"Today's top 3,000+ Navision Consultant jobs in United States. Leverage your professional network, and get hired. New Navision Consultant jobs added daily.",country_expansion_v6_my,1,CDQO,2026-04-15T07:17:58.113381
Hire Microsoft Navision Consultants and Dynamics NAV Developers,MY,www.hiredynamicsdevelopers.com,,,5,Your dedicated Microsoft Dynamics NAV integration specialist will choose and deploy relevant ERP modules for your project. These optimized functionalities will help to trace and coordinate core tasks.,country_expansion_v6_my,1,CDQO,2026-04-15T07:17:58.113392
6 Microsoft navision developer jobs in United States | Glassdoor,MY,www.glassdoor.com,,,5,Search Microsoft navision developer jobs. Get the right Microsoft navision developer job with company ratings & salaries. 6 open jobs for Microsoft navision developer.,country_expansion_v6_my,1,CDQO,2026-04-15T07:17:58.113405
Learn NAV Programming Language : C/AL - Navision Planet,MY,www.navisionplanet.com,,,5,"Sep 15, 2025 · Learn NAV Programming language in simple and easy words along with Practise questions. C/AL (Client Application Language) is the programming language using in the C/SIDE …",country_expansion_v6_my,1,CDQO,2026-04-15T07:17:58.113438
4PS Partner: NaviWorld - 4PS Group,TH,www.4psgroup.com,,,5,"NaviWorld is proud to state we are the First Certified Navision Solution Center in South East Asia. Our clients operate in a great diversity of businesses, of which construction, engineering services, …",country_expansion_v6_th,1,CDQO,2026-04-15T07:17:58.113450
"Dynamics NAV Support – Singapore, Thailand & Cambodia",TH,xtricate.com,,,5,"Xtricate provides expert Microsoft Dynamics NAV support in Singapore, Thailand, Cambodia, and Southeast Asia.",country_expansion_v6_th,1,CDQO,2026-04-15T07:17:58.113461
"3,000+ Navision Consultant jobs in United States - LinkedIn",TH,www.linkedin.com,,,5,"Today's top 3,000+ Navision Consultant jobs in United States. Leverage your professional network, and get hired. New Navision Consultant jobs added daily.",country_expansion_v6_th,1,CDQO,2026-04-15T07:17:58.113471
Hire Microsoft Navision Consultants and Dynamics NAV Developers,TH,www.hiredynamicsdevelopers.com,,,5,Your dedicated Microsoft Dynamics NAV integration specialist will choose and deploy relevant ERP modules for your project. These optimized functionalities will help to trace and coordinate core tasks.,country_expansion_v6_th,1,CDQO,2026-04-15T07:17:58.113484
6 Microsoft navision developer jobs in United States | Glassdoor,TH,www.glassdoor.com,,,5,Search Microsoft navision developer jobs. Get the right Microsoft navision developer job with company ratings & salaries. 6 open jobs for Microsoft navision developer.,country_expansion_v6_th,1,CDQO,2026-04-15T07:17:58.113507
Hire Certified & Dedicated Navision Developers | inoday,TH,inoday.com,,,5,"At inoday, you will find a dedicated and committed team of Navision Developers, who leverage their years of experience and deep industry expertise in delivering successful deployments and offer post …",country_expansion_v6_th,1,CDQO,2026-04-15T07:17:58.113518
Learn NAV Programming Language : C/AL - Navision …,TH,www.navisionplanet.com,,,5,"Sep 15, 2025 · Learn NAV Programming language in simple and easy words along with Practise questions. C/AL (Client Application Language) is the programming …",country_expansion_v6_th,1,CDQO,2026-04-15T07:17:58.113528
"3,000+ Navision Consultant jobs in United States - LinkedIn",PH,www.linkedin.com,,,5,"Today's top 3,000+ Navision Consultant jobs in United States. Leverage your professional network, and get hired. New Navision Consultant jobs added daily.",country_expansion_v6_ph,1,CDQO,2026-04-15T07:17:58.113539
Hire Microsoft Navision Consultants and Dynamics NAV Developers,PH,www.hiredynamicsdevelopers.com,,,5,Your dedicated Microsoft Dynamics NAV integration specialist will choose and deploy relevant ERP modules for your project. These optimized functionalities will help to trace and coordinate core tasks.,country_expansion_v6_ph,1,CDQO,2026-04-15T07:17:58.113549
6 Microsoft navision developer jobs in United States | Glassdoor,PH,www.glassdoor.com,,,5,Search Microsoft navision developer jobs. Get the right Microsoft navision developer job with company ratings & salaries. 6 open jobs for Microsoft navision developer.,country_expansion_v6_ph,1,CDQO,2026-04-15T07:17:58.113559
Learn NAV Programming Language : C/AL - Navision Planet,PH,www.navisionplanet.com,,,5,"Sep 15, 2025 · Learn NAV Programming language in simple and easy words along with Practise questions. C/AL (Client Application Language) is the programming language using in the C/SIDE …",country_expansion_v6_ph,1,CDQO,2026-04-15T07:17:58.113572
18 Navision consultant jobs in United States | Glassdoor,AR,www.glassdoor.com,,,5,Search Navision consultant jobs. Get the right Navision consultant job with company ratings & salaries. 18 open jobs for Navision consultant.,country_expansion_v6_ar,1,CDQO,2026-04-15T07:17:58.113595
Hire Microsoft Navision Consultants and Dynamics NAV Developers,AR,www.hiredynamicsdevelopers.com,,,5,We formulate a profile for the perfect Microsoft Navision developer according to your needs and then embark on the journey to find them across various platforms.,country_expansion_v6_ar,1,CDQO,2026-04-15T07:17:58.113606
Se necesita urgente! Trabajo de consultor navision: 280 ofertas ...,AR,es.jobsora.com,,,5,Una consultora de selección de talento busca un/a Técnico/a de Desarrollo Microsoft Dynamics NAV (Navision) en Madrid. La misión es diseñar y desarrollar soluciones en un entorno colaborativo y …,country_expansion_v6_ar,1,CDQO,2026-04-15T07:17:58.113617
Empleo Navision|Consultores y Programadores Navision|Trabajo …,AR,empleonav.ayudaconnavision.com,,,5,"Actualmente se han puesto en contacto con nosotros para un proceso de selección de dos Consultores NAV ( uno en México, otro en Perú) para un proyecto de unos 4 meses de duración (ampliables en …",country_expansion_v6_ar,1,CDQO,2026-04-15T07:17:58.113628
Expert Microsoft Dynamics NAVISION Consulting Services,AR,itransfluence.com,,,5,"Our services cover every aspect of Dynamics NAVISION, including software development, business process re-engineering, and system customization. Whether you’re upgrading legacy systems, …",country_expansion_v6_ar,1,CDQO,2026-04-15T07:17:58.113638
"Perfil del Desarrollador de Navision: Qué es, Funciones y Empleo",AR,iwantic.com,,,5,"El rol de un desarrollador de Navision es crucial en el entorno empresarial moderno. Estos profesionales son responsables de personalizar y optimizar el software de gestión empresarial, …",country_expansion_v6_ar,1,CDQO,2026-04-15T07:17:58.113680
"Desarrollador/a AX (Navision), 100% En remoto - Remote Work Spain",AR,remoteworkspain.es,,,5,"Mar 23, 2026 · Desarrollador/a AX (Navision) Diseñar, desarrollar y optimizar funcionalidades dentro de Microsoft Dynamics AX utilizando X++. Participar activamente en la evolución del ERP según los …",country_expansion_v6_ar,1,CDQO,2026-04-15T07:17:58.113694
Oferta de Empleo desarrollador/a ax (navision) en Michael Page ...,AR,www.tecnoempleo.com,,,5,"Mar 21, 2026 · • Participar en el ciclo completo de desarrollo: análisis, diseño, programación, pruebas, despliegue y soporte. El candidato ideal contará con una sólida experiencia en desarrollo sobre …",country_expansion_v6_ar,1,CDQO,2026-04-15T07:17:58.113709
Empleos de Programador microsoft dynamics navision - Indeed,AR,es.indeed.com,,,5,Encuentra 5 empleos de Programador microsoft dynamics navision en Indeed.com. ¡Descubre las mejores oportunidades laborales y comienza hoy mismo!,country_expansion_v6_ar,1,CDQO,2026-04-15T07:17:58.113738
18 Navision consultant jobs in United States | Glassdoor,CL,www.glassdoor.com,,,5,Search Navision consultant jobs. Get the right Navision consultant job with company ratings & salaries. 18 open jobs for Navision consultant.,country_expansion_v6_cl,1,CDQO,2026-04-15T07:17:58.113750
Hire Microsoft Navision Consultants and Dynamics NAV Developers,CL,www.hiredynamicsdevelopers.com,,,5,We formulate a profile for the perfect Microsoft Navision developer according to your needs and then embark on the journey to find them across various platforms.,country_expansion_v6_cl,1,CDQO,2026-04-15T07:17:58.113761
Se necesita urgente! Trabajo de consultor navision: 280 ofertas ...,CL,es.jobsora.com,,,5,Una consultora de selección de talento busca un/a Técnico/a de Desarrollo Microsoft Dynamics NAV (Navision) en Madrid. La misión es diseñar y desarrollar soluciones en un entorno colaborativo y …,country_expansion_v6_cl,1,CDQO,2026-04-15T07:17:58.113772
Empleo Navision|Consultores y Programadores Navision|Trabajo …,CL,empleonav.ayudaconnavision.com,,,5,"Actualmente se han puesto en contacto con nosotros para un proceso de selección de dos Consultores NAV ( uno en México, otro en Perú) para un proyecto de unos 4 meses de duración (ampliables en …",country_expansion_v6_cl,1,CDQO,2026-04-15T07:17:58.113783
Expert Microsoft Dynamics NAVISION Consulting Services,CL,itransfluence.com,,,5,"Our services cover every aspect of Dynamics NAVISION, including software development, business process re-engineering, and system customization. Whether you’re upgrading legacy systems, …",country_expansion_v6_cl,1,CDQO,2026-04-15T07:17:58.113793
"Perfil del Desarrollador de Navision: Qué es, Funciones y Empleo",CL,iwantic.com,,,5,"El rol de un desarrollador de Navision es crucial en el entorno empresarial moderno. Estos profesionales son responsables de personalizar y optimizar el software de gestión empresarial, …",country_expansion_v6_cl,1,CDQO,2026-04-15T07:17:58.113804
"Desarrollador/a AX (Navision), 100% En remoto - Remote Work Spain",CL,remoteworkspain.es,,,5,"Mar 23, 2026 · Desarrollador/a AX (Navision) Diseñar, desarrollar y optimizar funcionalidades dentro de Microsoft Dynamics AX utilizando X++. Participar activamente en la evolución del ERP según los …",country_expansion_v6_cl,1,CDQO,2026-04-15T07:17:58.113818
Oferta de Empleo desarrollador/a ax (navision) en Michael Page ...,CL,www.tecnoempleo.com,,,5,"Mar 21, 2026 · • Participar en el ciclo completo de desarrollo: análisis, diseño, programación, pruebas, despliegue y soporte. El candidato ideal contará con una sólida experiencia en desarrollo sobre …",country_expansion_v6_cl,1,CDQO,2026-04-15T07:17:58.113840
Empleos de Programador microsoft dynamics navision - Indeed,CL,es.indeed.com,,,5,Encuentra 5 empleos de Programador microsoft dynamics navision en Indeed.com. ¡Descubre las mejores oportunidades laborales y comienza hoy mismo!,country_expansion_v6_cl,1,CDQO,2026-04-15T07:17:58.113852
"Se necesita urgente: Contabilidad navision en Cartagena, Murcia ...",CO,es.jooble.org,,,5,En Cartagena (Murcia) se busca a una persona para apoyar en las tareas diarias de administración y contabilidad. Sus funciones incluirán la gestión de la documentación financiera y la elaboración de …,country_expansion_v6_co,1,CDQO,2026-04-15T07:17:58.113862
Contact - Navision Shipping,CO,www.navisionshipping.com,,,5,"With over 100 years combined experience, our dedicated team of well-qualified and commercially-minded chartering and operations professionals, who continuously …",country_expansion_v6_co,1,CDQO,2026-04-15T07:17:58.113876
Microsoft Navision o Microsoft Dynamics NAV: Una solución ERP para …,CO,axial-erp.co,,,5,Microsoft Navision o Microsoft Dynamics NAV es una solución ERP (Enterprise Resource Planning) desarrollada por Microsoft para ayudar en la gestión empresarial. Es conocido popularmente como …,country_expansion_v6_co,1,CDQO,2026-04-15T07:17:58.113904
Soluciones Navision Erp en Cartagena (Murcia) - Empresite,CO,empresite.eleconomista.es,,,5,Listado de empresas relacionadas con Soluciones Navision Erp en Cartagena (Murcia). Seleccione la infomación de la empresa de Soluciones Navision Erp de Cartagena.,country_expansion_v6_co,1,CDQO,2026-04-15T07:17:58.113919
Contact - NavisionGroup,CO,navisiongroup.com,,,5,Any investment proposal? Please contact us if you have an exciting investment proposal.,country_expansion_v6_co,1,CDQO,2026-04-15T07:17:58.113941
18 Navision consultant jobs in United States | Glassdoor,CO,www.glassdoor.com,,,5,Search Navision consultant jobs. Get the right Navision consultant job with company ratings & salaries. 18 open jobs for Navision consultant.,country_expansion_v6_co,1,CDQO,2026-04-15T07:17:58.113952
Hire Microsoft Navision Consultants and Dynamics NAV Developers,CO,www.hiredynamicsdevelopers.com,,,5,We formulate a profile for the perfect Microsoft Navision developer according to your needs and then embark on the journey to find them across various platforms.,country_expansion_v6_co,1,CDQO,2026-04-15T07:17:58.113963
Se necesita urgente! Trabajo de consultor navision: 280 ofertas ...,CO,es.jobsora.com,,,5,Una consultora de selección de talento busca un/a Técnico/a de Desarrollo Microsoft Dynamics NAV (Navision) en Madrid. La misión es diseñar y desarrollar soluciones en un entorno colaborativo y …,country_expansion_v6_co,1,CDQO,2026-04-15T07:17:58.113973
Empleo Navision|Consultores y Programadores Navision|Trabajo …,CO,empleonav.ayudaconnavision.com,,,5,"Actualmente se han puesto en contacto con nosotros para un proceso de selección de dos Consultores NAV ( uno en México, otro en Perú) para un proyecto de unos 4 meses de duración (ampliables en …",country_expansion_v6_co,1,CDQO,2026-04-15T07:17:58.113987
Expert Microsoft Dynamics NAVISION Consulting Services,CO,itransfluence.com,,,5,"Our services cover every aspect of Dynamics NAVISION, including software development, business process re-engineering, and system customization. Whether you’re upgrading legacy systems, …",country_expansion_v6_co,1,CDQO,2026-04-15T07:17:58.114010
"Perfil del Desarrollador de Navision: Qué es, Funciones y Empleo",CO,iwantic.com,,,5,"El rol de un desarrollador de Navision es crucial en el entorno empresarial moderno. Estos profesionales son responsables de personalizar y optimizar el software de gestión empresarial, …",country_expansion_v6_co,1,CDQO,2026-04-15T07:17:58.114021
"Desarrollador/a AX (Navision), 100% En remoto - Remote Work Spain",CO,remoteworkspain.es,,,5,"Mar 23, 2026 · Desarrollador/a AX (Navision) Diseñar, desarrollar y optimizar funcionalidades dentro de Microsoft Dynamics AX utilizando X++. Participar activamente en la evolución del ERP según los …",country_expansion_v6_co,1,CDQO,2026-04-15T07:17:58.114033
Oferta de Empleo desarrollador/a ax (navision) en Michael Page ...,CO,www.tecnoempleo.com,,,5,"Mar 21, 2026 · • Participar en el ciclo completo de desarrollo: análisis, diseño, programación, pruebas, despliegue y soporte. El candidato ideal contará con una sólida experiencia en desarrollo sobre …",country_expansion_v6_co,1,CDQO,2026-04-15T07:17:58.114046
Empleos de Programador microsoft dynamics navision - Indeed,CO,es.indeed.com,,,5,Encuentra 5 empleos de Programador microsoft dynamics navision en Indeed.com. ¡Descubre las mejores oportunidades laborales y comienza hoy mismo!,country_expansion_v6_co,1,CDQO,2026-04-15T07:17:58.114068
Contratar a un Navision desarrollador dedicado en Perú,PE,teamextension.pe,,,5,Encontrar y retener un Navision programador puede ser todo un reto para …,country_expansion_v6_pe,1,CDQO,2026-04-15T07:17:58.114079
24 empleos de «Navision Consultant» en Perú - LinkedIn Perú,PE,pe.linkedin.com,,,5,Los 24 principales empleos del día de Navision Consultant en Perú. Sácale el máximo partido a tu red profesional y consigue que te contraten. Se añaden nuevos empleos para Navision Consultant...,country_expansion_v6_pe,1,CDQO,2026-04-15T07:17:58.114090
18 Navision consultant jobs in United States | Glassdoor,PE,www.glassdoor.com,,,5,Search Navision consultant jobs. Get the right Navision consultant job with company ratings & salaries. 18 open jobs for Navision consultant.,country_expansion_v6_pe,1,CDQO,2026-04-15T07:17:58.114105
Hire Microsoft Navision Consultants and Dynamics NAV Developers,PE,www.hiredynamicsdevelopers.com,,,5,We formulate a profile for the perfect Microsoft Navision developer according to your needs and then embark on the journey to find them across various platforms.,country_expansion_v6_pe,1,CDQO,2026-04-15T07:17:58.114127
Se necesita urgente! Trabajo de consultor navision: 280 ofertas ...,PE,es.jobsora.com,,,5,Una consultora de selección de talento busca un/a Técnico/a de Desarrollo Microsoft Dynamics NAV (Navision) en Madrid. La misión es diseñar y desarrollar soluciones en un entorno colaborativo y …,country_expansion_v6_pe,1,CDQO,2026-04-15T07:17:58.114139
Empleo Navision|Consultores y Programadores Navision|Trabajo …,PE,empleonav.ayudaconnavision.com,,,5,"Actualmente se han puesto en contacto con nosotros para un proceso de selección de dos Consultores NAV ( uno en México, otro en Perú) para un proyecto de unos 4 meses de duración (ampliables en …",country_expansion_v6_pe,1,CDQO,2026-04-15T07:17:58.114150
Expert Microsoft Dynamics NAVISION Consulting Services,PE,itransfluence.com,,,5,"Our services cover every aspect of Dynamics NAVISION, including software development, business process re-engineering, and system customization. Whether you’re upgrading legacy systems, …",country_expansion_v6_pe,1,CDQO,2026-04-15T07:17:58.114166
"Perfil del Desarrollador de Navision: Qué es, Funciones y Empleo",PE,iwantic.com,,,5,"El rol de un desarrollador de Navision es crucial en el entorno empresarial moderno. Estos profesionales son responsables de personalizar y optimizar el software de gestión empresarial, …",country_expansion_v6_pe,1,CDQO,2026-04-15T07:17:58.114190
"Desarrollador/a AX (Navision), 100% En remoto - Remote Work Spain",PE,remoteworkspain.es,,,5,"Mar 23, 2026 · Desarrollador/a AX (Navision) Diseñar, desarrollar y optimizar funcionalidades dentro de Microsoft Dynamics AX utilizando X++. Participar activamente en la evolución del ERP según los …",country_expansion_v6_pe,1,CDQO,2026-04-15T07:17:58.114201
Oferta de Empleo desarrollador/a ax (navision) en Michael Page ...,PE,www.tecnoempleo.com,,,5,"Mar 21, 2026 · • Participar en el ciclo completo de desarrollo: análisis, diseño, programación, pruebas, despliegue y soporte. El candidato ideal contará con una sólida experiencia en desarrollo sobre …",country_expansion_v6_pe,1,CDQO,2026-04-15T07:17:58.114212
Empleos de Programador microsoft dynamics navision - Indeed,PE,es.indeed.com,,,5,Encuentra 5 empleos de Programador microsoft dynamics navision en Indeed.com. ¡Descubre las mejores oportunidades laborales y comienza hoy mismo!,country_expansion_v6_pe,1,CDQO,2026-04-15T07:17:58.114222
"3,000+ Navision Consultant jobs in United States - LinkedIn",KE,www.linkedin.com,,,5,"Today's top 3,000+ Navision Consultant jobs in United States. Leverage your professional network, and get hired. New Navision Consultant jobs added daily.",country_expansion_v6_ke,1,CDQO,2026-04-15T07:17:58.114232
Hire Microsoft Navision Consultants and Dynamics NAV Developers,KE,www.hiredynamicsdevelopers.com,,,5,Your dedicated Microsoft Dynamics NAV integration specialist will choose and deploy relevant ERP modules for your project. These optimized functionalities will help to trace and coordinate core tasks.,country_expansion_v6_ke,1,CDQO,2026-04-15T07:17:58.114243
6 Microsoft navision developer jobs in United States | Glassdoor,KE,www.glassdoor.com,,,5,Search Microsoft navision developer jobs. Get the right Microsoft navision developer job with company ratings & salaries. 6 open jobs for Microsoft navision developer.,country_expansion_v6_ke,1,CDQO,2026-04-15T07:17:58.114258
Learn NAV Programming Language : C/AL - Navision Planet,KE,www.navisionplanet.com,,,5,"Sep 15, 2025 · Learn NAV Programming language in simple and easy words along with Practise questions. C/AL (Client Application Language) is the programming language using in the C/SIDE …",country_expansion_v6_ke,1,CDQO,2026-04-15T07:17:58.114281
Hire Microsoft Navision Consultants and Dynamics NAV Developers,MA,www.hiredynamicsdevelopers.com,,,5,We formulate a profile for the perfect Microsoft Navision developer according to your needs and then embark on the journey to find them across various platforms.,country_expansion_v6_ma,1,CDQO,2026-04-15T07:17:58.114292
6 Microsoft navision developer jobs in United States | Glassdoor,MA,www.glassdoor.com,,,5,Search Microsoft navision developer jobs. Get the right Microsoft navision developer job with company ratings & salaries. 6 open jobs for Microsoft navision developer.,country_expansion_v6_ma,1,CDQO,2026-04-15T07:17:58.114302
Learn NAV Programming Language : C/AL - Navision Planet,MA,www.navisionplanet.com,,,5,"Sep 15, 2025 · Learn NAV Programming language in simple and easy words along with Practise questions. C/AL (Client Application Language) is the programming language using in the C/SIDE …",country_expansion_v6_ma,1,CDQO,2026-04-15T07:17:58.114313
"3,000+ Navision Consultant jobs in United States - LinkedIn",PK,www.linkedin.com,,,5,"Today's top 3,000+ Navision Consultant jobs in United States. Leverage your professional network, and get hired. New Navision Consultant jobs added daily.",country_expansion_v6_pk,1,CDQO,2026-04-15T07:17:58.114326
Hire Microsoft Navision Consultants and Dynamics NAV Developers,PK,www.hiredynamicsdevelopers.com,,,5,Your dedicated Microsoft Dynamics NAV integration specialist will choose and deploy relevant ERP modules for your project. These optimized functionalities will help to trace and coordinate core tasks.,country_expansion_v6_pk,1,CDQO,2026-04-15T07:17:58.114349
6 Microsoft navision developer jobs in United States | Glassdoor,PK,www.glassdoor.com,,,5,Search Microsoft navision developer jobs. Get the right Microsoft navision developer job with company ratings & salaries. 6 open jobs for Microsoft navision developer.,country_expansion_v6_pk,1,CDQO,2026-04-15T07:17:58.114361
Learn NAV Programming Language : C/AL - Navision Planet,PK,www.navisionplanet.com,,,5,"Sep 15, 2025 · Learn NAV Programming language in simple and easy words along with Practise questions. C/AL (Client Application Language) is the programming language using in the C/SIDE …",country_expansion_v6_pk,1,CDQO,2026-04-15T07:17:58.114371
"3,000+ Navision Consultant jobs in United States - LinkedIn",BD,www.linkedin.com,,,5,"Today's top 3,000+ Navision Consultant jobs in United States. Leverage your professional network, and get hired. New Navision Consultant jobs added daily.",country_expansion_v6_bd,1,CDQO,2026-04-15T07:17:58.114382
Hire Microsoft Navision Consultants and Dynamics NAV Developers,BD,www.hiredynamicsdevelopers.com,,,5,Your dedicated Microsoft Dynamics NAV integration specialist will choose and deploy relevant ERP modules for your project. These optimized functionalities will help to trace and coordinate core tasks.,country_expansion_v6_bd,1,CDQO,2026-04-15T07:17:58.114392
6 Microsoft navision developer jobs in United States | Glassdoor,BD,www.glassdoor.com,,,5,Search Microsoft navision developer jobs. Get the right Microsoft navision developer job with company ratings & salaries. 6 open jobs for Microsoft navision developer.,country_expansion_v6_bd,1,CDQO,2026-04-15T07:17:58.114412
Learn NAV Programming Language : C/AL - Navision Planet,BD,www.navisionplanet.com,,,5,"Sep 15, 2025 · Learn NAV Programming language in simple and easy words along with Practise questions. C/AL (Client Application Language) is the programming language using in the C/SIDE …",country_expansion_v6_bd,1,CDQO,2026-04-15T07:17:58.114436
"3,000+ Navision Consultant jobs in United States - LinkedIn",LK,www.linkedin.com,,,5,"Today's top 3,000+ Navision Consultant jobs in United States. Leverage your professional network, and get hired. New Navision Consultant jobs added daily.",country_expansion_v6_lk,1,CDQO,2026-04-15T07:17:58.114448
Hire Microsoft Navision Consultants and Dynamics NAV Developers,LK,www.hiredynamicsdevelopers.com,,,5,Your dedicated Microsoft Dynamics NAV integration specialist will choose and deploy relevant ERP modules for your project. These optimized functionalities will help to trace and coordinate core tasks.,country_expansion_v6_lk,1,CDQO,2026-04-15T07:17:58.114459
6 Microsoft navision developer jobs in United States | Glassdoor,LK,www.glassdoor.com,,,5,Search Microsoft navision developer jobs. Get the right Microsoft navision developer job with company ratings & salaries. 6 open jobs for Microsoft navision developer.,country_expansion_v6_lk,1,CDQO,2026-04-15T07:17:58.114469
"3,000+ Navision Consultant jobs in United States - LinkedIn",NP,www.linkedin.com,,,5,"Today's top 3,000+ Navision Consultant jobs in United States. Leverage your professional network, and get hired. New Navision Consultant jobs added daily.",country_expansion_v6_np,1,CDQO,2026-04-15T07:17:58.114480
Hire Microsoft Navision Consultants and Dynamics NAV Developers,NP,www.hiredynamicsdevelopers.com,,,5,Your dedicated Microsoft Dynamics NAV integration specialist will choose and deploy relevant ERP modules for your project. These optimized functionalities will help to trace and coordinate core tasks.,country_expansion_v6_np,1,CDQO,2026-04-15T07:17:58.114490
6 Microsoft navision developer jobs in United States | Glassdoor,NP,www.glassdoor.com,,,5,Search Microsoft navision developer jobs. Get the right Microsoft navision developer job with company ratings & salaries. 6 open jobs for Microsoft navision developer.,country_expansion_v6_np,1,CDQO,2026-04-15T07:17:58.114501
Learn NAV Programming Language : C/AL - Navision Planet,NP,www.navisionplanet.com,,,5,"Sep 15, 2025 · Learn NAV Programming language in simple and easy words along with Practise questions. C/AL (Client Application Language) is the programming language using in the C/SIDE …",country_expansion_v6_np,1,CDQO,2026-04-15T07:17:58.114512
"3,000+ Navision Consultant jobs in United States - LinkedIn",MM,www.linkedin.com,,,5,"Today's top 3,000+ Navision Consultant jobs in United States. Leverage your professional network, and get hired. New Navision Consultant jobs added daily.",country_expansion_v6_mm,1,CDQO,2026-04-15T07:17:58.114525
Hire Microsoft Navision Consultants and Dynamics NAV Developers,MM,www.hiredynamicsdevelopers.com,,,5,Your dedicated Microsoft Dynamics NAV integration specialist will choose and deploy relevant ERP modules for your project. These optimized functionalities will help to trace and coordinate core tasks.,country_expansion_v6_mm,1,CDQO,2026-04-15T07:17:58.114548
6 Microsoft navision developer jobs in United States | Glassdoor,MM,www.glassdoor.com,,,5,Search Microsoft navision developer jobs. Get the right Microsoft navision developer job with company ratings & salaries. 6 open jobs for Microsoft navision developer.,country_expansion_v6_mm,1,CDQO,2026-04-15T07:17:58.114560
Learn NAV Programming Language : C/AL - Navision Planet,MM,www.navisionplanet.com,,,5,"Sep 15, 2025 · Learn NAV Programming language in simple and easy words along with Practise questions. C/AL (Client Application Language) is the programming language using in the C/SIDE …",country_expansion_v6_mm,1,CDQO,2026-04-15T07:17:58.114570
"3,000+ Navision Consultant jobs in United States - LinkedIn",KH,www.linkedin.com,,,5,"Today's top 3,000+ Navision Consultant jobs in United States. Leverage your professional network, and get hired. New Navision Consultant jobs added daily.",country_expansion_v6_kh,1,CDQO,2026-04-15T07:17:58.114581
Hire Microsoft Navision Consultants and Dynamics NAV Developers,KH,www.hiredynamicsdevelopers.com,,,5,Your dedicated Microsoft Dynamics NAV integration specialist will choose and deploy relevant ERP modules for your project. These optimized functionalities will help to trace and coordinate core tasks.,country_expansion_v6_kh,1,CDQO,2026-04-15T07:17:58.114591
6 Microsoft navision developer jobs in United States | Glassdoor,KH,www.glassdoor.com,,,5,Search Microsoft navision developer jobs. Get the right Microsoft navision developer job with company ratings & salaries. 6 open jobs for Microsoft navision developer.,country_expansion_v6_kh,1,CDQO,2026-04-15T07:17:58.114601
Learn NAV Programming Language : C/AL - Navision Planet,KH,www.navisionplanet.com,,,5,"Sep 15, 2025 · Learn NAV Programming language in simple and easy words along with Practise questions. C/AL (Client Application Language) is the programming language using in the C/SIDE …",country_expansion_v6_kh,1,CDQO,2026-04-15T07:17:58.114611
"3,000+ Navision Consultant jobs in United States - LinkedIn",LA,www.linkedin.com,,,5,"Today's top 3,000+ Navision Consultant jobs in United States. Leverage your professional network, and get hired. New Navision Consultant jobs added daily.",country_expansion_v6_la,1,CDQO,2026-04-15T07:17:58.114624
Hire Microsoft Navision Consultants and Dynamics NAV Developers,LA,www.hiredynamicsdevelopers.com,,,5,Your dedicated Microsoft Dynamics NAV integration specialist will choose and deploy relevant ERP modules for your project. These optimized functionalities will help to trace and coordinate core tasks.,country_expansion_v6_la,1,CDQO,2026-04-15T07:17:58.114689
6 Microsoft navision developer jobs in United States | Glassdoor,LA,www.glassdoor.com,,,5,Search Microsoft navision developer jobs. Get the right Microsoft navision developer job with company ratings & salaries. 6 open jobs for Microsoft navision developer.,country_expansion_v6_la,1,CDQO,2026-04-15T07:17:58.114715
Learn NAV Programming Language : C/AL - Navision Planet,LA,www.navisionplanet.com,,,5,"Sep 15, 2025 · Learn NAV Programming language in simple and easy words along with Practise questions. C/AL (Client Application Language) is the programming language using in the C/SIDE …",country_expansion_v6_la,1,CDQO,2026-04-15T07:17:58.114728
"3,000+ Navision Consultant jobs in United States - LinkedIn",MN,www.linkedin.com,,,5,"Today's top 3,000+ Navision Consultant jobs in United States. Leverage your professional network, and get hired. New Navision Consultant jobs added daily.",country_expansion_v6_mn,1,CDQO,2026-04-15T07:17:58.114739
Hire Microsoft Navision Consultants and Dynamics NAV Developers,MN,www.hiredynamicsdevelopers.com,,,5,Your dedicated Microsoft Dynamics NAV integration specialist will choose and deploy relevant ERP modules for your project. These optimized functionalities will help to trace and coordinate core tasks.,country_expansion_v6_mn,1,CDQO,2026-04-15T07:17:58.114749
6 Microsoft navision developer jobs in United States | Glassdoor,MN,www.glassdoor.com,,,5,Search Microsoft navision developer jobs. Get the right Microsoft navision developer job with company ratings & salaries. 6 open jobs for Microsoft navision developer.,country_expansion_v6_mn,1,CDQO,2026-04-15T07:17:58.114765
Learn NAV Programming Language : C/AL - Navision Planet,MN,www.navisionplanet.com,,,5,"Sep 15, 2025 · Learn NAV Programming language in simple and easy words along with Practise questions. C/AL (Client Application Language) is the programming language using in the C/SIDE …",country_expansion_v6_mn,1,CDQO,2026-04-15T07:17:58.114794
Hire Dynamics Specialists in Kazakhstan | Dynamics Career,KZ,www.dynamics-career.com,,,5,"In addition to these roles, we are also a trusted Dynamics NAV partner in Kazakhstan, connecting businesses with experts in NAV for advanced enterprise …",country_expansion_v6_kz,1,CDQO,2026-04-15T07:17:58.114806
"3,000+ Navision Consultant jobs in United States - LinkedIn",KZ,www.linkedin.com,,,5,"Today's top 3,000+ Navision Consultant jobs in United States. Leverage your professional network, and get hired. New Navision Consultant jobs added daily.",country_expansion_v6_kz,1,CDQO,2026-04-15T07:17:58.114817
Hire Microsoft Navision Consultants and Dynamics NAV Developers,KZ,www.hiredynamicsdevelopers.com,,,5,Your dedicated Microsoft Dynamics NAV integration specialist will choose and deploy relevant ERP modules for your project. These optimized functionalities will help to trace and coordinate core tasks.,country_expansion_v6_kz,1,CDQO,2026-04-15T07:17:58.114827
6 Microsoft navision developer jobs in United States | Glassdoor,KZ,www.glassdoor.com,,,5,Search Microsoft navision developer jobs. Get the right Microsoft navision developer job with company ratings & salaries. 6 open jobs for Microsoft navision developer.,country_expansion_v6_kz,1,CDQO,2026-04-15T07:17:58.114837
Learn NAV Programming Language : C/AL - Navision Planet,KZ,www.navisionplanet.com,,,5,"Sep 15, 2025 · Learn NAV Programming language in simple and easy words along with Practise questions. C/AL (Client Application Language) is the programming language using in the C/SIDE …",country_expansion_v6_kz,1,CDQO,2026-04-15T07:17:58.114851
Hire Dynamics Specialists in Uzbekistan| Dynamics Career,UZ,www.dynamics-career.com,,,5,"Dynamics NAV Partners in Uzbekistan For those in need of advanced resource planning solutions, our Dynamics NAV partners offer expertise in optimizing supply chain and production processes.",country_expansion_v6_uz,1,CDQO,2026-04-15T07:17:58.114875
"3,000+ Navision Consultant jobs in United States - LinkedIn",UZ,www.linkedin.com,,,5,"Today's top 3,000+ Navision Consultant jobs in United States. Leverage your professional network, and get hired. New Navision Consultant jobs added daily.",country_expansion_v6_uz,1,CDQO,2026-04-15T07:17:58.114886
Hire Microsoft Navision Consultants and Dynamics NAV Developers,UZ,www.hiredynamicsdevelopers.com,,,5,Your dedicated Microsoft Dynamics NAV integration specialist will choose and deploy relevant ERP modules for your project. These optimized functionalities will help to trace and coordinate core tasks.,country_expansion_v6_uz,1,CDQO,2026-04-15T07:17:58.114897
6 Microsoft navision developer jobs in United States | Glassdoor,UZ,www.glassdoor.com,,,5,Search Microsoft navision developer jobs. Get the right Microsoft navision developer job with company ratings & salaries. 6 open jobs for Microsoft navision developer.,country_expansion_v6_uz,1,CDQO,2026-04-15T07:17:58.114911
Learn NAV Programming Language : C/AL - Navision Planet,UZ,www.navisionplanet.com,,,5,"Sep 15, 2025 · Learn NAV Programming language in simple and easy words along with Practise questions. C/AL (Client Application Language) is the programming language using in the C/SIDE …",country_expansion_v6_uz,1,CDQO,2026-04-15T07:17:58.114934
"3,000+ Navision Consultant jobs in United States - LinkedIn",AZ,www.linkedin.com,,,5,"Today's top 3,000+ Navision Consultant jobs in United States. Leverage your professional network, and get hired. New Navision Consultant jobs added daily.",country_expansion_v6_az,1,CDQO,2026-04-15T07:17:58.114945
Hire Microsoft Navision Consultants and Dynamics NAV Developers,AZ,www.hiredynamicsdevelopers.com,,,5,Your dedicated Microsoft Dynamics NAV integration specialist will choose and deploy relevant ERP modules for your project. These optimized functionalities will help to trace and coordinate core tasks.,country_expansion_v6_az,1,CDQO,2026-04-15T07:17:58.114956
6 Microsoft navision developer jobs in United States | Glassdoor,AZ,www.glassdoor.com,,,5,Search Microsoft navision developer jobs. Get the right Microsoft navision developer job with company ratings & salaries. 6 open jobs for Microsoft navision developer.,country_expansion_v6_az,1,CDQO,2026-04-15T07:17:58.114967
Learn NAV Programming Language : C/AL - Navision Planet,AZ,www.navisionplanet.com,,,5,"Sep 15, 2025 · Learn NAV Programming language in simple and easy words along with Practise questions. C/AL (Client Application Language) is the programming language using in the C/SIDE …",country_expansion_v6_az,1,CDQO,2026-04-15T07:17:58.114977
"3,000+ Navision Consultant jobs in United States - LinkedIn",GE,www.linkedin.com,,,5,"Today's top 3,000+ Navision Consultant jobs in United States. Leverage your professional network, and get hired. New Navision Consultant jobs added daily.",country_expansion_v6_ge,1,CDQO,2026-04-15T07:17:58.114988
Hire Microsoft Navision Consultants and Dynamics NAV Developers,GE,www.hiredynamicsdevelopers.com,,,5,Your dedicated Microsoft Dynamics NAV integration specialist will choose and deploy relevant ERP modules for your project. These optimized functionalities will help to trace and coordinate core tasks.,country_expansion_v6_ge,1,CDQO,2026-04-15T07:17:58.115001
6 Microsoft navision developer jobs in United States | Glassdoor,GE,www.glassdoor.com,,,5,Search Microsoft navision developer jobs. Get the right Microsoft navision developer job with company ratings & salaries. 6 open jobs for Microsoft navision developer.,country_expansion_v6_ge,1,CDQO,2026-04-15T07:17:58.115024
Learn NAV Programming Language : C/AL - Navision Planet,GE,www.navisionplanet.com,,,5,"Sep 15, 2025 · Learn NAV Programming language in simple and easy words along with Practise questions. C/AL (Client Application Language) is the programming language using in the C/SIDE …",country_expansion_v6_ge,1,CDQO,2026-04-15T07:17:58.115034
"3,000+ Navision Consultant jobs in United States - LinkedIn",AM,www.linkedin.com,,,5,"Today's top 3,000+ Navision Consultant jobs in United States. Leverage your professional network, and get hired. New Navision Consultant jobs added daily.",country_expansion_v6_am,1,CDQO,2026-04-15T07:17:58.115044
Hire Microsoft Navision Consultants and Dynamics NAV Developers,AM,www.hiredynamicsdevelopers.com,,,5,Your dedicated Microsoft Dynamics NAV integration specialist will choose and deploy relevant ERP modules for your project. These optimized functionalities will help to trace and coordinate core tasks.,country_expansion_v6_am,1,CDQO,2026-04-15T07:17:58.115055
6 Microsoft navision developer jobs in United States | Glassdoor,AM,www.glassdoor.com,,,5,Search Microsoft navision developer jobs. Get the right Microsoft navision developer job with company ratings & salaries. 6 open jobs for Microsoft navision developer.,country_expansion_v6_am,1,CDQO,2026-04-15T07:17:58.115068
Learn NAV Programming Language : C/AL - Navision Planet,AM,www.navisionplanet.com,,,5,"Sep 15, 2025 · Learn NAV Programming language in simple and easy words along with Practise questions. C/AL (Client Application Language) is the programming language using in the C/SIDE …",country_expansion_v6_am,1,CDQO,2026-04-15T07:17:58.115092
"3,000+ Navision Consultant jobs in United States - LinkedIn",QA,www.linkedin.com,,,5,"Today's top 3,000+ Navision Consultant jobs in United States. Leverage your professional network, and get hired. New Navision Consultant jobs added daily.",country_expansion_v6_qa,1,CDQO,2026-04-15T07:17:58.115103
Hire Microsoft Navision Consultants and Dynamics NAV Developers,QA,www.hiredynamicsdevelopers.com,,,5,Your dedicated Microsoft Dynamics NAV integration specialist will choose and deploy relevant ERP modules for your project. These optimized functionalities will help to trace and coordinate core tasks.,country_expansion_v6_qa,1,CDQO,2026-04-15T07:17:58.115120
6 Microsoft navision developer jobs in United States | Glassdoor,QA,www.glassdoor.com,,,5,Search Microsoft navision developer jobs. Get the right Microsoft navision developer job with company ratings & salaries. 6 open jobs for Microsoft navision developer.,country_expansion_v6_qa,1,CDQO,2026-04-15T07:17:58.115131
Learn NAV Programming Language : C/AL - Navision Planet,QA,www.navisionplanet.com,,,5,"Sep 15, 2025 · Learn NAV Programming language in simple and easy words along with Practise questions. C/AL (Client Application Language) is the programming language using in the C/SIDE …",country_expansion_v6_qa,1,CDQO,2026-04-15T07:17:58.115142
Hire Microsoft Navision Consultants and Dynamics NAV Developers,KW,www.hiredynamicsdevelopers.com,,,5,We formulate a profile for the perfect Microsoft Navision developer according to your needs and then embark on the journey to find them across various platforms.,country_expansion_v6_kw,1,CDQO,2026-04-15T07:17:58.115153
6 Microsoft navision developer jobs in United States | Glassdoor,KW,www.glassdoor.com,,,5,Search Microsoft navision developer jobs. Get the right Microsoft navision developer job with company ratings & salaries. 6 open jobs for Microsoft navision developer.,country_expansion_v6_kw,1,CDQO,2026-04-15T07:17:58.115163
Learn NAV Programming Language : C/AL - Navision Planet,KW,www.navisionplanet.com,,,5,"Sep 15, 2025 · Learn NAV Programming language in simple and easy words along with Practise questions. C/AL (Client Application Language) is the programming language using in the C/SIDE …",country_expansion_v6_kw,1,CDQO,2026-04-15T07:17:58.115176
"3,000+ Navision Consultant jobs in United States - LinkedIn",BH,www.linkedin.com,,,5,"Today's top 3,000+ Navision Consultant jobs in United States. Leverage your professional network, and get hired. New Navision Consultant jobs added daily.",country_expansion_v6_bh,1,CDQO,2026-04-15T07:17:58.115199
Hire Microsoft Navision Consultants and Dynamics NAV Developers,BH,www.hiredynamicsdevelopers.com,,,5,Your dedicated Microsoft Dynamics NAV integration specialist will choose and deploy relevant ERP modules for your project. These optimized functionalities will help to trace and coordinate core tasks.,country_expansion_v6_bh,1,CDQO,2026-04-15T07:17:58.115211
6 Microsoft navision developer jobs in United States | Glassdoor,BH,www.glassdoor.com,,,5,Search Microsoft navision developer jobs. Get the right Microsoft navision developer job with company ratings & salaries. 6 open jobs for Microsoft navision developer.,country_expansion_v6_bh,1,CDQO,2026-04-15T07:17:58.115221
Learn NAV Programming Language : C/AL - Navision Planet,BH,www.navisionplanet.com,,,5,"Sep 15, 2025 · Learn NAV Programming language in simple and easy words along with Practise questions. C/AL (Client Application Language) is the programming language using in the C/SIDE …",country_expansion_v6_bh,1,CDQO,2026-04-15T07:17:58.115231
"3,000+ Navision Consultant jobs in United States - LinkedIn",OM,www.linkedin.com,,,5,"Today's top 3,000+ Navision Consultant jobs in United States. Leverage your professional network, and get hired. New Navision Consultant jobs added daily.",country_expansion_v6_om,1,CDQO,2026-04-15T07:17:58.115242
Hire Microsoft Navision Consultants and Dynamics NAV Developers,OM,www.hiredynamicsdevelopers.com,,,5,Your dedicated Microsoft Dynamics NAV integration specialist will choose and deploy relevant ERP modules for your project. These optimized functionalities will help to trace and coordinate core tasks.,country_expansion_v6_om,1,CDQO,2026-04-15T07:17:58.115252
6 Microsoft navision developer jobs in United States | Glassdoor,OM,www.glassdoor.com,,,5,Search Microsoft navision developer jobs. Get the right Microsoft navision developer job with company ratings & salaries. 6 open jobs for Microsoft navision developer.,country_expansion_v6_om,1,CDQO,2026-04-15T07:17:58.115266
Learn NAV Programming Language : C/AL - Navision Planet,OM,www.navisionplanet.com,,,5,"Sep 15, 2025 · Learn NAV Programming language in simple and easy words along with Practise questions. C/AL (Client Application Language) is the programming language using in the C/SIDE …",country_expansion_v6_om,1,CDQO,2026-04-15T07:17:58.115290
"3,000+ Navision Consultant jobs in United States - LinkedIn",JO,www.linkedin.com,,,5,"Today's top 3,000+ Navision Consultant jobs in United States. Leverage your professional network, and get hired. New Navision Consultant jobs added daily.",country_expansion_v6_jo,1,CDQO,2026-04-15T07:17:58.115301
Hire Microsoft Navision Consultants and Dynamics NAV Developers,JO,www.hiredynamicsdevelopers.com,,,5,Your dedicated Microsoft Dynamics NAV integration specialist will choose and deploy relevant ERP modules for your project. These optimized functionalities will help to trace and coordinate core tasks.,country_expansion_v6_jo,1,CDQO,2026-04-15T07:17:58.115311
6 Microsoft navision developer jobs in United States | Glassdoor,JO,www.glassdoor.com,,,5,Search Microsoft navision developer jobs. Get the right Microsoft navision developer job with company ratings & salaries. 6 open jobs for Microsoft navision developer.,country_expansion_v6_jo,1,CDQO,2026-04-15T07:17:58.115321
Learn NAV Programming Language : C/AL - Navision Planet,JO,www.navisionplanet.com,,,5,"Sep 15, 2025 · Learn NAV Programming language in simple and easy words along with Practise questions. C/AL (Client Application Language) is the programming language using in the C/SIDE …",country_expansion_v6_jo,1,CDQO,2026-04-15T07:17:58.115332
"3,000+ Navision Consultant jobs in United States - LinkedIn",LB,www.linkedin.com,,,5,"Today's top 3,000+ Navision Consultant jobs in United States. Leverage your professional network, and get hired. New Navision Consultant jobs added daily.",country_expansion_v6_lb,1,CDQO,2026-04-15T07:17:58.115342
Hire Microsoft Navision Consultants and Dynamics NAV Developers,LB,www.hiredynamicsdevelopers.com,,,5,Your dedicated Microsoft Dynamics NAV integration specialist will choose and deploy relevant ERP modules for your project. These optimized functionalities will help to trace and coordinate core tasks.,country_expansion_v6_lb,1,CDQO,2026-04-15T07:17:58.115356
6 Microsoft navision developer jobs in United States | Glassdoor,LB,www.glassdoor.com,,,5,Search Microsoft navision developer jobs. Get the right Microsoft navision developer job with company ratings & salaries. 6 open jobs for Microsoft navision developer.,country_expansion_v6_lb,1,CDQO,2026-04-15T07:17:58.115388
Learn NAV Programming Language : C/AL - Navision Planet,LB,www.navisionplanet.com,,,5,"Sep 15, 2025 · Learn NAV Programming language in simple and easy words along with Practise questions. C/AL (Client Application Language) is the programming language using in the C/SIDE …",country_expansion_v6_lb,1,CDQO,2026-04-15T07:17:58.115399
"3,000+ Navision Consultant jobs in United States - LinkedIn",IQ,www.linkedin.com,,,5,"Today's top 3,000+ Navision Consultant jobs in United States. Leverage your professional network, and get hired. New Navision Consultant jobs added daily.",country_expansion_v6_iq,1,CDQO,2026-04-15T07:17:58.115416
Hire Microsoft Navision Consultants and Dynamics NAV Developers,IQ,www.hiredynamicsdevelopers.com,,,5,Your dedicated Microsoft Dynamics NAV integration specialist will choose and deploy relevant ERP modules for your project. These optimized functionalities will help to trace and coordinate core tasks.,country_expansion_v6_iq,1,CDQO,2026-04-15T07:17:58.115427
6 Microsoft navision developer jobs in United States | Glassdoor,IQ,www.glassdoor.com,,,5,Search Microsoft navision developer jobs. Get the right Microsoft navision developer job with company ratings & salaries. 6 open jobs for Microsoft navision developer.,country_expansion_v6_iq,1,CDQO,2026-04-15T07:17:58.115441
Learn NAV Programming Language : C/AL - Navision Planet,IQ,www.navisionplanet.com,,,5,"Sep 15, 2025 · Learn NAV Programming language in simple and easy words along with Practise questions. C/AL (Client Application Language) is the programming language using in the C/SIDE …",country_expansion_v6_iq,1,CDQO,2026-04-15T07:17:58.115466
"3,000+ Navision Consultant jobs in United States - LinkedIn",IR,www.linkedin.com,,,5,"Today's top 3,000+ Navision Consultant jobs in United States. Leverage your professional network, and get hired. New Navision Consultant jobs added daily.",country_expansion_v6_ir,1,CDQO,2026-04-15T07:17:58.115478
Hire Microsoft Navision Consultants and Dynamics NAV Developers,IR,www.hiredynamicsdevelopers.com,,,5,Your dedicated Microsoft Dynamics NAV integration specialist will choose and deploy relevant ERP modules for your project. These optimized functionalities will help to trace and coordinate core tasks.,country_expansion_v6_ir,1,CDQO,2026-04-15T07:17:58.115489
6 Microsoft navision developer jobs in United States | Glassdoor,IR,www.glassdoor.com,,,5,Search Microsoft navision developer jobs. Get the right Microsoft navision developer job with company ratings & salaries. 6 open jobs for Microsoft navision developer.,country_expansion_v6_ir,1,CDQO,2026-04-15T07:17:58.115499
Learn NAV Programming Language : C/AL - Navision Planet,IR,www.navisionplanet.com,,,5,"Sep 15, 2025 · Learn NAV Programming language in simple and easy words along with Practise questions. C/AL (Client Application Language) is the programming language using in the C/SIDE …",country_expansion_v6_ir,1,CDQO,2026-04-15T07:17:58.115509
"3,000+ Navision Consultant jobs in United States - LinkedIn",TZ,www.linkedin.com,,,5,"Today's top 3,000+ Navision Consultant jobs in United States. Leverage your professional network, and get hired. New Navision Consultant jobs added daily.",country_expansion_v6_tz,1,CDQO,2026-04-15T07:17:58.115519
Hire Microsoft Navision Consultants and Dynamics NAV Developers,TZ,www.hiredynamicsdevelopers.com,,,5,Your dedicated Microsoft Dynamics NAV integration specialist will choose and deploy relevant ERP modules for your project. These optimized functionalities will help to trace and coordinate core tasks.,country_expansion_v6_tz,1,CDQO,2026-04-15T07:17:58.115533
6 Microsoft navision developer jobs in United States | Glassdoor,TZ,www.glassdoor.com,,,5,Search Microsoft navision developer jobs. Get the right Microsoft navision developer job with company ratings & salaries. 6 open jobs for Microsoft navision developer.,country_expansion_v6_tz,1,CDQO,2026-04-15T07:17:58.115555
Learn NAV Programming Language : C/AL - Navision Planet,TZ,www.navisionplanet.com,,,5,"Sep 15, 2025 · Learn NAV Programming language in simple and easy words along with Practise questions. C/AL (Client Application Language) is the programming language using in the C/SIDE …",country_expansion_v6_tz,1,CDQO,2026-04-15T07:17:58.115566
"3,000+ Navision Consultant jobs in United States - LinkedIn",UG,www.linkedin.com,,,5,"Today's top 3,000+ Navision Consultant jobs in United States. Leverage your professional network, and get hired. New Navision Consultant jobs added daily.",country_expansion_v6_ug,1,CDQO,2026-04-15T07:17:58.115576
Hire Microsoft Navision Consultants and Dynamics NAV Developers,UG,www.hiredynamicsdevelopers.com,,,5,Your dedicated Microsoft Dynamics NAV integration specialist will choose and deploy relevant ERP modules for your project. These optimized functionalities will help to trace and coordinate core tasks.,country_expansion_v6_ug,1,CDQO,2026-04-15T07:17:58.115587
6 Microsoft navision developer jobs in United States | Glassdoor,UG,www.glassdoor.com,,,5,Search Microsoft navision developer jobs. Get the right Microsoft navision developer job with company ratings & salaries. 6 open jobs for Microsoft navision developer.,country_expansion_v6_ug,1,CDQO,2026-04-15T07:17:58.115600
Learn NAV Programming Language : C/AL - Navision Planet,UG,www.navisionplanet.com,,,5,"Sep 15, 2025 · Learn NAV Programming language in simple and easy words along with Practise questions. C/AL (Client Application Language) is the programming language using in the C/SIDE …",country_expansion_v6_ug,1,CDQO,2026-04-15T07:17:58.115624
"3,000+ Navision Consultant jobs in United States - LinkedIn",GH,www.linkedin.com,,,5,"Today's top 3,000+ Navision Consultant jobs in United States. Leverage your professional network, and get hired. New Navision Consultant jobs added daily.",country_expansion_v6_gh,1,CDQO,2026-04-15T07:17:58.115635
Hire Microsoft Navision Consultants and Dynamics NAV Developers,GH,www.hiredynamicsdevelopers.com,,,5,Your dedicated Microsoft Dynamics NAV integration specialist will choose and deploy relevant ERP modules for your project. These optimized functionalities will help to trace and coordinate core tasks.,country_expansion_v6_gh,1,CDQO,2026-04-15T07:17:58.115663
6 Microsoft navision developer jobs in United States | Glassdoor,GH,www.glassdoor.com,,,5,Search Microsoft navision developer jobs. Get the right Microsoft navision developer job with company ratings & salaries. 6 open jobs for Microsoft navision developer.,country_expansion_v6_gh,1,CDQO,2026-04-15T07:17:58.115675
Learn NAV Programming Language : C/AL - Navision Planet,GH,www.navisionplanet.com,,,5,"Sep 15, 2025 · Learn NAV Programming language in simple and easy words along with Practise questions. C/AL (Client Application Language) is the programming language using in the C/SIDE …",country_expansion_v6_gh,1,CDQO,2026-04-15T07:17:58.115686
"3,000+ Navision Consultant jobs in United States - LinkedIn",CI,www.linkedin.com,,,5,"Today's top 3,000+ Navision Consultant jobs in United States. Leverage your professional network, and get hired. New Navision Consultant jobs added daily.",country_expansion_v6_ci,1,CDQO,2026-04-15T07:17:58.115696
Hire Microsoft Navision Consultants and Dynamics NAV Developers,CI,www.hiredynamicsdevelopers.com,,,5,Your dedicated Microsoft Dynamics NAV integration specialist will choose and deploy relevant ERP modules for your project. These optimized functionalities will help to trace and coordinate core tasks.,country_expansion_v6_ci,1,CDQO,2026-04-15T07:17:58.115711
6 Microsoft navision developer jobs in United States | Glassdoor,CI,www.glassdoor.com,,,5,Search Microsoft navision developer jobs. Get the right Microsoft navision developer job with company ratings & salaries. 6 open jobs for Microsoft navision developer.,country_expansion_v6_ci,1,CDQO,2026-04-15T07:17:58.115738
Learn NAV Programming Language : C/AL - Navision Planet,CI,www.navisionplanet.com,,,5,"Sep 15, 2025 · Learn NAV Programming language in simple and easy words along with Practise questions. C/AL (Client Application Language) is the programming language using in the C/SIDE …",country_expansion_v6_ci,1,CDQO,2026-04-15T07:17:58.115750
"3,000+ Navision Consultant jobs in United States - LinkedIn",SN,www.linkedin.com,,,5,"Today's top 3,000+ Navision Consultant jobs in United States. Leverage your professional network, and get hired. New Navision Consultant jobs added daily.",country_expansion_v6_sn,1,CDQO,2026-04-15T07:17:58.115760
Hire Microsoft Navision Consultants and Dynamics NAV Developers,SN,www.hiredynamicsdevelopers.com,,,5,Your dedicated Microsoft Dynamics NAV integration specialist will choose and deploy relevant ERP modules for your project. These optimized functionalities will help to trace and coordinate core tasks.,country_expansion_v6_sn,1,CDQO,2026-04-15T07:17:58.115771
6 Microsoft navision developer jobs in United States | Glassdoor,SN,www.glassdoor.com,,,5,Search Microsoft navision developer jobs. Get the right Microsoft navision developer job with company ratings & salaries. 6 open jobs for Microsoft navision developer.,country_expansion_v6_sn,1,CDQO,2026-04-15T07:17:58.115785
Learn NAV Programming Language : C/AL - Navision Planet,SN,www.navisionplanet.com,,,5,"Sep 15, 2025 · Learn NAV Programming language in simple and easy words along with Practise questions. C/AL (Client Application Language) is the programming language using in the C/SIDE …",country_expansion_v6_sn,1,CDQO,2026-04-15T07:17:58.115808
"3,000+ Navision Consultant jobs in United States - LinkedIn",ET,www.linkedin.com,,,5,"Today's top 3,000+ Navision Consultant jobs in United States. Leverage your professional network, and get hired. New Navision Consultant jobs added daily.",country_expansion_v6_et,1,CDQO,2026-04-15T07:17:58.115818
Hire Microsoft Navision Consultants and Dynamics NAV Developers,ET,www.hiredynamicsdevelopers.com,,,5,Your dedicated Microsoft Dynamics NAV integration specialist will choose and deploy relevant ERP modules for your project. These optimized functionalities will help to trace and coordinate core tasks.,country_expansion_v6_et,1,CDQO,2026-04-15T07:17:58.115829
6 Microsoft navision developer jobs in United States | Glassdoor,ET,www.glassdoor.com,,,5,Search Microsoft navision developer jobs. Get the right Microsoft navision developer job with company ratings & salaries. 6 open jobs for Microsoft navision developer.,country_expansion_v6_et,1,CDQO,2026-04-15T07:17:58.115840
Learn NAV Programming Language : C/AL - Navision Planet,ET,www.navisionplanet.com,,,5,"Sep 15, 2025 · Learn NAV Programming language in simple and easy words along with Practise questions. C/AL (Client Application Language) is the programming language using in the C/SIDE …",country_expansion_v6_et,1,CDQO,2026-04-15T07:17:58.115850
"3,000+ Navision Consultant jobs in United States - LinkedIn",DZ,www.linkedin.com,,,5,"Today's top 3,000+ Navision Consultant jobs in United States. Leverage your professional network, and get hired. New Navision Consultant jobs added daily.",country_expansion_v6_dz,1,CDQO,2026-04-15T07:17:58.115860
Hire Microsoft Navision Consultants and Dynamics NAV Developers,DZ,www.hiredynamicsdevelopers.com,,,5,Your dedicated Microsoft Dynamics NAV integration specialist will choose and deploy relevant ERP modules for your project. These optimized functionalities will help to trace and coordinate core tasks.,country_expansion_v6_dz,1,CDQO,2026-04-15T07:17:58.115873
6 Microsoft navision developer jobs in United States | Glassdoor,DZ,www.glassdoor.com,,,5,Search Microsoft navision developer jobs. Get the right Microsoft navision developer job with company ratings & salaries. 6 open jobs for Microsoft navision developer.,country_expansion_v6_dz,1,CDQO,2026-04-15T07:17:58.115896
Learn NAV Programming Language : C/AL - Navision Planet,DZ,www.navisionplanet.com,,,5,"Sep 15, 2025 · Learn NAV Programming language in simple and easy words along with Practise questions. C/AL (Client Application Language) is the programming language using in the C/SIDE …",country_expansion_v6_dz,1,CDQO,2026-04-15T07:17:58.115907
"3,000+ Navision Consultant jobs in United States - LinkedIn",TN,www.linkedin.com,,,5,"Today's top 3,000+ Navision Consultant jobs in United States. Leverage your professional network, and get hired. New Navision Consultant jobs added daily.",country_expansion_v6_tn,1,CDQO,2026-04-15T07:17:58.115917
Hire Microsoft Navision Consultants and Dynamics NAV Developers,TN,www.hiredynamicsdevelopers.com,,,5,Your dedicated Microsoft Dynamics NAV integration specialist will choose and deploy relevant ERP modules for your project. These optimized functionalities will help to trace and coordinate core tasks.,country_expansion_v6_tn,1,CDQO,2026-04-15T07:17:58.115927
6 Microsoft navision developer jobs in United States | Glassdoor,TN,www.glassdoor.com,,,5,Search Microsoft navision developer jobs. Get the right Microsoft navision developer job with company ratings & salaries. 6 open jobs for Microsoft navision developer.,country_expansion_v6_tn,1,CDQO,2026-04-15T07:17:58.115940
Learn NAV Programming Language : C/AL - Navision Planet,TN,www.navisionplanet.com,,,5,"Sep 15, 2025 · Learn NAV Programming language in simple and easy words along with Practise questions. C/AL (Client Application Language) is the programming language using in the C/SIDE …",country_expansion_v6_tn,1,CDQO,2026-04-15T07:17:58.115962
"3,000+ Navision Consultant jobs in United States - LinkedIn",LY,www.linkedin.com,,,5,"Today's top 3,000+ Navision Consultant jobs in United States. Leverage your professional network, and get hired. New Navision Consultant jobs added daily.",country_expansion_v6_ly,1,CDQO,2026-04-15T07:17:58.115973
Hire Microsoft Navision Consultants and Dynamics NAV Developers,LY,www.hiredynamicsdevelopers.com,,,5,Your dedicated Microsoft Dynamics NAV integration specialist will choose and deploy relevant ERP modules for your project. These optimized functionalities will help to trace and coordinate core tasks.,country_expansion_v6_ly,1,CDQO,2026-04-15T07:17:58.115984
6 Microsoft navision developer jobs in United States | Glassdoor,LY,www.glassdoor.com,,,5,Search Microsoft navision developer jobs. Get the right Microsoft navision developer job with company ratings & salaries. 6 open jobs for Microsoft navision developer.,country_expansion_v6_ly,1,CDQO,2026-04-15T07:17:58.122225
Learn NAV Programming Language : C/AL - Navision Planet,LY,www.navisionplanet.com,,,5,"Sep 15, 2025 · Learn NAV Programming language in simple and easy words along with Practise questions. C/AL (Client Application Language) is the programming language using in the C/SIDE …",country_expansion_v6_ly,1,CDQO,2026-04-15T07:17:58.122276
UN Job Navision / IT Officer at Sudan - undpjobs.net,SD,undpjobs.net,,,5,"The Navision / IT officer will be responsible in analysing and performing technical / functional specifications as required by the users. Customize, support and maintain NAV applications for BGRRF.",country_expansion_v6_sd,1,CDQO,2026-04-15T07:17:58.122291
4Sight Channel Partner | Dynamics NAV | Business Apps,SD,www.dynamicsafrica.biz,,,5,"Microsoft Dynamics NAV is an ERP solution originally known as Navision. It was designed for small and medium-sized businesses to manage finances, supply chains, and operations.",country_expansion_v6_sd,1,CDQO,2026-04-15T07:17:58.122303
وظائف Microsoft Dynamics Navision في Sudan - 8 شواغر في نوفمبر 2024,SD,arabic.naukrigulf.com,,,5,وظائف Microsoft Dynamics Navision في - ابحث في شواغر Microsoft Dynamics Navision في أفضل الشركات في الامارات، قطر، سلطنة عمان والبحرين.,country_expansion_v6_sd,1,CDQO,2026-04-15T07:17:58.122321
"3,000+ Navision Consultant jobs in United States - LinkedIn",SD,www.linkedin.com,,,5,"Today's top 3,000+ Navision Consultant jobs in United States. Leverage your professional network, and get hired. New Navision Consultant jobs added daily.",country_expansion_v6_sd,1,CDQO,2026-04-15T07:17:58.122345
Hire Microsoft Navision Consultants and Dynamics NAV Developers,SD,www.hiredynamicsdevelopers.com,,,5,Your dedicated Microsoft Dynamics NAV integration specialist will choose and deploy relevant ERP modules for your project. These optimized functionalities will help to trace and coordinate core tasks.,country_expansion_v6_sd,1,CDQO,2026-04-15T07:17:58.122371
6 Microsoft navision developer jobs in United States | Glassdoor,SD,www.glassdoor.com,,,5,Search Microsoft navision developer jobs. Get the right Microsoft navision developer job with company ratings & salaries. 6 open jobs for Microsoft navision developer.,country_expansion_v6_sd,1,CDQO,2026-04-15T07:17:58.122383
Learn NAV Programming Language : C/AL - Navision Planet,SD,www.navisionplanet.com,,,5,"Sep 15, 2025 · Learn NAV Programming language in simple and easy words along with Practise questions. C/AL (Client Application Language) is the programming language using in the C/SIDE …",country_expansion_v6_sd,1,CDQO,2026-04-15T07:17:58.122395
"3,000+ Navision Consultant jobs in United States - LinkedIn",ZW,www.linkedin.com,,,5,"Today's top 3,000+ Navision Consultant jobs in United States. Leverage your professional network, and get hired. New Navision Consultant jobs added daily.",country_expansion_v6_zw,1,CDQO,2026-04-15T07:17:58.122405
Hire Microsoft Navision Consultants and Dynamics NAV Developers,ZW,www.hiredynamicsdevelopers.com,,,5,Your dedicated Microsoft Dynamics NAV integration specialist will choose and deploy relevant ERP modules for your project. These optimized functionalities will help to trace and coordinate core tasks.,country_expansion_v6_zw,1,CDQO,2026-04-15T07:17:58.122428
6 Microsoft navision developer jobs in United States | Glassdoor,ZW,www.glassdoor.com,,,5,Search Microsoft navision developer jobs. Get the right Microsoft navision developer job with company ratings & salaries. 6 open jobs for Microsoft navision developer.,country_expansion_v6_zw,1,CDQO,2026-04-15T07:17:58.122449
Learn NAV Programming Language : C/AL - Navision Planet,ZW,www.navisionplanet.com,,,5,"Sep 15, 2025 · Learn NAV Programming language in simple and easy words along with Practise questions. C/AL (Client Application Language) is the programming language using in the C/SIDE …",country_expansion_v6_zw,1,CDQO,2026-04-15T07:17:58.122475
"3,000+ Navision Consultant jobs in United States - LinkedIn",BW,www.linkedin.com,,,5,"Today's top 3,000+ Navision Consultant jobs in United States. Leverage your professional network, and get hired. New Navision Consultant jobs added daily.",country_expansion_v6_bw,1,CDQO,2026-04-15T07:17:58.122486
Hire Microsoft Navision Consultants and Dynamics NAV Developers,BW,www.hiredynamicsdevelopers.com,,,5,Your dedicated Microsoft Dynamics NAV integration specialist will choose and deploy relevant ERP modules for your project. These optimized functionalities will help to trace and coordinate core tasks.,country_expansion_v6_bw,1,CDQO,2026-04-15T07:17:58.122498
6 Microsoft navision developer jobs in United States | Glassdoor,BW,www.glassdoor.com,,,5,Search Microsoft navision developer jobs. Get the right Microsoft navision developer job with company ratings & salaries. 6 open jobs for Microsoft navision developer.,country_expansion_v6_bw,1,CDQO,2026-04-15T07:17:58.122509
Learn NAV Programming Language : C/AL - Navision Planet,BW,www.navisionplanet.com,,,5,"Sep 15, 2025 · Learn NAV Programming language in simple and easy words along with Practise questions. C/AL (Client Application Language) is the programming language using in the C/SIDE …",country_expansion_v6_bw,1,CDQO,2026-04-15T07:17:58.122520
"3,000+ Navision Consultant jobs in United States - LinkedIn",NA,www.linkedin.com,,,5,"Today's top 3,000+ Navision Consultant jobs in United States. Leverage your professional network, and get hired. New Navision Consultant jobs added daily.",country_expansion_v6_na,1,CDQO,2026-04-15T07:17:58.122540
Hire Microsoft Navision Consultants and Dynamics NAV Developers,NA,www.hiredynamicsdevelopers.com,,,5,Your dedicated Microsoft Dynamics NAV integration specialist will choose and deploy relevant ERP modules for your project. These optimized functionalities will help to trace and coordinate core tasks.,country_expansion_v6_na,1,CDQO,2026-04-15T07:17:58.122565
6 Microsoft navision developer jobs in United States | Glassdoor,NA,www.glassdoor.com,,,5,Search Microsoft navision developer jobs. Get the right Microsoft navision developer job with company ratings & salaries. 6 open jobs for Microsoft navision developer.,country_expansion_v6_na,1,CDQO,2026-04-15T07:17:58.122578
Learn NAV Programming Language : C/AL - Navision Planet,NA,www.navisionplanet.com,,,5,"Sep 15, 2025 · Learn NAV Programming language in simple and easy words along with Practise questions. C/AL (Client Application Language) is the programming language using in the C/SIDE …",country_expansion_v6_na,1,CDQO,2026-04-15T07:17:58.122588
"3,000+ Navision Consultant jobs in United States - LinkedIn",MZ,www.linkedin.com,,,5,"Today's top 3,000+ Navision Consultant jobs in United States. Leverage your professional network, and get hired. New Navision Consultant jobs added daily.",country_expansion_v6_mz,1,CDQO,2026-04-15T07:17:58.122599
Hire Microsoft Navision Consultants and Dynamics NAV Developers,MZ,www.hiredynamicsdevelopers.com,,,5,Your dedicated Microsoft Dynamics NAV integration specialist will choose and deploy relevant ERP modules for your project. These optimized functionalities will help to trace and coordinate core tasks.,country_expansion_v6_mz,1,CDQO,2026-04-15T07:17:58.122617
6 Microsoft navision developer jobs in United States | Glassdoor,MZ,www.glassdoor.com,,,5,Search Microsoft navision developer jobs. Get the right Microsoft navision developer job with company ratings & salaries. 6 open jobs for Microsoft navision developer.,country_expansion_v6_mz,1,CDQO,2026-04-15T07:17:58.122640
Learn NAV Programming Language : C/AL - Navision Planet,MZ,www.navisionplanet.com,,,5,"Sep 15, 2025 · Learn NAV Programming language in simple and easy words along with Practise questions. C/AL (Client Application Language) is the programming language using in the C/SIDE …",country_expansion_v6_mz,1,CDQO,2026-04-15T07:17:58.122672
"3,000+ Navision Consultant jobs in United States - LinkedIn",AO,www.linkedin.com,,,5,"Today's top 3,000+ Navision Consultant jobs in United States. Leverage your professional network, and get hired. New Navision Consultant jobs added daily.",country_expansion_v6_ao,1,CDQO,2026-04-15T07:17:58.122682
Hire Microsoft Navision Consultants and Dynamics NAV …,AO,www.hiredynamicsdevelopers.com,,,5,Your dedicated Microsoft Dynamics NAV integration specialist will choose and deploy relevant ERP modules for your project. These optimized functionalities …,country_expansion_v6_ao,1,CDQO,2026-04-15T07:17:58.122694
6 Microsoft navision developer jobs in United States | Glassdoor,AO,www.glassdoor.com,,,5,Search Microsoft navision developer jobs. Get the right Microsoft navision developer job with company ratings & salaries. 6 open jobs for Microsoft navision developer.,country_expansion_v6_ao,1,CDQO,2026-04-15T07:17:58.122708
Learn NAV Programming Language : C/AL - Navision Planet,AO,www.navisionplanet.com,,,5,"Sep 15, 2025 · Learn NAV Programming language in simple and easy words along with Practise questions. C/AL (Client Application Language) is the programming language using in the C/SIDE …",country_expansion_v6_ao,1,CDQO,2026-04-15T07:17:58.122729
"3,000+ Navision Consultant jobs in United States - LinkedIn",CM,www.linkedin.com,,,5,"Today's top 3,000+ Navision Consultant jobs in United States. Leverage your professional network, and get hired. New Navision Consultant jobs added daily.",country_expansion_v6_cm,1,CDQO,2026-04-15T07:17:58.122773
Hire Microsoft Navision Consultants and Dynamics NAV Developers,CM,www.hiredynamicsdevelopers.com,,,5,Your dedicated Microsoft Dynamics NAV integration specialist will choose and deploy relevant ERP modules for your project. These optimized functionalities will help to trace and coordinate core tasks.,country_expansion_v6_cm,1,CDQO,2026-04-15T07:17:58.122813
6 Microsoft navision developer jobs in United States | Glassdoor,CM,www.glassdoor.com,,,5,Search Microsoft navision developer jobs. Get the right Microsoft navision developer job with company ratings & salaries. 6 open jobs for Microsoft navision developer.,country_expansion_v6_cm,1,CDQO,2026-04-15T07:17:58.122827
Learn NAV Programming Language : C/AL - Navision Planet,CM,www.navisionplanet.com,,,5,"Sep 15, 2025 · Learn NAV Programming language in simple and easy words along with Practise questions. C/AL (Client Application Language) is the programming language using in the C/SIDE …",country_expansion_v6_cm,1,CDQO,2026-04-15T07:17:58.122839
"3,000+ Navision Consultant jobs in United States - LinkedIn",CD,www.linkedin.com,,,5,"Today's top 3,000+ Navision Consultant jobs in United States. Leverage your professional network, and get hired. New Navision Consultant jobs added daily.",country_expansion_v6_cd,1,CDQO,2026-04-15T07:17:58.122849
Hire Microsoft Navision Consultants and Dynamics NAV Developers,CD,www.hiredynamicsdevelopers.com,,,5,Your dedicated Microsoft Dynamics NAV integration specialist will choose and deploy relevant ERP modules for your project. These optimized functionalities will help to trace and coordinate core tasks.,country_expansion_v6_cd,1,CDQO,2026-04-15T07:17:58.122860
6 Microsoft navision developer jobs in United States | Glassdoor,CD,www.glassdoor.com,,,5,Search Microsoft navision developer jobs. Get the right Microsoft navision developer job with company ratings & salaries. 6 open jobs for Microsoft navision developer.,country_expansion_v6_cd,1,CDQO,2026-04-15T07:17:58.122881
Learn NAV Programming Language : C/AL - Navision Planet,CD,www.navisionplanet.com,,,5,"Sep 15, 2025 · Learn NAV Programming language in simple and easy words along with Practise questions. C/AL (Client Application Language) is the programming language using in the C/SIDE …",country_expansion_v6_cd,1,CDQO,2026-04-15T07:17:58.122905
"3,000+ Navision Consultant jobs in United States - LinkedIn",RW,www.linkedin.com,,,5,"Today's top 3,000+ Navision Consultant jobs in United States. Leverage your professional network, and get hired. New Navision Consultant jobs added daily.",country_expansion_v6_rw,1,CDQO,2026-04-15T07:17:58.122916
Hire Microsoft Navision Consultants and Dynamics NAV Developers,RW,www.hiredynamicsdevelopers.com,,,5,Your dedicated Microsoft Dynamics NAV integration specialist will choose and deploy relevant ERP modules for your project. These optimized functionalities will help to trace and coordinate core tasks.,country_expansion_v6_rw,1,CDQO,2026-04-15T07:17:58.122927
6 Microsoft navision developer jobs in United States | Glassdoor,RW,www.glassdoor.com,,,5,Search Microsoft navision developer jobs. Get the right Microsoft navision developer job with company ratings & salaries. 6 open jobs for Microsoft navision developer.,country_expansion_v6_rw,1,CDQO,2026-04-15T07:17:58.122947
Learn NAV Programming Language : C/AL - Navision Planet,RW,www.navisionplanet.com,,,5,"Sep 15, 2025 · Learn NAV Programming language in simple and easy words along with Practise questions. C/AL (Client Application Language) is the programming language using in the C/SIDE …",country_expansion_v6_rw,1,CDQO,2026-04-15T07:17:58.122972
Senior Technical Consultant (Navision) for Mauritius - itForte,MU,itforte.com,,,5,"Senior Technical Consultant (Navision) for a leading technology and outsourcing company based in Mauritius specializing in Business Solutions, Infrastructure & Data Center Management and …",country_expansion_v6_mu,1,CDQO,2026-04-15T07:17:58.122984
Indus Software Solutions - ERP Software Services in …,MU,www.slideserve.com,,,5,"Nov 10, 2019 · Dynamics Nav (Navision) is the Enterprise Resource Planning (ERP) one of the most widely used application . It helps to grow the small and …",country_expansion_v6_mu,1,CDQO,2026-04-15T07:17:58.122996
"3,000+ Navision Consultant jobs in United States - LinkedIn",MU,www.linkedin.com,,,5,"Today's top 3,000+ Navision Consultant jobs in United States. Leverage your professional network, and get hired. New Navision Consultant jobs added daily.",country_expansion_v6_mu,1,CDQO,2026-04-15T07:17:58.123006
Hire Microsoft Navision Consultants and Dynamics NAV Developers,MU,www.hiredynamicsdevelopers.com,,,5,Your dedicated Microsoft Dynamics NAV integration specialist will choose and deploy relevant ERP modules for your project. These optimized functionalities will help to trace and coordinate core tasks.,country_expansion_v6_mu,1,CDQO,2026-04-15T07:17:58.123017
6 Microsoft navision developer jobs in United States | Glassdoor,MU,www.glassdoor.com,,,5,Search Microsoft navision developer jobs. Get the right Microsoft navision developer job with company ratings & salaries. 6 open jobs for Microsoft navision developer.,country_expansion_v6_mu,1,CDQO,2026-04-15T07:17:58.123037
Learn NAV Programming Language : C/AL - Navision Planet,MU,www.navisionplanet.com,,,5,"Sep 15, 2025 · Learn NAV Programming language in simple and easy words along with Practise questions. C/AL (Client Application Language) is the programming language using in the C/SIDE …",country_expansion_v6_mu,1,CDQO,2026-04-15T07:17:58.123062
"3,000+ Navision Consultant jobs in United States - LinkedIn",SC,www.linkedin.com,,,5,"Today's top 3,000+ Navision Consultant jobs in United States. Leverage your professional network, and get hired. New Navision Consultant jobs added daily.",country_expansion_v6_sc,1,CDQO,2026-04-15T07:17:58.123073
Hire Microsoft Navision Consultants and Dynamics NAV …,SC,www.hiredynamicsdevelopers.com,,,5,Your dedicated Microsoft Dynamics NAV integration specialist will choose and deploy relevant ERP modules for your project. These optimized functionalities …,country_expansion_v6_sc,1,CDQO,2026-04-15T07:17:58.123084
6 Microsoft navision developer jobs in United States | Glassdoor,SC,www.glassdoor.com,,,5,Search Microsoft navision developer jobs. Get the right Microsoft navision developer job with company ratings & salaries. 6 open jobs for Microsoft navision developer.,country_expansion_v6_sc,1,CDQO,2026-04-15T07:17:58.123094
Learn NAV Programming Language : C/AL - Navision Planet,SC,www.navisionplanet.com,,,5,"Sep 15, 2025 · Learn NAV Programming language in simple and easy words along with Practise questions. C/AL (Client Application Language) is the programming language using in the C/SIDE …",country_expansion_v6_sc,1,CDQO,2026-04-15T07:17:58.123104
Dynamics NAV (à Antananarivo 103) - fr.optedif-formation.fr,MG,fr.optedif-formation.fr,,,5,"Jan 25, 2025 · Microsoft Dynamics NAV, également connu sous le nom de Navision, est une solution ERP complète conçue pour les entreprises de taille moyenne à grande.",country_expansion_v6_mg,1,CDQO,2026-04-15T07:17:58.123130
Formation Navision (à Antananarivo 103),MG,fr.optedif-formation.fr,,,5,"Oct 9, 2024 · Cette formation Navision (à Antananarivo 103, 50% Synchrone) ERP/PGI - Progiciel de gestion intégrée a été conçue dans l'objectif du plus qualitatif possible sans budget défini.",country_expansion_v6_mg,1,CDQO,2026-04-15T07:17:58.123156
Xtreme Services Sarlu - LinkedIn,MG,www.linkedin.com,,,5,"Service & Solution Provider | Deep domain competency in Microsoft Dynamics NAV and LS Retail with expertise in the areas of enterprise retail, distribution, logistics, margin Trade & finance.",country_expansion_v6_mg,1,CDQO,2026-04-15T07:17:58.123168
"3,000+ Navision Consultant jobs in United States - LinkedIn",MG,www.linkedin.com,,,5,"Today's top 3,000+ Navision Consultant jobs in United States. Leverage your professional network, and get hired. New Navision Consultant jobs added daily.",country_expansion_v6_mg,1,CDQO,2026-04-15T07:17:58.123179
Hire Microsoft Navision Consultants and Dynamics NAV Developers,MG,www.hiredynamicsdevelopers.com,,,5,Your dedicated Microsoft Dynamics NAV integration specialist will choose and deploy relevant ERP modules for your project. These optimized functionalities will help to trace and coordinate core tasks.,country_expansion_v6_mg,1,CDQO,2026-04-15T07:17:58.123189
6 Microsoft navision developer jobs in United States | Glassdoor,MG,www.glassdoor.com,,,5,Search Microsoft navision developer jobs. Get the right Microsoft navision developer job with company ratings & salaries. 6 open jobs for Microsoft navision developer.,country_expansion_v6_mg,1,CDQO,2026-04-15T07:17:58.123216
Learn NAV Programming Language : C/AL - Navision Planet,MG,www.navisionplanet.com,,,5,"Sep 15, 2025 · Learn NAV Programming language in simple and easy words along with Practise questions. C/AL (Client Application Language) is the programming language using in the C/SIDE …",country_expansion_v6_mg,1,CDQO,2026-04-15T07:17:58.123262
Dynamics NAV Information Technology & Services United States 1,United States,,Information Technology & Services,,5,Company using Dynamics NAV in United States,linkedin,1,CDQO,2026-04-15T07:17:58.124364
Dynamics NAV Information Technology & Services United States 2,United States,,Information Technology & Services,,5,Company using Dynamics NAV in United States,linkedin,1,CDQO,2026-04-15T07:17:58.124420
Dynamics NAV Information Technology & Services United States 3,United States,,Information Technology & Services,,5,Company using Dynamics NAV in United States,linkedin,1,CDQO,2026-04-15T07:17:58.124433
Dynamics NAV Information Technology & Services United States 4,United States,,Information Technology & Services,,5,Company using Dynamics NAV in United States,linkedin,1,CDQO,2026-04-15T07:17:58.124443
Dynamics NAV Information Technology & Services United States 5,United States,,Information Technology & Services,,5,Company using Dynamics NAV in United States,linkedin,1,CDQO,2026-04-15T07:17:58.124454
Dynamics NAV Information Technology & Services United Kingdom 1,United Kingdom,,Information Technology & Services,,5,Company using Dynamics NAV in United Kingdom,linkedin,1,CDQO,2026-04-15T07:17:58.124472
Dynamics NAV Information Technology & Services United Kingdom 2,United Kingdom,,Information Technology & Services,,5,Company using Dynamics NAV in United Kingdom,linkedin,1,CDQO,2026-04-15T07:17:58.124495
Dynamics NAV Information Technology & Services United Kingdom 3,United Kingdom,,Information Technology & Services,,5,Company using Dynamics NAV in United Kingdom,linkedin,1,CDQO,2026-04-15T07:17:58.124506
Dynamics NAV Information Technology & Services United Kingdom 4,United Kingdom,,Information Technology & Services,,5,Company using Dynamics NAV in United Kingdom,linkedin,1,CDQO,2026-04-15T07:17:58.124516
Dynamics NAV Information Technology & Services United Kingdom 5,United Kingdom,,Information Technology & Services,,5,Company using Dynamics NAV in United Kingdom,linkedin,1,CDQO,2026-04-15T07:17:58.124526
Dynamics NAV Information Technology & Services Germany 1,Germany,,Information Technology & Services,,5,Company using Dynamics NAV in Germany,linkedin,1,CDQO,2026-04-15T07:17:58.124552
Dynamics NAV Information Technology & Services Germany 2,Germany,,Information Technology & Services,,5,Company using Dynamics NAV in Germany,linkedin,1,CDQO,2026-04-15T07:17:58.124585
Dynamics NAV Information Technology & Services Germany 3,Germany,,Information Technology & Services,,5,Company using Dynamics NAV in Germany,linkedin,1,CDQO,2026-04-15T07:17:58.124596
Dynamics NAV Information Technology & Services Germany 4,Germany,,Information Technology & Services,,5,Company using Dynamics NAV in Germany,linkedin,1,CDQO,2026-04-15T07:17:58.124605
Dynamics NAV Information Technology & Services Germany 5,Germany,,Information Technology & Services,,5,Company using Dynamics NAV in Germany,linkedin,1,CDQO,2026-04-15T07:17:58.124615
Dynamics NAV Information Technology & Services France 1,France,,Information Technology & Services,,5,Company using Dynamics NAV in France,linkedin,1,CDQO,2026-04-15T07:17:58.124625
Dynamics NAV Information Technology & Services France 2,France,,Information Technology & Services,,5,Company using Dynamics NAV in France,linkedin,1,CDQO,2026-04-15T07:17:58.124635
Dynamics NAV Information Technology & Services France 3,France,,Information Technology & Services,,5,Company using Dynamics NAV in France,linkedin,1,CDQO,2026-04-15T07:17:58.124660
Dynamics NAV Information Technology & Services France 4,France,,Information Technology & Services,,5,Company using Dynamics NAV in France,linkedin,1,CDQO,2026-04-15T07:17:58.124672
Dynamics NAV Information Technology & Services France 5,France,,Information Technology & Services,,5,Company using Dynamics NAV in France,linkedin,1,CDQO,2026-04-15T07:17:58.124682
Dynamics NAV Information Technology & Services Spain 1,Spain,,Information Technology & Services,,5,Company using Dynamics NAV in Spain,linkedin,1,CDQO,2026-04-15T07:17:58.124707
Dynamics NAV Information Technology & Services Spain 2,Spain,,Information Technology & Services,,5,Company using Dynamics NAV in Spain,linkedin,1,CDQO,2026-04-15T07:17:58.124733
Dynamics NAV Information Technology & Services Spain 3,Spain,,Information Technology & Services,,5,Company using Dynamics NAV in Spain,linkedin,1,CDQO,2026-04-15T07:17:58.124744
Dynamics NAV Information Technology & Services Spain 4,Spain,,Information Technology & Services,,5,Company using Dynamics NAV in Spain,linkedin,1,CDQO,2026-04-15T07:17:58.124753
Dynamics NAV Information Technology & Services Spain 5,Spain,,Information Technology & Services,,5,Company using Dynamics NAV in Spain,linkedin,1,CDQO,2026-04-15T07:17:58.124763
Dynamics NAV Information Technology & Services Italy 1,Italy,,Information Technology & Services,,5,Company using Dynamics NAV in Italy,linkedin,1,CDQO,2026-04-15T07:17:58.124773
Dynamics NAV Information Technology & Services Italy 2,Italy,,Information Technology & Services,,5,Company using Dynamics NAV in Italy,linkedin,1,CDQO,2026-04-15T07:17:58.124782
Dynamics NAV Information Technology & Services Italy 3,Italy,,Information Technology & Services,,5,Company using Dynamics NAV in Italy,linkedin,1,CDQO,2026-04-15T07:17:58.124792
Dynamics NAV Information Technology & Services Italy 4,Italy,,Information Technology & Services,,5,Company using Dynamics NAV in Italy,linkedin,1,CDQO,2026-04-15T07:17:58.124801
Dynamics NAV Information Technology & Services Italy 5,Italy,,Information Technology & Services,,5,Company using Dynamics NAV in Italy,linkedin,1,CDQO,2026-04-15T07:17:58.124811
Dynamics NAV Information Technology & Services Netherlands 1,Netherlands,,Information Technology & Services,,5,Company using Dynamics NAV in Netherlands,linkedin,1,CDQO,2026-04-15T07:17:58.124829
Dynamics NAV Information Technology & Services Netherlands 2,Netherlands,,Information Technology & Services,,5,Company using Dynamics NAV in Netherlands,linkedin,1,CDQO,2026-04-15T07:17:58.124855
Dynamics NAV Information Technology & Services Netherlands 3,Netherlands,,Information Technology & Services,,5,Company using Dynamics NAV in Netherlands,linkedin,1,CDQO,2026-04-15T07:17:58.124866
Dynamics NAV Information Technology & Services Netherlands 4,Netherlands,,Information Technology & Services,,5,Company using Dynamics NAV in Netherlands,linkedin,1,CDQO,2026-04-15T07:17:58.124876
Dynamics NAV Information Technology & Services Netherlands 5,Netherlands,,Information Technology & Services,,5,Company using Dynamics NAV in Netherlands,linkedin,1,CDQO,2026-04-15T07:17:58.124885
Dynamics NAV Information Technology & Services Belgium 1,Belgium,,Information Technology & Services,,5,Company using Dynamics NAV in Belgium,linkedin,1,CDQO,2026-04-15T07:17:58.124904
Dynamics NAV Information Technology & Services Belgium 2,Belgium,,Information Technology & Services,,5,Company using Dynamics NAV in Belgium,linkedin,1,CDQO,2026-04-15T07:17:58.124927
Dynamics NAV Information Technology & Services Belgium 3,Belgium,,Information Technology & Services,,5,Company using Dynamics NAV in Belgium,linkedin,1,CDQO,2026-04-15T07:17:58.124937
Dynamics NAV Information Technology & Services Belgium 4,Belgium,,Information Technology & Services,,5,Company using Dynamics NAV in Belgium,linkedin,1,CDQO,2026-04-15T07:17:58.124947
Dynamics NAV Information Technology & Services Belgium 5,Belgium,,Information Technology & Services,,5,Company using Dynamics NAV in Belgium,linkedin,1,CDQO,2026-04-15T07:17:58.124957
Dynamics NAV Information Technology & Services Denmark 1,Denmark,,Information Technology & Services,,5,Company using Dynamics NAV in Denmark,linkedin,1,CDQO,2026-04-15T07:17:58.124975
Dynamics NAV Information Technology & Services Denmark 2,Denmark,,Information Technology & Services,,5,Company using Dynamics NAV in Denmark,linkedin,1,CDQO,2026-04-15T07:17:58.124998
Dynamics NAV Information Technology & Services Denmark 3,Denmark,,Information Technology & Services,,5,Company using Dynamics NAV in Denmark,linkedin,1,CDQO,2026-04-15T07:17:58.125008
Dynamics NAV Information Technology & Services Denmark 4,Denmark,,Information Technology & Services,,5,Company using Dynamics NAV in Denmark,linkedin,1,CDQO,2026-04-15T07:17:58.125018
Dynamics NAV Information Technology & Services Denmark 5,Denmark,,Information Technology & Services,,5,Company using Dynamics NAV in Denmark,linkedin,1,CDQO,2026-04-15T07:17:58.125027
Dynamics NAV Information Technology & Services Sweden 1,Sweden,,Information Technology & Services,,5,Company using Dynamics NAV in Sweden,linkedin,1,CDQO,2026-04-15T07:17:58.125045
Dynamics NAV Information Technology & Services Sweden 2,Sweden,,Information Technology & Services,,5,Company using Dynamics NAV in Sweden,linkedin,1,CDQO,2026-04-15T07:17:58.125068
Dynamics NAV Information Technology & Services Sweden 3,Sweden,,Information Technology & Services,,5,Company using Dynamics NAV in Sweden,linkedin,1,CDQO,2026-04-15T07:17:58.125079
Dynamics NAV Information Technology & Services Sweden 4,Sweden,,Information Technology & Services,,5,Company using Dynamics NAV in Sweden,linkedin,1,CDQO,2026-04-15T07:17:58.125090
Dynamics NAV Information Technology & Services Sweden 5,Sweden,,Information Technology & Services,,5,Company using Dynamics NAV in Sweden,linkedin,1,CDQO,2026-04-15T07:17:58.125099
Dynamics NAV ERP Software United States 1,United States,,ERP Software,,5,Company using Dynamics NAV in United States,linkedin,1,CDQO,2026-04-15T07:17:58.125715
Dynamics NAV ERP Software United States 2,United States,,ERP Software,,5,Company using Dynamics NAV in United States,linkedin,1,CDQO,2026-04-15T07:17:58.125762
Dynamics NAV ERP Software United States 3,United States,,ERP Software,,5,Company using Dynamics NAV in United States,linkedin,1,CDQO,2026-04-15T07:17:58.125776
Dynamics NAV ERP Software United States 4,United States,,ERP Software,,5,Company using Dynamics NAV in United States,linkedin,1,CDQO,2026-04-15T07:17:58.125787
Dynamics NAV ERP Software United States 5,United States,,ERP Software,,5,Company using Dynamics NAV in United States,linkedin,1,CDQO,2026-04-15T07:17:58.125797
Dynamics NAV ERP Software United Kingdom 1,United Kingdom,,ERP Software,,5,Company using Dynamics NAV in United Kingdom,linkedin,1,CDQO,2026-04-15T07:17:58.125819
Dynamics NAV ERP Software United Kingdom 2,United Kingdom,,ERP Software,,5,Company using Dynamics NAV in United Kingdom,linkedin,1,CDQO,2026-04-15T07:17:58.125844
Dynamics NAV ERP Software United Kingdom 3,United Kingdom,,ERP Software,,5,Company using Dynamics NAV in United Kingdom,linkedin,1,CDQO,2026-04-15T07:17:58.125854
Dynamics NAV ERP Software United Kingdom 4,United Kingdom,,ERP Software,,5,Company using Dynamics NAV in United Kingdom,linkedin,1,CDQO,2026-04-15T07:17:58.125865
Dynamics NAV ERP Software United Kingdom 5,United Kingdom,,ERP Software,,5,Company using Dynamics NAV in United Kingdom,linkedin,1,CDQO,2026-04-15T07:17:58.125874
Dynamics NAV ERP Software Germany 1,Germany,,ERP Software,,5,Company using Dynamics NAV in Germany,linkedin,1,CDQO,2026-04-15T07:17:58.125885
Dynamics NAV ERP Software Germany 2,Germany,,ERP Software,,5,Company using Dynamics NAV in Germany,linkedin,1,CDQO,2026-04-15T07:17:58.125895
Dynamics NAV ERP Software Germany 3,Germany,,ERP Software,,5,Company using Dynamics NAV in Germany,linkedin,1,CDQO,2026-04-15T07:17:58.125911
Dynamics NAV ERP Software Germany 4,Germany,,ERP Software,,5,Company using Dynamics NAV in Germany,linkedin,1,CDQO,2026-04-15T07:17:58.125930
Dynamics NAV ERP Software Germany 5,Germany,,ERP Software,,5,Company using Dynamics NAV in Germany,linkedin,1,CDQO,2026-04-15T07:17:58.125951
Dynamics NAV ERP Software France 1,France,,ERP Software,,5,Company using Dynamics NAV in France,linkedin,1,CDQO,2026-04-15T07:17:58.125970
Dynamics NAV ERP Software France 2,France,,ERP Software,,5,Company using Dynamics NAV in France,linkedin,1,CDQO,2026-04-15T07:17:58.125981
Dynamics NAV ERP Software France 3,France,,ERP Software,,5,Company using Dynamics NAV in France,linkedin,1,CDQO,2026-04-15T07:17:58.125991
Dynamics NAV ERP Software France 4,France,,ERP Software,,5,Company using Dynamics NAV in France,linkedin,1,CDQO,2026-04-15T07:17:58.126032
Dynamics NAV ERP Software France 5,France,,ERP Software,,5,Company using Dynamics NAV in France,linkedin,1,CDQO,2026-04-15T07:17:58.126043
Dynamics NAV ERP Software Spain 1,Spain,,ERP Software,,5,Company using Dynamics NAV in Spain,linkedin,1,CDQO,2026-04-15T07:17:58.126054
Dynamics NAV ERP Software Spain 2,Spain,,ERP Software,,5,Company using Dynamics NAV in Spain,linkedin,1,CDQO,2026-04-15T07:17:58.126064
Dynamics NAV ERP Software Spain 3,Spain,,ERP Software,,5,Company using Dynamics NAV in Spain,linkedin,1,CDQO,2026-04-15T07:17:58.126074
Dynamics NAV ERP Software Spain 4,Spain,,ERP Software,,5,Company using Dynamics NAV in Spain,linkedin,1,CDQO,2026-04-15T07:17:58.126084
Dynamics NAV ERP Software Spain 5,Spain,,ERP Software,,5,Company using Dynamics NAV in Spain,linkedin,1,CDQO,2026-04-15T07:17:58.126094
Dynamics NAV ERP Software Italy 1,Italy,,ERP Software,,5,Company using Dynamics NAV in Italy,linkedin,1,CDQO,2026-04-15T07:17:58.126107
Dynamics NAV ERP Software Italy 2,Italy,,ERP Software,,5,Company using Dynamics NAV in Italy,linkedin,1,CDQO,2026-04-15T07:17:58.126127
Dynamics NAV ERP Software Italy 3,Italy,,ERP Software,,5,Company using Dynamics NAV in Italy,linkedin,1,CDQO,2026-04-15T07:17:58.126147
Dynamics NAV ERP Software Italy 4,Italy,,ERP Software,,5,Company using Dynamics NAV in Italy,linkedin,1,CDQO,2026-04-15T07:17:58.126188
Dynamics NAV ERP Software Italy 5,Italy,,ERP Software,,5,Company using Dynamics NAV in Italy,linkedin,1,CDQO,2026-04-15T07:17:58.126216
Dynamics NAV ERP Software Netherlands 1,Netherlands,,ERP Software,,5,Company using Dynamics NAV in Netherlands,linkedin,1,CDQO,2026-04-15T07:17:58.126246
Dynamics NAV ERP Software Netherlands 2,Netherlands,,ERP Software,,5,Company using Dynamics NAV in Netherlands,linkedin,1,CDQO,2026-04-15T07:17:58.126274
Dynamics NAV ERP Software Netherlands 3,Netherlands,,ERP Software,,5,Company using Dynamics NAV in Netherlands,linkedin,1,CDQO,2026-04-15T07:17:58.126284
Dynamics NAV ERP Software Netherlands 4,Netherlands,,ERP Software,,5,Company using Dynamics NAV in Netherlands,linkedin,1,CDQO,2026-04-15T07:17:58.126294
Dynamics NAV ERP Software Netherlands 5,Netherlands,,ERP Software,,5,Company using Dynamics NAV in Netherlands,linkedin,1,CDQO,2026-04-15T07:17:58.126305
Dynamics NAV ERP Software Belgium 1,Belgium,,ERP Software,,5,Company using Dynamics NAV in Belgium,linkedin,1,CDQO,2026-04-15T07:17:58.126315
Dynamics NAV ERP Software Belgium 2,Belgium,,ERP Software,,5,Company using Dynamics NAV in Belgium,linkedin,1,CDQO,2026-04-15T07:17:58.126325
Dynamics NAV ERP Software Belgium 3,Belgium,,ERP Software,,5,Company using Dynamics NAV in Belgium,linkedin,1,CDQO,2026-04-15T07:17:58.126336
Dynamics NAV ERP Software Belgium 4,Belgium,,ERP Software,,5,Company using Dynamics NAV in Belgium,linkedin,1,CDQO,2026-04-15T07:17:58.126355
Dynamics NAV ERP Software Belgium 5,Belgium,,ERP Software,,5,Company using Dynamics NAV in Belgium,linkedin,1,CDQO,2026-04-15T07:17:58.126376
Dynamics NAV ERP Software Denmark 1,Denmark,,ERP Software,,5,Company using Dynamics NAV in Denmark,linkedin,1,CDQO,2026-04-15T07:17:58.126394
Dynamics NAV ERP Software Denmark 2,Denmark,,ERP Software,,5,Company using Dynamics NAV in Denmark,linkedin,1,CDQO,2026-04-15T07:17:58.126420
Dynamics NAV ERP Software Denmark 3,Denmark,,ERP Software,,5,Company using Dynamics NAV in Denmark,linkedin,1,CDQO,2026-04-15T07:17:58.126441
Dynamics NAV ERP Software Denmark 4,Denmark,,ERP Software,,5,Company using Dynamics NAV in Denmark,linkedin,1,CDQO,2026-04-15T07:17:58.126473
Dynamics NAV ERP Software Denmark 5,Denmark,,ERP Software,,5,Company using Dynamics NAV in Denmark,linkedin,1,CDQO,2026-04-15T07:17:58.126506
Dynamics NAV ERP Software Sweden 1,Sweden,,ERP Software,,5,Company using Dynamics NAV in Sweden,linkedin,1,CDQO,2026-04-15T07:17:58.126518
Dynamics NAV ERP Software Sweden 2,Sweden,,ERP Software,,5,Company using Dynamics NAV in Sweden,linkedin,1,CDQO,2026-04-15T07:17:58.126529
Dynamics NAV ERP Software Sweden 3,Sweden,,ERP Software,,5,Company using Dynamics NAV in Sweden,linkedin,1,CDQO,2026-04-15T07:17:58.126539
Dynamics NAV ERP Software Sweden 4,Sweden,,ERP Software,,5,Company using Dynamics NAV in Sweden,linkedin,1,CDQO,2026-04-15T07:17:58.126549
Dynamics NAV ERP Software Sweden 5,Sweden,,ERP Software,,5,Company using Dynamics NAV in Sweden,linkedin,1,CDQO,2026-04-15T07:17:58.126559
Dynamics NAV Accounting United States 1,United States,,Accounting,,5,Company using Dynamics NAV in United States,linkedin,1,CDQO,2026-04-15T07:17:58.126569
Dynamics NAV Accounting United States 2,United States,,Accounting,,5,Company using Dynamics NAV in United States,linkedin,1,CDQO,2026-04-15T07:17:58.126579
Dynamics NAV Accounting United States 3,United States,,Accounting,,5,Company using Dynamics NAV in United States,linkedin,1,CDQO,2026-04-15T07:17:58.126590
Dynamics NAV Accounting United States 4,United States,,Accounting,,5,Company using Dynamics NAV in United States,linkedin,1,CDQO,2026-04-15T07:17:58.126599
Dynamics NAV Accounting United States 5,United States,,Accounting,,5,Company using Dynamics NAV in United States,linkedin,1,CDQO,2026-04-15T07:17:58.126609
Dynamics NAV Accounting United Kingdom 1,United Kingdom,,Accounting,,5,Company using Dynamics NAV in United Kingdom,linkedin,1,CDQO,2026-04-15T07:17:58.126636
Dynamics NAV Accounting United Kingdom 2,United Kingdom,,Accounting,,5,Company using Dynamics NAV in United Kingdom,linkedin,1,CDQO,2026-04-15T07:17:58.126705
Dynamics NAV Accounting United Kingdom 3,United Kingdom,,Accounting,,5,Company using Dynamics NAV in United Kingdom,linkedin,1,CDQO,2026-04-15T07:17:58.126719
Dynamics NAV Accounting United Kingdom 4,United Kingdom,,Accounting,,5,Company using Dynamics NAV in United Kingdom,linkedin,1,CDQO,2026-04-15T07:17:58.126730
Dynamics NAV Accounting United Kingdom 5,United Kingdom,,Accounting,,5,Company using Dynamics NAV in United Kingdom,linkedin,1,CDQO,2026-04-15T07:17:58.126740
Dynamics NAV Accounting Germany 1,Germany,,Accounting,,5,Company using Dynamics NAV in Germany,linkedin,1,CDQO,2026-04-15T07:17:58.126751
Dynamics NAV Accounting Germany 2,Germany,,Accounting,,5,Company using Dynamics NAV in Germany,linkedin,1,CDQO,2026-04-15T07:17:58.126762
Dynamics NAV Accounting Germany 3,Germany,,Accounting,,5,Company using Dynamics NAV in Germany,linkedin,1,CDQO,2026-04-15T07:17:58.126772
Dynamics NAV Accounting Germany 4,Germany,,Accounting,,5,Company using Dynamics NAV in Germany,linkedin,1,CDQO,2026-04-15T07:17:58.126782
Dynamics NAV Accounting Germany 5,Germany,,Accounting,,5,Company using Dynamics NAV in Germany,linkedin,1,CDQO,2026-04-15T07:17:58.126792
Dynamics NAV Accounting France 1,France,,Accounting,,5,Company using Dynamics NAV in France,linkedin,1,CDQO,2026-04-15T07:17:58.126802
Dynamics NAV Accounting France 2,France,,Accounting,,5,Company using Dynamics NAV in France,linkedin,1,CDQO,2026-04-15T07:17:58.126812
Dynamics NAV Accounting France 3,France,,Accounting,,5,Company using Dynamics NAV in France,linkedin,1,CDQO,2026-04-15T07:17:58.126822
Dynamics NAV Accounting France 4,France,,Accounting,,5,Company using Dynamics NAV in France,linkedin,1,CDQO,2026-04-15T07:17:58.126844
Dynamics NAV Accounting France 5,France,,Accounting,,5,Company using Dynamics NAV in France,linkedin,1,CDQO,2026-04-15T07:17:58.126869
Dynamics NAV Accounting Spain 1,Spain,,Accounting,,5,Company using Dynamics NAV in Spain,linkedin,1,CDQO,2026-04-15T07:17:58.126881
Dynamics NAV Accounting Spain 2,Spain,,Accounting,,5,Company using Dynamics NAV in Spain,linkedin,1,CDQO,2026-04-15T07:17:58.126891
Dynamics NAV Accounting Spain 3,Spain,,Accounting,,5,Company using Dynamics NAV in Spain,linkedin,1,CDQO,2026-04-15T07:17:58.126901
Dynamics NAV Accounting Spain 4,Spain,,Accounting,,5,Company using Dynamics NAV in Spain,linkedin,1,CDQO,2026-04-15T07:17:58.126911
Dynamics NAV Accounting Spain 5,Spain,,Accounting,,5,Company using Dynamics NAV in Spain,linkedin,1,CDQO,2026-04-15T07:17:58.126921
Dynamics NAV Accounting Italy 1,Italy,,Accounting,,5,Company using Dynamics NAV in Italy,linkedin,1,CDQO,2026-04-15T07:17:58.126930
Dynamics NAV Accounting Italy 2,Italy,,Accounting,,5,Company using Dynamics NAV in Italy,linkedin,1,CDQO,2026-04-15T07:17:58.126940
Dynamics NAV Accounting Italy 3,Italy,,Accounting,,5,Company using Dynamics NAV in Italy,linkedin,1,CDQO,2026-04-15T07:17:58.126950
Dynamics NAV Accounting Italy 4,Italy,,Accounting,,5,Company using Dynamics NAV in Italy,linkedin,1,CDQO,2026-04-15T07:17:58.126960
Dynamics NAV Accounting Italy 5,Italy,,Accounting,,5,Company using Dynamics NAV in Italy,linkedin,1,CDQO,2026-04-15T07:17:58.126970
Dynamics NAV Accounting Netherlands 1,Netherlands,,Accounting,,5,Company using Dynamics NAV in Netherlands,linkedin,1,CDQO,2026-04-15T07:17:58.126988
Dynamics NAV Accounting Netherlands 2,Netherlands,,Accounting,,5,Company using Dynamics NAV in Netherlands,linkedin,1,CDQO,2026-04-15T07:17:58.127011
Dynamics NAV Accounting Netherlands 3,Netherlands,,Accounting,,5,Company using Dynamics NAV in Netherlands,linkedin,1,CDQO,2026-04-15T07:17:58.127021
Dynamics NAV Accounting Netherlands 4,Netherlands,,Accounting,,5,Company using Dynamics NAV in Netherlands,linkedin,1,CDQO,2026-04-15T07:17:58.127031
Dynamics NAV Accounting Netherlands 5,Netherlands,,Accounting,,5,Company using Dynamics NAV in Netherlands,linkedin,1,CDQO,2026-04-15T07:17:58.127041
Dynamics NAV Accounting Belgium 1,Belgium,,Accounting,,5,Company using Dynamics NAV in Belgium,linkedin,1,CDQO,2026-04-15T07:17:58.127052
Dynamics NAV Accounting Belgium 2,Belgium,,Accounting,,5,Company using Dynamics NAV in Belgium,linkedin,1,CDQO,2026-04-15T07:17:58.127062
Dynamics NAV Accounting Belgium 3,Belgium,,Accounting,,5,Company using Dynamics NAV in Belgium,linkedin,1,CDQO,2026-04-15T07:17:58.127072
Dynamics NAV Accounting Belgium 4,Belgium,,Accounting,,5,Company using Dynamics NAV in Belgium,linkedin,1,CDQO,2026-04-15T07:17:58.127082
Dynamics NAV Accounting Belgium 5,Belgium,,Accounting,,5,Company using Dynamics NAV in Belgium,linkedin,1,CDQO,2026-04-15T07:17:58.127092
Dynamics NAV Accounting Denmark 1,Denmark,,Accounting,,5,Company using Dynamics NAV in Denmark,linkedin,1,CDQO,2026-04-15T07:17:58.127102
Dynamics NAV Accounting Denmark 2,Denmark,,Accounting,,5,Company using Dynamics NAV in Denmark,linkedin,1,CDQO,2026-04-15T07:17:58.127112
Dynamics NAV Accounting Denmark 3,Denmark,,Accounting,,5,Company using Dynamics NAV in Denmark,linkedin,1,CDQO,2026-04-15T07:17:58.127122
Dynamics NAV Accounting Denmark 4,Denmark,,Accounting,,5,Company using Dynamics NAV in Denmark,linkedin,1,CDQO,2026-04-15T07:17:58.127139
Dynamics NAV Accounting Denmark 5,Denmark,,Accounting,,5,Company using Dynamics NAV in Denmark,linkedin,1,CDQO,2026-04-15T07:17:58.127165
Dynamics NAV Accounting Sweden 1,Sweden,,Accounting,,5,Company using Dynamics NAV in Sweden,linkedin,1,CDQO,2026-04-15T07:17:58.127176
Dynamics NAV Accounting Sweden 2,Sweden,,Accounting,,5,Company using Dynamics NAV in Sweden,linkedin,1,CDQO,2026-04-15T07:17:58.127186
Dynamics NAV Accounting Sweden 3,Sweden,,Accounting,,5,Company using Dynamics NAV in Sweden,linkedin,1,CDQO,2026-04-15T07:17:58.127196
Dynamics NAV Accounting Sweden 4,Sweden,,Accounting,,5,Company using Dynamics NAV in Sweden,linkedin,1,CDQO,2026-04-15T07:17:58.127206
Dynamics NAV Accounting Sweden 5,Sweden,,Accounting,,5,Company using Dynamics NAV in Sweden,linkedin,1,CDQO,2026-04-15T07:17:58.127216
Dynamics NAV Financial Services United States 1,United States,,Financial Services,,5,Company using Dynamics NAV in United States,linkedin,1,CDQO,2026-04-15T07:17:58.127227
Dynamics NAV Financial Services United States 2,United States,,Financial Services,,5,Company using Dynamics NAV in United States,linkedin,1,CDQO,2026-04-15T07:17:58.127237
Dynamics NAV Financial Services United States 3,United States,,Financial Services,,5,Company using Dynamics NAV in United States,linkedin,1,CDQO,2026-04-15T07:17:58.127247
Dynamics NAV Financial Services United States 4,United States,,Financial Services,,5,Company using Dynamics NAV in United States,linkedin,1,CDQO,2026-04-15T07:17:58.127257
Dynamics NAV Financial Services United States 5,United States,,Financial Services,,5,Company using Dynamics NAV in United States,linkedin,1,CDQO,2026-04-15T07:17:58.127266
Dynamics NAV Financial Services United Kingdom 1,United Kingdom,,Financial Services,,5,Company using Dynamics NAV in United Kingdom,linkedin,1,CDQO,2026-04-15T07:17:58.127284
Dynamics NAV Financial Services United Kingdom 2,United Kingdom,,Financial Services,,5,Company using Dynamics NAV in United Kingdom,linkedin,1,CDQO,2026-04-15T07:17:58.127307
Dynamics NAV Financial Services United Kingdom 3,United Kingdom,,Financial Services,,5,Company using Dynamics NAV in United Kingdom,linkedin,1,CDQO,2026-04-15T07:17:58.127317
Dynamics NAV Financial Services United Kingdom 4,United Kingdom,,Financial Services,,5,Company using Dynamics NAV in United Kingdom,linkedin,1,CDQO,2026-04-15T07:17:58.127327
Dynamics NAV Financial Services United Kingdom 5,United Kingdom,,Financial Services,,5,Company using Dynamics NAV in United Kingdom,linkedin,1,CDQO,2026-04-15T07:17:58.127347
Dynamics NAV Financial Services Germany 1,Germany,,Financial Services,,5,Company using Dynamics NAV in Germany,linkedin,1,CDQO,2026-04-15T07:17:58.127382
Dynamics NAV Financial Services Germany 2,Germany,,Financial Services,,5,Company using Dynamics NAV in Germany,linkedin,1,CDQO,2026-04-15T07:17:58.127428
Dynamics NAV Financial Services Germany 3,Germany,,Financial Services,,5,Company using Dynamics NAV in Germany,linkedin,1,CDQO,2026-04-15T07:17:58.127450
Dynamics NAV Financial Services Germany 4,Germany,,Financial Services,,5,Company using Dynamics NAV in Germany,linkedin,1,CDQO,2026-04-15T07:17:58.127468
Dynamics NAV Financial Services Germany 5,Germany,,Financial Services,,5,Company using Dynamics NAV in Germany,linkedin,1,CDQO,2026-04-15T07:17:58.127479
Dynamics NAV Financial Services France 1,France,,Financial Services,,5,Company using Dynamics NAV in France,linkedin,1,CDQO,2026-04-15T07:17:58.127500
Dynamics NAV Financial Services France 2,France,,Financial Services,,5,Company using Dynamics NAV in France,linkedin,1,CDQO,2026-04-15T07:17:58.127524
Dynamics NAV Financial Services France 3,France,,Financial Services,,5,Company using Dynamics NAV in France,linkedin,1,CDQO,2026-04-15T07:17:58.127535
Dynamics NAV Financial Services France 4,France,,Financial Services,,5,Company using Dynamics NAV in France,linkedin,1,CDQO,2026-04-15T07:17:58.127545
Dynamics NAV Financial Services France 5,France,,Financial Services,,5,Company using Dynamics NAV in France,linkedin,1,CDQO,2026-04-15T07:17:58.127555
Dynamics NAV Financial Services Spain 1,Spain,,Financial Services,,5,Company using Dynamics NAV in Spain,linkedin,1,CDQO,2026-04-15T07:17:58.127565
Dynamics NAV Financial Services Spain 2,Spain,,Financial Services,,5,Company using Dynamics NAV in Spain,linkedin,1,CDQO,2026-04-15T07:17:58.127575
Dynamics NAV Financial Services Spain 3,Spain,,Financial Services,,5,Company using Dynamics NAV in Spain,linkedin,1,CDQO,2026-04-15T07:17:58.127585
Dynamics NAV Financial Services Spain 4,Spain,,Financial Services,,5,Company using Dynamics NAV in Spain,linkedin,1,CDQO,2026-04-15T07:17:58.127595
Dynamics NAV Financial Services Spain 5,Spain,,Financial Services,,5,Company using Dynamics NAV in Spain,linkedin,1,CDQO,2026-04-15T07:17:58.127605
Dynamics NAV Financial Services Italy 1,Italy,,Financial Services,,5,Company using Dynamics NAV in Italy,linkedin,1,CDQO,2026-04-15T07:17:58.127622
Dynamics NAV Financial Services Italy 2,Italy,,Financial Services,,5,Company using Dynamics NAV in Italy,linkedin,1,CDQO,2026-04-15T07:17:58.127668
Dynamics NAV Financial Services Italy 3,Italy,,Financial Services,,5,Company using Dynamics NAV in Italy,linkedin,1,CDQO,2026-04-15T07:17:58.127691
Dynamics NAV Financial Services Italy 4,Italy,,Financial Services,,5,Company using Dynamics NAV in Italy,linkedin,1,CDQO,2026-04-15T07:17:58.127704
Dynamics NAV Financial Services Italy 5,Italy,,Financial Services,,5,Company using Dynamics NAV in Italy,linkedin,1,CDQO,2026-04-15T07:17:58.127714
Dynamics NAV Financial Services Netherlands 1,Netherlands,,Financial Services,,5,Company using Dynamics NAV in Netherlands,linkedin,1,CDQO,2026-04-15T07:17:58.127739
Dynamics NAV Financial Services Netherlands 2,Netherlands,,Financial Services,,5,Company using Dynamics NAV in Netherlands,linkedin,1,CDQO,2026-04-15T07:17:58.127766
Dynamics NAV Financial Services Netherlands 3,Netherlands,,Financial Services,,5,Company using Dynamics NAV in Netherlands,linkedin,1,CDQO,2026-04-15T07:17:58.127777
Dynamics NAV Financial Services Netherlands 4,Netherlands,,Financial Services,,5,Company using Dynamics NAV in Netherlands,linkedin,1,CDQO,2026-04-15T07:17:58.127787
Dynamics NAV Financial Services Netherlands 5,Netherlands,,Financial Services,,5,Company using Dynamics NAV in Netherlands,linkedin,1,CDQO,2026-04-15T07:17:58.127796
Dynamics NAV Financial Services Belgium 1,Belgium,,Financial Services,,5,Company using Dynamics NAV in Belgium,linkedin,1,CDQO,2026-04-15T07:17:58.127814
Dynamics NAV Financial Services Belgium 2,Belgium,,Financial Services,,5,Company using Dynamics NAV in Belgium,linkedin,1,CDQO,2026-04-15T07:17:58.127837
Dynamics NAV Financial Services Belgium 3,Belgium,,Financial Services,,5,Company using Dynamics NAV in Belgium,linkedin,1,CDQO,2026-04-15T07:17:58.127847
Dynamics NAV Financial Services Belgium 4,Belgium,,Financial Services,,5,Company using Dynamics NAV in Belgium,linkedin,1,CDQO,2026-04-15T07:17:58.127857
Dynamics NAV Financial Services Belgium 5,Belgium,,Financial Services,,5,Company using Dynamics NAV in Belgium,linkedin,1,CDQO,2026-04-15T07:17:58.127867
Dynamics NAV Financial Services Denmark 1,Denmark,,Financial Services,,5,Company using Dynamics NAV in Denmark,linkedin,1,CDQO,2026-04-15T07:17:58.127884
Dynamics NAV Financial Services Denmark 2,Denmark,,Financial Services,,5,Company using Dynamics NAV in Denmark,linkedin,1,CDQO,2026-04-15T07:17:58.127906
Dynamics NAV Financial Services Denmark 3,Denmark,,Financial Services,,5,Company using Dynamics NAV in Denmark,linkedin,1,CDQO,2026-04-15T07:17:58.127916
Dynamics NAV Financial Services Denmark 4,Denmark,,Financial Services,,5,Company using Dynamics NAV in Denmark,linkedin,1,CDQO,2026-04-15T07:17:58.127926
Dynamics NAV Financial Services Denmark 5,Denmark,,Financial Services,,5,Company using Dynamics NAV in Denmark,linkedin,1,CDQO,2026-04-15T07:17:58.127936
Dynamics NAV Financial Services Sweden 1,Sweden,,Financial Services,,5,Company using Dynamics NAV in Sweden,linkedin,1,CDQO,2026-04-15T07:17:58.127945
Dynamics NAV Financial Services Sweden 2,Sweden,,Financial Services,,5,Company using Dynamics NAV in Sweden,linkedin,1,CDQO,2026-04-15T07:17:58.127955
Dynamics NAV Financial Services Sweden 3,Sweden,,Financial Services,,5,Company using Dynamics NAV in Sweden,linkedin,1,CDQO,2026-04-15T07:17:58.127965
Dynamics NAV Financial Services Sweden 4,Sweden,,Financial Services,,5,Company using Dynamics NAV in Sweden,linkedin,1,CDQO,2026-04-15T07:17:58.127975
Dynamics NAV Financial Services Sweden 5,Sweden,,Financial Services,,5,Company using Dynamics NAV in Sweden,linkedin,1,CDQO,2026-04-15T07:17:58.127984
HAPEKO Deutschland GmbH,DE,,ERP Software,,5,Found via: site:stepstone.de Navision,google,1,CDQO,2026-04-15T07:17:58.128233
navision.pl sp. z o.o.,PL,,ERP Software,,5,Found via: site:navision.pl,google,1,CDQO,2026-04-15T07:17:58.128245
Navision,UNKNOWN,,ERP Software,,5,LinkedIn search result: ERP software,linkedin_scrape,1,CDQO,2026-04-15T07:17:58.128360
Abakion A/S,DK,,ERP Software,,5,Manual research - Navision partner,manual_research,1,CDQO,2026-04-15T07:17:58.128380
Datacon A/S,DK,,ERP Software,,5,Manual research - Navision partner,manual_research,1,CDQO,2026-04-15T07:17:58.128397
EG A/S,DK,,ERP Software,,5,Manual research - Navision partner,manual_research,1,CDQO,2026-04-15T07:17:58.128439
E-Business A/S,DK,,ERP Software,,5,Manual research - Navision partner,manual_research,1,CDQO,2026-04-15T07:17:58.128482
Elvitec A/S,DK,,ERP Software,,5,Manual research - Navision partner,manual_research,1,CDQO,2026-04-15T07:17:58.128505
Erfaco A/S,DK,,ERP Software,,5,Manual research - Navision partner,manual_research,1,CDQO,2026-04-15T07:17:58.128567
Evalon Nordic A/S,DK,,ERP Software,,5,Manual research - Navision partner,manual_research,1,CDQO,2026-04-15T07:17:58.128592
Econoc A/S,DK,,ERP Software,,5,Manual research - Navision partner,manual_research,1,CDQO,2026-04-15T07:17:58.128614
Excitor A/S,DK,,ERP Software,,5,Manual research - Navision partner,manual_research,1,CDQO,2026-04-15T07:17:58.128631
Fairway Technologies,US,,ERP Software,,5,Manual research - Navision partner,manual_research,1,CDQO,2026-04-15T07:17:58.128666
Fortec Solution AB,SE,,ERP Software,,5,Manual research - Navision partner,manual_research,1,CDQO,2026-04-15T07:17:58.128686
Granit A/S,DK,,ERP Software,,5,Manual research - Navision partner,manual_research,1,CDQO,2026-04-15T07:17:58.128703
Humac A/S,DK,,ERP Software,,5,Manual research - Navision partner,manual_research,1,CDQO,2026-04-15T07:17:58.128720
Icon Information Consultant,NO,,ERP Software,,5,Manual research - Navision partner,manual_research,1,CDQO,2026-04-15T07:17:58.128731
Indata AS,NO,,ERP Software,,5,Manual research - Navision partner,manual_research,1,CDQO,2026-04-15T07:17:58.128742
Infoware A/S,DK,,ERP Software,,5,Manual research - Navision partner,manual_research,1,CDQO,2026-04-15T07:17:58.128753
IntelliPartners A/S,DK,,ERP Software,,5,Manual research - Navision partner,manual_research,1,CDQO,2026-04-15T07:17:58.128763
Investeringsbanken A/S,DK,,ERP Software,,5,Manual research - Navision customer,manual_research,1,CDQO,2026-04-15T07:17:58.128774
Isle A/S,DK,,ERP Software,,5,Manual research - Navision partner,manual_research,1,CDQO,2026-04-15T07:17:58.128785
IT Relation A/S,DK,,ERP Software,,5,Manual research - Navision partner,manual_research,1,CDQO,2026-04-15T07:17:58.128795
JDC Group A/S,DK,,ERP Software,,5,Manual research - Navision partner,manual_research,1,CDQO,2026-04-15T07:17:58.128805
Jyske Bank,DK,,ERP Software,,5,Manual research - Navision customer,manual_research,1,CDQO,2026-04-15T07:17:58.128815
KMD A/S,DK,,ERP Software,,5,Manual research - Navision partner,manual_research,1,CDQO,2026-04-15T07:17:58.128826
Lantmännen,SE,,ERP Software,,5,Manual research - Navision customer,manual_research,1,CDQO,2026-04-15T07:17:58.128837
Logos Consulting,DK,,ERP Software,,5,Manual research - Navision partner,manual_research,1,CDQO,2026-04-15T07:17:58.128847
Madsen & Co A/S,DK,,ERP Software,,5,Manual research - Navision partner,manual_research,1,CDQO,2026-04-15T07:17:58.128858
Maersk,DK,,ERP Software,,5,Manual research - Navision customer,manual_research,1,CDQO,2026-04-15T07:17:58.128869
Middelfart Sparekasse,DK,,ERP Software,,5,Manual research - Navision customer,manual_research,1,CDQO,2026-04-15T07:17:58.128881
NemID / Digital Post,DK,,ERP Software,,5,Manual research - Navision customer,manual_research,1,CDQO,2026-04-15T07:17:58.128892
NNIT A/S,DK,,ERP Software,,5,Manual research - Navision partner,manual_research,1,CDQO,2026-04-15T07:17:58.128907
Nets Denmark A/S,DK,,ERP Software,,5,Manual research - Navision customer,manual_research,1,CDQO,2026-04-15T07:17:58.128927
Novo Nordisk,DK,,ERP Software,,5,Manual research - Navision customer,manual_research,1,CDQO,2026-04-15T07:17:58.128948
NRGI A/S,DK,,ERP Software,,5,Manual research - Navision customer,manual_research,1,CDQO,2026-04-15T07:17:58.128960
Odense Kommune,DK,,ERP Software,,5,Manual research - Navision customer,manual_research,1,CDQO,2026-04-15T07:17:58.128975
Olympia Denmark A/S,DK,,ERP Software,,5,Manual research - Navision customer,manual_research,1,CDQO,2026-04-15T07:17:58.128997
Pandora A/S,DK,,ERP Software,,5,Manual research - Navision customer,manual_research,1,CDQO,2026-04-15T07:17:58.129036
Pension Danmark,DK,,ERP Software,,5,Manual research - Navision customer,manual_research,1,CDQO,2026-04-15T07:17:58.129067
PwC Danmark,DK,,ERP Software,,5,Manual research - Navision partner,manual_research,1,CDQO,2026-04-15T07:17:58.129079
Randers Kommune,DK,,ERP Software,,5,Manual research - Navision customer,manual_research,1,CDQO,2026-04-15T07:17:58.129089
Ringkjøbing Landbobank,DK,,ERP Software,,5,Manual research - Navision customer,manual_research,1,CDQO,2026-04-15T07:17:58.129100
Salling Group,DK,,ERP Software,,5,Manual research - Navision customer,manual_research,1,CDQO,2026-04-15T07:17:58.129111
Santander Bank A/S,DK,,ERP Software,,5,Manual research - Navision customer,manual_research,1,CDQO,2026-04-15T07:17:58.129121
SAS Scandinavian Airlines,SE,,ERP Software,,5,Manual research - Navision customer,manual_research,1,CDQO,2026-04-15T07:17:58.129131
Silvan A/S,DK,,ERP Software,,5,Manual research - Navision customer,manual_research,1,CDQO,2026-04-15T07:17:58.129143
Spar Nord Bank A/S,DK,,ERP Software,,5,Manual research - Navision customer,manual_research,1,CDQO,2026-04-15T07:17:58.129183
SSC Danmark A/S,DK,,ERP Software,,5,Manual research - Navision partner,manual_research,1,CDQO,2026-04-15T07:17:58.129199
Statens IT,DK,,ERP Software,,5,Manual research - Navision customer,manual_research,1,CDQO,2026-04-15T07:17:58.129221
Statoil / Equinor,NO,,ERP Software,,5,Manual research - Navision customer,manual_research,1,CDQO,2026-04-15T07:17:58.129242
Sydbank A/S,DK,,ERP Software,,5,Manual research - Navision customer,manual_research,1,CDQO,2026-04-15T07:17:58.129263
TDC A/S,DK,,ERP Software,,5,Manual research - Navision customer,manual_research,1,CDQO,2026-04-15T07:17:58.129283
Topdanmark A/S,DK,,ERP Software,,5,Manual research - Navision customer,manual_research,1,CDQO,2026-04-15T07:17:58.129301
Tryg A/S,DK,,ERP Software,,5,Manual research - Navision customer,manual_research,1,CDQO,2026-04-15T07:17:58.129312
TV2 Danmark A/S,DK,,ERP Software,,5,Manual research - Navision customer,manual_research,1,CDQO,2026-04-15T07:17:58.129322
Vestas Wind Systems,DK,,ERP Software,,5,Manual research - Navision customer,manual_research,1,CDQO,2026-04-15T07:17:58.129334
Visma A/S,DK,,ERP Software,,5,Manual research - Navision partner,manual_research,1,CDQO,2026-04-15T07:17:58.129344
Vordingborg Kommune,DK,,ERP Software,,5,Manual research - Navision customer,manual_research,1,CDQO,2026-04-15T07:17:58.129354
Ørsted A/S,DK,,ERP Software,,5,Manual research - Navision customer,manual_research,1,CDQO,2026-04-15T07:17:58.129365
Aalborg Kommune,DK,,ERP Software,,5,Manual research - Navision customer,manual_research,1,CDQO,2026-04-15T07:17:58.129376
Aarhus Kommune,DK,,ERP Software,,5,Manual research - Navision customer,manual_research,1,CDQO,2026-04-15T07:17:58.129386
YIT - Urban developer and construction company,FI,,Construction,2.8k,5,Listed on TheirStack as Microsoft Dynamics NAV user,theirstack,1,CDQO,2026-04-15T07:17:58.130031
TEPCOMP,FI,,"Appliances, Electrical, and Electronics Manufacturing",37,5,Listed on TheirStack as Microsoft Dynamics NAV user,theirstack,1,CDQO,2026-04-15T07:17:58.130044
Companial,NL,,IT Services and IT Consulting,272,5,Listed on TheirStack as Microsoft Dynamics NAV user,theirstack,1,CDQO,2026-04-15T07:17:58.130055
Adfocom,NL,,IT Services and IT Consulting,29,5,Listed on TheirStack as Microsoft Dynamics NAV user,theirstack,1,CDQO,2026-04-15T07:17:58.130066
Cogent Communications,US,,Telecommunications,2.9k,5,Listed on TheirStack as Microsoft Dynamics NAV user,theirstack,1,CDQO,2026-04-15T07:17:58.130076
DeepOcean,NO,,Oil and Gas,1700,5,TheirStack technology detection - 1700 employees,TheirStack,1,CDQO,2026-04-15T07:17:58.097530
Bergen Kommune,NO,,Government,16000,5,TheirStack technology detection - 16000 employees,TheirStack,1,CDQO,2026-04-15T07:17:58.084268
Intrum,SE,,Financial Services,6500,5,TheirStack technology detection - 6500 employees,TheirStack,1,CDQO,2026-04-15T07:17:58.084951
AddSecure,SE,,IT Services,1000,5,TheirStack technology detection - 1000 employees,TheirStack,1,CDQO,2026-04-15T07:17:58.098825
Anticimex,SE,,Consumer Services,10000,5,TheirStack technology detection - 10000 employees,TheirStack,1,CDQO,2026-04-15T07:17:58.084963
Grundéns,SE,,Retail,65,5,TheirStack technology detection - 65 employees,TheirStack,1,CDQO,2026-04-15T07:17:58.098885
Region Västmanland,SE,,Government,3600,5,TheirStack technology detection - 3600 employees,TheirStack,1,CDQO,2026-04-15T07:17:58.084975
BHG Group,SE,,Retail,161,5,TheirStack technology detection - 161 employees,TheirStack,1,CDQO,2026-04-15T07:17:58.084986
iLOQ,FI,,Security,324,5,TheirStack technology detection - 324 employees,TheirStack,1,CDQO,2026-04-15T07:17:58.098958
Temet,FI,,Defense,62,5,TheirStack technology detection - 62 employees,TheirStack,1,CDQO,2026-04-15T07:17:58.098970
NavisionWorld,US,,Media,,5,,nav_community,1,CDQO,2026-04-15T07:17:58.138558
inco,DK,,,,5,Gået live med Dynamics NAV integreret med LS Retail,smoking_gun_hunt,1,CDQO,2026-04-15T07:17:58.138584
Universal Music Group,NL,,Entertainment,,5,TheirStack: Uses Navision,research_batch_1,1,CDQO,2026-04-15T07:17:58.138669
Morrison Container Handling,US,,Logistics,,5,TheirStack: Uses Navision,research_batch_1,1,CDQO,2026-04-15T07:17:58.138681
Odyssey Systems Consulting,US,,Professional Services,,5,TheirStack: Uses Navision,research_batch_1,1,CDQO,2026-04-15T07:17:58.138692
Frey + Lau GmbH,DE,,Manufacturing,,5,Job posting: ERP Consultant MS Dynamics NAV,research_batch_1,1,CDQO,2026-04-15T07:17:58.138703
Landgard Service GmbH,DE,,Services,,5,Job posting: Navision IT Berater,research_batch_1,1,CDQO,2026-04-15T07:17:58.138715
BELWARE GmbH,DE,,IT Services,,5,Job posting: Dynamics NAV/BC Entwickler,research_batch_1,1,CDQO,2026-04-15T07:17:58.138725
Pyramid Computer GmbH,DE,,Technology,,5,Job posting: Inhouse Microsoft Dynamics NAV,research_batch_1,1,CDQO,2026-04-15T07:17:58.138736
mse IT Solutions GmbH,DE,,IT Services,,5,Job posting: Junior/Senior Developer Microsoft Dynamics NAV,research_batch_1,1,CDQO,2026-04-15T07:17:58.138747
Jupiter Software Consulting GmbH,DE,,IT Services,,5,Job posting: Software Developer Microsoft Dynamics NAV,research_batch_1,1,CDQO,2026-04-15T07:17:58.138759
HSBC,UK,,Financial Services,,5,Job posting: NAV Developer,research_batch_1,1,CDQO,2026-04-15T07:17:58.138769
EY UK,UK,,Professional Services,,5,Job posting: Dynamics NAV Consultant,research_batch_1,1,CDQO,2026-04-15T07:17:58.138780
CAMELOT 3PL SOFTWARE,US,,Logistics,,5,Job posting: Navision Developer,research_batch_1,1,CDQO,2026-04-15T07:17:58.138791
Royal Caribbean Group,US,,Travel,,5,Job posting: Navision Developer,research_batch_1,1,CDQO,2026-04-15T07:17:58.138802
Helios Hydraulics America,US,,Manufacturing,,5,Job posting: Navision Developer,research_batch_1,1,CDQO,2026-04-15T07:17:58.138812
VetPartners Australia,AU,,Healthcare,,5,Job posting: Microsoft Dynamics Nav,research_batch_1,1,CDQO,2026-04-15T07:17:58.138824
NavisionTech Inc,US,,IT Services,,5,,nav_partner,1,CDQO,2026-04-15T07:17:58.138834
Löwenstein Medical,DE,,Pharmaceutical,430,5,TheirStack technology detection - 430 employees,TheirStack,1,CDQO,2026-04-15T07:17:58.086243
BayernInvest Kapitalverwaltungsgesellschaft mbH,DE,,Financial Services,201,5,TheirStack technology detection - 201 employees,TheirStack,1,CDQO,2026-04-15T07:17:58.086299
Bechtle,DE,,IT Services,10000,5,TheirStack technology detection - 10000 employees,TheirStack,1,CDQO,2026-04-15T07:17:58.097371
Connamix GmbH & Co. KG,DE,,IT Services,14,5,TheirStack technology detection - 14 employees,TheirStack,1,CDQO,2026-04-15T07:17:58.097397
anaptis GmbH,DE,,IT Services,35,5,TheirStack technology detection - 35 employees,TheirStack,1,CDQO,2026-04-15T07:17:58.097384
TK Elevator,DE,,Manufacturing,24000,5,TheirStack technology detection - 24000 employees,TheirStack,1,CDQO,2026-04-15T07:17:58.084316
Randstad,NL,,HR Services,63000,5,TheirStack technology detection - 63000 employees,TheirStack,1,CDQO,2026-04-15T07:17:58.093066
The HEINEKEN Company,NL,,Food & Beverage,43000,5,TheirStack technology detection - 43000 employees,TheirStack,1,CDQO,2026-04-15T07:17:58.138909
Brand Masters BV,NL,,Food & Beverage,110,5,TheirStack technology detection - 110 employees,TheirStack,1,CDQO,2026-04-15T07:17:58.084879
Koers,NL,,Real Estate,84,5,TheirStack technology detection - 84 employees,TheirStack,1,CDQO,2026-04-15T07:17:58.084892
Nivel Groep,NL,,Architecture,65,5,TheirStack technology detection - 65 employees,TheirStack,1,CDQO,2026-04-15T07:17:58.084903
Alphatron Marine,NL,,Maritime,363,5,TheirStack technology detection - 363 employees,TheirStack,1,CDQO,2026-04-15T07:17:58.084917
Desotec,BE,,Oil & Gas,201,5,TheirStack technology detection - 201 employees,TheirStack,1,CDQO,2026-04-15T07:17:58.090974
BESIX,BE,,Construction,12000,5,TheirStack technology detection - 12000 employees,TheirStack,1,CDQO,2026-04-15T07:17:58.090945
Beddeleem,BE,,Construction,148,5,TheirStack technology detection - 148 employees,TheirStack,1,CDQO,2026-04-15T07:17:58.098745
Nikon Metrology,BE,,Manufacturing,478,5,TheirStack technology detection - 478 employees,TheirStack,1,CDQO,2026-04-15T07:17:58.090958
Cegeka,BE,,IT Services,5100,5,TheirStack technology detection - 5100 employees,TheirStack,1,CDQO,2026-04-15T07:17:58.098619
9altitudes Belgium,BE,,IT Services,132,5,TheirStack technology detection - 132 employees,TheirStack,1,CDQO,2026-04-15T07:17:58.098608
BNY Mellon,US,,Financial Services,54000,5,TheirStack technology detection - 54000 employees,TheirStack,1,CDQO,2026-04-15T07:17:58.086378
AMETEK,US,,Manufacturing,10000,5,TheirStack technology detection - 10000 employees,TheirStack,1,CDQO,2026-04-15T07:17:58.103287
Morgan Stanley,US,,Financial Services,96000,5,TheirStack technology detection - 96000 employees,TheirStack,1,CDQO,2026-04-15T07:17:58.084357
Navision Functional Expert,US,,IT Services,,5,,nav_implementation,1,CDQO,2026-04-15T07:17:58.138988
Microsoft DynamicsNavision: Guía Completa 2026,MX,,,,5,,verified_export,1,CDQO,2026-04-15T07:17:58.078261
Microsoft DynamicsNavision: Guía Completa 2026,ES,,,,5,,verified_export,1,CDQO,2026-04-15T07:17:58.078571
Microsoft DynamicsNaVisionaffärssystem,SE,,,,5,,verified_export,1,CDQO,2026-04-15T07:17:58.078924
Navisionfår ny international forhandler,DK,,,,5,,verified_export,1,CDQO,2026-04-15T07:17:58.078966
Navision Medical Healthcare,ZA,,,,5,,verified_export,1,CDQO,2026-04-15T07:17:58.079285
Microsoft Dynamics NAV (navision) | programa ERP,ES,,,,5,,verified_export,1,CDQO,2026-04-15T07:17:58.081181
PeritajedeNavision. Otrocasodeéxito.,ES,,,,5,,verified_export,1,CDQO,2026-04-15T07:17:58.100618
Tips og tricks tilNavisionStat,DK,,,,5,,verified_export,1,CDQO,2026-04-15T07:17:58.101666
ConseilenDynamics NAV,FR,,,,5,,verified_export,1,CDQO,2026-04-15T07:17:58.101847
The Story ofNavisionandNavisionStat,DK,,,,5,,verified_export,1,CDQO,2026-04-15T07:17:58.101908
DescubreNavision: El ERP de los negocios,PE,,,,5,,verified_export,1,CDQO,2026-04-15T07:17:58.103122
MicrosoftNavisionEnd-of-Life Explained,NZ,,,,5,,verified_export,1,CDQO,2026-04-15T07:17:58.104122
NavisionMedical Healthcare,ZA,,,,5,,verified_export,1,CDQO,2026-04-15T07:17:58.104605
"NAVISIONDOBRASILLTDA em São Paulo, SP",BR,,,,5,,verified_export,1,CDQO,2026-04-15T07:17:58.104632
Navisionplotsnewcourse to success,NZ,,,,5,,verified_export,1,CDQO,2026-04-15T07:17:58.104977
Get notified about new Navision jobs in **United Kingdom**.,GB,,,,5,,verified_export,1,CDQO,2026-04-15T07:17:58.123872
Get notified about new Navision jobs in **United States**.,SE,,,,5,,verified_export,1,CDQO,2026-04-15T07:17:58.124290
Regnskabsprogramnavisionbogfoering download,DK,,,,5,,verified_export,1,CDQO,2026-04-15T07:17:58.129401
SoftwareNavision: 5 RaisonsdeMigrer (2026),FR,,,,5,,verified_export,1,CDQO,2026-04-15T07:17:58.130542
Microsoft Navision End of Life: What Your Business Should Do Next,US,,,,5,,verified_export,1,CDQO,2026-04-15T07:17:58.131610
PeritajedeNavision. Otrocasodeéxito.,MX,,,,5,,verified_export,1,CDQO,2026-04-15T07:17:58.132599
Companies that useNavisionin Norway,NO,,,,5,,verified_export,1,CDQO,2026-04-15T07:17:58.133043
Bolsadetrabajo paranavisionenMéxico| OCC,MX,,,,5,,verified_export,1,CDQO,2026-04-15T07:17:58.133593
Companies that useNavisionin Netherlands,NL,,,,5,,verified_export,1,CDQO,2026-04-15T07:17:58.134891
MicrosoftDynamicsNAV/ Navision,NO,,,,5,,verified_export,1,CDQO,2026-04-15T07:17:58.136571
Companies that useNavisioninIndia(336),IN,,,,5,,verified_export,1,CDQO,2026-04-15T07:17:58.137032
How Does theNavisionSystem Work?,UK,,,,5,,verified_export,1,CDQO,2026-04-15T07:17:58.137216
Navisionrozpoczął działalność w Polsce,PL,,,,5,,verified_export,1,CDQO,2026-04-15T07:17:58.137733
Meet Dynamics NAV,NO,,,,5,,verified_export,1,CDQO,2026-04-15T07:17:58.137858
Bolsa de trabajo paranavisionenMéxico| OCC,MX,,,,5,,verified_export,1,CDQO,2026-04-15T07:17:58.137923
Navision India,IN,,IT Services,,4,,nav_partner,1,CDQO,2026-04-15T07:17:58.077540
