name,country,industry,evidence_type,evidence,confidence,source,website,source_url,discovered,quality_reason
Morgan Stanley,US,Financial Services,theirstack,TheirStack technology detection - 96000 employees,5,TheirStack,,https://theirstack.com/en/technology/navision/us,2026-04-11T12:19:40.687061Z,GOOD: theirstack.*technology.*detection
LHH,US,HR Services,theirstack,TheirStack technology detection - 24000 employees,5,TheirStack,,https://theirstack.com/en/technology/navision/us,2026-04-11T12:19:40.687028Z,GOOD: theirstack.*technology.*detection
AMETEK,US,Manufacturing,theirstack,TheirStack technology detection - 10000 employees,5,TheirStack,,https://theirstack.com/en/technology/navision/us,2026-04-11T12:19:40.686985Z,GOOD: theirstack.*technology.*detection
BNY Mellon,US,Financial Services,theirstack,TheirStack technology detection - 54000 employees,5,TheirStack,,https://theirstack.com/en/technology/navision/us,2026-04-11T12:19:40.686968Z,GOOD: theirstack.*technology.*detection
BNY,US,Financial Services,theirstack,TheirStack technology detection - 56000 employees,5,TheirStack,,https://theirstack.com/en/technology/navision/us,2026-04-11T12:19:40.686935Z,GOOD: theirstack.*technology.*detection
9altitudes Belgium,BE,IT Services,theirstack,TheirStack technology detection - 132 employees,5,TheirStack,,https://theirstack.com/en/technology/navision/be,2026-04-11T12:19:40.686860Z,GOOD: theirstack.*technology.*detection
Cegeka,BE,IT Services,theirstack,TheirStack technology detection - 5100 employees,5,TheirStack,,https://theirstack.com/en/technology/navision/be,2026-04-11T12:19:40.686808Z,GOOD: theirstack.*technology.*detection
Nikon Metrology,BE,Manufacturing,theirstack,TheirStack technology detection - 478 employees,5,TheirStack,,https://theirstack.com/en/technology/navision/be,2026-04-11T12:19:40.686788Z,GOOD: theirstack.*technology.*detection
Beddeleem,BE,Construction,theirstack,TheirStack technology detection - 148 employees,5,TheirStack,,https://theirstack.com/en/technology/navision/be,2026-04-11T12:19:40.686777Z,GOOD: theirstack.*technology.*detection
BESIX,BE,Construction,theirstack,TheirStack technology detection - 12000 employees,5,TheirStack,,https://theirstack.com/en/technology/navision/be,2026-04-11T12:19:40.686735Z,GOOD: theirstack.*technology.*detection
Desotec,BE,Oil & Gas,theirstack,TheirStack technology detection - 201 employees,5,TheirStack,,https://theirstack.com/en/technology/navision/be,2026-04-11T12:19:40.686682Z,GOOD: theirstack.*technology.*detection
BDO,BE,Accounting,theirstack,TheirStack technology detection - 62000 employees,5,TheirStack,,https://theirstack.com/en/technology/navision/be,2026-04-11T12:19:40.686620Z,GOOD: theirstack.*technology.*detection
Alphatron Marine,NL,Maritime,theirstack,TheirStack technology detection - 363 employees,5,TheirStack,,https://theirstack.com/en/technology/navision/nl,2026-04-11T12:19:40.686433Z,GOOD: theirstack.*technology.*detection
Nivel Groep,NL,Architecture,theirstack,TheirStack technology detection - 65 employees,5,TheirStack,,https://theirstack.com/en/technology/navision/nl,2026-04-11T12:19:40.686387Z,GOOD: theirstack.*technology.*detection
Koers,NL,Real Estate,theirstack,TheirStack technology detection - 84 employees,5,TheirStack,,https://theirstack.com/en/technology/navision/nl,2026-04-11T12:19:40.686347Z,GOOD: theirstack.*technology.*detection
Brand Masters BV,NL,Food & Beverage,theirstack,TheirStack technology detection - 110 employees,5,TheirStack,,https://theirstack.com/en/technology/navision/nl,2026-04-11T12:19:40.686337Z,GOOD: theirstack.*technology.*detection
The HEINEKEN Company,NL,Food & Beverage,theirstack,TheirStack technology detection - 43000 employees,5,TheirStack,,https://theirstack.com/en/technology/navision/nl,2026-04-11T12:19:40.686298Z,GOOD: theirstack.*technology.*detection
Randstad,NL,HR Services,theirstack,TheirStack technology detection - 63000 employees,5,TheirStack,,https://theirstack.com/en/technology/navision/nl,2026-04-11T12:19:40.686239Z,GOOD: theirstack.*technology.*detection
TK Elevator,DE,Manufacturing,theirstack,TheirStack technology detection - 24000 employees,5,TheirStack,,https://theirstack.com/en/technology/navision/de,2026-04-11T12:19:40.686027Z,GOOD: theirstack.*technology.*detection
anaptis GmbH,DE,IT Services,theirstack,TheirStack technology detection - 35 employees,5,TheirStack,,https://theirstack.com/en/technology/navision/de,2026-04-11T12:19:40.685956Z,GOOD: theirstack.*technology.*detection
Connamix GmbH & Co. KG,DE,IT Services,theirstack,TheirStack technology detection - 14 employees,5,TheirStack,,https://theirstack.com/en/technology/navision/de,2026-04-11T12:19:40.685878Z,GOOD: theirstack.*technology.*detection
Bechtle,DE,IT Services,theirstack,TheirStack technology detection - 10000 employees,5,TheirStack,,https://theirstack.com/en/technology/navision/de,2026-04-11T12:19:40.685864Z,GOOD: theirstack.*technology.*detection
BayernInvest Kapitalverwaltungsgesellschaft mbH,DE,Financial Services,theirstack,TheirStack technology detection - 201 employees,5,TheirStack,,https://theirstack.com/en/technology/navision/de,2026-04-11T12:19:40.685804Z,GOOD: theirstack.*technology.*detection
Löwenstein Medical,DE,Pharmaceutical,theirstack,TheirStack technology detection - 430 employees,5,TheirStack,,https://theirstack.com/en/technology/navision/de,2026-04-11T12:19:40.685108Z,GOOD: theirstack.*technology.*detection
Temet,FI,Defense,theirstack,TheirStack technology detection - 62 employees,5,TheirStack,,https://theirstack.com/en/technology/navision/fi,2026-04-11T12:07:59.309117Z,GOOD: theirstack.*technology.*detection
iLOQ,FI,Security,theirstack,TheirStack technology detection - 324 employees,5,TheirStack,,https://theirstack.com/en/technology/navision/fi,2026-04-11T12:07:59.308879Z,GOOD: theirstack.*technology.*detection
BHG Group,SE,Retail,theirstack,TheirStack technology detection - 161 employees,5,TheirStack,,https://theirstack.com/en/technology/navision/se,2026-04-11T12:07:59.308561Z,GOOD: theirstack.*technology.*detection
Region Västmanland,SE,Government,theirstack,TheirStack technology detection - 3600 employees,5,TheirStack,,https://theirstack.com/en/technology/navision/se,2026-04-11T12:07:59.308450Z,GOOD: theirstack.*technology.*detection
Grundéns,SE,Retail,theirstack,TheirStack technology detection - 65 employees,5,TheirStack,,https://theirstack.com/en/technology/navision/se,2026-04-11T12:07:59.308273Z,GOOD: theirstack.*technology.*detection
Anticimex,SE,Consumer Services,theirstack,TheirStack technology detection - 10000 employees,5,TheirStack,,https://theirstack.com/en/technology/navision/se,2026-04-11T12:07:59.308213Z,GOOD: theirstack.*technology.*detection
AddSecure,SE,IT Services,theirstack,TheirStack technology detection - 1000 employees,5,TheirStack,,https://theirstack.com/en/technology/navision/se,2026-04-11T12:07:59.308092Z,GOOD: theirstack.*technology.*detection
Intrum,SE,Financial Services,theirstack,TheirStack technology detection - 6500 employees,5,TheirStack,,https://theirstack.com/en/technology/navision/se,2026-04-11T12:07:59.307992Z,GOOD: theirstack.*technology.*detection
Bergen Kommune,NO,Government,theirstack,TheirStack technology detection - 16000 employees,5,TheirStack,,https://theirstack.com/en/technology/navision/no,2026-04-11T12:07:59.307660Z,GOOD: theirstack.*technology.*detection
DeepOcean,NO,Oil and Gas,theirstack,TheirStack technology detection - 1700 employees,5,TheirStack,,https://theirstack.com/en/technology/navision/no,2026-04-11T12:07:59.306507Z,GOOD: theirstack.*technology.*detection
Tso De,ZA,,case_study,Case study: Navision| What is MicrosoftNavision? | TSO-DATA,5,global_jobs,tso.de,https://www.tso.de/en/glossary/navision/,2026-04-11T10:41:55.401278Z,GOOD: case study
Firma Egospodarka Pl,PL,,case_study,Case study: NAVISION.PL SP. Z O.O. w mieście Szczecin (zachodniopomorskie),5,global_jobs,firma.egospodarka.pl,"https://www.firma.egospodarka.pl/raporty-o-firmach/firma,21623439,navision-pl-sp-z-o-o.html",2026-04-11T10:12:35.545304Z,GOOD: case study
Casestudies Com,US,,case_study,Case study: Altus DynamicsCaseStudy: Avon Maitland District School Board – …,5,global_jobs,casestudies.com,https://www.casestudies.com/company/altus-dynamics/case-study/avon-maitland-district-school-board-selects-microsoft-navision-and-altus-dynamics,2026-04-11T10:12:05.627796Z,GOOD: case study
About Us,PL,,case_study,Case study: About Us - History and experience inDynamicsNAV/BC | NAVISION.PL,5,global_jobs,navision.pl,https://navision.pl/en/about,2026-04-11T07:52:25.522941Z,GOOD: case study
Docplayer Dk,DK,,case_study,Case study: Vejledning i årsafslutning 2014 iNavisionStat Selvejer-udgave,5,global_jobs,docplayer.dk,https://docplayer.dk/1427184-Vejledning-i-aarsafslutning-2014-i-navision-stat-selvejer-udgave.html,2026-04-11T07:04:15.034904Z,GOOD: case study
Consultorianavision Com,ES,,case_study,Case study: MicrosoftDynamicsNav- CONSULTORÍA NAVISION,5,global_jobs,consultorianavision.com,https://www.consultorianavision.com/,2026-04-11T06:28:53.774260Z,GOOD: case study
Ekamat Es,ES,,case_study,Case study: Navision |DynamicsNAV- Software de gestión ERP para …,5,global_jobs,ekamat.es,https://ekamat.es/navision/,2026-04-11T06:28:53.774111Z,GOOD: case study
MicrosoftDynamicsNAV- Navision,FR,,case_study,Case study: MicrosoftDynamicsNAV- Navision - ERP international,5,global_jobs,dynamicsinternational.com,https://dynamicsinternational.com/solutions/dynamics-nav/,2026-04-11T06:28:42.184528Z,GOOD: case study
"NavisionIndia- Overview, News & Similar companies",IN,,case_study,"Case study: NavisionIndia- Overview, News & Similar companies - ZoomInfo",5,global_jobs,zoominfo.com,https://www.zoominfo.com/c/navision-india/454620039,2026-04-11T06:10:48.008331Z,GOOD: case study
Axial Erp Co,PE,,case_study,Case study: MicrosoftNavisiono Microsoft Dynamics NAV: Una solución ERP para …,5,global_jobs,axial-erp.co,https://axial-erp.co/erp/microsoft-navision-o-microsoft-dynamics-nav-una-solucion-erp-para-la-gestion-empresarial/,2026-04-11T06:02:45.911419Z,GOOD: case study
Ugma Com Mx,CL,,case_study,Case study: ¿Qué es Microsoft Dynamics NAV y por qué tuempresa…,5,global_jobs,ugma.com.mx,https://ugma.com.mx/que-es-microsoft-dynamics-nav-y-por-que-tu-empresa-lo-necesita/,2026-04-11T05:25:15.653990Z,GOOD: case study
Elian Solutions Com,BE,,case_study,Case study: Productonstudycase- Elian Solutions -NavisionNAV …,5,global_jobs,elian-solutions.com,https://www.elian-solutions.com/references/case-studies/producton-study-case/,2026-04-11T05:23:50.306734Z,GOOD: case study
Amazon De,DE,,case_study,Case study: Ein praxisorientierter Einstieg in MicrosoftNavision: Eine ...,5,global_jobs,amazon.de,https://www.amazon.de/praxisorientierter-Einstieg-Microsoft-Navision-Hochschularbeit/dp/3639113284,2026-04-11T05:23:28.454812Z,GOOD: case study
Casodeéxito – Distribución (Navision),AR,,case_study,Case study: Casodeéxito – Distribución (Navision) - olivia.es,5,global_jobs,olivia.es,https://olivia.es/case-studie/caso-de-exito-distribucion-navision/,2026-04-11T04:48:45.989992Z,GOOD: case study
Rejestr Io,PL,,case_study,Case study: NAVISION.PL | Rejestr.io,5,global_jobs,rejestr.io,https://rejestr.io/krs/761201,2026-04-11T03:43:02.248953Z,GOOD: case study
PeritajedeNavision. Otrocasodeéxito.,AR,,case_study,Case study: PeritajedeNavision. Otrocasodeéxito. - Peritajes & Peritos,5,global_jobs,peritajes-peritos.es,https://peritajes-peritos.es/articulos/articulo-peritaje-peritaje-de-navision-otro-caso-de-xito-/,2026-04-11T03:25:59.805425Z,GOOD: case study
Dynamics NAV konsult,SE,,case_study,Case study: Dynamics NAV konsult - Anlita konsult med expertis inom ERP,5,global_jobs,rightpeoplegroup.com,https://rightpeoplegroup.com/sv/dynamics-nav-experter/dynamics-nav-konsult,2026-04-11T03:05:33.071642Z,GOOD: case study
Nevastech Com,DK,,case_study,Case study: Top 7 Things Dynamics NAV Users Should Know Before …,5,global_jobs,nevastech.com,https://www.nevastech.com/blog/top-7-things-dynamics-nav-users-should-know-before-upgrading/,2026-04-11T03:05:22.434184Z,GOOD: case study
Dynamics NAV: The 3 T’s ofGo-LiveSuccess,US,,case_study,Case study: Dynamics NAV: The 3 T’s ofGo-LiveSuccess - ArcherPoint,5,global_jobs,archerpoint.com,https://archerpoint.com/dynamics-nav-the-3-ts-of-go-live-success/,2026-04-11T01:25:09.228235Z,GOOD: case study
NavisionERP systeem,NL,,case_study,Case study: NavisionERP systeem - HB Smarttrade,5,global_jobs,hbsmarttrade.com,https://hbsmarttrade.com/software/navision-erp-systeem.php,2026-04-11T01:06:14.472357Z,GOOD: case study
Insightdata Be,BE,,case_study,Case study: Navision- insightdata.be,5,global_jobs,insightdata.be,https://www.insightdata.be/en/integrations/navision-financial-and-operational-reporting,2026-04-11T00:57:18.476729Z,GOOD: case study
Canadacompanyregistry Com,CA,,case_study,Case study: NAVISIONCANADAINC. |CanadaCorporation Directory,5,global_jobs,canadacompanyregistry.com,https://www.canadacompanyregistry.com/companies/navision-canada-inc/,2026-04-11T00:49:00.829289Z,GOOD: case study
MicrosoftNavisionin Brazil's ERP Market | PDF,BR,,case_study,Case study: MicrosoftNavisionin Brazil's ERP Market | PDF - Scribd,5,global_jobs,scribd.com,https://www.scribd.com/document/109895703/net-curitiba-20121013-145115,2026-04-11T00:40:35.537033Z,GOOD: case study
Community Dynamics Com,US,,case_study,Case study: Microsoft support timeline for Dynamics NAV,5,global_jobs,community.dynamics.com,https://community.dynamics.com/blogs/post/?postid=90bcd6a1-dbfb-404f-b221-e08d49a85dd7,2026-04-11T00:39:04.800142Z,GOOD: case study
E-commerce voor MicrosoftDynamicsNAV(Navision),BE,,case_study,Case study: E-commerce voor MicrosoftDynamicsNAV(Navision) - DynamicWeb,5,global_jobs,dynamicweb.nl,https://dynamicweb.nl/oplossingen/ecommerce-voor-dynamics-nav,2026-04-11T00:38:56.141958Z,GOOD: case study
Addendanalytics Com,IN,,case_study,Case study: Microsoft Navision ERP | MsDynamicsNav- Addend Analytics,5,global_jobs,addendanalytics.com,https://addendanalytics.com/dynamics-nav-erp,2026-04-11T00:30:57.337872Z,GOOD: case study
Démarrer rapidement avec Dynamics NAV,FR,,case_study,Case study: Démarrer rapidement avec Dynamics NAV - DelphisoftFrance,5,global_jobs,delphisoft.fr,https://www.delphisoft.fr/solutions/microsoft-dynamics-nav/videos-microsoft-dynamics-nav/demarrer-rapidement-avec-dynamics-nav,2026-04-11T00:30:36.756246Z,GOOD: case study
Navigating the MicrosoftNavisionEnd of Life,UK,,case_study,Case study: Navigating the MicrosoftNavisionEnd of Life - Intech Systems,5,global_jobs,intech-systems.com,https://intech-systems.com/navigating-the-microsoft-navision-end-of-life/,2026-04-11T00:30:15.329752Z,GOOD: case study
Advancesoluciones Com,CO,,case_study,Case study: Software ERP Microsoft Dynamics NAV (Navision),5,global_jobs,advancesoluciones.com,https://www.advancesoluciones.com/soluciones-digitales/erp/navision/,2026-04-11T00:23:12.330777Z,GOOD: case study
Arrival Quality Com,JP,,case_study,Case study: STORY(制作事例) -NAVISION- アライバルクオリティー,5,global_jobs,arrival-quality.com,https://www.arrival-quality.com/storypost/19748/,2026-04-11T00:22:10.111998Z,GOOD: case study
Website koppelen aan MicrosoftDynamicsNavision,BE,,case_study,Case study: Website koppelen aan MicrosoftDynamicsNavision - IDcreation,5,global_jobs,idcreation.be,https://www.idcreation.be/nl/website-koppelen-microsoft-dynamics-navision,2026-04-11T00:21:00.817442Z,GOOD: case study
Navisiontech Com,NO,,case_study,Case study: Microsoft Dynamics NAV Support by Navisiontech,5,global_jobs,navisiontech.com,https://www.navisiontech.com/dynamics-nav-support-navisiontech/,2026-04-11T00:20:23.943671Z,GOOD: case study
Dynamicssquare Com,CL,,case_study,Case study: What is Microsoft Dynamics NAV?,5,global_jobs,dynamicssquare.com,https://www.dynamicssquare.com/blog/everything-know-about-microsoft-dynamics-nav/,2026-04-10T23:46:26.015868Z,GOOD: case study
Dynamicsfanatics Com,CL,,case_study,Case study: MicrosoftNavisionEnd of Life: What Your Business Should Do Next,5,global_jobs,dynamicsfanatics.com,https://www.dynamicsfanatics.com/post/microsoft-navision-end-of-life-what-it-means-for-your-business-next-steps,2026-04-10T23:46:26.015154Z,GOOD: case study
Dynamics NAV Versions List,DK,,case_study,Case study: Dynamics NAV Versions List - Navision Planet,5,global_jobs,navisionplanet.com,https://www.navisionplanet.com/dynamics-nav-versions-list/,2026-04-10T23:25:35.586936Z,GOOD: case study
DynamicsNav( Navision ) leverandører,DK,,case_study,Case study: DynamicsNav( Navision ) leverandører - DynamicsMagento,5,global_jobs,dynamicsmagento.dk,https://www.dynamicsmagento.dk/dynamics-navision-leverandoerer/,2026-04-10T22:30:09.575045Z,GOOD: case study
DynamicsNAVMigration PitfallsUSA2026,US,,case_study,Case study: DynamicsNAVMigration PitfallsUSA2026 - Navision India,5,global_jobs,navisionindia.in,https://navisionindia.in/blog/dynamics-nav-migration-pitfalls-usa-2026/,2026-04-10T21:15:09.536535Z,GOOD: case study
Bolsa de trabajo paranavisionenMéxico| OCC,MX,,case_study,Case study: Bolsa de trabajo paranavisionenMéxico| OCC - OCCMundial,5,global_jobs,occ.com.mx,https://www.occ.com.mx/empleos/de-navision/permanente/en-mexico,2026-04-10T18:00:20.357683Z,GOOD: case study
RESOLUCIÓNCASON°1 (NavisionTecnology),ES,,case_study,Case study: RESOLUCIÓNCASON°1 (NavisionTecnology) - ClubEnsayos.com,5,global_jobs,clubensayos.com,https://www.clubensayos.com/Negocios/RESOLUCI%C3%93N-CASO-N1-Navision-Tecnology/5072049.html,2026-04-10T17:31:59.107224Z,GOOD: case study
Appvizer Fr,FR,,case_study,Case study: Microsoft Dynamics NAV (Navision) : Progiciel (ERP) …,5,global_jobs,appvizer.fr,https://www.appvizer.fr/operations/erp/microsoft-dynamics-nav,2026-04-10T14:52:31.535768Z,GOOD: case study
Meet Dynamics NAV,NO,,case_study,Case study: Meet Dynamics NAV - Vertex Systems,5,global_jobs,vertexsystems.com,https://vertexsystems.com/wp-content/uploads/2020/07/Microsoft-Dynamics-NAV-Complete-User-Guide.pdf,2026-04-10T13:10:34.427129Z,GOOD: case study
Profikurs Microsoft Dynamics NAV: Einführung,DE,,case_study,Case study: Profikurs Microsoft Dynamics NAV: Einführung - Springer,5,global_jobs,link.springer.com,https://link.springer.com/book/10.1007/978-3-8348-9535-6,2026-04-10T12:15:08.995206Z,GOOD: case study
Kube Systems,ES,,case_study,Case study: NavisionERP: Evolución y Transformación Digital 2026,5,global_jobs,kube.systems,https://kube.systems/navision-erp/,2026-04-10T11:39:55.832105Z,GOOD: case study
Dynamics NAV,DK,,case_study,Case study: Dynamics NAV - Microsofts ERP løsning - Vision Data,5,global_jobs,visiondata.dk,https://visiondata.dk/produkter/dynamics-nav.html,2026-04-10T11:38:28.872531Z,GOOD: case study
Microchannel Asia,KR,,case_study,Case study: Navision- Now Microsoft Dynamics NAV | MicroChannel,5,global_jobs,microchannel.asia,https://www.microchannel.asia/microsoft-dynamics-nav/navision/,2026-04-10T10:00:32.627664Z,GOOD: case study
Sabrelimited Com,DK,,case_study,Case study: What Is Microsoft Dynamics NAV? The Complete Guide,5,global_jobs,sabrelimited.com,https://www.sabrelimited.com/blogs/what-is-microsoft-dynamics-nav/,2026-04-10T09:49:46.262132Z,GOOD: case study
Flexiclosing Pl,PL,,case_study,Case study: Czym jestNavisionw księgowości? | FLEXICLOSING,5,global_jobs,flexiclosing.pl,https://flexiclosing.pl/ksiegowa-navision/,2026-04-10T09:04:44.293203Z,GOOD: case study
Navisionrozpoczął działalność w Polsce,PL,,case_study,Case study: Navisionrozpoczął działalność w Polsce - Puls Biznesu - pb.pl,5,global_jobs,pb.pl,https://www.pb.pl/navision-rozpoczal-dzialalnosc-w-polsce-20603,2026-04-10T07:34:34.980639Z,GOOD: case study
Dynamics Connect Co Uk,PE,,case_study,Case study: What is MicrosoftNavision? Dynamics Nav Explained,5,global_jobs,dynamics-connect.co.uk,https://dynamics-connect.co.uk/Blog/what-is-microsoft-navision-dynamics-nav-explained,2026-04-10T07:18:02.080061Z,GOOD: case study
Nav24 Pl,PL,,case_study,Case study: Navisioni Microsoft Dynamics NAV – fundamenty nowoczesnego …,5,global_jobs,nav24.pl,https://nav24.pl/navision-i-microsoft-dynamics-nav-fundamenty-nowoczesnego-systemu-erp/,2026-04-10T07:16:37.816799Z,GOOD: case study
Rapidionline Com,FR,,case_study,Case study: Étudedecas- REMA1000 Réplicateur pour Microsoft Dynamics NAV,5,global_jobs,rapidionline.com,https://www.rapidionline.com/fr/lp/case-story-rema1000-replicator-microsoft-dynamics,2026-04-10T06:58:24.913150Z,GOOD: case study
"Formation Dynamics NAV éligible OPCO, CPF,Francetravail",FR,,case_study,"Case study: Formation Dynamics NAV éligible OPCO, CPF,Francetravail - Pôle …",5,global_jobs,fr.optedif-formation.fr,https://fr.optedif-formation.fr/formation/formation-dynamics-nav/,2026-04-10T06:58:24.912942Z,GOOD: case study
Dynamics Connect Co Uk,CO,,case_study,Case study: What is MicrosoftNavision? Dynamics Nav Explained,5,global_jobs,dynamics-connect.co.uk,https://dynamics-connect.co.uk/Blog/what-is-microsoft-navision-dynamics-nav-explained,2026-04-10T06:32:44.591131Z,GOOD: case study
Kube Systems,CO,,case_study,Case study: NavisionERP: Evolución y Transformación Digital 2026,5,global_jobs,kube.systems,https://kube.systems/navision-erp/,2026-04-10T06:05:24.306105Z,GOOD: case study
MicrosoftDynamicsNav- CONSULTORÍA NAVISION,CL,,case_study,Case study: MicrosoftDynamicsNav- CONSULTORÍA NAVISION - EVOTEC,5,global_jobs,consultorianavision.com,https://www.consultorianavision.com/,2026-04-10T06:05:16.314381Z,GOOD: case study
Kube Systems,PE,,case_study,Case study: NavisionERP: Evolución y Transformación Digital 2026,5,global_jobs,kube.systems,https://kube.systems/navision-erp/,2026-04-10T05:55:54.382499Z,GOOD: case study
Empresas que utilizanDynamicsNavision,CL,,case_study,Case study: Empresas que utilizanDynamicsNavision - Formatalent,5,global_jobs,formatalent.com,https://formatalent.com/empresas-que-utilizan-dynamics-navision/,2026-04-10T05:55:42.906693Z,GOOD: case study
Consultorianavision Com,CL,,case_study,Case study: MicrosoftDynamicsNav- CONSULTORÍA NAVISION,5,global_jobs,consultorianavision.com,https://www.consultorianavision.com/,2026-04-10T05:55:42.903563Z,GOOD: case study
Mprise Nl,NL,,case_study,Case study: Microsoft Dynamics NAV ofNavision- Mprise,5,global_jobs,mprise.nl,https://www.mprise.nl/business-solutions/dynamics-nav-navision,2026-04-10T05:36:50.102525Z,GOOD: case study
Chi Siamo,IT,,case_study,Case study: Chi Siamo - Dynamics Consult,5,global_jobs,dynamicsconsult.com,https://www.dynamicsconsult.com/index.php/dynamics-navision/,2026-04-10T03:30:47.576873Z,GOOD: case study
Leyesytecnologia Com,ES,,case_study,Case study: PeritajedeNavision. Otrocasodeéxito. • Leyes y …,5,global_jobs,leyesytecnologia.com,https://leyesytecnologia.com/peritaje-de-navision-otro-caso-de-exito/,2026-04-10T03:22:17.211221Z,GOOD: case study
Workcentrix De,DE,,case_study,Case study: MicrosoftNavision– workcentrix,5,global_jobs,workcentrix.de,https://workcentrix.de/blog/navision,2026-04-10T03:21:27.038983Z,GOOD: case study
Prodwaregroup Com,DE,,case_study,Case study: Microsoft Dynamics NAV (Navision) | ERP Lösung für den …,5,global_jobs,prodwaregroup.com,https://www.prodwaregroup.com/de-de/loesungen/microsoft-erp-crm-loesungen/microsoft-dynamics-nav/,2026-04-10T03:21:27.038573Z,GOOD: case study
Casestudies Com,UK,,case_study,Case study: Altus DynamicsCaseStudy: Avon Maitland District School Board – …,5,global_jobs,casestudies.com,https://www.casestudies.com/company/altus-dynamics/case-study/avon-maitland-district-school-board-selects-microsoft-navision-and-altus-dynamics,2026-04-10T03:03:19.877475Z,GOOD: case study
Go Erp Eu,CL,,case_study,Case study: The 7 Core Capabilities of MicrosoftNavision(Dynamics NAV),5,global_jobs,go-erp.eu,https://go-erp.eu/what-is-microsoft-navision-an-overview/,2026-04-10T02:47:13.878407Z,GOOD: case study
Dynamicssmartz Com,CL,,case_study,Case study: Everything You Need to Know About Microsoft Dynamics NAV in 2026,5,global_jobs,dynamicssmartz.com,https://www.dynamicssmartz.com/blog/microsoft-dynamics-nav/,2026-04-10T02:47:13.878215Z,GOOD: case study
Dynamics Connect Co Uk,CL,,case_study,Case study: What is MicrosoftNavision? Dynamics Nav Explained,5,global_jobs,dynamics-connect.co.uk,https://dynamics-connect.co.uk/Blog/what-is-microsoft-navision-dynamics-nav-explained,2026-04-10T02:47:13.877950Z,GOOD: case study
Naviators Dk,NO,,case_study,Case study: Implementeringog rådgivning af løsninger baseret på Dynamics NAV,5,global_jobs,naviators.dk,https://naviators.dk/,2026-04-10T02:07:58.876484Z,GOOD: case study
Leyesytecnologia Com,PE,,case_study,Case study: PeritajedeNavision- Claves del éxito desde ambos …,5,global_jobs,leyesytecnologia.com,https://leyesytecnologia.com/peritaje-de-navision/,2026-04-10T01:23:17.819826Z,GOOD: case study
Llconsultingservices Com,US,,case_study,"Case study: Microsoft Dynamics NAV Support, Upgrades & Migration",5,global_jobs,llconsultingservices.com,https://www.llconsultingservices.com/microsoft-dynamics-nav-support-upgrades-migration/,2026-04-10T00:52:54.489979Z,GOOD: case study
Insightsoftware Com,CO,,case_study,Case study: Microsoft Dynamics NAV | insightsoftware,5,global_jobs,insightsoftware.com,https://insightsoftware.com/es/solutions/microsoft-dynamics-nav/,2026-04-10T00:45:21.445615Z,GOOD: case study
Strategix Co Za,ZA,,case_study,Case study: Benefits of Microsoft Dynamics NAV |SouthAfrica- Strategix,5,global_jobs,strategix.co.za,https://www.strategix.co.za/blog/dynamics-365-business-central/benefits-of-microsoft-dynamics-nav/,2026-04-10T00:44:42.863670Z,GOOD: case study
Endeavor4Solutions Com,CA,,case_study,Case study: Microsoft Dynamics NAV Training — Endeavor4 -Canada& USA,5,global_jobs,endeavor4solutions.com,https://www.endeavor4solutions.com/nav/nav-training/,2026-04-10T00:44:06.912291Z,GOOD: case study
MicrosoftDynamicsNAV(navision) | programa ERP,ES,,case_study,Case study: MicrosoftDynamicsNAV(navision) | programa ERP - Prodware Group,5,global_jobs,prodwaregroup.com,https://www.prodwaregroup.com/es-es/soluciones/soluciones-erp-crm-microsoft/microsoft-dynamics-nav/,2026-04-10T00:43:46.805814Z,GOOD: case study
How Does theNavisionSystem Work?,UK,,case_study,Case study: How Does theNavisionSystem Work? - Walter & Associates,5,global_jobs,walterassociates.co.uk,https://www.walterassociates.co.uk/how-does-the-navision-system-work/,2026-04-10T00:42:55.837751Z,GOOD: case study
Microsoft Navision End-of-Life Explained,CO,,case_study,Case study: Microsoft Navision End-of-Life Explained - Priority Software,5,global_jobs,priority-software.com,https://www.priority-software.com/blog/microsoft-navision-end-of-life/,2026-04-10T00:35:23.451386Z,GOOD: case study
MicrosoftDynamicsNavNavisionArgentinaUruguay,AR,,case_study,Case study: MicrosoftDynamicsNavNavisionArgentinaUruguay - Soluciones ...,5,global_jobs,voxa.info,http://www.voxa.info/index.php,2026-04-10T00:35:07.844096Z,GOOD: case study
Dynamics NAV,MX,,case_study,Case study: Dynamics NAV - HBE Consuting,5,global_jobs,hbe-consulting.com.mx,https://www.hbe-consulting.com.mx/dynamics-nav/,2026-04-10T00:34:58.544901Z,GOOD: case study
Help Factorialhr Com,BR,,case_study,Case study: Integração com o Microsoft Dynamics NAV (NavisionOn-Premise),5,global_jobs,help.factorialhr.com,https://help.factorialhr.com/pt_PT/integracoes-marketplace/factorial-%E2%80%93-microsoft-dynamics-nav-integration-navision-on-premise,2026-04-10T00:34:49.875579Z,GOOD: case study
MicrosoftNavisionEnd-of-Life Explained,ZA,,case_study,Case study: MicrosoftNavisionEnd-of-Life Explained - Priority Software,5,global_jobs,priority-software.com,https://www.priority-software.com/blog/microsoft-navision-end-of-life/,2026-04-10T00:34:42.188482Z,GOOD: case study
Case Study,KR,,case_study,Case study: Case Study - Power BI connects with Dynamics NAV 2016 - LinkedIn,5,global_jobs,linkedin.com,https://www.linkedin.com/pulse/case-study-power-bi-connects-dynamics-nav-2016-neeraj-gargi,2026-04-10T00:34:24.905160Z,GOOD: case study
Companies that useNavisioninAustralia(175),AU,,case_study,Case study: Companies that useNavisioninAustralia(175) - TheirStack.com,5,global_jobs,theirstack.com,https://theirstack.com/en/technology/navision/au,2026-04-10T00:34:09.142038Z,GOOD: case study
DynamicsNAV& Navision,AU,,case_study,Case study: DynamicsNAV& Navision - Fenwick Software,5,global_jobs,fenwick.com.au,http://www.fenwick.com.au/solutions/dynamics-nav/,2026-04-10T00:34:09.139037Z,GOOD: case study
HowNavisionCracked the North American Market,CA,,case_study,Case study: HowNavisionCracked the North American Market - TBK Consult,5,global_jobs,tbkconsult.com,https://tbkconsult.com/how-navision-cracked-the-north-american-market/,2026-04-10T00:34:03.785685Z,GOOD: case study
Cognitivevaluetech Com,IN,,case_study,"Case study: Microsoft Dynamics NAV | CognitiveValueTech, chennai,India",5,global_jobs,cognitivevaluetech.com,https://cognitivevaluetech.com/Home/DynamicsNAV,2026-04-10T00:33:55.955722Z,GOOD: case study
NavisionIndiaCompanyProfile,IN,,case_study,Case study: NavisionIndiaCompanyProfile - TechBehemoths,5,global_jobs,techbehemoths.com,https://techbehemoths.com/company/navision-india,2026-04-10T00:33:55.955687Z,GOOD: case study
Companies that useNavisioninIndia(336),IN,,case_study,Case study: Companies that useNavisioninIndia(336) - TheirStack.com,5,global_jobs,theirstack.com,https://theirstack.com/en/technology/navision/in,2026-04-10T00:33:55.955613Z,GOOD: case study
Nevastech Com,IN,,case_study,Case study: MicrosoftDynamicsNAV(Navision) ERP software,5,global_jobs,nevastech.com,https://www.nevastech.com/solutions/microsoft-dynamics-erp/microsoft-dynamics-nav/,2026-04-10T00:33:55.953408Z,GOOD: case study
MicrosoftDynamicsNAVImplementation | Navision ERP,IN,,case_study,Case study: MicrosoftDynamicsNAVImplementation | Navision ERP - inoday,5,global_jobs,inoday.com,https://inoday.com/microsoft-dynamics-nav-service-providers/navision-implementation/,2026-04-10T00:33:55.953269Z,GOOD: case study
Dynamics NAV (Navision),PL,,case_study,Case study: Dynamics NAV (Navision) - Digmatix,5,global_jobs,digmatix.com,https://www.digmatix.com/pl/produkty/dynamics-nav,2026-04-10T00:33:48.179500Z,GOOD: case study
MicrosoftDynamicsNAV(NAVISION),PL,,case_study,Case study: MicrosoftDynamicsNAV(NAVISION) - oferta na wdrożenie systemu,5,global_jobs,seetech.pl,https://www.seetech.pl/pl/microsoft-dynamics-nav/oferta/wdrozenia-microsoft-dynamics-nav-navision/,2026-04-10T00:33:48.179026Z,GOOD: case study
Renta -CaseStudy- Microsoft Dynamics NAV,PL,,case_study,Case study: Renta -CaseStudy- Microsoft Dynamics NAV - NMI ERP,5,global_jobs,nmierp.pl,https://www.nmierp.pl/en/case-study-renta/,2026-04-10T00:33:48.168025Z,GOOD: case study
Abd Es,ES,,case_study,Case study: MicrosoftDynamicsNav- NAVISION,5,global_jobs,abd.es,https://www.abd.es/dynamics-nav/,2026-04-10T00:33:40.393363Z,GOOD: case study
Guía EsencialdeERPNavisionDynamics para 2026,ES,,case_study,Case study: Guía EsencialdeERPNavisionDynamics para 2026 - Kube.Systems,5,global_jobs,kube.systems,https://kube.systems/erp-navision-dynamics/,2026-04-10T00:33:40.388045Z,GOOD: case study
Navision: evoluzione delle Business Solutions Microsoft,IT,,case_study,Case study: Navision: evoluzione delle Business Solutions Microsoft - NAV-lab,5,global_jobs,navlab.it,https://www.navlab.it/navision/,2026-04-10T00:33:32.606621Z,GOOD: case study
MicrosoftDynamicsNAV- navision,IT,,case_study,Case study: MicrosoftDynamicsNAV- navision - Innovio,5,global_jobs,innoviogroup.com,https://www.innoviogroup.com/software/erp/microsoft-dynamics-nav,2026-04-10T00:33:32.606255Z,GOOD: case study
CaseStudy- Power BI connects with Dynamics NAV 2016,IT,,case_study,Case study: CaseStudy- Power BI connects with Dynamics NAV 2016 - LinkedIn,5,global_jobs,linkedin.com,https://www.linkedin.com/pulse/case-study-power-bi-connects-dynamics-nav-2016-neeraj-gargi,2026-04-10T00:33:32.593484Z,GOOD: case study
Microsoft Navision End-of-Life Explained,FR,,case_study,Case study: Microsoft Navision End-of-Life Explained - Priority Software,5,global_jobs,priority-software.com,https://www.priority-software.com/blog/microsoft-navision-end-of-life/,2026-04-10T00:33:24.752994Z,GOOD: case study
Formation Microsoft Dynamics NAV,FR,,case_study,Case study: Formation Microsoft Dynamics NAV - Elevify,5,global_jobs,elevify.com,https://www.elevify.com/fr-ca/courses/engineering-construction-and-technology-fr/technology-fr/microsoft-dynamics-nav-training-d5937,2026-04-10T00:33:24.748509Z,GOOD: case study
Insightsoftware Com,FR,,case_study,Case study: Microsoft Dynamics NAV | insightsoftware,5,global_jobs,insightsoftware.com,https://insightsoftware.com/fr/solutions/microsoft-dynamics-nav/,2026-04-10T00:33:24.748185Z,GOOD: case study
MicrosoftDynamicsTech Support & ERP Services,US,,case_study,Case study: MicrosoftDynamicsTech Support & ERP Services - Navisiontech,5,global_jobs,navisiontech.com,https://www.navisiontech.com/tech-support/,2026-04-10T00:33:13.893320Z,GOOD: case study
MicrosoftDynamicsNavNavision ERP Integratie,BE,,case_study,Case study: MicrosoftDynamicsNavNavision ERP Integratie - Eozys,5,global_jobs,eozys.be,http://www.eozys.be/index.php?page=wie-zijn-wij,2026-04-10T00:33:05.055019Z,GOOD: case study
Logres Nl,NL,,case_study,Case study: EndingNavision: The perfect time to switch to SAP Business One,5,global_jobs,logres.nl,https://www.logres.nl/en/knowledge-base/end-navision-the-perfect-time-to-switch-to-sap-business-one,2026-04-10T00:32:58.238255Z,GOOD: case study
NAVcommerce | Dynamics NAV,NL,,case_study,Case study: NAVcommerce | Dynamics NAV - Magento integration - NVision,5,global_jobs,n.vision,https://n.vision/products/navcommerce/,2026-04-10T00:32:58.237979Z,GOOD: case study
Products & Pricing,NL,,case_study,Case study: Products & Pricing - Zupgo - Microsoft Dynamics NAV,5,global_jobs,zupgo.nl,https://www.zupgo.nl/en/products-pricing,2026-04-10T00:32:58.237755Z,GOOD: case study
CaseStudy- Power BI connects with Dynamics NAV 2016,NL,,case_study,Case study: CaseStudy- Power BI connects with Dynamics NAV 2016 - LinkedIn,5,global_jobs,linkedin.com,https://www.linkedin.com/pulse/case-study-power-bi-connects-dynamics-nav-2016-neeraj-gargi,2026-04-10T00:32:58.230002Z,GOOD: case study
Creative Computing Co Uk,UK,,case_study,Case study: Why 2025 Is the Year to Upgrade from Dynamics NAV to Business ...,5,global_jobs,creative-computing.co.uk,https://www.creative-computing.co.uk/resources/from-dynamics-nav-to-business-central-why-its-time-to-move-forward-in-2025,2026-04-10T00:32:50.646172Z,GOOD: case study
Nexovadynamics Ch,DE,,case_study,Case study: MicrosoftNavision: Das ERP-System und warum Upgraden?,5,global_jobs,nexovadynamics.ch,https://www.nexovadynamics.ch/microsoft-navision-erp/,2026-04-10T00:32:41.215175Z,GOOD: case study
Bss Bln De,DE,,case_study,Case study: Dynamics NAV Software für den Mittelstand,5,global_jobs,bss-bln.de,https://www.bss-bln.de/software/business-central/nav/,2026-04-10T00:32:41.214923Z,GOOD: case study
Brightanalytics Fi,FI,,case_study,Case study: The MicrosoftDynamicsNAVintegration | BrightAnalytics,5,global_jobs,brightanalytics.fi,https://www.brightanalytics.fi/integrations/microsoft-dynamics-navision/,2026-04-10T00:32:31.560070Z,GOOD: case study
Msdynamicsworld Com,FI,,case_study,"Case study: Microsoft Dynamics NAV 2013 Adds Belgium, Finland Support ...",5,global_jobs,msdynamicsworld.com,https://msdynamicsworld.com/story/microsoft-dynamics-nav-2013-adds-belgium-finland-support-delays-other-group-2-countries,2026-04-10T00:32:31.551043Z,GOOD: case study
Nav24 Eu,NO,,case_study,Case study: Navisionand Microsoft Dynamics NAV – Foundations of a Modern ...,5,global_jobs,nav24.eu,https://nav24.eu/navision-and-microsoft-dynamics-nav-foundations-of-a-modern-erp-system/,2026-04-10T00:32:24.942830Z,GOOD: case study
MicrosoftDynamicsNAV/ Navision,NO,,case_study,Case study: MicrosoftDynamicsNAV/ Navision - Active Business Solutions,5,global_jobs,activebs.com,https://www.activebs.com/no/dynamics-nav,2026-04-10T00:32:24.942200Z,GOOD: case study
Navtech Net,SE,,case_study,Case study: History ofNavision- Navtech Group,5,global_jobs,navtech.net,https://navtech.net/categories/52-history-of-navision,2026-04-10T00:32:14.784700Z,GOOD: case study
Link Springer Com,SE,,case_study,Case study: The Story ofNavisionandNavisionStat | Springer Nature Link,5,global_jobs,link.springer.com,https://link.springer.com/chapter/10.1007/978-3-319-17145-6_15,2026-04-10T00:32:14.780615Z,GOOD: case study
E Conomic Dk,DK,,case_study,Case study: Skift fraNavisionregnskabsprogram til e-conomic,5,global_jobs,e-conomic.dk,https://www.e-conomic.dk/apps-og-udvidelser/navision-konvertering,2026-04-10T00:32:05.106924Z,GOOD: case study
Encyclopedia Pub,DK,,case_study,Case study: Microsoft Dynamics NAV | Encyclopedia MDPI,5,global_jobs,encyclopedia.pub,https://encyclopedia.pub/entry/30329,2026-04-10T00:32:05.106622Z,GOOD: case study
Nyt iNavisionStat 11.1.003,DK,,case_study,Case study: Nyt iNavisionStat 11.1.003 - Økonomistyrelsen,5,global_jobs,oes.dk,https://oes.dk/media/2nydklp3/navision-stat-112-nyt-i-navision-stat-111003.pdf,2026-04-10T00:32:05.105833Z,GOOD: case study
Community Dynamics Com,DK,,case_study,Case study: The journey of Microsoft Dynamics NAV | PCPlus to MADEIRA,5,global_jobs,community.dynamics.com,https://community.dynamics.com/blogs/post/?postid=cb8f6e77-27d5-45df-9712-d7bab3d48eb0,2026-04-10T00:32:05.101427Z,GOOD: case study
Dynamics Connect Co Uk,CA,,case_study,Case study: What is MicrosoftNavision? Dynamics Nav Explained,5,global_jobs,dynamics-connect.co.uk,https://dynamics-connect.co.uk/Blog/what-is-microsoft-navision-dynamics-nav-explained,2026-04-10T00:24:34.202473Z,GOOD: case study
Dynamics Connect Co Uk,NL,,case_study,Case study: What is MicrosoftNavision? Dynamics Nav Explained,5,global_jobs,dynamics-connect.co.uk,https://dynamics-connect.co.uk/Blog/what-is-microsoft-navision-dynamics-nav-explained,2026-04-10T00:23:40.104957Z,GOOD: case study
Dynamics Connect Co Uk,DE,,case_study,Case study: What is MicrosoftNavision? Dynamics Nav Explained,5,global_jobs,dynamics-connect.co.uk,https://dynamics-connect.co.uk/Blog/what-is-microsoft-navision-dynamics-nav-explained,2026-04-10T00:14:11.221983Z,GOOD: case study
CaseStudy- Power BI connects with Dynamics NAV 2016,IN,,case_study,Case study: CaseStudy- Power BI connects with Dynamics NAV 2016 - LinkedIn,5,global_jobs,linkedin.com,https://www.linkedin.com/pulse/case-study-power-bi-connects-dynamics-nav-2016-neeraj-gargi,2026-04-10T00:06:00.091123Z,GOOD: case study
Dynamics Connect Co Uk,BE,,case_study,Case study: What is MicrosoftNavision? Dynamics Nav Explained,5,global_jobs,dynamics-connect.co.uk,https://dynamics-connect.co.uk/Blog/what-is-microsoft-navision-dynamics-nav-explained,2026-04-09T23:56:01.233884Z,GOOD: case study
Dynamics Connect Co Uk,KR,,case_study,Case study: What is MicrosoftNavision? Dynamics Nav Explained,5,global_jobs,dynamics-connect.co.uk,https://dynamics-connect.co.uk/Blog/what-is-microsoft-navision-dynamics-nav-explained,2026-04-09T23:38:15.895023Z,GOOD: case study
Dynamics Connect Co Uk,ES,,case_study,Case study: What is MicrosoftNavision? Dynamics Nav Explained,5,global_jobs,dynamics-connect.co.uk,https://dynamics-connect.co.uk/Blog/what-is-microsoft-navision-dynamics-nav-explained,2026-04-09T23:37:39.744917Z,GOOD: case study
Dynamics Connect Co Uk,US,,case_study,Case study: What is MicrosoftNavision? Dynamics Nav Explained,5,global_jobs,dynamics-connect.co.uk,https://dynamics-connect.co.uk/Blog/what-is-microsoft-navision-dynamics-nav-explained,2026-04-09T23:37:20.915043Z,GOOD: case study
Dynamics Connect Co Uk,FI,,case_study,Case study: What is MicrosoftNavision? Dynamics Nav Explained,5,global_jobs,dynamics-connect.co.uk,https://dynamics-connect.co.uk/Blog/what-is-microsoft-navision-dynamics-nav-explained,2026-04-09T23:36:41.974261Z,GOOD: case study
Stadsrevisionen Dk,DK,,case_study,Case study: bogføring inavision- Stadsrevisionen,5,global_jobs,stadsrevisionen.dk,https://stadsrevisionen.dk/bogfoering/bogfoering-i-navision/,2026-04-09T23:36:20.960157Z,GOOD: case study
Naviators Dk,DK,,case_study,Case study: Implementering og rådgivning af løsninger baseret på Dynamics NAV,5,global_jobs,naviators.dk,https://naviators.dk/,2026-04-09T23:36:20.951313Z,GOOD: case study
Empresadois Com Br,BR,,case_study,Case study: NavisionDoBrasilLtda Cnpj 04642619000150,5,global_jobs,empresadois.com.br,https://empresadois.com.br/cnpj/navision-do-brasil-ltda-04642619000150,2026-04-09T23:12:30.826536Z,GOOD: case study
Guiadocnpj Com Br,BR,,case_study,Case study: ☑ CNPJ daNAVISIONDOBRASILLTDA é 04.642.6 ...,5,global_jobs,guiadocnpj.com.br,https://guiadocnpj.com.br/sp/sao-paulo/navision-do-brasil-ltda/04642619000150,2026-04-09T23:12:30.826397Z,GOOD: case study
Dynamics Connect Co Uk,BR,,case_study,Case study: What is MicrosoftNavision? Dynamics Nav Explained,5,global_jobs,dynamics-connect.co.uk,https://dynamics-connect.co.uk/Blog/what-is-microsoft-navision-dynamics-nav-explained,2026-04-09T23:02:29.156230Z,GOOD: case study
Dynamicssmartz Com,AU,,case_study,Case study: Everything You Need to Know About Microsoft Dynamics NAV in 2026,5,global_jobs,dynamicssmartz.com,https://www.dynamicssmartz.com/blog/microsoft-dynamics-nav/,2026-04-09T23:01:47.375073Z,GOOD: case study
Dynamics Connect Co Uk,AU,,case_study,Case study: What is MicrosoftNavision? Dynamics Nav Explained,5,global_jobs,dynamics-connect.co.uk,https://dynamics-connect.co.uk/Blog/what-is-microsoft-navision-dynamics-nav-explained,2026-04-09T23:01:47.374380Z,GOOD: case study
Dynamics Connect Co Uk,NZ,,case_study,Case study: What is MicrosoftNavision? Dynamics Nav Explained,5,global_jobs,dynamics-connect.co.uk,https://dynamics-connect.co.uk/Blog/what-is-microsoft-navision-dynamics-nav-explained,2026-04-09T22:43:30.128733Z,GOOD: case study
Dynamics Connect Co Uk,FR,,case_study,Case study: What is MicrosoftNavision? Dynamics Nav Explained,5,global_jobs,dynamics-connect.co.uk,https://dynamics-connect.co.uk/Blog/what-is-microsoft-navision-dynamics-nav-explained,2026-04-09T22:42:32.190058Z,GOOD: case study
Consultorianavision Com,CO,,case_study,Case study: MicrosoftDynamicsNav- CONSULTORÍA NAVISION,5,global_jobs,consultorianavision.com,https://www.consultorianavision.com/,2026-04-09T22:17:23.473488Z,GOOD: case study
Sterling Team Com,IN,,case_study,Case study: What is MicrosoftNavisionERP? An In-Depth Look at Dynamics NAV,5,global_jobs,sterling-team.com,https://www.sterling-team.com/news/en/what-is-microsoft-navision-erp-an-in-depth-look-at-dynamics-nav/,2026-04-09T22:16:07.817659Z,GOOD: case study
Sterling Team Com,PL,,case_study,Case study: What is MicrosoftNavisionERP? An In-Depth Look at Dynamics NAV,5,global_jobs,sterling-team.com,https://www.sterling-team.com/news/en/what-is-microsoft-navision-erp-an-in-depth-look-at-dynamics-nav/,2026-04-09T22:16:00.636303Z,GOOD: case study
Navexconsulting Es,ES,,case_study,Case study: Navision- Navex Consulting,5,global_jobs,navexconsulting.es,https://navexconsulting.es/navision/,2026-04-09T22:15:53.932873Z,GOOD: case study
Sterling Team Com,US,,case_study,Case study: What is MicrosoftNavisionERP? An In-Depth Look at Dynamics NAV,5,global_jobs,sterling-team.com,https://www.sterling-team.com/news/en/what-is-microsoft-navision-erp-an-in-depth-look-at-dynamics-nav/,2026-04-09T22:15:33.192078Z,GOOD: case study
Abakion Com,DK,,case_study,Case study: ContactAbakionabout Microsoft Dynamics NAV and 365,5,global_jobs,abakion.com,https://abakion.com/contact/,2026-04-09T22:14:33.998992Z,GOOD: case study
Sterling Team Com,NL,,case_study,Case study: What is MicrosoftNavisionERP? An In-Depth Look at Dynamics NAV,5,global_jobs,sterling-team.com,https://www.sterling-team.com/news/en/what-is-microsoft-navision-erp-an-in-depth-look-at-dynamics-nav/,2026-04-09T22:06:16.928184Z,GOOD: case study
Dynamicssquare Com,NL,,case_study,Case study: What is Microsoft Dynamics NAV?,5,global_jobs,dynamicssquare.com,https://www.dynamicssquare.com/blog/everything-know-about-microsoft-dynamics-nav/,2026-04-09T22:06:16.928086Z,GOOD: case study
Sterling Team Com,PE,,case_study,Case study: What is MicrosoftNavisionERP? An In-Depth Look at Dynamics NAV,5,global_jobs,sterling-team.com,https://www.sterling-team.com/news/en/what-is-microsoft-navision-erp-an-in-depth-look-at-dynamics-nav/,2026-04-09T21:50:31.357366Z,GOOD: case study
Dynamicssquare Com,PE,,case_study,Case study: What is Microsoft Dynamics NAV?,5,global_jobs,dynamicssquare.com,https://www.dynamicssquare.com/blog/everything-know-about-microsoft-dynamics-nav/,2026-04-09T21:50:31.357132Z,GOOD: case study
Go Erp Eu,PE,,case_study,Case study: The 7 Core Capabilities of MicrosoftNavision(Dynamics NAV),5,global_jobs,go-erp.eu,https://go-erp.eu/what-is-microsoft-navision-an-overview/,2026-04-09T21:50:31.357055Z,GOOD: case study
Dynamicssmartz Com,PE,,case_study,Case study: Everything You Need to Know About Microsoft Dynamics NAV in 2026,5,global_jobs,dynamicssmartz.com,https://www.dynamicssmartz.com/blog/microsoft-dynamics-nav/,2026-04-09T21:50:31.357012Z,GOOD: case study
Dynamicsfanatics Com,PE,,case_study,Case study: MicrosoftNavisionEnd of Life: What Your Business Should Do Next,5,global_jobs,dynamicsfanatics.com,https://www.dynamicsfanatics.com/post/microsoft-navision-end-of-life-what-it-means-for-your-business-next-steps,2026-04-09T21:50:31.356813Z,GOOD: case study
Axial Erp Co,CO,,case_study,Case study: MicrosoftNavisiono Microsoft Dynamics NAV: Una solución ERP para …,5,global_jobs,axial-erp.co,https://axial-erp.co/erp/microsoft-navision-o-microsoft-dynamics-nav-una-solucion-erp-para-la-gestion-empresarial/,2026-04-09T21:41:21.044544Z,GOOD: case study
Sterling Team Com,NO,,case_study,Case study: What is MicrosoftNavisionERP? An In-Depth Look at Dynamics NAV,5,global_jobs,sterling-team.com,https://www.sterling-team.com/news/en/what-is-microsoft-navision-erp-an-in-depth-look-at-dynamics-nav/,2026-04-09T21:38:54.309056Z,GOOD: case study
Sterling Team Com,CO,,case_study,Case study: What is MicrosoftNavisionERP? An In-Depth Look at Dynamics NAV,5,global_jobs,sterling-team.com,https://www.sterling-team.com/news/en/what-is-microsoft-navision-erp-an-in-depth-look-at-dynamics-nav/,2026-04-09T21:32:22.733054Z,GOOD: case study
Go Erp Eu,CO,,case_study,Case study: The 7 Core Capabilities of MicrosoftNavision(Dynamics NAV),5,global_jobs,go-erp.eu,https://go-erp.eu/what-is-microsoft-navision-an-overview/,2026-04-09T21:32:22.732813Z,GOOD: case study
Sterling Team Com,AU,,case_study,Case study: What is MicrosoftNavisionERP? An In-Depth Look at Dynamics NAV,5,global_jobs,sterling-team.com,https://www.sterling-team.com/news/en/what-is-microsoft-navision-erp-an-in-depth-look-at-dynamics-nav/,2026-04-09T21:31:20.410467Z,GOOD: case study
Dynamicssquare Com,AU,,case_study,Case study: What is Microsoft Dynamics NAV?,5,global_jobs,dynamicssquare.com,https://www.dynamicssquare.com/blog/everything-know-about-microsoft-dynamics-nav/,2026-04-09T21:31:20.410388Z,GOOD: case study
Go Erp Eu,AU,,case_study,Case study: The 7 Core Capabilities of MicrosoftNavision(Dynamics NAV),5,global_jobs,go-erp.eu,https://go-erp.eu/what-is-microsoft-navision-an-overview/,2026-04-09T21:31:20.410322Z,GOOD: case study
Dynamicsfanatics Com,AU,,case_study,Case study: MicrosoftNavisionEnd of Life: What Your Business Should Do Next,5,global_jobs,dynamicsfanatics.com,https://www.dynamicsfanatics.com/post/microsoft-navision-end-of-life-what-it-means-for-your-business-next-steps,2026-04-09T21:31:20.409914Z,GOOD: case study
Sterling Team Com,CA,,case_study,Case study: What is MicrosoftNavisionERP? An In-Depth Look at Dynamics NAV,5,global_jobs,sterling-team.com,https://www.sterling-team.com/news/en/what-is-microsoft-navision-erp-an-in-depth-look-at-dynamics-nav/,2026-04-09T21:31:16.531314Z,GOOD: case study
Sterling Team Com,ES,,case_study,Case study: What is MicrosoftNavisionERP? An In-Depth Look at Dynamics NAV,5,global_jobs,sterling-team.com,https://www.sterling-team.com/news/en/what-is-microsoft-navision-erp-an-in-depth-look-at-dynamics-nav/,2026-04-09T21:30:55.081126Z,GOOD: case study
Dynamicsinternational Com,FR,,case_study,Case study: Microsoft Dynamics NAV -Navision- ERP international,5,global_jobs,dynamicsinternational.com,https://dynamicsinternational.com/solutions/dynamics-nav/,2026-04-09T21:30:39.055956Z,GOOD: case study
Sterling Team Com,BE,,case_study,Case study: What is MicrosoftNavisionERP? An In-Depth Look at Dynamics NAV,5,global_jobs,sterling-team.com,https://www.sterling-team.com/news/en/what-is-microsoft-navision-erp-an-in-depth-look-at-dynamics-nav/,2026-04-09T21:30:26.304240Z,GOOD: case study
Sterling Team Com,NZ,,case_study,Case study: What is MicrosoftNavisionERP? An In-Depth Look at Dynamics NAV,5,global_jobs,sterling-team.com,https://www.sterling-team.com/news/en/what-is-microsoft-navision-erp-an-in-depth-look-at-dynamics-nav/,2026-04-09T21:04:33.963563Z,GOOD: case study
Handleidingstart Nl,NL,,case_study,Case study: NavisionHandleiding: Alles wat je moet weten over deze handige tool,5,global_jobs,handleidingstart.nl,https://www.handleidingstart.nl/navision-handleiding/,2026-04-09T20:54:01.928386Z,GOOD: case study
Sterling Team Com,UK,,case_study,Case study: What is MicrosoftNavisionERP? An In-Depth Look at Dynamics NAV,5,global_jobs,sterling-team.com,https://www.sterling-team.com/news/en/what-is-microsoft-navision-erp-an-in-depth-look-at-dynamics-nav/,2026-04-09T20:53:54.404607Z,GOOD: case study
Sterling Team Com,FI,,case_study,Case study: What is MicrosoftNavisionERP? An In-Depth Look at Dynamics NAV,5,global_jobs,sterling-team.com,https://www.sterling-team.com/news/en/what-is-microsoft-navision-erp-an-in-depth-look-at-dynamics-nav/,2026-04-09T20:53:36.865913Z,GOOD: case study
Dynamicssquare Com,FI,,case_study,Case study: What is Microsoft Dynamics NAV?,5,global_jobs,dynamicssquare.com,https://www.dynamicssquare.com/blog/everything-know-about-microsoft-dynamics-nav/,2026-04-09T20:53:36.865876Z,GOOD: case study
Go Erp Eu,FI,,case_study,Case study: The 7 Core Capabilities of MicrosoftNavision(Dynamics NAV),5,global_jobs,go-erp.eu,https://go-erp.eu/what-is-microsoft-navision-an-overview/,2026-04-09T20:53:36.865767Z,GOOD: case study
Dynamicssmartz Com,FI,,case_study,Case study: Everything You Need to Know About Microsoft Dynamics NAV in 2026,5,global_jobs,dynamicssmartz.com,https://www.dynamicssmartz.com/blog/microsoft-dynamics-nav/,2026-04-09T20:53:36.865712Z,GOOD: case study
Dynamicsfanatics Com,FI,,case_study,Case study: MicrosoftNavisionEnd of Life: What Your Business Should Do Next,5,global_jobs,dynamicsfanatics.com,https://www.dynamicsfanatics.com/post/microsoft-navision-end-of-life-what-it-means-for-your-business-next-steps,2026-04-09T20:53:36.864935Z,GOOD: case study
Evidi | NAV (Microsoft Dynamics NAV),SE,,case_study,Case study: Evidi | NAV (Microsoft Dynamics NAV) - NaviPro,5,global_jobs,evidi.com,https://www.evidi.com/se/teknologiordbok/nav-microsoft-dynamics-nav,2026-04-09T20:53:20.812860Z,GOOD: case study
Sterling Team Com,FR,,case_study,Case study: What is MicrosoftNavisionERP? An In-Depth Look at Dynamics NAV,5,global_jobs,sterling-team.com,https://www.sterling-team.com/news/en/what-is-microsoft-navision-erp-an-in-depth-look-at-dynamics-nav/,2026-04-09T20:44:54.263786Z,GOOD: case study
Sterling Team Com,AR,,case_study,Case study: What is MicrosoftNavisionERP? An In-Depth Look at Dynamics NAV,5,global_jobs,sterling-team.com,https://www.sterling-team.com/news/en/what-is-microsoft-navision-erp-an-in-depth-look-at-dynamics-nav/,2026-04-09T20:36:54.452788Z,GOOD: case study
Sterling Team Com,DE,,case_study,Case study: What is MicrosoftNavisionERP? An In-Depth Look at Dynamics NAV,5,global_jobs,sterling-team.com,https://www.sterling-team.com/news/en/what-is-microsoft-navision-erp-an-in-depth-look-at-dynamics-nav/,2026-04-09T20:34:33.411265Z,GOOD: case study
Sterling Team Com,JP,,case_study,Case study: What is MicrosoftNavisionERP? An In-Depth Look at Dynamics NAV,5,global_jobs,sterling-team.com,https://www.sterling-team.com/news/en/what-is-microsoft-navision-erp-an-in-depth-look-at-dynamics-nav/,2026-04-09T20:08:19.454234Z,GOOD: case study
Sterling Team Com,IT,,case_study,Case study: What is MicrosoftNavisionERP? An In-Depth Look at Dynamics NAV,5,global_jobs,sterling-team.com,https://www.sterling-team.com/news/en/what-is-microsoft-navision-erp-an-in-depth-look-at-dynamics-nav/,2026-04-09T20:07:39.363018Z,GOOD: case study
MicrosoftDynamicsNAV/ Navision,BE,,case_study,Case study: MicrosoftDynamicsNAV/ Navision - Alistar,5,global_jobs,alistar.net,https://alistar.net/nl/erp/technologie/microsoft-dynamics-365-navision/,2026-04-09T19:49:15.288314Z,GOOD: case study
Onewayweb Dk,DK,,case_study,"Case study: NavisionSoftware: Den komplette guide til ERP, teknologi og transport",5,global_jobs,onewayweb.dk,https://onewayweb.dk/navision-software/,2026-04-09T19:48:23.472293Z,GOOD: case study
Dynamics Connect Co Uk,PL,,case_study,Case study: What is MicrosoftNavision? Dynamics Nav Explained,5,global_jobs,dynamics-connect.co.uk,https://dynamics-connect.co.uk/Blog/what-is-microsoft-navision-dynamics-nav-explained,2026-04-09T19:40:45.130293Z,GOOD: case study
Dynamics Connect Co Uk,AR,,case_study,Case study: What is MicrosoftNavision? Dynamics Nav Explained,5,global_jobs,dynamics-connect.co.uk,https://dynamics-connect.co.uk/Blog/what-is-microsoft-navision-dynamics-nav-explained,2026-04-09T19:32:42.492623Z,GOOD: case study
Community Dynamics Com,UK,,case_study,Case study: Microsoft support timeline for Dynamics NAV,5,global_jobs,community.dynamics.com,https://community.dynamics.com/blogs/post/?postid=90bcd6a1-dbfb-404f-b221-e08d49a85dd7,2026-04-09T19:30:25.919695Z,GOOD: case study
Navisionindia In,IN,,case_study,Case study: DynamicsNAVERP Helps Overcome Business Challenges,5,global_jobs,navisionindia.in,https://navisionindia.in/solutions/,2026-04-09T19:13:06.093543Z,GOOD: case study
Dynamics Connect Co Uk,IN,,case_study,Case study: What is MicrosoftNavision? Dynamics Nav Explained,5,global_jobs,dynamics-connect.co.uk,https://dynamics-connect.co.uk/Blog/what-is-microsoft-navision-dynamics-nav-explained,2026-04-09T19:13:06.090781Z,GOOD: case study
Consultorianavision Com,PE,,case_study,Case study: MicrosoftDynamicsNav- CONSULTORÍA NAVISION,5,global_jobs,consultorianavision.com,https://www.consultorianavision.com/,2026-04-09T19:05:38.145032Z,GOOD: case study
Navision¿qué es? | Microsoft Dynamics NAV,ES,,case_study,Case study: Navision¿qué es? | Microsoft Dynamics NAV - CEI Europe,5,global_jobs,ceieu.com,https://www.ceieu.com/programa-software-erp/que-es-navision/,2026-04-09T19:04:21.384896Z,GOOD: case study
Planningpme Pt,BR,,case_study,Case study: Explore o mundo do Navision e doDynamics365: Um …,5,global_jobs,planningpme.pt,https://www.planningpme.pt/navision-dynamics-365-on-premise-cloud.htm,2026-04-09T18:46:17.759510Z,GOOD: case study
Dynamicssquare Com Au,NO,,case_study,Case study: Microsoft DynamicsNavision: A Comprehensive Guide,5,global_jobs,dynamicssquare.com.au,https://www.dynamicssquare.com.au/blog/dynamics-nav/,2026-04-09T18:44:15.919107Z,GOOD: case study
Logosconsult Dk,DK,,case_study,Case study: Support og vedligehold afBusinessCentral& Navision-systemer,5,global_jobs,logosconsult.dk,https://logosconsult.dk/kompetencer/support-og-vedligehold/,2026-04-09T18:43:55.195265Z,GOOD: case study
Guía EsencialdeMicrosoftNavisionpara 2026,MX,,case_study,Case study: Guía EsencialdeMicrosoftNavisionpara 2026 - Kube.Systems,5,global_jobs,kube.systems,https://kube.systems/microsoft-navision/,2026-04-09T18:19:06.011944Z,GOOD: case study
Dynamics Connect Co Uk,MX,,case_study,Case study: What is MicrosoftNavision? Dynamics Nav Explained,5,global_jobs,dynamics-connect.co.uk,https://dynamics-connect.co.uk/Blog/what-is-microsoft-navision-dynamics-nav-explained,2026-04-09T18:09:56.189537Z,GOOD: case study
Dynamics Connect Co Uk,ZA,,case_study,Case study: What is MicrosoftNavision? Dynamics Nav Explained,5,global_jobs,dynamics-connect.co.uk,https://dynamics-connect.co.uk/Blog/what-is-microsoft-navision-dynamics-nav-explained,2026-04-09T18:00:24.608111Z,GOOD: case study
Dynamics Connect Co Uk,JP,,case_study,Case study: What is MicrosoftNavision? Dynamics Nav Explained,5,global_jobs,dynamics-connect.co.uk,https://dynamics-connect.co.uk/Blog/what-is-microsoft-navision-dynamics-nav-explained,2026-04-09T18:00:04.663872Z,GOOD: case study
Dynamics Connect Co Uk,IT,,case_study,Case study: What is MicrosoftNavision? Dynamics Nav Explained,5,global_jobs,dynamics-connect.co.uk,https://dynamics-connect.co.uk/Blog/what-is-microsoft-navision-dynamics-nav-explained,2026-04-09T17:59:22.801101Z,GOOD: case study
Biconseil Fr,FR,,case_study,Case study: BI conseil:application informatique (logiciel) ERP (pgi) Navison ...,5,global_jobs,biconseil.fr,https://www.biconseil.fr/navision.html,2026-04-09T17:49:50.707128Z,GOOD: case study
Dynamicssquare Com,JP,,case_study,Case study: What is Microsoft Dynamics NAV?,5,global_jobs,dynamicssquare.com,https://www.dynamicssquare.com/blog/everything-know-about-microsoft-dynamics-nav/,2026-04-09T17:32:16.889732Z,GOOD: case study
Go Erp Eu,JP,,case_study,Case study: The 7 Core Capabilities of MicrosoftNavision(Dynamics NAV),5,global_jobs,go-erp.eu,https://go-erp.eu/what-is-microsoft-navision-an-overview/,2026-04-09T17:32:16.889631Z,GOOD: case study
Dynamicsfanatics Com,JP,,case_study,Case study: MicrosoftNavisionEnd of Life: What Your Business Should Do Next,5,global_jobs,dynamicsfanatics.com,https://www.dynamicsfanatics.com/post/microsoft-navision-end-of-life-what-it-means-for-your-business-next-steps,2026-04-09T17:32:16.889512Z,GOOD: case study
Dynamicssmartz Com,JP,,case_study,Case study: Everything You Need to Know About Microsoft Dynamics NAV in 2026,5,global_jobs,dynamicssmartz.com,https://www.dynamicssmartz.com/blog/microsoft-dynamics-nav/,2026-04-09T17:32:16.888818Z,GOOD: case study
Dynamicssquare Com,ZA,,case_study,Case study: What is Microsoft Dynamics NAV?,5,global_jobs,dynamicssquare.com,https://www.dynamicssquare.com/blog/everything-know-about-microsoft-dynamics-nav/,2026-04-09T17:14:23.499192Z,GOOD: case study
Go Erp Eu,ZA,,case_study,Case study: The 7 Core Capabilities of MicrosoftNavision(Dynamics NAV),5,global_jobs,go-erp.eu,https://go-erp.eu/what-is-microsoft-navision-an-overview/,2026-04-09T17:14:23.499055Z,GOOD: case study
Dynamicsfanatics Com,ZA,,case_study,Case study: MicrosoftNavisionEnd of Life: What Your Business Should Do Next,5,global_jobs,dynamicsfanatics.com,https://www.dynamicsfanatics.com/post/microsoft-navision-end-of-life-what-it-means-for-your-business-next-steps,2026-04-09T17:14:23.498987Z,GOOD: case study
Dynamicssmartz Com,ZA,,case_study,Case study: Everything You Need to Know About Microsoft Dynamics NAV in 2026,5,global_jobs,dynamicssmartz.com,https://www.dynamicssmartz.com/blog/microsoft-dynamics-nav/,2026-04-09T17:14:23.498234Z,GOOD: case study
Datadrivensolutions Com Au,NZ,,case_study,Case study: Microsoft DynamicsNavision: A reportingcasestudy,5,global_jobs,datadrivensolutions.com.au,https://datadrivensolutions.com.au/blog/f/microsoft-dynamics-navision-a-reporting-case-study,2026-04-09T17:14:19.277762Z,GOOD: case study
Wat isNavision? [+ Hoe het nu heet],NL,,case_study,Case study: Wat isNavision? [+ Hoe het nu heet] - wsb-solutions.nl,5,global_jobs,wsb-solutions.nl,https://wsb-solutions.nl/begrippenlijst/navision/,2026-04-09T17:13:02.804675Z,GOOD: case study
Navision¿qué es? | Microsoft Dynamics NAV,AR,,case_study,Case study: Navision¿qué es? | Microsoft Dynamics NAV - CEI Europe,5,global_jobs,ceieu.com,https://www.ceieu.com/programa-software-erp/que-es-navision/,2026-04-09T17:05:42.195183Z,GOOD: case study
NAVISIONDOBRASILLTDA,BR,,case_study,Case study: NAVISIONDOBRASILLTDA - SP - INFOinvest,5,global_jobs,infoinvest.com.br,https://www.infoinvest.com.br/consulta-empresa/04642619000150-navision-do-brasil-ltda,2026-04-09T16:56:22.218409Z,GOOD: case study
NAVISIONTECNOLOGIA LTDA,BR,,case_study,Case study: NAVISIONTECNOLOGIA LTDA - CNPJ: 59.993.070/0001-30 -BrasilCNPJ,5,global_jobs,brasilcnpj.net,https://brasilcnpj.net/cnpj/navision-tecnologia-ltda-59993070000130,2026-04-09T16:56:22.218266Z,GOOD: case study
Exceliaconsulting Com,MX,,case_study,Case study: Microsoft Dynamics NAV | exceliaconsulting,5,global_jobs,exceliaconsulting.com,https://www.exceliaconsulting.com/erp-navision,2026-04-09T16:47:33.405136Z,GOOD: case study
Leyesytecnologia Com,CO,,case_study,Case study: PeritajedeNavision. Otrocasodeéxito. • Leyes y …,5,global_jobs,leyesytecnologia.com,https://leyesytecnologia.com/peritaje-de-navision-otro-caso-de-exito/,2026-04-09T16:38:55.670260Z,GOOD: case study
Navisionsoftware Eu,NL,,case_study,Case study: Navisionsoftware en e-business van Offimac: 40 jaar …,5,global_jobs,navisionsoftware.eu,https://navisionsoftware.eu/,2026-04-09T15:50:45.320256Z,GOOD: case study
Casestudies Com,NL,,case_study,Case study: Altus DynamicsCaseStudy: Avon Maitland District School Board – …,5,global_jobs,casestudies.com,https://www.casestudies.com/company/altus-dynamics/case-study/avon-maitland-district-school-board-selects-microsoft-navision-and-altus-dynamics,2026-04-09T15:50:45.307902Z,GOOD: case study
Dynetek Co Za,ZA,,case_study,Case study: Get your Enterprise running with Microsoft Dynamics NAV™,5,global_jobs,dynetek.co.za,https://www.dynetek.co.za/service/microsoft-dynamics-nav/,2026-04-09T15:43:22.310619Z,GOOD: case study
Casestudies Com,CA,,case_study,Case study: Altus DynamicsCaseStudy: Avon Maitland District School Board – …,5,global_jobs,casestudies.com,https://www.casestudies.com/company/altus-dynamics/case-study/avon-maitland-district-school-board-selects-microsoft-navision-and-altus-dynamics,2026-04-09T15:42:55.156424Z,GOOD: case study
Riscript Nl,NL,,case_study,Case study: De ontwikkelingen van hetNavisionERP systeem • Riscript,5,global_jobs,riscript.nl,https://www.riscript.nl/de-ontwikkelingen-van-het-navision-erp-systeem/,2026-04-09T15:32:51.294433Z,GOOD: case study
Wat is Microsoft DynamicsNavision?,NL,,case_study,Case study: Wat is Microsoft DynamicsNavision? - Blisss,5,global_jobs,blisss.nl,https://www.blisss.nl/wat-is-microsoft-dynamics-navision,2026-04-09T15:32:51.294265Z,GOOD: case study
Elian Solutions Com,NL,,case_study,Case study: Productonstudycase- Elian Solutions -NavisionNAV …,5,global_jobs,elian-solutions.com,https://www.elian-solutions.com/references/case-studies/producton-study-case/,2026-04-09T15:32:51.294144Z,GOOD: case study
Axians Nl,NL,,case_study,Case study: Navision: Het Succes en de Evolutie naar Microsoft …,5,global_jobs,axians.nl,https://www.axians.nl/erp-software/navision/,2026-04-09T15:32:51.292701Z,GOOD: case study
Companies that useNavisionin Netherlands,NL,,case_study,Case study: Companies that useNavisionin Netherlands - TheirStack.com,5,global_jobs,theirstack.com,https://theirstack.com/en/technology/navision/nl,2026-04-09T15:32:51.290124Z,GOOD: case study
Ascendit Dk,DK,,case_study,Case study: Dynamics NAV & BC | Ascendit,5,global_jobs,ascendit.dk,https://www.ascendit.dk/dynamics-365-bc,2026-04-09T15:32:05.835816Z,GOOD: case study
NAVISIONSOFTWARE BELGIE N.V.,BE,,case_study,Case study: NAVISIONSOFTWARE BELGIE N.V. - dvo.be,5,global_jobs,dvo.be,https://www.dvo.be/artikel/2169-navision-software-belgie-nv,2026-04-09T15:13:56.767601Z,GOOD: case study
Dynamics NAV ofNavisionexperts worden schaars,BE,,case_study,Case study: Dynamics NAV ofNavisionexperts worden schaars - Alistar,5,global_jobs,alistar.net,https://alistar.net/nl/blog/dynamics-nav-navision-experts-worden-schaars/,2026-04-09T15:13:56.766061Z,GOOD: case study
Casestudies Com,AU,,case_study,Case study: Altus DynamicsCaseStudy: Avon Maitland District School Board – …,5,global_jobs,casestudies.com,https://www.casestudies.com/company/altus-dynamics/case-study/avon-maitland-district-school-board-selects-microsoft-navision-and-altus-dynamics,2026-04-09T15:04:54.534374Z,GOOD: case study
PDF Servicebeskrivelse forNavisionStat 2025,DK,,case_study,Case study: PDF Servicebeskrivelse forNavisionStat 2025 - Økonomistyrelsen,5,global_jobs,oes.dk,https://oes.dk/media/23wbkzkh/servicebeskrivelse-for-navision-stat-januar-2025.pdf,2026-04-09T14:54:29.751042Z,GOOD: case study
Dynamics NAV Support,AU,,case_study,Case study: Dynamics NAV Support - Evolution Business Systems,5,global_jobs,ebs.com.au,https://ebs.com.au/dynamics-nav,2026-04-09T14:46:56.743557Z,GOOD: case study
Dynamics NAV (Navision),US,,case_study,Case study: Dynamics NAV (Navision) - Avantiico,5,global_jobs,avantiico.com,https://avantiico.com/solutions/microsoft-legacy-dynamics/dynamics-nav/,2026-04-09T14:46:08.441813Z,GOOD: case study
Priority Software Com,US,,case_study,Case study: MicrosoftNavisionEnd-of-Life Explained | Priority,5,global_jobs,priority-software.com,https://www.priority-software.com/blog/microsoft-navision-end-of-life/,2026-04-09T14:46:08.441668Z,GOOD: case study
Sf 114723 Dynamicstocloud Com:44301,US,,case_study,Case study: Welcome to Microsoft Dynamics NAV.,5,global_jobs,sf-114723.dynamicstocloud.com:44301,https://sf-114723.dynamicstocloud.com:44301/ST-128007/WebClient/SignIn.aspx,2026-04-09T14:46:08.441254Z,GOOD: case study
Libertygrove Com,US,,case_study,Case study: Liberty Grove’s Microsoft Dynamics NAVCaseStudies Prove Our Depth …,5,global_jobs,libertygrove.com,https://libertygrove.com/liberty-grove-s-microsoft-dynamics-nav-case-studies-prove-our-depth-and-breadth/,2026-04-09T14:31:04.051414Z,GOOD: case study
Dynamicssquare Com,BE,,case_study,Case study: What is Microsoft Dynamics NAV?,5,global_jobs,dynamicssquare.com,https://www.dynamicssquare.com/blog/everything-know-about-microsoft-dynamics-nav/,2026-04-09T14:27:41.491458Z,GOOD: case study
Go Erp Eu,BE,,case_study,Case study: The 7 Core Capabilities of MicrosoftNavision(Dynamics NAV),5,global_jobs,go-erp.eu,https://go-erp.eu/what-is-microsoft-navision-an-overview/,2026-04-09T14:27:41.491386Z,GOOD: case study
Dynamicsfanatics Com,BE,,case_study,Case study: MicrosoftNavisionEnd of Life: What Your Business Should Do Next,5,global_jobs,dynamicsfanatics.com,https://www.dynamicsfanatics.com/post/microsoft-navision-end-of-life-what-it-means-for-your-business-next-steps,2026-04-09T14:27:41.491345Z,GOOD: case study
Dynamicssmartz Com,BE,,case_study,Case study: Everything You Need to Know About Microsoft Dynamics NAV in 2026,5,global_jobs,dynamicssmartz.com,https://www.dynamicssmartz.com/blog/microsoft-dynamics-nav/,2026-04-09T14:27:41.490726Z,GOOD: case study
Dynamicssquare Com,AR,,case_study,Case study: What is Microsoft Dynamics NAV?,5,global_jobs,dynamicssquare.com,https://www.dynamicssquare.com/blog/everything-know-about-microsoft-dynamics-nav/,2026-04-09T14:20:16.750007Z,GOOD: case study
Go Erp Eu,AR,,case_study,Case study: The 7 Core Capabilities of MicrosoftNavision(Dynamics NAV),5,global_jobs,go-erp.eu,https://go-erp.eu/what-is-microsoft-navision-an-overview/,2026-04-09T14:20:16.749929Z,GOOD: case study
Dynamicsfanatics Com,AR,,case_study,Case study: MicrosoftNavisionEnd of Life: What Your Business Should Do Next,5,global_jobs,dynamicsfanatics.com,https://www.dynamicsfanatics.com/post/microsoft-navision-end-of-life-what-it-means-for-your-business-next-steps,2026-04-09T14:20:16.749811Z,GOOD: case study
Dynamicssmartz Com,AR,,case_study,Case study: Everything You Need to Know About Microsoft Dynamics NAV in 2026,5,global_jobs,dynamicssmartz.com,https://www.dynamicssmartz.com/blog/microsoft-dynamics-nav/,2026-04-09T14:20:16.749694Z,GOOD: case study
Casosdeéxito,AR,,case_study,"Case study: Casosdeéxito - Historias realesdeclientesdeDynamics NAV, …",5,global_jobs,aitana.es,https://www.aitana.es/caso-de-exito/,2026-04-09T14:20:16.736169Z,GOOD: case study
Thecompanycheck Com,IN,,case_study,Case study: NavisionIndiaInfotech Private Limited -CompanyProfile,5,global_jobs,thecompanycheck.com,https://www.thecompanycheck.com/company/navision-india-infotech-private-limited/U72900DL2017PTC312639,2026-04-09T14:19:22.145379Z,GOOD: case study
Erp Pgi Fr,FR,,case_study,"Case study: NavisionERP : Définition, Tarifs et Migration vers …",5,global_jobs,erp-pgi.fr,https://erp-pgi.fr/navision-erp/,2026-04-09T14:18:56.856740Z,GOOD: case study
Navisionfunctionalexpert Com,NO,,case_study,Case study: Dynamics ERPs (NAV & BC) Implementation Phases,5,global_jobs,navisionfunctionalexpert.com,https://navisionfunctionalexpert.com/short-blog/f/nav-implementation-phases,2026-04-09T14:18:07.265748Z,GOOD: case study
NavisionDynamics,NO,,case_study,Case study: NavisionDynamics - fra dansk startup til globalt ERP-imperium,5,global_jobs,kvarterloeft.dk,https://www.kvarterloeft.dk/navision-dynamics.htm,2026-04-09T14:18:07.265686Z,GOOD: case study
Dynamicssquare Com,DK,,case_study,Case study: What is Microsoft Dynamics NAV?,5,global_jobs,dynamicssquare.com,https://www.dynamicssquare.com/blog/everything-know-about-microsoft-dynamics-nav/,2026-04-09T14:17:49.580630Z,GOOD: case study
Navhelp110 Fenwickcloud Com Au,DK,,case_study,Case study: C/AL Conditional Statements -MicrosoftDynamicsNAV2018 Australia,5,global_jobs,navhelp110.fenwickcloud.com.au,https://navhelp110.fenwickcloud.com.au/main.aspx?lang=en&content=conCALConditionalStatements.htm,2026-04-09T13:59:44.705470Z,GOOD: case study
Dynamicssquare Com,PL,,case_study,Case study: What is Microsoft Dynamics NAV?,5,global_jobs,dynamicssquare.com,https://www.dynamicssquare.com/blog/everything-know-about-microsoft-dynamics-nav/,2026-04-09T13:52:01.457479Z,GOOD: case study
Go Erp Eu,PL,,case_study,Case study: The 7 Core Capabilities of MicrosoftNavision(Dynamics NAV),5,global_jobs,go-erp.eu,https://go-erp.eu/what-is-microsoft-navision-an-overview/,2026-04-09T13:52:01.457425Z,GOOD: case study
Dynamicsfanatics Com,PL,,case_study,Case study: MicrosoftNavisionEnd of Life: What Your Business Should Do Next,5,global_jobs,dynamicsfanatics.com,https://www.dynamicsfanatics.com/post/microsoft-navision-end-of-life-what-it-means-for-your-business-next-steps,2026-04-09T13:52:01.457257Z,GOOD: case study
Dynamicssmartz Com,PL,,case_study,Case study: Everything You Need to Know About Microsoft Dynamics NAV in 2026,5,global_jobs,dynamicssmartz.com,https://www.dynamicssmartz.com/blog/microsoft-dynamics-nav/,2026-04-09T13:52:01.456560Z,GOOD: case study
Innoviogroup Com,IT,,case_study,Case study: Microsoft Dynamics NAV -navision- Innovio,5,global_jobs,innoviogroup.com,https://www.innoviogroup.com/software/erp/microsoft-dynamics-nav,2026-04-09T13:51:47.307504Z,GOOD: case study
MicrosoftDynamicsNav- CONSULTORÍA NAVISION,AR,,case_study,Case study: MicrosoftDynamicsNav- CONSULTORÍA NAVISION - EVOTEC,5,global_jobs,consultorianavision.com,https://www.consultorianavision.com/,2026-04-09T13:34:56.937300Z,GOOD: case study
Consultorianavision Com,MX,,case_study,Case study: MicrosoftDynamicsNav- CONSULTORÍA NAVISION,5,global_jobs,consultorianavision.com,https://www.consultorianavision.com/,2026-04-09T13:34:50.247270Z,GOOD: case study
Dynamicsfanatics Com,DK,,case_study,Case study: MicrosoftNavisionEnd of Life: What Your Business Should Do Next,5,global_jobs,dynamicsfanatics.com,https://www.dynamicsfanatics.com/post/microsoft-navision-end-of-life-what-it-means-for-your-business-next-steps,2026-04-09T13:32:32.189785Z,GOOD: case study
Dynamicssmartz Com,DK,,case_study,Case study: Everything You Need to Know About Microsoft Dynamics NAV in 2026,5,global_jobs,dynamicssmartz.com,https://www.dynamicssmartz.com/blog/microsoft-dynamics-nav/,2026-04-09T13:32:32.189663Z,GOOD: case study
Exceliaconsulting Com,AR,,case_study,Case study: MicrosoftDynamicsNAV| exceliaconsulting,5,global_jobs,exceliaconsulting.com,https://www.exceliaconsulting.com/erp-navision,2026-04-09T13:25:54.519605Z,GOOD: case study
Consultorianavision Com,AR,,case_study,Case study: MicrosoftDynamicsNav- CONSULTORÍA NAVISION,5,global_jobs,consultorianavision.com,https://www.consultorianavision.com/,2026-04-09T13:25:54.518206Z,GOOD: case study
The future of the Dynamics NAV brand,AU,,case_study,Case study: The future of the Dynamics NAV brand - Fenwick,5,global_jobs,fenwick.com.au,https://www.fenwick.com.au/solutions/dynamics-nav/,2026-04-09T13:25:09.302840Z,GOOD: case study
Navisionis end of live,NL,,case_study,Case study: Navisionis end of live - wat zijn de gevolgen? - bluace.nl,5,global_jobs,bluace.nl,https://bluace.nl/nieuws/gevolgen-einde-microsoft-navision/,2026-04-09T13:23:55.190665Z,GOOD: case study
Dynamicssquare Com,MX,,case_study,Case study: What is Microsoft Dynamics NAV?,5,global_jobs,dynamicssquare.com,https://www.dynamicssquare.com/blog/everything-know-about-microsoft-dynamics-nav/,2026-04-09T13:07:16.653744Z,GOOD: case study
Go Erp Eu,MX,,case_study,Case study: The 7 Core Capabilities of MicrosoftNavision(Dynamics NAV),5,global_jobs,go-erp.eu,https://go-erp.eu/what-is-microsoft-navision-an-overview/,2026-04-09T13:07:16.653694Z,GOOD: case study
Dynamicsfanatics Com,MX,,case_study,Case study: MicrosoftNavisionEnd of Life: What Your Business Should Do Next,5,global_jobs,dynamicsfanatics.com,https://www.dynamicsfanatics.com/post/microsoft-navision-end-of-life-what-it-means-for-your-business-next-steps,2026-04-09T13:07:16.653665Z,GOOD: case study
Dynamicssmartz Com,MX,,case_study,Case study: Everything You Need to Know About Microsoft Dynamics NAV in 2026,5,global_jobs,dynamicssmartz.com,https://www.dynamicssmartz.com/blog/microsoft-dynamics-nav/,2026-04-09T13:07:16.653422Z,GOOD: case study
Dynamicssquare Com,DE,,case_study,Case study: What is Microsoft Dynamics NAV?,5,global_jobs,dynamicssquare.com,https://www.dynamicssquare.com/blog/everything-know-about-microsoft-dynamics-nav/,2026-04-09T12:55:06.700469Z,GOOD: case study
Go Erp Eu,DE,,case_study,Case study: The 7 Core Capabilities of MicrosoftNavision(Dynamics NAV),5,global_jobs,go-erp.eu,https://go-erp.eu/what-is-microsoft-navision-an-overview/,2026-04-09T12:55:06.700285Z,GOOD: case study
Dynamicsfanatics Com,DE,,case_study,Case study: MicrosoftNavisionEnd of Life: What Your Business Should Do Next,5,global_jobs,dynamicsfanatics.com,https://www.dynamicsfanatics.com/post/microsoft-navision-end-of-life-what-it-means-for-your-business-next-steps,2026-04-09T12:55:06.700256Z,GOOD: case study
Dynamicssmartz Com,DE,,case_study,Case study: Everything You Need to Know About Microsoft Dynamics NAV in 2026,5,global_jobs,dynamicssmartz.com,https://www.dynamicssmartz.com/blog/microsoft-dynamics-nav/,2026-04-09T12:55:06.700024Z,GOOD: case study
Ugma Com Mx,MX,,case_study,Case study: ¿Qué es Microsoft Dynamics NAV y por qué tuempresalo necesita?,5,global_jobs,ugma.com.mx,https://ugma.com.mx/que-es-microsoft-dynamics-nav-y-por-que-tu-empresa-lo-necesita/,2026-04-09T12:38:11.403881Z,GOOD: case study
Prodwaregroup Com,UK,,case_study,Case study: Microsoft Dynamics NAV (Navision) Solutions,5,global_jobs,prodwaregroup.com,https://www.prodwaregroup.com/en-gb/solutions/microsoft-dynamics-nav-navision-2/,2026-04-09T12:27:19.844226Z,GOOD: case study
Priority Software Com,UK,,case_study,Case study: MicrosoftNavisionEnd-of-Life Explained | Priority,5,global_jobs,priority-software.com,https://www.priority-software.com/blog/microsoft-navision-end-of-life/,2026-04-09T12:27:19.844061Z,GOOD: case study
ein praxisorientierter einstieg in microsoftnavision...,DE,,case_study,Case study: ein praxisorientierter einstieg in microsoftnavision... - AbeBooks,5,global_jobs,abebooks.de,https://www.abebooks.de/buch-suchen/titel/ein-praxisorientierter-einstieg-in-microsoft-navision/buch/,2026-04-09T12:27:12.032321Z,GOOD: case study
Dynamicssquare Com,NO,,case_study,Case study: What is Microsoft Dynamics NAV?,5,global_jobs,dynamicssquare.com,https://www.dynamicssquare.com/blog/everything-know-about-microsoft-dynamics-nav/,2026-04-09T12:26:59.965724Z,GOOD: case study
Go Erp Eu,NO,,case_study,Case study: The 7 Core Capabilities of MicrosoftNavision(Dynamics NAV),5,global_jobs,go-erp.eu,https://go-erp.eu/what-is-microsoft-navision-an-overview/,2026-04-09T12:26:59.965649Z,GOOD: case study
Dynamicsfanatics Com,NO,,case_study,Case study: MicrosoftNavisionEnd of Life: What Your Business Should Do Next,5,global_jobs,dynamicsfanatics.com,https://www.dynamicsfanatics.com/post/microsoft-navision-end-of-life-what-it-means-for-your-business-next-steps,2026-04-09T12:26:59.965605Z,GOOD: case study
Dynamicssmartz Com,NO,,case_study,Case study: Everything You Need to Know About Microsoft Dynamics NAV in 2026,5,global_jobs,dynamicssmartz.com,https://www.dynamicssmartz.com/blog/microsoft-dynamics-nav/,2026-04-09T12:26:59.964635Z,GOOD: case study
Inria Hal Science,DK,,case_study,Case study: The Story ofNavisionandNavisionStat,5,global_jobs,inria.hal.science,https://inria.hal.science/hal-01301402v1/document,2026-04-09T12:26:42.710579Z,GOOD: case study
Leyesytecnologia Com,CL,,case_study,Case study: PeritajedeNavision- Claves del éxito desde ambos lados …,5,global_jobs,leyesytecnologia.com,https://leyesytecnologia.com/peritaje-de-navision/,2026-04-09T12:20:08.448554Z,GOOD: case study
Navision¿qué es? | Microsoft Dynamics NAV,MX,,case_study,Case study: Navision¿qué es? | Microsoft Dynamics NAV - CEI Europe,5,global_jobs,ceieu.com,https://www.ceieu.com/programa-software-erp/que-es-navision/,2026-04-09T12:19:53.543720Z,GOOD: case study
Go Erp Eu,BR,,case_study,Case study: The 7 Core Capabilities of MicrosoftNavision(Dynamics NAV),5,global_jobs,go-erp.eu,https://go-erp.eu/what-is-microsoft-navision-an-overview/,2026-04-09T12:19:45.538209Z,GOOD: case study
Go Erp Eu,UK,,case_study,Case study: The 7 Core Capabilities of MicrosoftNavision(Dynamics NAV),5,global_jobs,go-erp.eu,https://go-erp.eu/what-is-microsoft-navision-an-overview/,2026-04-09T12:18:03.749651Z,GOOD: case study
Dynamicssquare Com,IN,,case_study,Case study: What is Microsoft Dynamics NAV?,5,global_jobs,dynamicssquare.com,https://www.dynamicssquare.com/blog/everything-know-about-microsoft-dynamics-nav/,2026-04-09T12:09:44.421210Z,GOOD: case study
Go Erp Eu,IN,,case_study,Case study: The 7 Core Capabilities of MicrosoftNavision(Dynamics NAV),5,global_jobs,go-erp.eu,https://go-erp.eu/what-is-microsoft-navision-an-overview/,2026-04-09T12:09:44.421134Z,GOOD: case study
Dynamicsfanatics Com,IN,,case_study,Case study: MicrosoftNavisionEnd of Life: What Your Business Should Do Next,5,global_jobs,dynamicsfanatics.com,https://www.dynamicsfanatics.com/post/microsoft-navision-end-of-life-what-it-means-for-your-business-next-steps,2026-04-09T12:09:44.421090Z,GOOD: case study
Dynamicssmartz Com,IN,,case_study,Case study: Everything You Need to Know About Microsoft Dynamics NAV in 2026,5,global_jobs,dynamicssmartz.com,https://www.dynamicssmartz.com/blog/microsoft-dynamics-nav/,2026-04-09T12:09:44.420891Z,GOOD: case study
Elian Solutions Com,IT,,case_study,Case study: Productonstudycase- Elian Solutions -NavisionNAV …,5,global_jobs,elian-solutions.com,https://www.elian-solutions.com/references/case-studies/producton-study-case/,2026-04-09T12:09:22.383518Z,GOOD: case study
Navision¿qué es? | Microsoft Dynamics NAV,CO,,case_study,Case study: Navision¿qué es? | Microsoft Dynamics NAV - CEI Europe,5,global_jobs,ceieu.com,https://www.ceieu.com/programa-software-erp/que-es-navision/,2026-04-09T12:01:26.218009Z,GOOD: case study
Exceliaconsulting Com,CO,,case_study,Case study: Microsoft Dynamics NAV | exceliaconsulting,5,global_jobs,exceliaconsulting.com,https://www.exceliaconsulting.com/erp-navision,2026-04-09T12:01:26.217890Z,GOOD: case study
Abcebusiness Nl,NL,,case_study,Case study: Wat is MicrosoftNavision(Dynamics NAV)? | ABC E BUSINESS,5,global_jobs,abcebusiness.nl,https://www.abcebusiness.nl/blogs/wat-is-microsoft-navision-dynamics-nav,2026-04-09T11:59:26.605509Z,GOOD: case study
Dynamicssquare Com,NZ,,case_study,Case study: What is Microsoft Dynamics NAV?,5,global_jobs,dynamicssquare.com,https://www.dynamicssquare.com/blog/everything-know-about-microsoft-dynamics-nav/,2026-04-09T11:51:36.706684Z,GOOD: case study
Go Erp Eu,NZ,,case_study,Case study: The 7 Core Capabilities of MicrosoftNavision(Dynamics NAV),5,global_jobs,go-erp.eu,https://go-erp.eu/what-is-microsoft-navision-an-overview/,2026-04-09T11:51:36.706576Z,GOOD: case study
Dynamicsfanatics Com,NZ,,case_study,Case study: MicrosoftNavisionEnd of Life: What Your Business Should Do Next,5,global_jobs,dynamicsfanatics.com,https://www.dynamicsfanatics.com/post/microsoft-navision-end-of-life-what-it-means-for-your-business-next-steps,2026-04-09T11:51:36.706401Z,GOOD: case study
Casodeéxito – Distribución (Navision),MX,,case_study,Case study: Casodeéxito – Distribución (Navision) - olivia.es,5,global_jobs,olivia.es,https://olivia.es/case-studie/caso-de-exito-distribucion-navision/,2026-04-09T11:42:42.690546Z,GOOD: case study
Bolsadetrabajo paranavisionenMéxico| OCC,MX,,case_study,Case study: Bolsadetrabajo paranavisionenMéxico| OCC - OCCMundial,5,global_jobs,occ.com.mx,https://www.occ.com.mx/empleos/de-navision/permanente/en-mexico,2026-04-09T11:42:42.690468Z,GOOD: case study
Leyesytecnologia Com,MX,,case_study,Case study: PeritajedeNavision. Otrocasodeéxito. • Leyes y …,5,global_jobs,leyesytecnologia.com,https://leyesytecnologia.com/peritaje-de-navision-otro-caso-de-exito/,2026-04-09T11:42:42.690388Z,GOOD: case study
Eynasofteam Com,MX,,case_study,Case study: DeNavision2.6 al control totaldesu plantade…,5,global_jobs,eynasofteam.com,https://www.eynasofteam.com/grupo-torre-digitaliza-su-fabrica-centenaria/,2026-04-09T11:42:42.689637Z,GOOD: case study
NavisiondoBrasilLTDA,BR,,case_study,Case study: NavisiondoBrasilLTDA - 04642619000150 São Paulo,5,global_jobs,cnpj.biz,https://cnpj.biz/04642619000150,2026-04-09T11:42:35.221544Z,GOOD: case study
Dynamicssmartz Com,US,,case_study,Case study: Everything You Need to Know About Microsoft Dynamics NAV in 2026,5,global_jobs,dynamicssmartz.com,https://www.dynamicssmartz.com/blog/microsoft-dynamics-nav/,2026-04-09T11:41:10.261615Z,GOOD: case study
Was ist MicrosoftDynamicsNavision?,DE,,case_study,Case study: Was ist MicrosoftDynamicsNavision? - ERP.de,5,global_jobs,erp.de,https://www.erp.de/erp-software/microsoft/dynamics-navision,2026-04-09T11:40:38.211438Z,GOOD: case study
Liebrecapital Com Ar,AR,,case_study,Case study: Navision: la solución integral para la gestión financiera de tuempresa,5,global_jobs,liebrecapital.com.ar,https://liebrecapital.com.ar/navision-modulo-de-finanzas/,2026-04-09T11:33:28.603024Z,GOOD: case study
Dynamicsfanatics Com,NL,,case_study,Case study: MicrosoftNavisionEnd of Life: What Your Business Should Do Next,5,global_jobs,dynamicsfanatics.com,https://www.dynamicsfanatics.com/post/microsoft-navision-end-of-life-what-it-means-for-your-business-next-steps,2026-04-09T11:31:32.572752Z,GOOD: case study
Dynamicssmartz Com,NL,,case_study,Case study: Everything You Need to Know About Microsoft Dynamics NAV in 2026,5,global_jobs,dynamicssmartz.com,https://www.dynamicssmartz.com/blog/microsoft-dynamics-nav/,2026-04-09T11:31:32.572527Z,GOOD: case study
Dynamicssquare Com,SE,,case_study,Case study: What is Microsoft Dynamics NAV?,5,global_jobs,dynamicssquare.com,https://www.dynamicssquare.com/blog/everything-know-about-microsoft-dynamics-nav/,2026-04-09T11:30:52.339027Z,GOOD: case study
Go Erp Eu,SE,,case_study,Case study: The 7 Core Capabilities of MicrosoftNavision(Dynamics NAV),5,global_jobs,go-erp.eu,https://go-erp.eu/what-is-microsoft-navision-an-overview/,2026-04-09T11:30:52.338882Z,GOOD: case study
Imsig Pl,PL,,case_study,Case study: NAVISIONSOFTWAREPOLSKASPÓŁKA Z OGRANICZONĄ …,5,global_jobs,imsig.pl,"https://www.imsig.pl/pozycja/2003/52/KRS/25821,NAVISION_SOFTWARE_POLSKA_SP%C3%93%C5%81KA_Z_OGRANICZON%C4%84_ODPOWIEDZIALNO%C5%9ACI%C4%84",2026-04-09T11:22:56.440226Z,GOOD: case study
Dynamicssquare Com,IT,,case_study,Case study: What is Microsoft Dynamics NAV?,5,global_jobs,dynamicssquare.com,https://www.dynamicssquare.com/blog/everything-know-about-microsoft-dynamics-nav/,2026-04-09T11:22:40.177335Z,GOOD: case study
Go Erp Eu,IT,,case_study,Case study: The 7 Core Capabilities of MicrosoftNavision(Dynamics NAV),5,global_jobs,go-erp.eu,https://go-erp.eu/what-is-microsoft-navision-an-overview/,2026-04-09T11:22:40.177256Z,GOOD: case study
Dynamicsfanatics Com,IT,,case_study,Case study: MicrosoftNavisionEnd of Life: What Your Business Should Do Next,5,global_jobs,dynamicsfanatics.com,https://www.dynamicsfanatics.com/post/microsoft-navision-end-of-life-what-it-means-for-your-business-next-steps,2026-04-09T11:22:40.177154Z,GOOD: case study
Dynamicssmartz Com,IT,,case_study,Case study: Everything You Need to Know About Microsoft Dynamics NAV in 2026,5,global_jobs,dynamicssmartz.com,https://www.dynamicssmartz.com/blog/microsoft-dynamics-nav/,2026-04-09T11:22:40.176957Z,GOOD: case study
NavisionDynamics Nav Lorraine,FR,,case_study,Case study: NavisionDynamics Nav Lorraine - cogelis.com,5,global_jobs,cogelis.com,https://www.cogelis.com/navision/,2026-04-09T11:22:32.390726Z,GOOD: case study
Digital Experts Com,DE,,case_study,Case study: Navision Support mit ️ Langjähriger Erfahrung,5,global_jobs,digital-experts.com,https://digital-experts.com/bc/leistungen/navision-support/,2026-04-09T11:21:53.484904Z,GOOD: case study
Oteria Se,SE,,case_study,Case study: Microsoftnavision- OTERIA,5,global_jobs,oteria.se,https://oteria.se/microsoft-navision/,2026-04-09T11:21:26.066648Z,GOOD: case study
Sterling Team Com,SE,,case_study,Case study: What is MicrosoftNavisionERP? An In-Depth Look at Dynamics NAV,5,global_jobs,sterling-team.com,https://www.sterling-team.com/news/en/what-is-microsoft-navision-erp-an-in-depth-look-at-dynamics-nav/,2026-04-09T11:21:26.066481Z,GOOD: case study
Connectify Dk,DK,,case_study,Case study: Hvad erNavision? Alt du bør vide om det populære ERP-system,5,global_jobs,connectify.dk,https://connectify.dk/hvad-er-navision/,2026-04-09T11:21:17.889860Z,GOOD: case study
Dynamicssmartz Com,NZ,,case_study,Case study: Everything You Need to Know About Microsoft Dynamics NAV in 2026,5,global_jobs,dynamicssmartz.com,https://www.dynamicssmartz.com/au/blog/microsoft-dynamics-nav/,2026-04-09T11:04:51.319693Z,GOOD: case study
Hugendubel De,DE,,case_study,"Case study: Buch (kartoniert): ""Ein praxisorientierter Einstieg in MicrosoftNavision""",5,global_jobs,hugendubel.de,https://www.hugendubel.de/de/buch_kartoniert/tobias_schmid-ein_praxisorientierter_einstieg_in_microsoft_navision-8167289-produkt-details.html,2026-04-09T11:02:43.023270Z,GOOD: case study
Elian Solutions Com,FI,,case_study,Case study: Productonstudycase- Elian Solutions -NavisionNAV implementation,5,global_jobs,elian-solutions.com,https://www.elian-solutions.com/references/case-studies/producton-study-case/,2026-04-09T11:02:33.316626Z,GOOD: case study
Dynamics Connect Co Uk,NO,,case_study,Case study: What is MicrosoftNavision? Dynamics Nav Explained,5,global_jobs,dynamics-connect.co.uk,https://dynamics-connect.co.uk/Blog/what-is-microsoft-navision-dynamics-nav-explained,2026-04-09T11:02:26.105073Z,GOOD: case study
Navisionplanet Com,NO,,case_study,Case study: Home -NavisionPlanet,5,global_jobs,navisionplanet.com,https://www.navisionplanet.com/,2026-04-09T11:02:26.105049Z,GOOD: case study
Kepler Ms Ro,NO,,case_study,Case study: Dynamics NAV (Navision) Manuals | Official Microsoft Manuals,5,global_jobs,kepler-ms.ro,https://kepler-ms.ro/en/dynamics-nav-navision-manuals/,2026-04-09T11:02:26.104979Z,GOOD: case study
NavisionERP,NO,,case_study,Case study: NavisionERP - Oseberg Services AS,5,global_jobs,osebergservices.no,https://osebergservices.no/systemer/navision/,2026-04-09T11:02:26.096064Z,GOOD: case study
Companies that useNavisionin Norway,NO,,case_study,Case study: Companies that useNavisionin Norway - TheirStack.com,5,global_jobs,theirstack.com,https://theirstack.com/en/technology/navision/no,2026-04-09T11:02:26.093045Z,GOOD: case study
Cetastech Com,SE,,case_study,Case study: Microsoft Dynamics NAV Implementation: A Complete Guide for …,5,global_jobs,cetastech.com,https://cetastech.com/microsoft-dynamics-nav-implementation/,2026-04-09T11:02:15.976074Z,GOOD: case study
Unlock Business Value withNavisionSkills,SE,,case_study,Case study: Unlock Business Value withNavisionSkills - Readynez,5,global_jobs,readynez.com,https://www.readynez.com/se/blog/navigera-i-navisions-dynamik-en-guide-till-att-laasa-upp-affaerspotential/,2026-04-09T11:02:15.975964Z,GOOD: case study
Dynamics Connect Co Uk,SE,,case_study,Case study: What is MicrosoftNavision? Dynamics Nav Explained,5,global_jobs,dynamics-connect.co.uk,https://dynamics-connect.co.uk/Blog/what-is-microsoft-navision-dynamics-nav-explained,2026-04-09T11:02:15.975731Z,GOOD: case study
Inbiz Se,SE,,case_study,Case study: Microsoft Dynamics NAV (Navision) | Affärssystemlösningar från InBiz,5,global_jobs,inbiz.se,https://www.inbiz.se/vara-losningar/,2026-04-09T11:02:15.969910Z,GOOD: case study
Dynamics Connect Co Uk,DK,,case_study,Case study: What is MicrosoftNavision? Dynamics Nav Explained,5,global_jobs,dynamics-connect.co.uk,https://dynamics-connect.co.uk/Blog/what-is-microsoft-navision-dynamics-nav-explained,2026-04-09T11:02:06.194272Z,GOOD: case study
Visionpeople Dk,DK,,case_study,Case study: Opgraderingtil ny version af NAV – Få alle fordelene,5,global_jobs,visionpeople.dk,https://www.visionpeople.dk/indsigter/opgradering-til-ny-version-af-navision,2026-04-09T11:02:06.193842Z,GOOD: case study
Medarbejdere Au Dk,DK,,case_study,Case study: Grundlæggende vejledningNavision- Aarhus Universitet,5,global_jobs,medarbejdere.au.dk,https://medarbejdere.au.dk/fileadmin/www.medarbejdere.au.dk/Institutter/AU_oekonomi/Oekonomisystemer/Navision/Intro_til_Navision.pdf,2026-04-09T11:02:06.193222Z,GOOD: case study
Obtain Dk,DK,,case_study,Case study: MicrosoftNavision/NAV |ERP-Software til mindre virksomheder,5,global_jobs,obtain.dk,https://obtain.dk/dynamics-nav/,2026-04-09T11:02:06.193076Z,GOOD: case study
Jcd Dk,DK,,case_study,Case study: MicrosoftDynamics- Navision og C5 | JCD A/S,5,global_jobs,jcd.dk,https://jcd.dk/microsoft-dynamics/,2026-04-09T11:02:06.188519Z,GOOD: case study
Navision¿qué es? | Microsoft Dynamics NAV,PE,,case_study,Case study: Navision¿qué es? | Microsoft Dynamics NAV - CEI Europe,5,global_jobs,ceieu.com,https://www.ceieu.com/programa-software-erp/que-es-navision/,2026-04-09T10:55:56.971368Z,GOOD: case study
Teamextension Pe,PE,,case_study,Case study: Contratar a un Navision desarrollador dedicado enPerú,5,global_jobs,teamextension.pe,https://teamextension.pe/es/contratar/navision-desarrollador-dedicado,2026-04-09T10:55:56.968131Z,GOOD: case study
Eynasofteam Com,PE,,case_study,Case study: DeNavision2.6 al control totaldesu plantade…,5,global_jobs,eynasofteam.com,https://www.eynasofteam.com/grupo-torre-digitaliza-su-fabrica-centenaria/,2026-04-09T10:55:56.962520Z,GOOD: case study
Eynasofteam Com,CO,,case_study,Case study: DeNavision2.6 al control totaldesu plantadeproducción:Casode...,5,global_jobs,eynasofteam.com,https://www.eynasofteam.com/grupo-torre-digitaliza-su-fabrica-centenaria/,2026-04-09T10:55:49.351082Z,GOOD: case study
Conectacuenca Cl,CL,,case_study,"Case study: Soluciones ERPNavision, CRM, AX & AXAPTA: Consultoría …",5,global_jobs,conectacuenca.cl,https://conectacuenca.cl/noticias/erp-navision-crm-nav-ax-axapta-bps-bpo-internacionalizacion-consultoria/,2026-04-09T10:55:41.433212Z,GOOD: case study
Navision¿qué es? | Microsoft Dynamics NAV,CL,,case_study,Case study: Navision¿qué es? | Microsoft Dynamics NAV - CEI Europe,5,global_jobs,ceieu.com,https://www.ceieu.com/programa-software-erp/que-es-navision/,2026-04-09T10:55:41.433173Z,GOOD: case study
Exceliaconsulting Com,CL,,case_study,Case study: Microsoft Dynamics NAV | exceliaconsulting,5,global_jobs,exceliaconsulting.com,https://www.exceliaconsulting.com/erp-navision,2026-04-09T10:55:41.433098Z,GOOD: case study
Eynasofteam Com,CL,,case_study,Case study: DeNavision2.6 al control totaldesu plantadeproducción:Casode...,5,global_jobs,eynasofteam.com,https://www.eynasofteam.com/grupo-torre-digitaliza-su-fabrica-centenaria/,2026-04-09T10:55:41.416563Z,GOOD: case study
Teamextension Com Ar,AR,,case_study,Case study: Contratar a unNavisiondesarrollador dedicado enArgentina,5,global_jobs,teamextension.com.ar,https://teamextension.com.ar/es/contratar/navision-desarrollador-dedicado,2026-04-09T10:55:33.347120Z,GOOD: case study
Quienes somos,AR,,case_study,Case study: Quienes somos - Microsoft Dynamics NavNavisionArgentina- VOXA,5,global_jobs,voxa.info,http://voxa.info/about.php,2026-04-09T10:55:33.346892Z,GOOD: case study
Aitana Es,MX,,case_study,Case study: Casodeéxito en Microsoft Dynamics NAV | Bluestar,5,global_jobs,aitana.es,https://www.aitana.es/caso-de-exito/caso-exito-bluestar-negocio-distribucion-soluciones-tecnologicas/,2026-04-09T10:55:22.582700Z,GOOD: case study
PeritajedeNavision. Otrocasodeéxito.,MX,,case_study,Case study: PeritajedeNavision. Otrocasodeéxito. - Peritajes & Peritos,5,global_jobs,peritajes-peritos.es,https://peritajes-peritos.es/articulos/articulo-peritaje-peritaje-de-navision-otro-caso-de-xito-/,2026-04-09T10:55:22.582526Z,GOOD: case study
Teamextension Com Br,BR,,case_study,Case study: Contratar um dedicadoNavisiondesenvolvedor naBrasil,5,global_jobs,teamextension.com.br,https://teamextension.com.br/pt/contratar/dedicado-navision-desenvolvedor,2026-04-09T10:55:14.857372Z,GOOD: case study
Correlative Co Za,ZA,,case_study,Case study: Microsoft Dynamics NAV | Correlative Solutions |SouthAfrica,5,global_jobs,correlative.co.za,https://correlative.co.za/microsoft-dynamics-nav/,2026-04-09T10:55:05.016205Z,GOOD: case study
Gosolutions Group,ZA,,case_study,Case study: Microsoft DynamicsNavisioninSouthAfrica| GoSolutions,5,global_jobs,gosolutions.group,https://gosolutions.group/dynamics-nav/,2026-04-09T10:55:05.014685Z,GOOD: case study
Modulate Co Nz,NZ,,case_study,Case study: Navision- Modulate,5,global_jobs,modulate.co.nz,https://modulate.co.nz/software/dynamics-nav.php,2026-04-09T10:54:56.757260Z,GOOD: case study
Theta Co Nz,NZ,,case_study,Case study: NZ retail chain streamlines procurement with Dynamics NAV,5,global_jobs,theta.co.nz,https://www.theta.co.nz/case-study/nz-retail-chain-streamlines-procurement-with-dynamics-nav,2026-04-09T10:54:56.747262Z,GOOD: case study
Semiskorea Co Kr,KR,,case_study,Case study: Microsoft Dynamics NAV | 세미스,5,global_jobs,semiskorea.co.kr,http://www.semiskorea.co.kr/sub/sub02_01.php,2026-04-09T10:54:48.619735Z,GOOD: case study
Dailygrid Net,KR,,case_study,"Case study: [Case Study]한국야금, Microsoft Dynamics NAV 구축사례",5,global_jobs,dailygrid.net,http://www.dailygrid.net/news/articleView.html?idxno=16194,2026-04-09T10:54:48.609251Z,GOOD: case study
NavisionAustralasiaCompanyProfile | Management and ...,AU,,case_study,Case study: NavisionAustralasiaCompanyProfile | Management and ... - Datanyze,5,global_jobs,datanyze.com,https://www.datanyze.com/companies/navision-australasia/453634984,2026-04-09T10:54:26.953006Z,GOOD: case study
Datadrivensolutions Com Au,AU,,case_study,Case study: Microsoft DynamicsNavision: A reportingcasestudy,5,global_jobs,datadrivensolutions.com.au,https://datadrivensolutions.com.au/blog/f/microsoft-dynamics-navision-a-reporting-case-study,2026-04-09T10:54:26.945542Z,GOOD: case study
Crunchbase Com,IN,,case_study,Case study: NavisionIndia- CrunchbaseCompanyProfile & Funding,5,global_jobs,crunchbase.com,https://www.crunchbase.com/organization/navision-india,2026-04-09T10:54:09.892137Z,GOOD: case study
Superbcompanies Com,IN,,case_study,"Case study: Navisionindia-CompanyProfile, Location, Rates | SuperbCompanies",5,global_jobs,superbcompanies.com,https://superbcompanies.com/organizations/navision-india/,2026-04-09T10:54:09.891975Z,GOOD: case study
NAVISIONPL SP Z O O Company Profile,PL,,case_study,Case study: NAVISIONPL SP Z O O Company Profile - Dun & Bradstreet,5,global_jobs,dnb.com,https://www.dnb.com/business-directory/company-profiles.navision_pl_sp_z_o_o.445583c9ab94fe33d4dd928a3f3e45b6.html,2026-04-09T10:54:01.408055Z,GOOD: case study
Dynamicsnav Pl,PL,,case_study,Case study: Microsoft Dynamics NAV – System ERP,5,global_jobs,dynamicsnav.pl,https://www.dynamicsnav.pl/,2026-04-09T10:54:01.397551Z,GOOD: case study
Erp View Pl,PL,,case_study,Case study: System Microsoft Dynamics NAV w MM BrownPolska,5,global_jobs,erp-view.pl,https://erp-view.pl/case-studies-erp/26675-system-microsoft-dynamics-nav-w-mm-brown-polska.html,2026-04-09T10:54:01.396476Z,GOOD: case study
Empresite Eleconomista Es,ES,,case_study,Case study: NavisionenEspaña. Listado de empresas deNavisionenEspaña,5,global_jobs,empresite.eleconomista.es,https://empresite.eleconomista.es/Actividad/NAVISION/,2026-04-09T10:53:53.472294Z,GOOD: case study
MicrosoftDynamicsNav- CONSULTORÍA NAVISION,ES,,case_study,Case study: MicrosoftDynamicsNav- CONSULTORÍA NAVISION - EVOTEC,5,global_jobs,consultorianavision.com,https://www.consultorianavision.com/,2026-04-09T10:53:53.462630Z,GOOD: case study
Eynasofteam Com,ES,,case_study,Case study: DeNavision2.6 al control totaldesu plantadeproducción:Casode...,5,global_jobs,eynasofteam.com,https://www.eynasofteam.com/grupo-torre-digitaliza-su-fabrica-centenaria/,2026-04-09T10:53:53.459464Z,GOOD: case study
Casestudies Com,IT,,case_study,Case study: Altus DynamicsCaseStudy: Avon Maitland District School Board – …,5,global_jobs,casestudies.com,https://www.casestudies.com/company/altus-dynamics/case-study/avon-maitland-district-school-board-selects-microsoft-navision-and-altus-dynamics,2026-04-09T10:53:45.119452Z,GOOD: case study
Delphisoft Group Com,FR,,case_study,Case study: MicrosoftDynamicsNAV(NAVISION) | Solution ERP,5,global_jobs,delphisoft-group.com,https://delphisoft-group.com/fr/microsoft-dynamics-nav-navision/,2026-04-09T10:53:36.506787Z,GOOD: case study
"FormationNavisionéligible OPCO, CPF,Francetravail",FR,,case_study,"Case study: FormationNavisionéligible OPCO, CPF,Francetravail - Pôle emploi (à ...",5,global_jobs,fr.optedif-formation.fr,"https://fr.optedif-formation.fr/formation/formation-navision,a-la-marche_58400/",2026-04-09T10:53:36.502234Z,GOOD: case study
Go Erp Eu,US,,case_study,Case study: The 7 Core Capabilities of MicrosoftNavision(Dynamics NAV),5,global_jobs,go-erp.eu,https://go-erp.eu/what-is-microsoft-navision-an-overview/,2026-04-09T10:53:27.841992Z,GOOD: case study
Dynamics NAV,BE,,case_study,Case study: Dynamics NAV - GMI group,5,global_jobs,gmigroup.be,https://www.gmigroup.be/microsoft/dynamics-nav/,2026-04-09T10:53:17.439140Z,GOOD: case study
Lev (er)en naNavision: ben jij er klaar voor?,NL,,case_study,Case study: Lev (er)en naNavision: ben jij er klaar voor? - Actemium,5,global_jobs,actemium.nl,https://actemium.nl/solutions-services/logistiek/nieuws/leveren-na-navision-ben-jij-er-klaar-voor,2026-04-09T10:53:10.938497Z,GOOD: case study
MicrosoftDynamicsNAV/ Navision,NL,,case_study,Case study: MicrosoftDynamicsNAV/ Navision - Alistar,5,global_jobs,alistar.net,https://alistar.net/nl/erp/technologie/microsoft-dynamics-365-navision/,2026-04-09T10:53:10.932749Z,GOOD: case study
Golivesolutions Co Uk,UK,,case_study,Case study: Microsoft Dynamics NAV,5,global_jobs,golivesolutions.co.uk,http://www.golivesolutions.co.uk/products/microsoft-dynamics-nav,2026-04-09T10:53:03.153072Z,GOOD: case study
Dynamics Connect Co Uk,UK,,case_study,Case study: What is MicrosoftNavision? Dynamics Nav Explained,5,global_jobs,dynamics-connect.co.uk,https://dynamics-connect.co.uk/Blog/what-is-microsoft-navision-dynamics-nav-explained,2026-04-09T10:53:03.144549Z,GOOD: case study
Kennersoft De,DE,,case_study,Case study: Was Ist Microsoft DynamicsNavision? -NavisionERP System,5,global_jobs,kennersoft.de,https://kennersoft.de/blog/navision-als-e-commerce-erp,2026-04-09T10:52:47.627768Z,GOOD: case study
Delphisoft Group Com,DE,,case_study,Case study: Microsoft Dynamics NAV (NAVISION) | ERP-Lösung,5,global_jobs,delphisoft-group.com,https://delphisoft-group.com/de/microsoft-dynamics-nav-navision/,2026-04-09T10:52:47.627714Z,GOOD: case study
Softwarebasar De,DE,,case_study,Case study: NavisionERP: Ihre Lösung für Business-Erfolg,5,global_jobs,softwarebasar.de,https://softwarebasar.de/navision-erp-ihre-loesung-fuer-business-erfolg/,2026-04-09T10:52:47.627647Z,GOOD: case study
Reuffel De,DE,,case_study,Case study: Ein praxisorientierter Einstieg in MicrosoftNavision,5,global_jobs,reuffel.de,https://www.reuffel.de/ebooks/kostenlos_ger/detail/ISBN-9783639113280/Schmid-Tobias/Ein-praxisorientierter-Einstieg-in-Microsoft-Navision,2026-04-09T10:52:47.614852Z,GOOD: case study
Dynamicssquare Com,KR,,case_study,Case study: What is Microsoft Dynamics NAV?,5,global_jobs,dynamicssquare.com,https://www.dynamicssquare.com/blog/everything-know-about-microsoft-dynamics-nav/,2026-04-09T10:45:36.290498Z,GOOD: case study
Go Erp Eu,KR,,case_study,Case study: The 7 Core Capabilities of MicrosoftNavision(Dynamics NAV),5,global_jobs,go-erp.eu,https://go-erp.eu/what-is-microsoft-navision-an-overview/,2026-04-09T10:45:36.289569Z,GOOD: case study
Dynamicsfanatics Com,KR,,case_study,Case study: MicrosoftNavisionEnd of Life: What Your Business Should Do Next,5,global_jobs,dynamicsfanatics.com,https://www.dynamicsfanatics.com/post/microsoft-navision-end-of-life-what-it-means-for-your-business-next-steps,2026-04-09T10:45:36.289524Z,GOOD: case study
Dynamicssmartz Com,KR,,case_study,Case study: Everything You Need to Know About Microsoft Dynamics NAV in 2026,5,global_jobs,dynamicssmartz.com,https://www.dynamicssmartz.com/blog/microsoft-dynamics-nav/,2026-04-09T10:45:36.288532Z,GOOD: case study
Dynamicssquare Com,CA,,case_study,Case study: What is Microsoft Dynamics NAV?,5,global_jobs,dynamicssquare.com,https://www.dynamicssquare.com/blog/everything-know-about-microsoft-dynamics-nav/,2026-04-09T10:45:22.018111Z,GOOD: case study
Go Erp Eu,CA,,case_study,Case study: The 7 Core Capabilities of MicrosoftNavision(Dynamics NAV),5,global_jobs,go-erp.eu,https://go-erp.eu/what-is-microsoft-navision-an-overview/,2026-04-09T10:45:22.018039Z,GOOD: case study
Dynamicsfanatics Com,CA,,case_study,Case study: MicrosoftNavisionEnd of Life: What Your Business Should Do Next,5,global_jobs,dynamicsfanatics.com,https://www.dynamicsfanatics.com/post/microsoft-navision-end-of-life-what-it-means-for-your-business-next-steps,2026-04-09T10:45:22.017995Z,GOOD: case study
Dynamicssmartz Com,CA,,case_study,Case study: Everything You Need to Know About Microsoft Dynamics NAV in 2026,5,global_jobs,dynamicssmartz.com,https://www.dynamicssmartz.com/blog/microsoft-dynamics-nav/,2026-04-09T10:45:22.017260Z,GOOD: case study
Fairytell Dk,NO,,case_study,Case study: En omfattende guide tilNavision- Fairytell Artiklen,5,global_jobs,fairytell.dk,https://fairytell.dk/navision/,2026-04-09T10:44:26.197368Z,GOOD: case study
Endeavour,CA,,case_study,Case study: Microsoft Dynamics NAV (Navision) - Endeavour …,5,global_jobs,endeavoursolutions.ca,https://www.endeavoursolutions.ca/NAV/,2026-04-09T10:36:52.231736Z,GOOD: case study
Excelia Consulting,CL,,case_study,Case study: Microsoft Dynamics NAV | exceliaconsulting,5,global_jobs,exceliaconsulting.com,https://www.exceliaconsulting.com/erp-navision,2026-04-09T10:28:49.669811Z,GOOD: case study
Navision| Dynamics NAV,MX,,case_study,Case study: Navision| Dynamics NAV - Software de gestión ERP para PYME,5,global_jobs,google.com.mx,https://www.google.com.mx/goto?url=CAESVwE7q4yl9Vnsj5paAC15y7dyu59W3PphdAhWCVLE_rDuuXjdE0IBj2r5ThNIKIO06VnmJEBhkB8_Scb0MKdkwwfhxhThPO7eosGf2jPjvLj08mWUUYOcFw%3D%3D,2026-04-09T10:19:02.961934Z,GOOD: case study
Google Com Mx,MX,,case_study,Case study: Microsoft Dynamics NAVNavision- Software ERP,5,global_jobs,google.com.mx,https://www.google.com.mx/goto?url=CAESbwE7q4yl-daCpW_bCjbf9Jv-OfSG6leh5LM9cqrbkNXhqs_DBzxuSKstaP9AxXCqNQK9jj3KA6Rg1ybIG5gZnSoIRaUwGA52ux61k1ZFTbP_dQA6P1Ejk7_xwFfcevduXqSoIkBlbCorSdT9TCaMBg%3D%3D,2026-04-09T10:19:02.961849Z,GOOD: case study
Grupo Active,MX,,case_study,Case study: Navisionde Microsoft - Dynamics Nav - Grupo Active,5,global_jobs,grupoactive.es,https://grupoactive.es/es/software/erp/navision-dynamics-nav,2026-04-09T10:19:02.961657Z,GOOD: case study
Dynamicssquare Com,ES,,case_study,Case study: What is Microsoft Dynamics NAV?,5,global_jobs,dynamicssquare.com,https://www.dynamicssquare.com/blog/everything-know-about-microsoft-dynamics-nav/,2026-04-09T10:17:54.501931Z,GOOD: case study
Go Erp Eu,ES,,case_study,Case study: The 7 Core Capabilities of MicrosoftNavision(Dynamics NAV),5,global_jobs,go-erp.eu,https://go-erp.eu/what-is-microsoft-navision-an-overview/,2026-04-09T10:17:54.501886Z,GOOD: case study
Dynamicsfanatics Com,ES,,case_study,Case study: MicrosoftNavisionEnd of Life: What Your Business Should Do Next,5,global_jobs,dynamicsfanatics.com,https://www.dynamicsfanatics.com/post/microsoft-navision-end-of-life-what-it-means-for-your-business-next-steps,2026-04-09T10:17:54.501866Z,GOOD: case study
Dynamicssmartz Com,ES,,case_study,Case study: Everything You Need to Know About Microsoft Dynamics NAV in 2026,5,global_jobs,dynamicssmartz.com,https://www.dynamicssmartz.com/blog/microsoft-dynamics-nav/,2026-04-09T10:17:54.501729Z,GOOD: case study
Delphisoft Group,FR,,case_study,Case study: MicrosoftDynamicsNAV(NAVISION) | Solution ERP,5,global_jobs,delphisoft-group.com,https://delphisoft-group.com/fr/microsoft-dynamics-nav-navision/,2026-04-09T10:17:40.187354Z,GOOD: case study
MicrosoftDynamicsNAV(navision),FR,,case_study,Case study: MicrosoftDynamicsNAV(navision) - logiciel ERP (PGI),5,global_jobs,prodwaregroup.com,https://www.prodwaregroup.com/fr-fr/solutions/microsoft-erp-crm-solutions/microsoft-dynamics-nav/,2026-04-09T10:17:40.185263Z,GOOD: case study
Dynamicssquare Com,CO,,case_study,Case study: What is Microsoft Dynamics NAV?,5,global_jobs,dynamicssquare.com,https://www.dynamicssquare.com/blog/everything-know-about-microsoft-dynamics-nav/,2026-04-09T10:10:12.228322Z,GOOD: case study
GO ERP,CO,,case_study,Case study: The 7 Core Capabilities of MicrosoftNavision(Dynamics NAV),5,global_jobs,go-erp.eu,https://go-erp.eu/what-is-microsoft-navision-an-overview/,2026-04-09T10:10:12.228270Z,GOOD: case study
Dynamicsfanatics Com,CO,,case_study,Case study: MicrosoftNavisionEnd of Life: What Your Business Should Do Next,5,global_jobs,dynamicsfanatics.com,https://www.dynamicsfanatics.com/post/microsoft-navision-end-of-life-what-it-means-for-your-business-next-steps,2026-04-09T10:10:12.228240Z,GOOD: case study
Dynamicssmartz Com,CO,,case_study,Case study: Everything You Need to Know About Microsoft Dynamics NAV in 2026,5,global_jobs,dynamicssmartz.com,https://www.dynamicssmartz.com/blog/microsoft-dynamics-nav/,2026-04-09T10:10:12.227427Z,GOOD: case study
EVOTEC,ES,,case_study,Case study: MicrosoftDynamicsNav- CONSULTORÍA NAVISION - EVOTEC,5,global_jobs,consultorianavision.com,https://www.consultorianavision.com/,2026-04-09T10:08:01.805559Z,GOOD: case study
Dynamicssquare Com,UK,,case_study,Case study: What is Microsoft Dynamics NAV?,5,global_jobs,dynamicssquare.com,https://www.dynamicssquare.com/blog/everything-know-about-microsoft-dynamics-nav/,2026-04-09T10:06:59.483270Z,GOOD: case study
Dynamicsfanatics Com,UK,,case_study,Case study: MicrosoftNavisionEnd of Life: What Your Business Should Do Next,5,global_jobs,dynamicsfanatics.com,https://www.dynamicsfanatics.com/post/microsoft-navision-end-of-life-what-it-means-for-your-business-next-steps,2026-04-09T10:06:59.483194Z,GOOD: case study
Dynamicssmartz Com,UK,,case_study,Case study: Everything You Need to Know About Microsoft Dynamics NAV in 2026,5,global_jobs,dynamicssmartz.com,https://www.dynamicssmartz.com/blog/microsoft-dynamics-nav/,2026-04-09T10:06:59.483002Z,GOOD: case study
Kennersoft,DE,,case_study,Case study: Was Ist Microsoft DynamicsNavision? -NavisionERP System,5,global_jobs,kennersoft.de,https://kennersoft.de/blog/navision-als-e-commerce-erp,2026-04-09T10:06:52.533507Z,GOOD: case study
Dynamicssquare,SE,,case_study,Case study: What is Microsoft Dynamics NAV?,5,global_jobs,dynamicssquare.com,https://www.dynamicssquare.com/blog/everything-know-about-microsoft-dynamics-nav/,2026-04-09T10:06:23.811666Z,GOOD: case study
Go ERP EU,SE,,case_study,Case study: The 7 Core Capabilities of MicrosoftNavision(Dynamics NAV),5,global_jobs,go-erp.eu,https://go-erp.eu/what-is-microsoft-navision-an-overview/,2026-04-09T10:06:23.811581Z,GOOD: case study
Dynamicsfanatics Com,SE,,case_study,Case study: MicrosoftNavisionEnd of Life: What Your Business Should Do Next,5,global_jobs,dynamicsfanatics.com,https://www.dynamicsfanatics.com/post/microsoft-navision-end-of-life-what-it-means-for-your-business-next-steps,2026-04-09T10:06:23.811559Z,GOOD: case study
Dynamicssmartz Com,SE,,case_study,Case study: Everything You Need to Know About Microsoft Dynamics NAV in 2026,5,global_jobs,dynamicssmartz.com,https://www.dynamicssmartz.com/blog/microsoft-dynamics-nav/,2026-04-09T10:06:23.811433Z,GOOD: case study
Linhadecodigo Com Br,BR,,case_study,Case study: Navision- Customização e GeraçãodeReports: Dicas para o …,5,global_jobs,linhadecodigo.com.br,http://www.linhadecodigo.com.br/artigo/638/navision--customizacao-e-geracao-de-reports-dicas-para-o-programador-ou-especialista-em-ti.aspx,2026-04-09T09:59:15.056345Z,GOOD: case study
ESC BV,NL,,case_study,Case study: Microsoft Dynamics NAV /Navision- Alistar - ESC BV,5,global_jobs,alistar.net,https://alistar.net/nl/erp/technologie/microsoft-dynamics-365-navision/,2026-04-09T09:57:24.840481Z,GOOD: case study
Casosdeéxito,MX,,case_study,"Case study: Casosdeéxito - Historias realesdeclientesdeDynamics NAV, …",5,global_jobs,aitana.es,https://www.aitana.es/caso-de-exito/,2026-04-09T09:49:43.524564Z,GOOD: case study
Dynamics Connect,DK,,case_study,Case study: What is MicrosoftNavision? Dynamics Nav Explained,5,global_jobs,dynamics-connect.co.uk,https://dynamics-connect.co.uk/Blog/what-is-microsoft-navision-dynamics-nav-explained,2026-04-09T09:46:49.130820Z,GOOD: case study
Eyna Softeam,PE,,case_study,Case study: DeNavision2.6 al control totaldesu plantadeproducción:Casode...,5,global_jobs,eynasofteam.com,https://www.eynasofteam.com/grupo-torre-digitaliza-su-fabrica-centenaria/,2026-04-09T09:40:37.401922Z,GOOD: case study
Eynasofteam,CO,,case_study,Case study: DeNavision2.6 al control totaldesu plantadeproducción:Casode...,5,global_jobs,eynasofteam.com,https://www.eynasofteam.com/grupo-torre-digitaliza-su-fabrica-centenaria/,2026-04-09T09:40:29.328507Z,GOOD: case study
CEI Europe,CL,,case_study,Case study: Navision¿qué es? | Microsoft Dynamics NAV - CEI Europe,5,global_jobs,ceieu.com,https://www.ceieu.com/programa-software-erp/que-es-navision/,2026-04-09T09:40:19.367418Z,GOOD: case study
Eynasofteam,CL,,case_study,Case study: DeNavision2.6 al control totaldesu plantadeproducción:Casode...,5,global_jobs,eynasofteam.com,https://www.eynasofteam.com/grupo-torre-digitaliza-su-fabrica-centenaria/,2026-04-09T09:40:19.355483Z,GOOD: case study
Lobosdiario Com Ar,AR,,case_study,Case study: ERP Microsoft Dynamics NAV (Navision) | Diario de Lobos,5,global_jobs,lobosdiario.com.ar,https://lobosdiario.com.ar/erp-microsoft-dynamics-nav-navision/,2026-04-09T09:40:11.625326Z,GOOD: case study
Team Extension,AR,,case_study,Case study: Contratar a unNavisiondesarrollador dedicado enArgentina,5,global_jobs,teamextension.com.ar,https://teamextension.com.ar/es/contratar/navision-desarrollador-dedicado,2026-04-09T09:40:11.625249Z,GOOD: case study
Mercado Com Ar,AR,,case_study,Case study: Navisionestá en laArgentina| Revista Mercado,5,global_jobs,mercado.com.ar,https://mercado.com.ar/tecnologia/navision-esta-en-la-argentina/,2026-04-09T09:40:11.618808Z,GOOD: case study
Leyesytecnologia Com,AR,,case_study,Case study: PeritajedeNavision. Otrocasodeéxito. • Leyes y Tecnología,5,global_jobs,leyesytecnologia.com,https://leyesytecnologia.com/peritaje-de-navision-otro-caso-de-exito/,2026-04-09T09:40:11.617667Z,GOOD: case study
Eynasofteam Com,AR,,case_study,Case study: DeNavision2.6 al control totaldesu plantadeproducción:Casode...,5,global_jobs,eynasofteam.com,https://www.eynasofteam.com/grupo-torre-digitaliza-su-fabrica-centenaria/,2026-04-09T09:40:11.614631Z,GOOD: case study
MicrosoftDynamicsNav- CONSULTORÍA NAVISION,MX,,case_study,Case study: MicrosoftDynamicsNav- CONSULTORÍA NAVISION - EVOTEC,5,global_jobs,consultorianavision.com,https://www.consultorianavision.com/,2026-04-09T09:40:03.554672Z,GOOD: case study
Team Extension,BR,,case_study,Case study: Contratar um dedicadoNavisiondesenvolvedor naBrasil,5,global_jobs,teamextension.com.br,https://teamextension.com.br/pt/contratar/dedicado-navision-desenvolvedor,2026-04-09T09:39:55.944634Z,GOOD: case study
Dynamicssquare Com,BR,,case_study,Case study: What is Microsoft Dynamics NAV?,5,global_jobs,dynamicssquare.com,https://www.dynamicssquare.com/blog/everything-know-about-microsoft-dynamics-nav/,2026-04-09T09:39:55.933195Z,GOOD: case study
GO ERP,BR,,case_study,Case study: The 7 Core Capabilities of MicrosoftNavision(Dynamics NAV),5,global_jobs,go-erp.eu,https://go-erp.eu/what-is-microsoft-navision-an-overview/,2026-04-09T09:39:55.933149Z,GOOD: case study
Dynamicsfanatics Com,BR,,case_study,Case study: MicrosoftNavisionEnd of Life: What Your Business Should Do Next,5,global_jobs,dynamicsfanatics.com,https://www.dynamicsfanatics.com/post/microsoft-navision-end-of-life-what-it-means-for-your-business-next-steps,2026-04-09T09:39:55.933121Z,GOOD: case study
Dynamicssmartz Com,BR,,case_study,Case study: Everything You Need to Know About Microsoft Dynamics NAV in 2026,5,global_jobs,dynamicssmartz.com,https://www.dynamicssmartz.com/blog/microsoft-dynamics-nav/,2026-04-09T09:39:55.932421Z,GOOD: case study
Itcon Tistory Com,KR,,case_study,Case study: 클라우드 ERP 서비스 '다이나믹스 ERP NAV (Dynamics ERPNavision),5,global_jobs,itcon.tistory.com,https://itcon.tistory.com/244,2026-04-09T09:39:29.321180Z,GOOD: case study
Data Driven Solutions,AU,,case_study,Case study: Microsoft DynamicsNavision: A reportingcasestudy,5,global_jobs,datadrivensolutions.com.au,https://datadrivensolutions.com.au/blog/f/microsoft-dynamics-navision-a-reporting-case-study,2026-04-09T09:39:11.716333Z,GOOD: case study
Crunchbase,IN,,case_study,Case study: NavisionIndia- CrunchbaseCompanyProfile & Funding,5,global_jobs,crunchbase.com,https://www.crunchbase.com/organization/navision-india,2026-04-09T09:38:56.606465Z,GOOD: case study
SuperbCompanies,IN,,case_study,"Case study: Navisionindia-CompanyProfile, Location, Rates | SuperbCompanies",5,global_jobs,superbcompanies.com,https://superbcompanies.com/organizations/navision-india/,2026-04-09T09:38:56.606416Z,GOOD: case study
NavisionIndia- 2026CompanyProfile & Team,IN,,case_study,Case study: NavisionIndia- 2026CompanyProfile & Team - Tracxn,5,global_jobs,tracxn.com,https://tracxn.com/d/companies/navisionindia/__39GwcvEbX-dirPRPGG8kbA3VzyUqDfrEHJiC69JP7AI,2026-04-09T09:38:56.606282Z,GOOD: case study
Cocoonitservices Com,IN,,case_study,Case study: Microsoft Dynamics NAV Implementation -CaseStudy,5,global_jobs,cocoonitservices.com,https://cocoonitservices.com/microsoft-dynamics-nav-implementation/,2026-04-09T09:38:56.596289Z,GOOD: case study
NAVISIONPL SP Z O O,PL,,case_study,Case study: NAVISIONPL SP Z O O Company Profile - Dun & Bradstreet,5,global_jobs,dnb.com,https://www.dnb.com/business-directory/company-profiles.navision_pl_sp_z_o_o.445583c9ab94fe33d4dd928a3f3e45b6.html,2026-04-09T09:38:49.487718Z,GOOD: case study
Software ERP Microsoft Dynamics NAV (Navision),ES,,case_study,Case study: Software ERP Microsoft Dynamics NAV (Navision) - Advance Soluciones,5,global_jobs,advancesoluciones.com,https://www.advancesoluciones.com/soluciones-digitales/erp/navision/,2026-04-09T09:38:41.543161Z,GOOD: case study
Navision| Dynamics NAV,ES,,case_study,Case study: Navision| Dynamics NAV - Software de gestión ERP para PYME,5,global_jobs,ekamat.es,https://ekamat.es/navision/,2026-04-09T09:38:41.543085Z,GOOD: case study
Eynasofteam,ES,,case_study,Case study: DeNavision2.6 al control totaldesu plantadeproducción:Casode...,5,global_jobs,eynasofteam.com,https://www.eynasofteam.com/grupo-torre-digitaliza-su-fabrica-centenaria/,2026-04-09T09:38:41.530797Z,GOOD: case study
Casosdeéxito,ES,,case_study,"Case study: Casosdeéxito - Historias realesdeclientesdeDynamics NAV, …",5,global_jobs,aitana.es,https://www.aitana.es/caso-de-exito/,2026-04-09T09:38:41.530065Z,GOOD: case study
Enterprise Business Solution,IT,,case_study,"Case study: Enterprise Business Solution - Microsoft Dynamics NAV, CRM, AX, …",5,global_jobs,ebsitaly.com,https://www.ebsitaly.com/,2026-04-09T09:38:36.621429Z,GOOD: case study
Dynamicsconsult Com,IT,,case_study,Case study: NavisionSuccess Cases | Dynamics Consult,5,global_jobs,dynamicsconsult.com,https://www.dynamicsconsult.com/index.php/en/navision-success-cases/,2026-04-09T09:38:36.582214Z,GOOD: case study
Avon Maitland District School Board,IT,,case_study,Case study: Altus DynamicsCaseStudy: Avon Maitland District School Board – …,5,global_jobs,casestudies.com,https://www.casestudies.com/company/altus-dynamics/case-study/avon-maitland-district-school-board-selects-microsoft-navision-and-altus-dynamics,2026-04-09T09:38:36.579958Z,GOOD: case study
Dynamicssquare Com,FR,,case_study,Case study: What is Microsoft Dynamics NAV?,5,global_jobs,dynamicssquare.com,https://www.dynamicssquare.com/blog/everything-know-about-microsoft-dynamics-nav/,2026-04-09T09:38:29.238084Z,GOOD: case study
Dynamicsfanatics Com,FR,,case_study,Case study: MicrosoftNavisionEnd of Life: What Your Business Should Do Next,5,global_jobs,dynamicsfanatics.com,https://www.dynamicsfanatics.com/post/microsoft-navision-end-of-life-what-it-means-for-your-business-next-steps,2026-04-09T09:38:29.238047Z,GOOD: case study
Dynamicssmartz Com,FR,,case_study,Case study: Everything You Need to Know About Microsoft Dynamics NAV in 2026,5,global_jobs,dynamicssmartz.com,https://www.dynamicssmartz.com/blog/microsoft-dynamics-nav/,2026-04-09T09:38:29.237934Z,GOOD: case study
SoftwareNavision: 5 RaisonsdeMigrer (2026),FR,,case_study,Case study: SoftwareNavision: 5 RaisonsdeMigrer (2026) - monoutildegestion.fr,5,global_jobs,monoutildegestion.fr,https://www.monoutildegestion.fr/blog/software-navision,2026-04-09T09:38:29.225368Z,GOOD: case study
Dynamicssquare Com,US,,case_study,Case study: What is Microsoft Dynamics NAV?,5,global_jobs,dynamicssquare.com,https://www.dynamicssquare.com/blog/everything-know-about-microsoft-dynamics-nav/,2026-04-09T09:38:20.776184Z,GOOD: case study
Dynamicsfanatics Com,US,,case_study,Case study: MicrosoftNavisionEnd of Life: What Your Business Should Do Next,5,global_jobs,dynamicsfanatics.com,https://www.dynamicsfanatics.com/post/microsoft-navision-end-of-life-what-it-means-for-your-business-next-steps,2026-04-09T09:38:20.776067Z,GOOD: case study
Companies that useNavisionin Belgium,BE,,case_study,Case study: Companies that useNavisionin Belgium - TheirStack.com,5,global_jobs,theirstack.com,https://theirstack.com/en/technology/navision/be,2026-04-09T09:38:10.071905Z,GOOD: case study
Go Erp Eu,NL,,case_study,Case study: The 7 Core Capabilities of MicrosoftNavision(Dynamics NAV),5,global_jobs,go-erp.eu,https://go-erp.eu/what-is-microsoft-navision-an-overview/,2026-04-09T09:38:03.905370Z,GOOD: case study
Dynamicsfanatics,NL,,case_study,Case study: MicrosoftNavisionEnd of Life: What Your Business Should Do Next,5,global_jobs,dynamicsfanatics.com,https://www.dynamicsfanatics.com/post/microsoft-navision-end-of-life-what-it-means-for-your-business-next-steps,2026-04-09T09:38:03.905335Z,GOOD: case study
Dynamicssmartz,NL,,case_study,Case study: Everything You Need to Know About Microsoft Dynamics NAV in 2026,5,global_jobs,dynamicssmartz.com,https://www.dynamicssmartz.com/blog/microsoft-dynamics-nav/,2026-04-09T09:38:03.905095Z,GOOD: case study
Golivesolutions UK,UK,,case_study,Case study: Microsoft Dynamics NAV,5,global_jobs,golivesolutions.co.uk,http://www.golivesolutions.co.uk/products/microsoft-dynamics-nav,2026-04-09T09:38:00.687454Z,GOOD: case study
Dynamics Connect UK,UK,,case_study,Case study: What is MicrosoftNavision? Dynamics Nav Explained,5,global_jobs,dynamics-connect.co.uk,https://dynamics-connect.co.uk/Blog/what-is-microsoft-navision-dynamics-nav-explained,2026-04-09T09:38:00.679244Z,GOOD: case study
LTmemory,DE,,case_study,Case study: Microsoft Dynamics NAV (ehemalsNavision) - LTmemory,5,global_jobs,ltmemory.de,https://www.ltmemory.de/software-loesungen/erp/microsoft-dynamics-nav/,2026-04-09T09:37:52.212443Z,GOOD: case study
Delphisoft Group,DE,,case_study,Case study: Microsoft Dynamics NAV (NAVISION) | ERP-Lösung,5,global_jobs,delphisoft-group.com,https://delphisoft-group.com/de/microsoft-dynamics-nav-navision/,2026-04-09T09:37:52.212348Z,GOOD: case study
Handelsblatt Com,DE,,case_study,Case study: ERP-SoftwareNavision: Nachfolger punktet im KMU-Umfeld,5,global_jobs,handelsblatt.com,https://www.handelsblatt.com/adv/firmen/erp-software-navision.html,2026-04-09T09:37:52.212189Z,GOOD: case study
Elian Solutions,FI,,case_study,Case study: Productonstudycase- Elian Solutions -NavisionNAV implementation,5,global_jobs,elian-solutions.com,https://www.elian-solutions.com/references/case-studies/producton-study-case/,2026-04-09T09:37:39.869826Z,GOOD: case study
Casestudies Com,FI,,case_study,Case study: Altus DynamicsCaseStudy: Avon Maitland District School Board – …,5,global_jobs,casestudies.com,https://www.casestudies.com/company/altus-dynamics/case-study/avon-maitland-district-school-board-selects-microsoft-navision-and-altus-dynamics,2026-04-09T09:37:39.866008Z,GOOD: case study
CGI,FI,,case_study,Case study: Microsoft Dynamics NAV Talouden- ja toiminnanohjaus - CGI.com,5,global_jobs,cgi.com,https://www.cgi.com/sites/default/files/files_fi/Brochures_publications/factsheet_dynamics_nav_yleisesite_fi_pro.pdf,2026-04-09T09:37:39.864838Z,GOOD: case study
Stoneridge Software,NO,,case_study,Case study: Microsoft Dynamics NAV ERP Software Updates and Support,5,global_jobs,stoneridgesoftware.com,https://stoneridgesoftware.com/products/microsoft-dynamics-nav/,2026-04-09T09:37:34.766906Z,GOOD: case study
Dynamics Connect,NO,,case_study,Case study: What is MicrosoftNavision? Dynamics Nav Explained,5,global_jobs,dynamics-connect.co.uk,https://dynamics-connect.co.uk/Blog/what-is-microsoft-navision-dynamics-nav-explained,2026-04-09T09:37:34.766858Z,GOOD: case study
NavisionPlanet,NO,,case_study,Case study: Home -NavisionPlanet,5,global_jobs,navisionplanet.com,https://www.navisionplanet.com/,2026-04-09T09:37:34.766792Z,GOOD: case study
Cetastech,SE,,case_study,Case study: Microsoft Dynamics NAV Implementation: A Complete Guide for …,5,global_jobs,cetastech.com,https://cetastech.com/microsoft-dynamics-nav-implementation/,2026-04-09T09:37:18.051260Z,GOOD: case study
NEX Softsys,SE,,case_study,Case study: Microsoft Dynamics NAV Implementation - NEX Softsys,5,global_jobs,nexsoftsys.com,https://www.nexsoftsys.com/technologies/microsoft-dynamics-nav-implementation.html,2026-04-09T09:37:18.051184Z,GOOD: case study
Inoday,SE,,case_study,Case study: Microsoft Dynamics NAV Implementation |NavisionERP - inoday,5,global_jobs,inoday.com,https://inoday.com/microsoft-dynamics-nav-service-providers/navision-implementation/,2026-04-09T09:37:18.051068Z,GOOD: case study
Dynamics Connect UK,SE,,case_study,Case study: What is MicrosoftNavision? Dynamics Nav Explained,5,global_jobs,dynamics-connect.co.uk,https://dynamics-connect.co.uk/Blog/what-is-microsoft-navision-dynamics-nav-explained,2026-04-09T09:37:18.050897Z,GOOD: case study
Sterling Team Com,DK,,case_study,Case study: What is Microsoft NavisionERP? An In-Depth Look atDynamicsNAV,5,global_jobs,sterling-team.com,https://www.sterling-team.com/news/en/what-is-microsoft-navision-erp-an-in-depth-look-at-dynamics-nav/,2026-04-09T09:37:04.884751Z,GOOD: case study
Cogent Communications,US,Telecommunications,technology_stack,Listed on TheirStack as Microsoft Dynamics NAV user,5,theirstack,,https://theirstack.com/en/technology/microsoft-dynamics-nav/us,2026-04-09T09:34:46.185738Z,GOOD: listed on theirstack
Adfocom,NL,IT Services and IT Consulting,technology_stack,Listed on TheirStack as Microsoft Dynamics NAV user,5,theirstack,,https://theirstack.com/en/technology/microsoft-dynamics-nav/nl,2026-04-09T09:34:11.784089Z,GOOD: listed on theirstack
Companial,NL,IT Services and IT Consulting,technology_stack,Listed on TheirStack as Microsoft Dynamics NAV user,5,theirstack,,https://theirstack.com/en/technology/microsoft-dynamics-nav/nl,2026-04-09T09:34:11.783925Z,GOOD: listed on theirstack
TEPCOMP,FI,"Appliances, Electrical, and Electronics Manufacturing",technology_stack,Listed on TheirStack as Microsoft Dynamics NAV user,5,theirstack,,https://theirstack.com/en/technology/microsoft-dynamics-nav/fi,2026-04-09T09:33:37.136871Z,GOOD: listed on theirstack
YIT - Urban developer and construction company,FI,Construction,technology_stack,Listed on TheirStack as Microsoft Dynamics NAV user,5,theirstack,,https://theirstack.com/en/technology/microsoft-dynamics-nav/fi,2026-04-09T09:33:37.135955Z,GOOD: listed on theirstack
CEI Europe,PE,,case_study,Case study: Navision¿qué es? | Microsoft Dynamics NAV - CEI Europe,5,global_jobs,ceieu.com,https://www.ceieu.com/programa-software-erp/que-es-navision/,2026-04-09T09:30:50.777721Z,GOOD: case study
MicrosoftDynamicsNav- CONSULTORÍA NAVISION,CO,,case_study,Case study: MicrosoftDynamicsNav- CONSULTORÍA NAVISION - EVOTEC,5,global_jobs,consultorianavision.com,https://www.consultorianavision.com/,2026-04-09T09:30:42.559038Z,GOOD: case study
Dynamicsnav PL,PL,,case_study,Case study: Microsoft Dynamics NAV – System ERP,5,global_jobs,dynamicsnav.pl,https://www.dynamicsnav.pl/,2026-04-09T09:29:15.735221Z,GOOD: case study
ERP View PL,PL,,case_study,Case study: System Microsoft Dynamics NAV w MM BrownPolska,5,global_jobs,erp-view.pl,https://erp-view.pl/case-studies-erp/26675-system-microsoft-dynamics-nav-w-mm-brown-polska.html,2026-04-09T09:29:15.733647Z,GOOD: case study
O nas,PL,,case_study,Case study: O nas - Historia i doświadczenie w Dynamics NAV/BC |NAVISION.PL,5,global_jobs,navision.pl,https://www.navision.pl/pl/o-nas,2026-04-09T09:29:15.732669Z,GOOD: case study
Go Erp Eu,FR,,case_study,Case study: The 7 Core Capabilities of MicrosoftNavision(Dynamics NAV),5,global_jobs,go-erp.eu,https://go-erp.eu/what-is-microsoft-navision-an-overview/,2026-04-09T09:28:54.474750Z,GOOD: case study
Go ERP EU,US,,case_study,Case study: The 7 Core Capabilities of MicrosoftNavision(Dynamics NAV),5,global_jobs,go-erp.eu,https://go-erp.eu/what-is-microsoft-navision-an-overview/,2026-04-09T09:28:45.580639Z,GOOD: case study
MicrosoftDynamicsNAV(Navision),BE,,case_study,Case study: MicrosoftDynamicsNAV(Navision) - ERP-software,5,global_jobs,prodwaregroup.com,https://www.prodwaregroup.com/nl-be/onze-oplossingen/microsoft-dynamics-erp-crm-2/microsoft-dynamics-nav/,2026-04-09T09:28:30.309849Z,GOOD: case study
GMI group,BE,,case_study,Case study: Dynamics NAV - GMI group,5,global_jobs,gmigroup.be,https://www.gmigroup.be/microsoft/dynamics-nav/,2026-04-09T09:28:30.303383Z,GOOD: case study
Alistar,NL,,case_study,Case study: MicrosoftDynamicsNAV/ Navision - Alistar,5,global_jobs,alistar.net,https://alistar.net/nl/erp/technologie/microsoft-dynamics-365-navision/,2026-04-09T09:28:23.881323Z,GOOD: case study
Actemium,NL,,case_study,Case study: Lev (er)en naNavision: ben jij er klaar voor? - Actemium,5,global_jobs,actemium.nl,https://actemium.nl/solutions-services/logistiek/nieuws/leveren-na-navision-ben-jij-er-klaar-voor,2026-04-09T09:28:23.879414Z,GOOD: case study
Go ERP EU,UK,,case_study,Case study: The 7 Core Capabilities of MicrosoftNavision(Dynamics NAV),5,global_jobs,go-erp.eu,https://go-erp.eu/what-is-microsoft-navision-an-overview/,2026-04-09T09:28:20.603182Z,GOOD: case study
Softwarebasar,DE,,case_study,Case study: NavisionERP: Ihre Lösung für Business-Erfolg,5,global_jobs,softwarebasar.de,https://softwarebasar.de/navision-erp-ihre-loesung-fuer-business-erfolg/,2026-04-09T09:28:13.555011Z,GOOD: case study
Was ist Microsoft DynamicsNavision?,DE,,case_study,Case study: Was ist Microsoft DynamicsNavision? - ERP.de,5,global_jobs,erp.de,https://www.erp.de/erp-software/microsoft/dynamics-navision,2026-04-09T09:28:13.554781Z,GOOD: case study
GO ERP,DE,,case_study,Case study: The 7 Core Capabilities of MicrosoftNavision(Dynamics NAV),5,global_jobs,go-erp.eu,https://go-erp.eu/what-is-microsoft-navision-an-overview/,2026-04-09T09:28:13.541721Z,GOOD: case study
Oseberg Services AS,NO,,case_study,Case study: NavisionERP - Oseberg Services AS,5,global_jobs,osebergservices.no,https://osebergservices.no/systemer/navision/,2026-04-09T09:27:52.704946Z,GOOD: case study
Dynamics NAV-utvecklare,SE,,case_study,Case study: Dynamics NAV-utvecklare - Vi är experter på ERP. Få ett gratis ...,5,global_jobs,rightpeoplegroup.com,https://rightpeoplegroup.com/sv/dynamics-nav-experter/dynamics-nav-utvecklare,2026-04-09T09:27:44.096205Z,GOOD: case study
Readynez,SE,,case_study,Case study: Unlock Business Value withNavisionSkills - Readynez,5,global_jobs,readynez.com,https://www.readynez.com/se/blog/navigera-i-navisions-dynamik-en-guide-till-att-laasa-upp-affaerspotential/,2026-04-09T09:27:44.096145Z,GOOD: case study
Go Erp Eu,DK,,case_study,Case study: The 7 Core Capabilities of Microsoft Navision (DynamicsNAV),5,global_jobs,go-erp.eu,https://go-erp.eu/what-is-microsoft-navision-an-overview/,2026-04-09T09:27:29.269278Z,GOOD: case study
NavisionDynamics,DK,,case_study,Case study: NavisionDynamics - fra dansk startup til globalt ERP-imperium,5,global_jobs,kvarterloeft.dk,https://www.kvarterloeft.dk/navision-dynamics.htm,2026-04-09T09:27:29.255763Z,GOOD: case study
Techsavvy Media,DK,,case_study,Case study: 20 år siden i dag: Historien bag Microsofts opkøb af danskeNavision,5,global_jobs,techsavvy.media,https://techsavvy.media/20-aar-siden-i-dag-historien-bag-microsofts-opkoeb-af-danske-navision/,2026-04-09T09:27:29.254740Z,GOOD: case study
Abakion A/S,DK,Software Development,technology_stack,Listed on TheirStack as Microsoft Dynamics NAV user,5,theirstack,,https://theirstack.com/en/technology/microsoft-dynamics-nav/dk,2026-04-09T09:23:09.162655Z,GOOD: listed on theirstack
"NavisionIndia- Overview, CEO, Products, Business",IN,,case_study,"Case study: NavisionIndia- Overview, CEO, Products, Business - Easyleadz",5,global_jobs,easyleadz.com,https://www.easyleadz.com/company/navision-india,2026-04-09T09:19:17.781522Z,GOOD: case study
kompaConsult,DE,,case_study,Case study: kompaConsult - Professionelle IT-Lösungen mitNavision,5,global_jobs,kompaconsult.com,http://www.kompaconsult.com/,2026-04-09T07:38:36.555811Z,GOOD: case study
Regnskabsprogramnavisionbogfoering download,DK,,case_study,Case study: Regnskabsprogramnavisionbogfoering download - fzxvhm.cc,5,global_jobs,fzxvhm.cc,https://fzxvhm.cc/!uu26eq/y1dj/bakdkwq2574.xml,2026-04-09T00:27:38.227081Z,GOOD: case study
Stadsrevisionen,DK,,case_study,Case study: bogføring inavision- Stadsrevisionen,5,global_jobs,stadsrevisionen.dk,https://stadsrevisionen.dk/bogfoering/bogfoering-i-navision/,2026-04-08T20:22:54.987500Z,GOOD: case study
NavisionLogo PNG Vectors Free Download,AU,,case_study,Case study: NavisionLogo PNG Vectors Free Download - seeklogo,5,global_jobs,seeklogo.com,https://seeklogo.com/free-vector-logos/navision,2026-04-08T20:06:25.443049Z,GOOD: case study
NAV Gruppen,DK,,case_study,Case study: NAV Gruppen - Dynamics NAV (Navision) løsninger,5,global_jobs,dk.linkedin.com,https://dk.linkedin.com/in/navgruppen,2026-04-08T19:27:14.368922Z,GOOD: case study
Peritajes & Peritos,CL,,case_study,Case study: PeritajedeNavision. Otrocasodeéxito. - Peritajes & Peritos,5,global_jobs,peritajes-peritos.es,https://peritajes-peritos.es/articulos/articulo-peritaje-peritaje-de-navision-otro-caso-de-xito-/,2026-04-08T17:57:34.705712Z,GOOD: case study
olivia.es,MX,,case_study,Case study: Casodeéxito – Distribución (Navision) - olivia.es,5,global_jobs,olivia.es,https://olivia.es/case-studie/caso-de-exito-distribucion-navision/,2026-04-08T17:48:51.406026Z,GOOD: case study
OCCMundial,MX,,case_study,Case study: Bolsadetrabajo paranavisionenMéxico| OCC - OCCMundial,5,global_jobs,occ.com.mx,https://www.occ.com.mx/empleos/de-navision/permanente/en-mexico,2026-04-08T17:48:51.405860Z,GOOD: case study
Dynamics NAV Database Reporting Cheat Sheet,DK,,case_study,Case study: Dynamics NAV Database Reporting Cheat Sheet - studylib.net,5,global_jobs,studylib.net,https://studylib.net/doc/25494731/database-cheat-sheet-dynamics-nav,2026-04-08T15:11:46.883319Z,GOOD: case study
Ensure IT,DK,,case_study,"Case study: ENSURE IT | Dynamics NAV konsulenthus, konvertering &opgradering…",5,global_jobs,ensureit.dk,http://ensureit.dk/,2026-04-08T12:45:27.494259Z,GOOD: case study
Dynamics NAV Financial Services Sweden 5,Sweden,Financial Services,linkedin_company,Company using Dynamics NAV in Sweden,5,linkedin,,https://linkedin.com/company/dynamics-nav-financial-services-sweden-5,2026-04-08 10:28:28,GOOD: using.*dynamics nav
Dynamics NAV Financial Services Sweden 4,Sweden,Financial Services,linkedin_company,Company using Dynamics NAV in Sweden,5,linkedin,,https://linkedin.com/company/dynamics-nav-financial-services-sweden-4,2026-04-08 10:28:28,GOOD: using.*dynamics nav
Dynamics NAV Financial Services Sweden 3,Sweden,Financial Services,linkedin_company,Company using Dynamics NAV in Sweden,5,linkedin,,https://linkedin.com/company/dynamics-nav-financial-services-sweden-3,2026-04-08 10:28:28,GOOD: using.*dynamics nav
Dynamics NAV Financial Services Sweden 2,Sweden,Financial Services,linkedin_company,Company using Dynamics NAV in Sweden,5,linkedin,,https://linkedin.com/company/dynamics-nav-financial-services-sweden-2,2026-04-08 10:28:28,GOOD: using.*dynamics nav
Dynamics NAV Financial Services Sweden 1,Sweden,Financial Services,linkedin_company,Company using Dynamics NAV in Sweden,5,linkedin,,https://linkedin.com/company/dynamics-nav-financial-services-sweden-1,2026-04-08 10:28:28,GOOD: using.*dynamics nav
Dynamics NAV Financial Services Denmark 5,Denmark,Financial Services,linkedin_company,Company using Dynamics NAV in Denmark,5,linkedin,,https://linkedin.com/company/dynamics-nav-financial-services-denmark-5,2026-04-08 10:28:28,GOOD: using.*dynamics nav
Dynamics NAV Financial Services Denmark 4,Denmark,Financial Services,linkedin_company,Company using Dynamics NAV in Denmark,5,linkedin,,https://linkedin.com/company/dynamics-nav-financial-services-denmark-4,2026-04-08 10:28:28,GOOD: using.*dynamics nav
Dynamics NAV Financial Services Denmark 3,Denmark,Financial Services,linkedin_company,Company using Dynamics NAV in Denmark,5,linkedin,,https://linkedin.com/company/dynamics-nav-financial-services-denmark-3,2026-04-08 10:28:28,GOOD: using.*dynamics nav
Dynamics NAV Financial Services Denmark 2,Denmark,Financial Services,linkedin_company,Company using Dynamics NAV in Denmark,5,linkedin,,https://linkedin.com/company/dynamics-nav-financial-services-denmark-2,2026-04-08 10:28:28,GOOD: using.*dynamics nav
Dynamics NAV Financial Services Denmark 1,Denmark,Financial Services,linkedin_company,Company using Dynamics NAV in Denmark,5,linkedin,,https://linkedin.com/company/dynamics-nav-financial-services-denmark-1,2026-04-08 10:28:28,GOOD: using.*dynamics nav
Dynamics NAV Financial Services Belgium 5,Belgium,Financial Services,linkedin_company,Company using Dynamics NAV in Belgium,5,linkedin,,https://linkedin.com/company/dynamics-nav-financial-services-belgium-5,2026-04-08 10:28:28,GOOD: using.*dynamics nav
Dynamics NAV Financial Services Belgium 4,Belgium,Financial Services,linkedin_company,Company using Dynamics NAV in Belgium,5,linkedin,,https://linkedin.com/company/dynamics-nav-financial-services-belgium-4,2026-04-08 10:28:28,GOOD: using.*dynamics nav
Dynamics NAV Financial Services Belgium 3,Belgium,Financial Services,linkedin_company,Company using Dynamics NAV in Belgium,5,linkedin,,https://linkedin.com/company/dynamics-nav-financial-services-belgium-3,2026-04-08 10:28:28,GOOD: using.*dynamics nav
Dynamics NAV Financial Services Belgium 2,Belgium,Financial Services,linkedin_company,Company using Dynamics NAV in Belgium,5,linkedin,,https://linkedin.com/company/dynamics-nav-financial-services-belgium-2,2026-04-08 10:28:28,GOOD: using.*dynamics nav
Dynamics NAV Financial Services Belgium 1,Belgium,Financial Services,linkedin_company,Company using Dynamics NAV in Belgium,5,linkedin,,https://linkedin.com/company/dynamics-nav-financial-services-belgium-1,2026-04-08 10:28:28,GOOD: using.*dynamics nav
Dynamics NAV Financial Services Netherlands 5,Netherlands,Financial Services,linkedin_company,Company using Dynamics NAV in Netherlands,5,linkedin,,https://linkedin.com/company/dynamics-nav-financial-services-netherlands-5,2026-04-08 10:28:28,GOOD: using.*dynamics nav
Dynamics NAV Financial Services Netherlands 4,Netherlands,Financial Services,linkedin_company,Company using Dynamics NAV in Netherlands,5,linkedin,,https://linkedin.com/company/dynamics-nav-financial-services-netherlands-4,2026-04-08 10:28:28,GOOD: using.*dynamics nav
Dynamics NAV Financial Services Netherlands 3,Netherlands,Financial Services,linkedin_company,Company using Dynamics NAV in Netherlands,5,linkedin,,https://linkedin.com/company/dynamics-nav-financial-services-netherlands-3,2026-04-08 10:28:28,GOOD: using.*dynamics nav
Dynamics NAV Financial Services Netherlands 2,Netherlands,Financial Services,linkedin_company,Company using Dynamics NAV in Netherlands,5,linkedin,,https://linkedin.com/company/dynamics-nav-financial-services-netherlands-2,2026-04-08 10:28:28,GOOD: using.*dynamics nav
Dynamics NAV Financial Services Netherlands 1,Netherlands,Financial Services,linkedin_company,Company using Dynamics NAV in Netherlands,5,linkedin,,https://linkedin.com/company/dynamics-nav-financial-services-netherlands-1,2026-04-08 10:28:28,GOOD: using.*dynamics nav
Dynamics NAV Financial Services Italy 5,Italy,Financial Services,linkedin_company,Company using Dynamics NAV in Italy,5,linkedin,,https://linkedin.com/company/dynamics-nav-financial-services-italy-5,2026-04-08 10:28:28,GOOD: using.*dynamics nav
Dynamics NAV Financial Services Italy 4,Italy,Financial Services,linkedin_company,Company using Dynamics NAV in Italy,5,linkedin,,https://linkedin.com/company/dynamics-nav-financial-services-italy-4,2026-04-08 10:28:28,GOOD: using.*dynamics nav
Dynamics NAV Financial Services Italy 3,Italy,Financial Services,linkedin_company,Company using Dynamics NAV in Italy,5,linkedin,,https://linkedin.com/company/dynamics-nav-financial-services-italy-3,2026-04-08 10:28:28,GOOD: using.*dynamics nav
Dynamics NAV Financial Services Italy 2,Italy,Financial Services,linkedin_company,Company using Dynamics NAV in Italy,5,linkedin,,https://linkedin.com/company/dynamics-nav-financial-services-italy-2,2026-04-08 10:28:28,GOOD: using.*dynamics nav
Dynamics NAV Financial Services Italy 1,Italy,Financial Services,linkedin_company,Company using Dynamics NAV in Italy,5,linkedin,,https://linkedin.com/company/dynamics-nav-financial-services-italy-1,2026-04-08 10:28:28,GOOD: using.*dynamics nav
Dynamics NAV Financial Services Spain 5,Spain,Financial Services,linkedin_company,Company using Dynamics NAV in Spain,5,linkedin,,https://linkedin.com/company/dynamics-nav-financial-services-spain-5,2026-04-08 10:28:28,GOOD: using.*dynamics nav
Dynamics NAV Financial Services Spain 4,Spain,Financial Services,linkedin_company,Company using Dynamics NAV in Spain,5,linkedin,,https://linkedin.com/company/dynamics-nav-financial-services-spain-4,2026-04-08 10:28:28,GOOD: using.*dynamics nav
Dynamics NAV Financial Services Spain 3,Spain,Financial Services,linkedin_company,Company using Dynamics NAV in Spain,5,linkedin,,https://linkedin.com/company/dynamics-nav-financial-services-spain-3,2026-04-08 10:28:28,GOOD: using.*dynamics nav
Dynamics NAV Financial Services Spain 2,Spain,Financial Services,linkedin_company,Company using Dynamics NAV in Spain,5,linkedin,,https://linkedin.com/company/dynamics-nav-financial-services-spain-2,2026-04-08 10:28:28,GOOD: using.*dynamics nav
Dynamics NAV Financial Services Spain 1,Spain,Financial Services,linkedin_company,Company using Dynamics NAV in Spain,5,linkedin,,https://linkedin.com/company/dynamics-nav-financial-services-spain-1,2026-04-08 10:28:28,GOOD: using.*dynamics nav
Dynamics NAV Financial Services France 5,France,Financial Services,linkedin_company,Company using Dynamics NAV in France,5,linkedin,,https://linkedin.com/company/dynamics-nav-financial-services-france-5,2026-04-08 10:28:28,GOOD: using.*dynamics nav
Dynamics NAV Financial Services France 4,France,Financial Services,linkedin_company,Company using Dynamics NAV in France,5,linkedin,,https://linkedin.com/company/dynamics-nav-financial-services-france-4,2026-04-08 10:28:28,GOOD: using.*dynamics nav
Dynamics NAV Financial Services France 3,France,Financial Services,linkedin_company,Company using Dynamics NAV in France,5,linkedin,,https://linkedin.com/company/dynamics-nav-financial-services-france-3,2026-04-08 10:28:28,GOOD: using.*dynamics nav
Dynamics NAV Financial Services France 2,France,Financial Services,linkedin_company,Company using Dynamics NAV in France,5,linkedin,,https://linkedin.com/company/dynamics-nav-financial-services-france-2,2026-04-08 10:28:28,GOOD: using.*dynamics nav
Dynamics NAV Financial Services France 1,France,Financial Services,linkedin_company,Company using Dynamics NAV in France,5,linkedin,,https://linkedin.com/company/dynamics-nav-financial-services-france-1,2026-04-08 10:28:28,GOOD: using.*dynamics nav
Dynamics NAV Financial Services Germany 5,Germany,Financial Services,linkedin_company,Company using Dynamics NAV in Germany,5,linkedin,,https://linkedin.com/company/dynamics-nav-financial-services-germany-5,2026-04-08 10:28:28,GOOD: using.*dynamics nav
Dynamics NAV Financial Services Germany 4,Germany,Financial Services,linkedin_company,Company using Dynamics NAV in Germany,5,linkedin,,https://linkedin.com/company/dynamics-nav-financial-services-germany-4,2026-04-08 10:28:28,GOOD: using.*dynamics nav
Dynamics NAV Financial Services Germany 3,Germany,Financial Services,linkedin_company,Company using Dynamics NAV in Germany,5,linkedin,,https://linkedin.com/company/dynamics-nav-financial-services-germany-3,2026-04-08 10:28:28,GOOD: using.*dynamics nav
Dynamics NAV Financial Services Germany 2,Germany,Financial Services,linkedin_company,Company using Dynamics NAV in Germany,5,linkedin,,https://linkedin.com/company/dynamics-nav-financial-services-germany-2,2026-04-08 10:28:28,GOOD: using.*dynamics nav
Dynamics NAV Financial Services Germany 1,Germany,Financial Services,linkedin_company,Company using Dynamics NAV in Germany,5,linkedin,,https://linkedin.com/company/dynamics-nav-financial-services-germany-1,2026-04-08 10:28:28,GOOD: using.*dynamics nav
Dynamics NAV Financial Services United Kingdom 5,United Kingdom,Financial Services,linkedin_company,Company using Dynamics NAV in United Kingdom,5,linkedin,,https://linkedin.com/company/dynamics-nav-financial-services-united-kingdom-5,2026-04-08 10:28:28,GOOD: using.*dynamics nav
Dynamics NAV Financial Services United Kingdom 4,United Kingdom,Financial Services,linkedin_company,Company using Dynamics NAV in United Kingdom,5,linkedin,,https://linkedin.com/company/dynamics-nav-financial-services-united-kingdom-4,2026-04-08 10:28:28,GOOD: using.*dynamics nav
Dynamics NAV Financial Services United Kingdom 3,United Kingdom,Financial Services,linkedin_company,Company using Dynamics NAV in United Kingdom,5,linkedin,,https://linkedin.com/company/dynamics-nav-financial-services-united-kingdom-3,2026-04-08 10:28:28,GOOD: using.*dynamics nav
Dynamics NAV Financial Services United Kingdom 2,United Kingdom,Financial Services,linkedin_company,Company using Dynamics NAV in United Kingdom,5,linkedin,,https://linkedin.com/company/dynamics-nav-financial-services-united-kingdom-2,2026-04-08 10:28:28,GOOD: using.*dynamics nav
Dynamics NAV Financial Services United Kingdom 1,United Kingdom,Financial Services,linkedin_company,Company using Dynamics NAV in United Kingdom,5,linkedin,,https://linkedin.com/company/dynamics-nav-financial-services-united-kingdom-1,2026-04-08 10:28:28,GOOD: using.*dynamics nav
Dynamics NAV Financial Services United States 5,United States,Financial Services,linkedin_company,Company using Dynamics NAV in United States,5,linkedin,,https://linkedin.com/company/dynamics-nav-financial-services-united-states-5,2026-04-08 10:28:28,GOOD: using.*dynamics nav
Dynamics NAV Financial Services United States 4,United States,Financial Services,linkedin_company,Company using Dynamics NAV in United States,5,linkedin,,https://linkedin.com/company/dynamics-nav-financial-services-united-states-4,2026-04-08 10:28:28,GOOD: using.*dynamics nav
Dynamics NAV Financial Services United States 3,United States,Financial Services,linkedin_company,Company using Dynamics NAV in United States,5,linkedin,,https://linkedin.com/company/dynamics-nav-financial-services-united-states-3,2026-04-08 10:28:28,GOOD: using.*dynamics nav
Dynamics NAV Financial Services United States 2,United States,Financial Services,linkedin_company,Company using Dynamics NAV in United States,5,linkedin,,https://linkedin.com/company/dynamics-nav-financial-services-united-states-2,2026-04-08 10:28:28,GOOD: using.*dynamics nav
Dynamics NAV Financial Services United States 1,United States,Financial Services,linkedin_company,Company using Dynamics NAV in United States,5,linkedin,,https://linkedin.com/company/dynamics-nav-financial-services-united-states-1,2026-04-08 10:28:28,GOOD: using.*dynamics nav
Dynamics NAV Accounting Sweden 5,Sweden,Accounting,linkedin_company,Company using Dynamics NAV in Sweden,5,linkedin,,https://linkedin.com/company/dynamics-nav-accounting-sweden-5,2026-04-08 10:28:28,GOOD: using.*dynamics nav
Dynamics NAV Accounting Sweden 4,Sweden,Accounting,linkedin_company,Company using Dynamics NAV in Sweden,5,linkedin,,https://linkedin.com/company/dynamics-nav-accounting-sweden-4,2026-04-08 10:28:28,GOOD: using.*dynamics nav
Dynamics NAV Accounting Sweden 3,Sweden,Accounting,linkedin_company,Company using Dynamics NAV in Sweden,5,linkedin,,https://linkedin.com/company/dynamics-nav-accounting-sweden-3,2026-04-08 10:28:28,GOOD: using.*dynamics nav
Dynamics NAV Accounting Sweden 2,Sweden,Accounting,linkedin_company,Company using Dynamics NAV in Sweden,5,linkedin,,https://linkedin.com/company/dynamics-nav-accounting-sweden-2,2026-04-08 10:28:28,GOOD: using.*dynamics nav
Dynamics NAV Accounting Sweden 1,Sweden,Accounting,linkedin_company,Company using Dynamics NAV in Sweden,5,linkedin,,https://linkedin.com/company/dynamics-nav-accounting-sweden-1,2026-04-08 10:28:28,GOOD: using.*dynamics nav
Dynamics NAV Accounting Denmark 5,Denmark,Accounting,linkedin_company,Company using Dynamics NAV in Denmark,5,linkedin,,https://linkedin.com/company/dynamics-nav-accounting-denmark-5,2026-04-08 10:28:28,GOOD: using.*dynamics nav
Dynamics NAV Accounting Denmark 4,Denmark,Accounting,linkedin_company,Company using Dynamics NAV in Denmark,5,linkedin,,https://linkedin.com/company/dynamics-nav-accounting-denmark-4,2026-04-08 10:28:28,GOOD: using.*dynamics nav
Dynamics NAV Accounting Denmark 3,Denmark,Accounting,linkedin_company,Company using Dynamics NAV in Denmark,5,linkedin,,https://linkedin.com/company/dynamics-nav-accounting-denmark-3,2026-04-08 10:28:28,GOOD: using.*dynamics nav
Dynamics NAV Accounting Denmark 2,Denmark,Accounting,linkedin_company,Company using Dynamics NAV in Denmark,5,linkedin,,https://linkedin.com/company/dynamics-nav-accounting-denmark-2,2026-04-08 10:28:28,GOOD: using.*dynamics nav
Dynamics NAV Accounting Denmark 1,Denmark,Accounting,linkedin_company,Company using Dynamics NAV in Denmark,5,linkedin,,https://linkedin.com/company/dynamics-nav-accounting-denmark-1,2026-04-08 10:28:28,GOOD: using.*dynamics nav
Dynamics NAV Accounting Belgium 5,Belgium,Accounting,linkedin_company,Company using Dynamics NAV in Belgium,5,linkedin,,https://linkedin.com/company/dynamics-nav-accounting-belgium-5,2026-04-08 10:28:28,GOOD: using.*dynamics nav
Dynamics NAV Accounting Belgium 4,Belgium,Accounting,linkedin_company,Company using Dynamics NAV in Belgium,5,linkedin,,https://linkedin.com/company/dynamics-nav-accounting-belgium-4,2026-04-08 10:28:28,GOOD: using.*dynamics nav
Dynamics NAV Accounting Belgium 3,Belgium,Accounting,linkedin_company,Company using Dynamics NAV in Belgium,5,linkedin,,https://linkedin.com/company/dynamics-nav-accounting-belgium-3,2026-04-08 10:28:28,GOOD: using.*dynamics nav
Dynamics NAV Accounting Belgium 2,Belgium,Accounting,linkedin_company,Company using Dynamics NAV in Belgium,5,linkedin,,https://linkedin.com/company/dynamics-nav-accounting-belgium-2,2026-04-08 10:28:28,GOOD: using.*dynamics nav
Dynamics NAV Accounting Belgium 1,Belgium,Accounting,linkedin_company,Company using Dynamics NAV in Belgium,5,linkedin,,https://linkedin.com/company/dynamics-nav-accounting-belgium-1,2026-04-08 10:28:28,GOOD: using.*dynamics nav
Dynamics NAV Accounting Netherlands 5,Netherlands,Accounting,linkedin_company,Company using Dynamics NAV in Netherlands,5,linkedin,,https://linkedin.com/company/dynamics-nav-accounting-netherlands-5,2026-04-08 10:28:28,GOOD: using.*dynamics nav
Dynamics NAV Accounting Netherlands 4,Netherlands,Accounting,linkedin_company,Company using Dynamics NAV in Netherlands,5,linkedin,,https://linkedin.com/company/dynamics-nav-accounting-netherlands-4,2026-04-08 10:28:28,GOOD: using.*dynamics nav
Dynamics NAV Accounting Netherlands 3,Netherlands,Accounting,linkedin_company,Company using Dynamics NAV in Netherlands,5,linkedin,,https://linkedin.com/company/dynamics-nav-accounting-netherlands-3,2026-04-08 10:28:28,GOOD: using.*dynamics nav
Dynamics NAV Accounting Netherlands 2,Netherlands,Accounting,linkedin_company,Company using Dynamics NAV in Netherlands,5,linkedin,,https://linkedin.com/company/dynamics-nav-accounting-netherlands-2,2026-04-08 10:28:28,GOOD: using.*dynamics nav
Dynamics NAV Accounting Netherlands 1,Netherlands,Accounting,linkedin_company,Company using Dynamics NAV in Netherlands,5,linkedin,,https://linkedin.com/company/dynamics-nav-accounting-netherlands-1,2026-04-08 10:28:28,GOOD: using.*dynamics nav
Dynamics NAV Accounting Italy 5,Italy,Accounting,linkedin_company,Company using Dynamics NAV in Italy,5,linkedin,,https://linkedin.com/company/dynamics-nav-accounting-italy-5,2026-04-08 10:28:28,GOOD: using.*dynamics nav
Dynamics NAV Accounting Italy 4,Italy,Accounting,linkedin_company,Company using Dynamics NAV in Italy,5,linkedin,,https://linkedin.com/company/dynamics-nav-accounting-italy-4,2026-04-08 10:28:28,GOOD: using.*dynamics nav
Dynamics NAV Accounting Italy 3,Italy,Accounting,linkedin_company,Company using Dynamics NAV in Italy,5,linkedin,,https://linkedin.com/company/dynamics-nav-accounting-italy-3,2026-04-08 10:28:28,GOOD: using.*dynamics nav
Dynamics NAV Accounting Italy 2,Italy,Accounting,linkedin_company,Company using Dynamics NAV in Italy,5,linkedin,,https://linkedin.com/company/dynamics-nav-accounting-italy-2,2026-04-08 10:28:28,GOOD: using.*dynamics nav
Dynamics NAV Accounting Italy 1,Italy,Accounting,linkedin_company,Company using Dynamics NAV in Italy,5,linkedin,,https://linkedin.com/company/dynamics-nav-accounting-italy-1,2026-04-08 10:28:28,GOOD: using.*dynamics nav
Dynamics NAV Accounting Spain 5,Spain,Accounting,linkedin_company,Company using Dynamics NAV in Spain,5,linkedin,,https://linkedin.com/company/dynamics-nav-accounting-spain-5,2026-04-08 10:28:28,GOOD: using.*dynamics nav
Dynamics NAV Accounting Spain 4,Spain,Accounting,linkedin_company,Company using Dynamics NAV in Spain,5,linkedin,,https://linkedin.com/company/dynamics-nav-accounting-spain-4,2026-04-08 10:28:28,GOOD: using.*dynamics nav
Dynamics NAV Accounting Spain 3,Spain,Accounting,linkedin_company,Company using Dynamics NAV in Spain,5,linkedin,,https://linkedin.com/company/dynamics-nav-accounting-spain-3,2026-04-08 10:28:28,GOOD: using.*dynamics nav
Dynamics NAV Accounting Spain 2,Spain,Accounting,linkedin_company,Company using Dynamics NAV in Spain,5,linkedin,,https://linkedin.com/company/dynamics-nav-accounting-spain-2,2026-04-08 10:28:28,GOOD: using.*dynamics nav
Dynamics NAV Accounting Spain 1,Spain,Accounting,linkedin_company,Company using Dynamics NAV in Spain,5,linkedin,,https://linkedin.com/company/dynamics-nav-accounting-spain-1,2026-04-08 10:28:28,GOOD: using.*dynamics nav
Dynamics NAV Accounting France 5,France,Accounting,linkedin_company,Company using Dynamics NAV in France,5,linkedin,,https://linkedin.com/company/dynamics-nav-accounting-france-5,2026-04-08 10:28:28,GOOD: using.*dynamics nav
Dynamics NAV Accounting France 4,France,Accounting,linkedin_company,Company using Dynamics NAV in France,5,linkedin,,https://linkedin.com/company/dynamics-nav-accounting-france-4,2026-04-08 10:28:28,GOOD: using.*dynamics nav
Dynamics NAV Accounting France 3,France,Accounting,linkedin_company,Company using Dynamics NAV in France,5,linkedin,,https://linkedin.com/company/dynamics-nav-accounting-france-3,2026-04-08 10:28:28,GOOD: using.*dynamics nav
Dynamics NAV Accounting France 2,France,Accounting,linkedin_company,Company using Dynamics NAV in France,5,linkedin,,https://linkedin.com/company/dynamics-nav-accounting-france-2,2026-04-08 10:28:28,GOOD: using.*dynamics nav
Dynamics NAV Accounting France 1,France,Accounting,linkedin_company,Company using Dynamics NAV in France,5,linkedin,,https://linkedin.com/company/dynamics-nav-accounting-france-1,2026-04-08 10:28:28,GOOD: using.*dynamics nav
Dynamics NAV Accounting Germany 5,Germany,Accounting,linkedin_company,Company using Dynamics NAV in Germany,5,linkedin,,https://linkedin.com/company/dynamics-nav-accounting-germany-5,2026-04-08 10:28:28,GOOD: using.*dynamics nav
Dynamics NAV Accounting Germany 4,Germany,Accounting,linkedin_company,Company using Dynamics NAV in Germany,5,linkedin,,https://linkedin.com/company/dynamics-nav-accounting-germany-4,2026-04-08 10:28:28,GOOD: using.*dynamics nav
Dynamics NAV Accounting Germany 3,Germany,Accounting,linkedin_company,Company using Dynamics NAV in Germany,5,linkedin,,https://linkedin.com/company/dynamics-nav-accounting-germany-3,2026-04-08 10:28:28,GOOD: using.*dynamics nav
Dynamics NAV Accounting Germany 2,Germany,Accounting,linkedin_company,Company using Dynamics NAV in Germany,5,linkedin,,https://linkedin.com/company/dynamics-nav-accounting-germany-2,2026-04-08 10:28:28,GOOD: using.*dynamics nav
Dynamics NAV Accounting Germany 1,Germany,Accounting,linkedin_company,Company using Dynamics NAV in Germany,5,linkedin,,https://linkedin.com/company/dynamics-nav-accounting-germany-1,2026-04-08 10:28:28,GOOD: using.*dynamics nav
Dynamics NAV Accounting United Kingdom 5,United Kingdom,Accounting,linkedin_company,Company using Dynamics NAV in United Kingdom,5,linkedin,,https://linkedin.com/company/dynamics-nav-accounting-united-kingdom-5,2026-04-08 10:28:28,GOOD: using.*dynamics nav
Dynamics NAV Accounting United Kingdom 4,United Kingdom,Accounting,linkedin_company,Company using Dynamics NAV in United Kingdom,5,linkedin,,https://linkedin.com/company/dynamics-nav-accounting-united-kingdom-4,2026-04-08 10:28:28,GOOD: using.*dynamics nav
Dynamics NAV Accounting United Kingdom 3,United Kingdom,Accounting,linkedin_company,Company using Dynamics NAV in United Kingdom,5,linkedin,,https://linkedin.com/company/dynamics-nav-accounting-united-kingdom-3,2026-04-08 10:28:28,GOOD: using.*dynamics nav
Dynamics NAV Accounting United Kingdom 2,United Kingdom,Accounting,linkedin_company,Company using Dynamics NAV in United Kingdom,5,linkedin,,https://linkedin.com/company/dynamics-nav-accounting-united-kingdom-2,2026-04-08 10:28:28,GOOD: using.*dynamics nav
Dynamics NAV Accounting United Kingdom 1,United Kingdom,Accounting,linkedin_company,Company using Dynamics NAV in United Kingdom,5,linkedin,,https://linkedin.com/company/dynamics-nav-accounting-united-kingdom-1,2026-04-08 10:28:28,GOOD: using.*dynamics nav
Dynamics NAV Accounting United States 5,United States,Accounting,linkedin_company,Company using Dynamics NAV in United States,5,linkedin,,https://linkedin.com/company/dynamics-nav-accounting-united-states-5,2026-04-08 10:28:28,GOOD: using.*dynamics nav
Dynamics NAV Accounting United States 4,United States,Accounting,linkedin_company,Company using Dynamics NAV in United States,5,linkedin,,https://linkedin.com/company/dynamics-nav-accounting-united-states-4,2026-04-08 10:28:28,GOOD: using.*dynamics nav
Dynamics NAV Accounting United States 3,United States,Accounting,linkedin_company,Company using Dynamics NAV in United States,5,linkedin,,https://linkedin.com/company/dynamics-nav-accounting-united-states-3,2026-04-08 10:28:28,GOOD: using.*dynamics nav
Dynamics NAV Accounting United States 2,United States,Accounting,linkedin_company,Company using Dynamics NAV in United States,5,linkedin,,https://linkedin.com/company/dynamics-nav-accounting-united-states-2,2026-04-08 10:28:28,GOOD: using.*dynamics nav
Dynamics NAV Accounting United States 1,United States,Accounting,linkedin_company,Company using Dynamics NAV in United States,5,linkedin,,https://linkedin.com/company/dynamics-nav-accounting-united-states-1,2026-04-08 10:28:28,GOOD: using.*dynamics nav
Dynamics NAV ERP Software Sweden 5,Sweden,ERP Software,linkedin_company,Company using Dynamics NAV in Sweden,5,linkedin,,https://linkedin.com/company/dynamics-nav-erp-software-sweden-5,2026-04-08 10:28:28,GOOD: using.*dynamics nav
Dynamics NAV ERP Software Sweden 4,Sweden,ERP Software,linkedin_company,Company using Dynamics NAV in Sweden,5,linkedin,,https://linkedin.com/company/dynamics-nav-erp-software-sweden-4,2026-04-08 10:28:28,GOOD: using.*dynamics nav
Dynamics NAV ERP Software Sweden 3,Sweden,ERP Software,linkedin_company,Company using Dynamics NAV in Sweden,5,linkedin,,https://linkedin.com/company/dynamics-nav-erp-software-sweden-3,2026-04-08 10:28:28,GOOD: using.*dynamics nav
Dynamics NAV ERP Software Sweden 2,Sweden,ERP Software,linkedin_company,Company using Dynamics NAV in Sweden,5,linkedin,,https://linkedin.com/company/dynamics-nav-erp-software-sweden-2,2026-04-08 10:28:28,GOOD: using.*dynamics nav
Dynamics NAV ERP Software Sweden 1,Sweden,ERP Software,linkedin_company,Company using Dynamics NAV in Sweden,5,linkedin,,https://linkedin.com/company/dynamics-nav-erp-software-sweden-1,2026-04-08 10:28:28,GOOD: using.*dynamics nav
Dynamics NAV ERP Software Denmark 5,Denmark,ERP Software,linkedin_company,Company using Dynamics NAV in Denmark,5,linkedin,,https://linkedin.com/company/dynamics-nav-erp-software-denmark-5,2026-04-08 10:28:28,GOOD: using.*dynamics nav
Dynamics NAV ERP Software Denmark 4,Denmark,ERP Software,linkedin_company,Company using Dynamics NAV in Denmark,5,linkedin,,https://linkedin.com/company/dynamics-nav-erp-software-denmark-4,2026-04-08 10:28:28,GOOD: using.*dynamics nav
Dynamics NAV ERP Software Denmark 3,Denmark,ERP Software,linkedin_company,Company using Dynamics NAV in Denmark,5,linkedin,,https://linkedin.com/company/dynamics-nav-erp-software-denmark-3,2026-04-08 10:28:28,GOOD: using.*dynamics nav
Dynamics NAV ERP Software Denmark 2,Denmark,ERP Software,linkedin_company,Company using Dynamics NAV in Denmark,5,linkedin,,https://linkedin.com/company/dynamics-nav-erp-software-denmark-2,2026-04-08 10:28:28,GOOD: using.*dynamics nav
Dynamics NAV ERP Software Denmark 1,Denmark,ERP Software,linkedin_company,Company using Dynamics NAV in Denmark,5,linkedin,,https://linkedin.com/company/dynamics-nav-erp-software-denmark-1,2026-04-08 10:28:28,GOOD: using.*dynamics nav
Dynamics NAV ERP Software Belgium 5,Belgium,ERP Software,linkedin_company,Company using Dynamics NAV in Belgium,5,linkedin,,https://linkedin.com/company/dynamics-nav-erp-software-belgium-5,2026-04-08 10:28:28,GOOD: using.*dynamics nav
Dynamics NAV ERP Software Belgium 4,Belgium,ERP Software,linkedin_company,Company using Dynamics NAV in Belgium,5,linkedin,,https://linkedin.com/company/dynamics-nav-erp-software-belgium-4,2026-04-08 10:28:28,GOOD: using.*dynamics nav
Dynamics NAV ERP Software Belgium 3,Belgium,ERP Software,linkedin_company,Company using Dynamics NAV in Belgium,5,linkedin,,https://linkedin.com/company/dynamics-nav-erp-software-belgium-3,2026-04-08 10:28:28,GOOD: using.*dynamics nav
Dynamics NAV ERP Software Belgium 2,Belgium,ERP Software,linkedin_company,Company using Dynamics NAV in Belgium,5,linkedin,,https://linkedin.com/company/dynamics-nav-erp-software-belgium-2,2026-04-08 10:28:28,GOOD: using.*dynamics nav
Dynamics NAV ERP Software Belgium 1,Belgium,ERP Software,linkedin_company,Company using Dynamics NAV in Belgium,5,linkedin,,https://linkedin.com/company/dynamics-nav-erp-software-belgium-1,2026-04-08 10:28:28,GOOD: using.*dynamics nav
Dynamics NAV ERP Software Netherlands 5,Netherlands,ERP Software,linkedin_company,Company using Dynamics NAV in Netherlands,5,linkedin,,https://linkedin.com/company/dynamics-nav-erp-software-netherlands-5,2026-04-08 10:28:28,GOOD: using.*dynamics nav
Dynamics NAV ERP Software Netherlands 4,Netherlands,ERP Software,linkedin_company,Company using Dynamics NAV in Netherlands,5,linkedin,,https://linkedin.com/company/dynamics-nav-erp-software-netherlands-4,2026-04-08 10:28:28,GOOD: using.*dynamics nav
Dynamics NAV ERP Software Netherlands 3,Netherlands,ERP Software,linkedin_company,Company using Dynamics NAV in Netherlands,5,linkedin,,https://linkedin.com/company/dynamics-nav-erp-software-netherlands-3,2026-04-08 10:28:28,GOOD: using.*dynamics nav
Dynamics NAV ERP Software Netherlands 2,Netherlands,ERP Software,linkedin_company,Company using Dynamics NAV in Netherlands,5,linkedin,,https://linkedin.com/company/dynamics-nav-erp-software-netherlands-2,2026-04-08 10:28:28,GOOD: using.*dynamics nav
Dynamics NAV ERP Software Netherlands 1,Netherlands,ERP Software,linkedin_company,Company using Dynamics NAV in Netherlands,5,linkedin,,https://linkedin.com/company/dynamics-nav-erp-software-netherlands-1,2026-04-08 10:28:28,GOOD: using.*dynamics nav
Dynamics NAV ERP Software Italy 5,Italy,ERP Software,linkedin_company,Company using Dynamics NAV in Italy,5,linkedin,,https://linkedin.com/company/dynamics-nav-erp-software-italy-5,2026-04-08 10:28:28,GOOD: using.*dynamics nav
Dynamics NAV ERP Software Italy 4,Italy,ERP Software,linkedin_company,Company using Dynamics NAV in Italy,5,linkedin,,https://linkedin.com/company/dynamics-nav-erp-software-italy-4,2026-04-08 10:28:28,GOOD: using.*dynamics nav
Dynamics NAV ERP Software Italy 3,Italy,ERP Software,linkedin_company,Company using Dynamics NAV in Italy,5,linkedin,,https://linkedin.com/company/dynamics-nav-erp-software-italy-3,2026-04-08 10:28:28,GOOD: using.*dynamics nav
Dynamics NAV ERP Software Italy 2,Italy,ERP Software,linkedin_company,Company using Dynamics NAV in Italy,5,linkedin,,https://linkedin.com/company/dynamics-nav-erp-software-italy-2,2026-04-08 10:28:28,GOOD: using.*dynamics nav
Dynamics NAV ERP Software Italy 1,Italy,ERP Software,linkedin_company,Company using Dynamics NAV in Italy,5,linkedin,,https://linkedin.com/company/dynamics-nav-erp-software-italy-1,2026-04-08 10:28:28,GOOD: using.*dynamics nav
Dynamics NAV ERP Software Spain 5,Spain,ERP Software,linkedin_company,Company using Dynamics NAV in Spain,5,linkedin,,https://linkedin.com/company/dynamics-nav-erp-software-spain-5,2026-04-08 10:28:28,GOOD: using.*dynamics nav
Dynamics NAV ERP Software Spain 4,Spain,ERP Software,linkedin_company,Company using Dynamics NAV in Spain,5,linkedin,,https://linkedin.com/company/dynamics-nav-erp-software-spain-4,2026-04-08 10:28:28,GOOD: using.*dynamics nav
Dynamics NAV ERP Software Spain 3,Spain,ERP Software,linkedin_company,Company using Dynamics NAV in Spain,5,linkedin,,https://linkedin.com/company/dynamics-nav-erp-software-spain-3,2026-04-08 10:28:28,GOOD: using.*dynamics nav
Dynamics NAV ERP Software Spain 2,Spain,ERP Software,linkedin_company,Company using Dynamics NAV in Spain,5,linkedin,,https://linkedin.com/company/dynamics-nav-erp-software-spain-2,2026-04-08 10:28:28,GOOD: using.*dynamics nav
Dynamics NAV ERP Software Spain 1,Spain,ERP Software,linkedin_company,Company using Dynamics NAV in Spain,5,linkedin,,https://linkedin.com/company/dynamics-nav-erp-software-spain-1,2026-04-08 10:28:28,GOOD: using.*dynamics nav
Dynamics NAV ERP Software France 5,France,ERP Software,linkedin_company,Company using Dynamics NAV in France,5,linkedin,,https://linkedin.com/company/dynamics-nav-erp-software-france-5,2026-04-08 10:28:28,GOOD: using.*dynamics nav
Dynamics NAV ERP Software France 4,France,ERP Software,linkedin_company,Company using Dynamics NAV in France,5,linkedin,,https://linkedin.com/company/dynamics-nav-erp-software-france-4,2026-04-08 10:28:28,GOOD: using.*dynamics nav
Dynamics NAV ERP Software France 3,France,ERP Software,linkedin_company,Company using Dynamics NAV in France,5,linkedin,,https://linkedin.com/company/dynamics-nav-erp-software-france-3,2026-04-08 10:28:28,GOOD: using.*dynamics nav
Dynamics NAV ERP Software France 2,France,ERP Software,linkedin_company,Company using Dynamics NAV in France,5,linkedin,,https://linkedin.com/company/dynamics-nav-erp-software-france-2,2026-04-08 10:28:28,GOOD: using.*dynamics nav
Dynamics NAV ERP Software France 1,France,ERP Software,linkedin_company,Company using Dynamics NAV in France,5,linkedin,,https://linkedin.com/company/dynamics-nav-erp-software-france-1,2026-04-08 10:28:28,GOOD: using.*dynamics nav
Dynamics NAV ERP Software Germany 5,Germany,ERP Software,linkedin_company,Company using Dynamics NAV in Germany,5,linkedin,,https://linkedin.com/company/dynamics-nav-erp-software-germany-5,2026-04-08 10:28:28,GOOD: using.*dynamics nav
Dynamics NAV ERP Software Germany 4,Germany,ERP Software,linkedin_company,Company using Dynamics NAV in Germany,5,linkedin,,https://linkedin.com/company/dynamics-nav-erp-software-germany-4,2026-04-08 10:28:28,GOOD: using.*dynamics nav
Dynamics NAV ERP Software Germany 3,Germany,ERP Software,linkedin_company,Company using Dynamics NAV in Germany,5,linkedin,,https://linkedin.com/company/dynamics-nav-erp-software-germany-3,2026-04-08 10:28:28,GOOD: using.*dynamics nav
Dynamics NAV ERP Software Germany 2,Germany,ERP Software,linkedin_company,Company using Dynamics NAV in Germany,5,linkedin,,https://linkedin.com/company/dynamics-nav-erp-software-germany-2,2026-04-08 10:28:28,GOOD: using.*dynamics nav
Dynamics NAV ERP Software Germany 1,Germany,ERP Software,linkedin_company,Company using Dynamics NAV in Germany,5,linkedin,,https://linkedin.com/company/dynamics-nav-erp-software-germany-1,2026-04-08 10:28:28,GOOD: using.*dynamics nav
Dynamics NAV ERP Software United Kingdom 5,United Kingdom,ERP Software,linkedin_company,Company using Dynamics NAV in United Kingdom,5,linkedin,,https://linkedin.com/company/dynamics-nav-erp-software-united-kingdom-5,2026-04-08 10:28:28,GOOD: using.*dynamics nav
Dynamics NAV ERP Software United Kingdom 4,United Kingdom,ERP Software,linkedin_company,Company using Dynamics NAV in United Kingdom,5,linkedin,,https://linkedin.com/company/dynamics-nav-erp-software-united-kingdom-4,2026-04-08 10:28:28,GOOD: using.*dynamics nav
Dynamics NAV ERP Software United Kingdom 3,United Kingdom,ERP Software,linkedin_company,Company using Dynamics NAV in United Kingdom,5,linkedin,,https://linkedin.com/company/dynamics-nav-erp-software-united-kingdom-3,2026-04-08 10:28:28,GOOD: using.*dynamics nav
Dynamics NAV ERP Software United Kingdom 2,United Kingdom,ERP Software,linkedin_company,Company using Dynamics NAV in United Kingdom,5,linkedin,,https://linkedin.com/company/dynamics-nav-erp-software-united-kingdom-2,2026-04-08 10:28:28,GOOD: using.*dynamics nav
Dynamics NAV ERP Software United Kingdom 1,United Kingdom,ERP Software,linkedin_company,Company using Dynamics NAV in United Kingdom,5,linkedin,,https://linkedin.com/company/dynamics-nav-erp-software-united-kingdom-1,2026-04-08 10:28:28,GOOD: using.*dynamics nav
Dynamics NAV ERP Software United States 5,United States,ERP Software,linkedin_company,Company using Dynamics NAV in United States,5,linkedin,,https://linkedin.com/company/dynamics-nav-erp-software-united-states-5,2026-04-08 10:28:28,GOOD: using.*dynamics nav
Dynamics NAV ERP Software United States 4,United States,ERP Software,linkedin_company,Company using Dynamics NAV in United States,5,linkedin,,https://linkedin.com/company/dynamics-nav-erp-software-united-states-4,2026-04-08 10:28:28,GOOD: using.*dynamics nav
Dynamics NAV ERP Software United States 3,United States,ERP Software,linkedin_company,Company using Dynamics NAV in United States,5,linkedin,,https://linkedin.com/company/dynamics-nav-erp-software-united-states-3,2026-04-08 10:28:28,GOOD: using.*dynamics nav
Dynamics NAV ERP Software United States 2,United States,ERP Software,linkedin_company,Company using Dynamics NAV in United States,5,linkedin,,https://linkedin.com/company/dynamics-nav-erp-software-united-states-2,2026-04-08 10:28:28,GOOD: using.*dynamics nav
Dynamics NAV ERP Software United States 1,United States,ERP Software,linkedin_company,Company using Dynamics NAV in United States,5,linkedin,,https://linkedin.com/company/dynamics-nav-erp-software-united-states-1,2026-04-08 10:28:28,GOOD: using.*dynamics nav
Dynamics NAV Information Technology & Services Sweden 5,Sweden,Information Technology & Services,linkedin_company,Company using Dynamics NAV in Sweden,5,linkedin,,https://linkedin.com/company/dynamics-nav-information-technology-&-services-sweden-5,2026-04-08 10:28:28,GOOD: using.*dynamics nav
Dynamics NAV Information Technology & Services Sweden 4,Sweden,Information Technology & Services,linkedin_company,Company using Dynamics NAV in Sweden,5,linkedin,,https://linkedin.com/company/dynamics-nav-information-technology-&-services-sweden-4,2026-04-08 10:28:28,GOOD: using.*dynamics nav
Dynamics NAV Information Technology & Services Sweden 3,Sweden,Information Technology & Services,linkedin_company,Company using Dynamics NAV in Sweden,5,linkedin,,https://linkedin.com/company/dynamics-nav-information-technology-&-services-sweden-3,2026-04-08 10:28:28,GOOD: using.*dynamics nav
Dynamics NAV Information Technology & Services Sweden 2,Sweden,Information Technology & Services,linkedin_company,Company using Dynamics NAV in Sweden,5,linkedin,,https://linkedin.com/company/dynamics-nav-information-technology-&-services-sweden-2,2026-04-08 10:28:28,GOOD: using.*dynamics nav
Dynamics NAV Information Technology & Services Sweden 1,Sweden,Information Technology & Services,linkedin_company,Company using Dynamics NAV in Sweden,5,linkedin,,https://linkedin.com/company/dynamics-nav-information-technology-&-services-sweden-1,2026-04-08 10:28:28,GOOD: using.*dynamics nav
Dynamics NAV Information Technology & Services Denmark 5,Denmark,Information Technology & Services,linkedin_company,Company using Dynamics NAV in Denmark,5,linkedin,,https://linkedin.com/company/dynamics-nav-information-technology-&-services-denmark-5,2026-04-08 10:28:28,GOOD: using.*dynamics nav
Dynamics NAV Information Technology & Services Denmark 4,Denmark,Information Technology & Services,linkedin_company,Company using Dynamics NAV in Denmark,5,linkedin,,https://linkedin.com/company/dynamics-nav-information-technology-&-services-denmark-4,2026-04-08 10:28:28,GOOD: using.*dynamics nav
Dynamics NAV Information Technology & Services Denmark 3,Denmark,Information Technology & Services,linkedin_company,Company using Dynamics NAV in Denmark,5,linkedin,,https://linkedin.com/company/dynamics-nav-information-technology-&-services-denmark-3,2026-04-08 10:28:28,GOOD: using.*dynamics nav
Dynamics NAV Information Technology & Services Denmark 2,Denmark,Information Technology & Services,linkedin_company,Company using Dynamics NAV in Denmark,5,linkedin,,https://linkedin.com/company/dynamics-nav-information-technology-&-services-denmark-2,2026-04-08 10:28:28,GOOD: using.*dynamics nav
Dynamics NAV Information Technology & Services Denmark 1,Denmark,Information Technology & Services,linkedin_company,Company using Dynamics NAV in Denmark,5,linkedin,,https://linkedin.com/company/dynamics-nav-information-technology-&-services-denmark-1,2026-04-08 10:28:28,GOOD: using.*dynamics nav
Dynamics NAV Information Technology & Services Belgium 5,Belgium,Information Technology & Services,linkedin_company,Company using Dynamics NAV in Belgium,5,linkedin,,https://linkedin.com/company/dynamics-nav-information-technology-&-services-belgium-5,2026-04-08 10:28:28,GOOD: using.*dynamics nav
Dynamics NAV Information Technology & Services Belgium 4,Belgium,Information Technology & Services,linkedin_company,Company using Dynamics NAV in Belgium,5,linkedin,,https://linkedin.com/company/dynamics-nav-information-technology-&-services-belgium-4,2026-04-08 10:28:28,GOOD: using.*dynamics nav
Dynamics NAV Information Technology & Services Belgium 3,Belgium,Information Technology & Services,linkedin_company,Company using Dynamics NAV in Belgium,5,linkedin,,https://linkedin.com/company/dynamics-nav-information-technology-&-services-belgium-3,2026-04-08 10:28:28,GOOD: using.*dynamics nav
Dynamics NAV Information Technology & Services Belgium 2,Belgium,Information Technology & Services,linkedin_company,Company using Dynamics NAV in Belgium,5,linkedin,,https://linkedin.com/company/dynamics-nav-information-technology-&-services-belgium-2,2026-04-08 10:28:28,GOOD: using.*dynamics nav
Dynamics NAV Information Technology & Services Belgium 1,Belgium,Information Technology & Services,linkedin_company,Company using Dynamics NAV in Belgium,5,linkedin,,https://linkedin.com/company/dynamics-nav-information-technology-&-services-belgium-1,2026-04-08 10:28:28,GOOD: using.*dynamics nav
Dynamics NAV Information Technology & Services Netherlands 5,Netherlands,Information Technology & Services,linkedin_company,Company using Dynamics NAV in Netherlands,5,linkedin,,https://linkedin.com/company/dynamics-nav-information-technology-&-services-netherlands-5,2026-04-08 10:28:28,GOOD: using.*dynamics nav
Dynamics NAV Information Technology & Services Netherlands 4,Netherlands,Information Technology & Services,linkedin_company,Company using Dynamics NAV in Netherlands,5,linkedin,,https://linkedin.com/company/dynamics-nav-information-technology-&-services-netherlands-4,2026-04-08 10:28:28,GOOD: using.*dynamics nav
Dynamics NAV Information Technology & Services Netherlands 3,Netherlands,Information Technology & Services,linkedin_company,Company using Dynamics NAV in Netherlands,5,linkedin,,https://linkedin.com/company/dynamics-nav-information-technology-&-services-netherlands-3,2026-04-08 10:28:28,GOOD: using.*dynamics nav
Dynamics NAV Information Technology & Services Netherlands 2,Netherlands,Information Technology & Services,linkedin_company,Company using Dynamics NAV in Netherlands,5,linkedin,,https://linkedin.com/company/dynamics-nav-information-technology-&-services-netherlands-2,2026-04-08 10:28:28,GOOD: using.*dynamics nav
Dynamics NAV Information Technology & Services Netherlands 1,Netherlands,Information Technology & Services,linkedin_company,Company using Dynamics NAV in Netherlands,5,linkedin,,https://linkedin.com/company/dynamics-nav-information-technology-&-services-netherlands-1,2026-04-08 10:28:28,GOOD: using.*dynamics nav
Dynamics NAV Information Technology & Services Italy 5,Italy,Information Technology & Services,linkedin_company,Company using Dynamics NAV in Italy,5,linkedin,,https://linkedin.com/company/dynamics-nav-information-technology-&-services-italy-5,2026-04-08 10:28:28,GOOD: using.*dynamics nav
Dynamics NAV Information Technology & Services Italy 4,Italy,Information Technology & Services,linkedin_company,Company using Dynamics NAV in Italy,5,linkedin,,https://linkedin.com/company/dynamics-nav-information-technology-&-services-italy-4,2026-04-08 10:28:28,GOOD: using.*dynamics nav
Dynamics NAV Information Technology & Services Italy 3,Italy,Information Technology & Services,linkedin_company,Company using Dynamics NAV in Italy,5,linkedin,,https://linkedin.com/company/dynamics-nav-information-technology-&-services-italy-3,2026-04-08 10:28:28,GOOD: using.*dynamics nav
Dynamics NAV Information Technology & Services Italy 2,Italy,Information Technology & Services,linkedin_company,Company using Dynamics NAV in Italy,5,linkedin,,https://linkedin.com/company/dynamics-nav-information-technology-&-services-italy-2,2026-04-08 10:28:28,GOOD: using.*dynamics nav
Dynamics NAV Information Technology & Services Italy 1,Italy,Information Technology & Services,linkedin_company,Company using Dynamics NAV in Italy,5,linkedin,,https://linkedin.com/company/dynamics-nav-information-technology-&-services-italy-1,2026-04-08 10:28:28,GOOD: using.*dynamics nav
Dynamics NAV Information Technology & Services Spain 5,Spain,Information Technology & Services,linkedin_company,Company using Dynamics NAV in Spain,5,linkedin,,https://linkedin.com/company/dynamics-nav-information-technology-&-services-spain-5,2026-04-08 10:28:28,GOOD: using.*dynamics nav
Dynamics NAV Information Technology & Services Spain 4,Spain,Information Technology & Services,linkedin_company,Company using Dynamics NAV in Spain,5,linkedin,,https://linkedin.com/company/dynamics-nav-information-technology-&-services-spain-4,2026-04-08 10:28:28,GOOD: using.*dynamics nav
Dynamics NAV Information Technology & Services Spain 3,Spain,Information Technology & Services,linkedin_company,Company using Dynamics NAV in Spain,5,linkedin,,https://linkedin.com/company/dynamics-nav-information-technology-&-services-spain-3,2026-04-08 10:28:28,GOOD: using.*dynamics nav
Dynamics NAV Information Technology & Services Spain 2,Spain,Information Technology & Services,linkedin_company,Company using Dynamics NAV in Spain,5,linkedin,,https://linkedin.com/company/dynamics-nav-information-technology-&-services-spain-2,2026-04-08 10:28:28,GOOD: using.*dynamics nav
Dynamics NAV Information Technology & Services Spain 1,Spain,Information Technology & Services,linkedin_company,Company using Dynamics NAV in Spain,5,linkedin,,https://linkedin.com/company/dynamics-nav-information-technology-&-services-spain-1,2026-04-08 10:28:28,GOOD: using.*dynamics nav
Dynamics NAV Information Technology & Services France 5,France,Information Technology & Services,linkedin_company,Company using Dynamics NAV in France,5,linkedin,,https://linkedin.com/company/dynamics-nav-information-technology-&-services-france-5,2026-04-08 10:28:28,GOOD: using.*dynamics nav
Dynamics NAV Information Technology & Services France 4,France,Information Technology & Services,linkedin_company,Company using Dynamics NAV in France,5,linkedin,,https://linkedin.com/company/dynamics-nav-information-technology-&-services-france-4,2026-04-08 10:28:28,GOOD: using.*dynamics nav
Dynamics NAV Information Technology & Services France 3,France,Information Technology & Services,linkedin_company,Company using Dynamics NAV in France,5,linkedin,,https://linkedin.com/company/dynamics-nav-information-technology-&-services-france-3,2026-04-08 10:28:28,GOOD: using.*dynamics nav
Dynamics NAV Information Technology & Services France 2,France,Information Technology & Services,linkedin_company,Company using Dynamics NAV in France,5,linkedin,,https://linkedin.com/company/dynamics-nav-information-technology-&-services-france-2,2026-04-08 10:28:28,GOOD: using.*dynamics nav
Dynamics NAV Information Technology & Services France 1,France,Information Technology & Services,linkedin_company,Company using Dynamics NAV in France,5,linkedin,,https://linkedin.com/company/dynamics-nav-information-technology-&-services-france-1,2026-04-08 10:28:28,GOOD: using.*dynamics nav
Dynamics NAV Information Technology & Services Germany 5,Germany,Information Technology & Services,linkedin_company,Company using Dynamics NAV in Germany,5,linkedin,,https://linkedin.com/company/dynamics-nav-information-technology-&-services-germany-5,2026-04-08 10:28:28,GOOD: using.*dynamics nav
Dynamics NAV Information Technology & Services Germany 4,Germany,Information Technology & Services,linkedin_company,Company using Dynamics NAV in Germany,5,linkedin,,https://linkedin.com/company/dynamics-nav-information-technology-&-services-germany-4,2026-04-08 10:28:28,GOOD: using.*dynamics nav
Dynamics NAV Information Technology & Services Germany 3,Germany,Information Technology & Services,linkedin_company,Company using Dynamics NAV in Germany,5,linkedin,,https://linkedin.com/company/dynamics-nav-information-technology-&-services-germany-3,2026-04-08 10:28:28,GOOD: using.*dynamics nav
Dynamics NAV Information Technology & Services Germany 2,Germany,Information Technology & Services,linkedin_company,Company using Dynamics NAV in Germany,5,linkedin,,https://linkedin.com/company/dynamics-nav-information-technology-&-services-germany-2,2026-04-08 10:28:28,GOOD: using.*dynamics nav
Dynamics NAV Information Technology & Services Germany 1,Germany,Information Technology & Services,linkedin_company,Company using Dynamics NAV in Germany,5,linkedin,,https://linkedin.com/company/dynamics-nav-information-technology-&-services-germany-1,2026-04-08 10:28:28,GOOD: using.*dynamics nav
Dynamics NAV Information Technology & Services United Kingdom 5,United Kingdom,Information Technology & Services,linkedin_company,Company using Dynamics NAV in United Kingdom,5,linkedin,,https://linkedin.com/company/dynamics-nav-information-technology-&-services-united-kingdom-5,2026-04-08 10:28:28,GOOD: using.*dynamics nav
Dynamics NAV Information Technology & Services United Kingdom 4,United Kingdom,Information Technology & Services,linkedin_company,Company using Dynamics NAV in United Kingdom,5,linkedin,,https://linkedin.com/company/dynamics-nav-information-technology-&-services-united-kingdom-4,2026-04-08 10:28:28,GOOD: using.*dynamics nav
Dynamics NAV Information Technology & Services United Kingdom 3,United Kingdom,Information Technology & Services,linkedin_company,Company using Dynamics NAV in United Kingdom,5,linkedin,,https://linkedin.com/company/dynamics-nav-information-technology-&-services-united-kingdom-3,2026-04-08 10:28:28,GOOD: using.*dynamics nav
Dynamics NAV Information Technology & Services United Kingdom 2,United Kingdom,Information Technology & Services,linkedin_company,Company using Dynamics NAV in United Kingdom,5,linkedin,,https://linkedin.com/company/dynamics-nav-information-technology-&-services-united-kingdom-2,2026-04-08 10:28:28,GOOD: using.*dynamics nav
Dynamics NAV Information Technology & Services United Kingdom 1,United Kingdom,Information Technology & Services,linkedin_company,Company using Dynamics NAV in United Kingdom,5,linkedin,,https://linkedin.com/company/dynamics-nav-information-technology-&-services-united-kingdom-1,2026-04-08 10:28:28,GOOD: using.*dynamics nav
Dynamics NAV Information Technology & Services United States 5,United States,Information Technology & Services,linkedin_company,Company using Dynamics NAV in United States,5,linkedin,,https://linkedin.com/company/dynamics-nav-information-technology-&-services-united-states-5,2026-04-08 10:28:28,GOOD: using.*dynamics nav
Dynamics NAV Information Technology & Services United States 4,United States,Information Technology & Services,linkedin_company,Company using Dynamics NAV in United States,5,linkedin,,https://linkedin.com/company/dynamics-nav-information-technology-&-services-united-states-4,2026-04-08 10:28:28,GOOD: using.*dynamics nav
Dynamics NAV Information Technology & Services United States 3,United States,Information Technology & Services,linkedin_company,Company using Dynamics NAV in United States,5,linkedin,,https://linkedin.com/company/dynamics-nav-information-technology-&-services-united-states-3,2026-04-08 10:28:28,GOOD: using.*dynamics nav
Dynamics NAV Information Technology & Services United States 2,United States,Information Technology & Services,linkedin_company,Company using Dynamics NAV in United States,5,linkedin,,https://linkedin.com/company/dynamics-nav-information-technology-&-services-united-states-2,2026-04-08 10:28:28,GOOD: using.*dynamics nav
Dynamics NAV Information Technology & Services United States 1,United States,Information Technology & Services,linkedin_company,Company using Dynamics NAV in United States,5,linkedin,,https://linkedin.com/company/dynamics-nav-information-technology-&-services-united-states-1,2026-04-08 10:28:28,GOOD: using.*dynamics nav
Casodeéxito – Distribución (Navision),PE,,case_study,Case study: Casodeéxito – Distribución (Navision) - olivia.es,5,global_jobs,olivia.es,https://olivia.es/case-studie/caso-de-exito-distribucion-navision/,2026-04-08T10:11:47.149653Z,GOOD: case study
Peritajes & Peritos,AR,,case_study,Case study: PeritajedeNavision. Otrocasodeéxito. - Peritajes & Peritos,5,global_jobs,peritajes-peritos.es,https://peritajes-peritos.es/articulos/articulo-peritaje-peritaje-de-navision-otro-caso-de-xito-/,2026-04-08T10:11:18.483115Z,GOOD: case study
PECO Pallet,CA,,case_study,Case study: PECO Pallet Manages New Growth with Dynamics NAV - ArcherPoint,5,global_jobs,archerpoint.com,https://archerpoint.com/case-study/peco-pallet/,2026-04-08T08:55:38.201121Z,GOOD: case study
Bluestar,MX,,case_study,Case study: Casodeéxito en Microsoft Dynamics NAV | Bluestar,5,global_jobs,aitana.es,https://www.aitana.es/caso-de-exito/caso-exito-bluestar-negocio-distribucion-soluciones-tecnologicas/,2026-04-08T08:46:50.035494Z,GOOD: case study
Workcentrix,DE,,case_study,Case study: MicrosoftNavision– workcentrix,5,global_jobs,workcentrix.de,https://workcentrix.de/blog/navision,2026-04-08T07:10:52.070336Z,GOOD: case study
OpgraderingafNavisionStat,DK,,case_study,Case study: OpgraderingafNavisionStat - oes.dk,5,global_jobs,oes.dk,https://oes.dk/digitale-loesninger/udvikling-og-udbud/opgradering-af-navision-stat/,2026-04-08T04:34:53.188880Z,GOOD: case study
Formation Dynamics Nav,FR,,case_study,Case study: Formation Dynamics Nav - delphisoft.fr,5,global_jobs,delphisoft.fr,https://www.delphisoft.fr/formations/formation-dynamics-nav,2026-04-08T04:16:58.170413Z,GOOD: case study
商品から探す,JP,,case_study,Case study: 商品から探す - ナビジョンDr,5,global_jobs,navision.iwakiseiyaku.co.jp,https://navision.iwakiseiyaku.co.jp/allproduct.html,2026-04-08T00:52:12.606116Z,GOOD: case study
Navisiontech,US,,case_study,Case study: MicrosoftDynamicsTech Support & ERP Services - Navisiontech,5,global_jobs,navisiontech.com,https://www.navisiontech.com/tech-support/,2026-04-08T00:50:49.969325Z,GOOD: case study
Consultoria Dynamics Nav Mexico,MX,,case_study,Case study: Consultoria Dynamics Nav Mexico - Instagram,5,global_jobs,instagram.com,https://www.instagram.com/popular/consultoria-dynamics-nav-mexico/,2026-04-08T00:42:07.275136Z,GOOD: case study
CaseStudy- Power BI connects with Dynamics NAV 2016,AU,,case_study,Case study: CaseStudy- Power BI connects with Dynamics NAV 2016 - LinkedIn,5,global_jobs,linkedin.com,https://www.linkedin.com/pulse/case-study-power-bi-connects-dynamics-nav-2016-neeraj-gargi,2026-04-08T00:41:22.956175Z,GOOD: case study
Nexovadynamics,DE,,case_study,Case study: MicrosoftNavision: Das ERP-System und warum Upgraden?,5,global_jobs,nexovadynamics.ch,https://www.nexovadynamics.ch/microsoft-navision-erp/,2026-04-08T00:39:57.885487Z,GOOD: case study
Navtech Group,SE,,case_study,Case study: History ofNavision- Navtech Group,5,global_jobs,navtech.net,https://navtech.net/categories/52-history-of-navision,2026-04-08T00:39:31.440700Z,GOOD: case study
Hvad du skal vide omopgraderingaf Dynamics NAV til ...,DK,,case_study,Case study: Hvad du skal vide omopgraderingaf Dynamics NAV til ... - LinkedIn,5,global_jobs,dk.linkedin.com,https://dk.linkedin.com/pulse/what-you-need-know-upgrading-dynamics-nav-365-xxe9f?tl=da,2026-04-08T00:39:21.644367Z,GOOD: case study
Aarhus Universitet,DK,,case_study,Case study: Grundlæggende vejledningNavision- Aarhus Universitet,5,global_jobs,medarbejdere.au.dk,https://medarbejdere.au.dk/fileadmin/www.medarbejdere.au.dk/Institutter/AU_oekonomi/Oekonomisystemer/Navision/Intro_til_Navision.pdf,2026-04-07T23:34:48.067501Z,GOOD: case study
Maybecloud,PE,,case_study,Case study: Soporte Navision yBusinessCentralLima -Perú,5,global_jobs,maybecloud.es,https://www.maybecloud.es/soporte-navision-y-business-lima-peru/,2026-04-07T23:26:37.398006Z,GOOD: case study
Riscript,NL,,case_study,Case study: De ontwikkelingen van hetNavisionERP systeem • Riscript,5,global_jobs,riscript.nl,https://www.riscript.nl/de-ontwikkelingen-van-het-navision-erp-systeem/,2026-04-07T22:56:24.694516Z,GOOD: case study
Avantiico,US,,case_study,Case study: Dynamics NAV (Navision) - Avantiico,5,global_jobs,avantiico.com,https://avantiico.com/solutions/microsoft-legacy-dynamics/dynamics-nav/,2026-04-07T21:43:10.409234Z,GOOD: case study
Educamando It,IT,,case_study,Case study: Guida completa a MicrosoftNavision: Ottimizza la …,5,global_jobs,educamando.it,https://educamando.it/blog/microsoft-navision/,2026-04-07T21:16:11.486513Z,GOOD: case study
Theseus Fi,FI,,case_study,Case study: Microsoft Dynamics NAV oppimisympäristön kehittäminen:Case…,5,global_jobs,theseus.fi,https://www.theseus.fi/bitstream/handle/10024/15745/Hamalainen_Antti.pdf,2026-04-07T21:15:18.102277Z,GOOD: case study
MicroChannel,KR,,case_study,Case study: Navision- Now Microsoft Dynamics NAV | MicroChannel,5,global_jobs,microchannel.asia,https://www.microchannel.asia/microsoft-dynamics-nav/navision/,2026-04-07T19:08:11.281967Z,GOOD: case study
DescubreNavision: El ERP de los negocios,AR,,case_study,Case study: DescubreNavision: El ERP de los negocios - ADN,5,global_jobs,adn.eu,https://www.adn.eu/descubre-navision-el-erp-de-los-negocios/,2026-04-07T18:23:00.976361Z,GOOD: case study
Ascendit,DK,,case_study,Case study: Dynamics NAV & BC | Ascendit,5,global_jobs,ascendit.dk,https://www.ascendit.dk/dynamics-365-bc,2026-04-07T16:45:16.378469Z,GOOD: case study
comptech.it,IT,,case_study,Case study: Brochure Navision3 A4 - comptech.it,5,global_jobs,comptech.it,https://www.comptech.it/05_supporto/archiviodocumenti/doc/Brochure_Navision.pdf,2026-04-07T15:03:28.194719Z,GOOD: case study
NavisionJobs (with Salaries),AU,,case_study,Case study: NavisionJobs (with Salaries) - SEEK,5,global_jobs,seek.com.au,https://www.seek.com.au/navision-jobs,2026-04-07T14:08:45.724795Z,GOOD: case study
Alistar Net,BE,,case_study,Case study: Dynamics NAV ofNavisionexperts worden schaars,5,global_jobs,alistar.net,https://alistar.net/nl/blog/dynamics-nav-navision-experts-worden-schaars/,2026-04-07T14:07:36.837635Z,GOOD: case study
Pôle emploi,FR,,case_study,"Case study: FormationNavisionéligible OPCO, CPF,Francetravail - Pôle emploi (à ...",5,global_jobs,fr.optedif-formation.fr,"https://fr.optedif-formation.fr/formation/formation-navision,a-la-marche_58400/",2026-04-07T13:58:20.242158Z,GOOD: case study
Tipsa,CO,,case_study,Case study: MicrosoftDynamicsNAV- Navision | Tipsa.net,5,global_jobs,tipsa.net,https://www.tipsa.net/microsoft/dynamics-nav-navision/,2026-04-07T12:47:18.782305Z,GOOD: case study
Grupo Active,CO,,case_study,Case study: Navision de Microsoft -DynamicsNav- Grupo Active,5,global_jobs,grupoactive.es,https://grupoactive.es/es/software/erp/navision-dynamics-nav,2026-04-07T12:47:18.782203Z,GOOD: case study
nbDynamics,CO,,case_study,Case study: Casodeéxito implantación Dynamics NAV - nbDynamics,5,global_jobs,nbdynamics.com,https://www.nbdynamics.com/caso-exito-implantacion-dynamics-nav/,2026-04-07T12:47:18.777713Z,GOOD: case study
Evolution Business Systems,AU,,case_study,Case study: Dynamics NAV Support - Evolution Business Systems,5,global_jobs,ebs.com.au,https://ebs.com.au/dynamics-nav,2026-04-07T12:29:25.498575Z,GOOD: case study
Navision-forhandler breder sig på Sjælland,DK,,case_study,Case study: Navision-forhandler breder sig på Sjælland - Computerworld,5,global_jobs,computerworld.dk,https://www.computerworld.dk/art/23676/navision-forhandler-breder-sig-paa-sjaelland,2026-04-07T11:19:48.372677Z,GOOD: case study
Inbiz SE,SE,,case_study,Case study: Microsoft Dynamics NAV (Navision) | Affärssystemlösningar från InBiz,5,global_jobs,inbiz.se,https://www.inbiz.se/vara-losningar/,2026-04-07T11:00:16.909377Z,GOOD: case study
DanskNavision-version udskudt,DK,,case_study,Case study: DanskNavision-version udskudt - Computerworld,5,global_jobs,computerworld.dk,https://www.computerworld.dk/art/25627/dansk-navision-version-udskudt,2026-04-07T10:32:36.130272Z,GOOD: case study
DescubreNavision: El ERPdelos negocios,CL,,case_study,Case study: DescubreNavision: El ERPdelos negocios - ADN,5,global_jobs,adn.eu,https://www.adn.eu/descubre-navision-el-erp-de-los-negocios/,2026-04-07T08:37:39.958051Z,GOOD: case study
NaviPro,SE,,case_study,Case study: Evidi | NAV (Microsoft Dynamics NAV) - NaviPro,5,global_jobs,evidi.com,https://www.evidi.com/se/teknologiordbok/nav-microsoft-dynamics-nav,2026-04-07T05:51:32.875005Z,GOOD: case study
Mprise,NL,,case_study,Case study: Microsoft Dynamics NAV ofNavision- Mprise,5,global_jobs,mprise.nl,https://www.mprise.nl/business-solutions/dynamics-nav-navision,2026-04-07T05:43:17.550472Z,GOOD: case study
Urlm Co,US,,case_study,Case study: www.Dynamicsbook.com -Go-Livewith DynamicsNavisionthe book,5,global_jobs,urlm.co,http://urlm.co/www.dynamicsbook.com,2026-04-07T05:15:56.705203Z,GOOD: case study
Formatalent,CL,,case_study,Case study: Empresas que utilizanDynamicsNavision - Formatalent,5,global_jobs,formatalent.com,https://formatalent.com/empresas-que-utilizan-dynamics-navision/,2026-04-07T04:13:39.455652Z,GOOD: case study
Naviators,NO,,case_study,Case study: Implementeringog rådgivning af løsninger baseret på Dynamics NAV,5,global_jobs,naviators.dk,https://naviators.dk/en/forside-enu/,2026-04-07T04:12:04.115724Z,GOOD: case study
e Conocimiento,MX,,case_study,Case study: NAVISION- e Conocimiento,5,global_jobs,coev.e-conocimiento.org,https://coev.e-conocimiento.org/gestion/Ficheros/Doc%20Cursos/4266/Programa%20-%20NAVISION.pdf,2026-04-07T03:19:45.852210Z,GOOD: case study
Wat zijn de gevolgen van het einde van MicrosoftNavision...,NL,,case_study,Case study: Wat zijn de gevolgen van het einde van MicrosoftNavision... - ERP ...,5,global_jobs,erpoverzicht.nl,https://www.erpoverzicht.nl/erp-software/microsoft/wat-zijn-de-gevolgen-van-het-einde-van-microsoft-navision,2026-04-07T03:07:37.207369Z,GOOD: case study
Peritajes & Peritos,MX,,case_study,Case study: PeritajedeNavision. Otrocasodeéxito. - Peritajes & Peritos,5,global_jobs,peritajes-peritos.es,https://peritajes-peritos.es/articulos/articulo-peritaje-peritaje-de-navision-otro-caso-de-xito-/,2026-04-07T02:51:08.569498Z,GOOD: case study
RESOLUCIÓNCASON°1 (NavisionTecnology),MX,,case_study,Case study: RESOLUCIÓNCASON°1 (NavisionTecnology) - ClubEnsayos.com,5,global_jobs,clubensayos.com,https://www.clubensayos.com/Negocios/RESOLUCI%C3%93N-CASO-N1-Navision-Tecnology/5072049.html,2026-04-07T02:51:08.569292Z,GOOD: case study
Navisionplotsnewcourse to success,NZ,,case_study,Case study: Navisionplotsnewcourse to success - NZ Herald,5,global_jobs,nzherald.co.nz,https://www.nzherald.co.nz/technology/navision-plots-new-course-to-success/NTJS77S7RAG4BELGV7K2BVIJBE/,2026-04-07T01:27:54.798458Z,GOOD: case study
NAVISIONWEBSITES,NZ,,case_study,"Case study: NAVISIONWEBSITES - ACUMENONLINE - 101 Station Road, Auckland, …",5,global_jobs,yelp.com,https://www.yelp.com/biz/navision-websites-acumenonline-auckland?msockid=1c5a35c16cd8678f379f22f56d5a66ea,2026-04-07T01:27:54.798356Z,GOOD: case study
[løst]Navisionlåser enbrugerude?,DK,,case_study,Case study: [løst]Navisionlåser enbrugerude? - Eksperten - Computerworld,5,global_jobs,computerworld.dk,https://www.computerworld.dk/eksperten/spm/923796,2026-04-07T00:31:00.348968Z,GOOD: case study
Intech Systems,UK,,case_study,Case study: Navigating the MicrosoftNavisionEnd of Life - Intech Systems,5,global_jobs,intech-systems.com,https://intech-systems.com/navigating-the-microsoft-navision-end-of-life/,2026-04-07T00:22:13.943680Z,GOOD: case study
Planningpme SE,SE,,case_study,Case study: Utforska världen av Navision ochDynamics365: En komplett guide,5,global_jobs,planningpme.se,https://www.planningpme.se/navision-dynamics-365-on-premise-cloud.htm,2026-04-07T00:21:31.092099Z,GOOD: case study
Hvem opfandtNavision?,DK,,case_study,Case study: Hvem opfandtNavision? - skagenonline.dk,5,global_jobs,skagenonline.dk,https://www.skagenonline.dk/faq/hvem-opfandt-navision,2026-04-07T00:21:18.001198Z,GOOD: case study
Rozwiązania,PL,,case_study,Case study: Rozwiązania - Polskie moduły i AI dlaNAV/BC - NAVISION.PL,5,global_jobs,navision.pl,http://navision.pl/pl/rozwiazania,2026-04-07T00:13:15.353764Z,GOOD: case study
kube.systems,MX,,case_study,Case study: Guía EsencialdeERPNavisionDynamics para 2026 - kube.systems,5,global_jobs,kube.systems,https://kube.systems/erp-navision-dynamics/,2026-04-06T23:48:15.799679Z,GOOD: case study
Kube Systems,MX,,case_study,Case study: Guía EsencialdeERP Microsoft DynamicsNavision2026,5,global_jobs,kube.systems,https://kube.systems/erp-microsoft-dynamics-navision/,2026-04-06T23:48:15.799140Z,GOOD: case study
Insightdata,BE,,case_study,Case study: Navision- insightdata.be,5,global_jobs,insightdata.be,https://www.insightdata.be/en/integrations/navision-financial-and-operational-reporting,2026-04-06T22:50:25.043294Z,GOOD: case study
Reuffel,DE,,case_study,Case study: Ein praxisorientierter Einstieg in MicrosoftNavision,5,global_jobs,reuffel.de,https://www.reuffel.de/ebooks/kostenlos_ger/detail/ISBN-9783639113280/Schmid-Tobias/Ein-praxisorientierter-Einstieg-in-Microsoft-Navision,2026-04-06T22:50:01.528936Z,GOOD: case study
VOXA S,AR,,case_study,Case study: Microsoft Dynamics NavNavisionArgentinaUruguay - Soluciones World Class - VOXA S,5,global_jobs,voxa.info,http://voxa.info/index.php,2026-04-06T22:32:21.473270Z,GOOD: case study
BI conseil,FR,,case_study,Case study: BI conseil:application informatique (logiciel) ERP (pgi) Navison ...,5,global_jobs,biconseil.fr,https://www.biconseil.fr/navision.html,2026-04-06T21:13:22.084035Z,GOOD: case study
"NAVISIONDOBRASILLTDA em São Paulo, SP",BR,,case_study,"Case study: NAVISIONDOBRASILLTDA em São Paulo, SP - ConsultaEmpresa",5,global_jobs,econodata.com.br,https://www.econodata.com.br/consulta-empresa/04642619000150-NAVISION-DO-BRASIL-LTDA,2026-04-06T20:56:15.408292Z,GOOD: case study
Kundeservice Xyz,NO,,case_study,Case study: Nav Kundeservice Kontaktinformasjon,5,global_jobs,kundeservice.xyz,https://kundeservice.xyz/nav-kundeservice-kontaktinformasjon/,2026-04-06T20:36:19.615689Z,GOOD: case study
NavisionMedical Healthcare,ZA,,case_study,Case study: NavisionMedical Healthcare - User Forum - Dynamics User Group,5,global_jobs,dynamicsuser.net,https://www.dynamicsuser.net/t/navision-medical-healthcare/11077,2026-04-06T20:00:31.323262Z,GOOD: case study
NavisionBogholder,DK,,case_study,Case study: NavisionBogholder - NAV bogholder med kendskab til BC,5,global_jobs,bogfoering.dk,https://bogfoering.dk/nav-bogholder/,2026-04-06T19:57:36.090017Z,GOOD: case study
Hvad erNavision?,DK,,case_study,Case study: Hvad erNavision? - Her får du nyttige informationer og viden,5,global_jobs,logosconsult.dk,https://logosconsult.dk/artikler/hvad-er-navision/,2026-04-06T19:57:36.089776Z,GOOD: case study
RESOLUCIÓNCASON°1 (NavisionTecnology),CL,,case_study,Case study: RESOLUCIÓNCASON°1 (NavisionTecnology) - ClubEnsayos.com,5,global_jobs,clubensayos.com,https://www.clubensayos.com/Negocios/RESOLUCI%C3%93N-CASO-N1-Navision-Tecnology/5072049.html,2026-04-06T18:24:56.341926Z,GOOD: case study
Programadorbc Es,CO,,case_study,Case study: ¿Navisionque es y cómo puede beneficiar a tuempresa?,5,global_jobs,programadorbc.es,https://programadorbc.es/post/navision/que-es-navision/,2026-04-06T16:43:18.810197Z,GOOD: case study
Dynetek,ZA,,case_study,Case study: Get your Enterprise running with Microsoft Dynamics NAV™,5,global_jobs,dynetek.co.za,https://www.dynetek.co.za/service/microsoft-dynamics-nav/,2026-04-06T13:18:49.280923Z,GOOD: case study
Hugendubel,DE,,case_study,"Case study: Buch (kartoniert): ""Ein praxisorientierter Einstieg in MicrosoftNavision""",5,global_jobs,hugendubel.de,https://www.hugendubel.de/de/buch_kartoniert/tobias_schmid-ein_praxisorientierter_einstieg_in_microsoft_navision-8167289-produkt-details.html,2026-04-06T09:39:19.930896Z,GOOD: case study
Nunsys,PE,,case_study,Case study: ¿Por qué debes apostar porNavision(Dynamics NAV) - Nunsys,5,global_jobs,nunsys.com,https://www.nunsys.com/navision-dynamics-nav-gestion-iva-sii/,2026-04-06T01:58:34.788055Z,GOOD: case study
SoftDoit,CL,,case_study,Case study: NavisionCRM: claves y evolución del CRM de Microsoft - SoftDoit,5,global_jobs,softwaredoit.es,https://www.softwaredoit.es/curiosidades-historias/crm-navision-claves-del-crm-de-microsoft.html,2026-04-06T00:37:46.357065Z,GOOD: case study
岩城製薬 / ナビジョン DR (@navision.dr),JP,,case_study,Case study: 岩城製薬 / ナビジョン DR (@navision.dr) - Facebook,5,global_jobs,facebook.com,https://www.facebook.com/navision.dr/,2026-04-06T00:36:54.581802Z,GOOD: case study
Itm8,DK,,case_study,Case study: Bogføringsloven med Microsoft Dynamics NAV - Itm8,5,global_jobs,itm8.dk,https://itm8.dk/forretningssystemer/erp/bogfoeringsloven/dynamics-nav-bogfoeringslov,2026-04-06T00:34:47.995035Z,GOOD: case study
資生堂,JP,,case_study,Case study: 資生堂「NAVISION（ナビジョン）」― ブランド新戦略で「プロ ...,5,global_jobs,kokusaishogyo-online.jp,https://kokusaishogyo-online.jp/2019/03/20423,2026-04-06T00:27:25.970673Z,GOOD: case study
Prtimes Jp,JP,,case_study,Case study: 美容皮膚研究から生まれたスキンケアブランド「NAVISION」初CM ...,5,global_jobs,prtimes.jp,https://prtimes.jp/main/html/rd/p/000001344.000005794.html,2026-04-06T00:27:25.964515Z,GOOD: case study
Data #3,AU,,case_study,Case study: Data #3 sellsNavisionbusiness - iTnews,5,global_jobs,itnews.com.au,https://www.itnews.com.au/news/data-3-sells-navision-business-15649,2026-04-06T00:27:18.200262Z,GOOD: case study
Fenwick,AU,,case_study,Case study: The future of the Dynamics NAV brand - Fenwick,5,global_jobs,fenwick.com.au,https://www.fenwick.com.au/solutions/dynamics-nav/,2026-04-05T22:09:35.706372Z,GOOD: case study
Logosconsult,DK,,case_study,Case study: OpgraderingNavision- Læs omopgraderingtil nyt Dynamics ERP,5,global_jobs,logosconsult.dk,https://logosconsult.dk/tips-til-erp-projektet/opgradering/,2026-04-05T20:29:30.300054Z,GOOD: case study
Austral Dynamics,AU,,case_study,Case study: Austral Dynamics - Microsoft Dynamics NAV ERP Software at ... - LinkedIn,5,global_jobs,au.linkedin.com,https://au.linkedin.com/in/austral-dynamics-229a1024,2026-04-05T18:23:36.744376Z,GOOD: case study
ABC E BUSINESS,NL,,case_study,Case study: Wat is Microsoft Navision (DynamicsNAV)? | ABC E BUSINESS,5,global_jobs,abcebusiness.nl,https://www.abcebusiness.nl/blogs/wat-is-microsoft-navision-dynamics-nav,2026-04-05T15:38:17.692664Z,GOOD: case study
NavExperts,NL,,case_study,Case study: NavExperts - Dé ERP expert op gebied van Microsoft Dynamics,5,global_jobs,navexperts.nl,https://www.navexperts.nl/,2026-04-05T14:15:11.834798Z,GOOD: case study
Correlative Solutions,ZA,,case_study,Case study: Microsoft Dynamics NAV | Correlative Solutions |SouthAfrica,5,global_jobs,correlative.co.za,https://correlative.co.za/microsoft-dynamics-nav/,2026-04-05T13:20:19.798799Z,GOOD: case study
Naviators,DK,,case_study,Case study: Implementering og rådgivning af løsninger baseret på Dynamics NAV,5,global_jobs,naviators.dk,https://naviators.dk/,2026-04-05T11:45:41.134441Z,GOOD: case study
VOXA,AR,,case_study,Case study: Quienes somos - Microsoft Dynamics NavNavisionArgentina- VOXA,5,global_jobs,voxa.info,http://voxa.info/about.php,2026-04-05T10:54:21.322472Z,GOOD: case study
RESOLUCIÓNCASON°1 (NavisionTecnology),PE,,case_study,Case study: RESOLUCIÓNCASON°1 (NavisionTecnology) - ClubEnsayos.com,5,global_jobs,clubensayos.com,https://www.clubensayos.com/Negocios/RESOLUCI%C3%93N-CASO-N1-Navision-Tecnology/5072049.html,2026-04-05T09:50:13.951487Z,GOOD: case study
Dynamics Consult,IT,,case_study,Case study: Chi Siamo - Dynamics Consult,5,global_jobs,dynamicsconsult.com,https://www.dynamicsconsult.com/index.php/dynamics-navision/,2026-04-05T07:59:22.540031Z,GOOD: case study
Axians,NL,,case_study,Case study: Navision: Het Succes en de Evolutie naar Microsoft …,5,global_jobs,axians.nl,https://www.axians.nl/erp-software/navision/,2026-04-05T07:12:53.172867Z,GOOD: case study
Mdsoft,DK,,case_study,Case study: MicrosoftNavision: Den komplette guide til ERP-løsningen i teknologi ...,5,global_jobs,mdsoft.dk,https://mdsoft.dk/microsoft-navision/,2026-04-05T05:51:15.691278Z,GOOD: case study
Springer,DE,,case_study,Case study: Profikurs Microsoft Dynamics NAV: Einführung - Springer,5,global_jobs,link.springer.com,https://link.springer.com/book/10.1007/978-3-8348-9535-6,2026-04-05T05:14:41.689986Z,GOOD: case study
Obtain,DK,,case_study,Case study: MicrosoftNavision/NAV |ERP-Software til mindre virksomheder,5,global_jobs,obtain.dk,https://obtain.dk/dynamics-nav/,2026-04-05T04:19:03.556884Z,GOOD: case study
Kube.Systems,MX,,case_study,Case study: Guía EsencialdeMicrosoftNavisionpara 2026 - Kube.Systems,5,global_jobs,kube.systems,https://kube.systems/microsoft-navision/,2026-04-05T02:31:01.928693Z,GOOD: case study
RESOLUCIÓNCASON°1 (NavisionTecnology),CO,,case_study,Case study: RESOLUCIÓNCASON°1 (NavisionTecnology) - ClubEnsayos.com,5,global_jobs,clubensayos.com,https://www.clubensayos.com/Negocios/RESOLUCI%C3%93N-CASO-N1-Navision-Tecnology/5072049.html,2026-04-05T01:29:14.749869Z,GOOD: case study
Kube Systems,CL,,case_study,Case study: Guía Esencial de ERP Microsoft DynamicsNavision2026,5,global_jobs,kube.systems,https://kube.systems/erp-microsoft-dynamics-navision/,2026-04-05T01:29:02.205840Z,GOOD: case study
Priority Software,ZA,,case_study,Case study: MicrosoftNavisionEnd-of-Life Explained - Priority Software,5,global_jobs,priority-software.com,https://www.priority-software.com/blog/microsoft-navision-end-of-life/,2026-04-05T00:50:53.219559Z,GOOD: case study
MicrosoftNavisionEnd-of-Life Explained,NZ,,case_study,Case study: MicrosoftNavisionEnd-of-Life Explained - Priority Software,5,global_jobs,priority-software.com,https://www.priority-software.com/blog/microsoft-navision-end-of-life/,2026-04-05T00:50:45.438516Z,GOOD: case study
중견.중소기업용 ERP,KR,,case_study,Case study: 중견.중소기업용 ERP - Microsoft Dynamics NAV 소개 : 네이버 블로그,5,global_jobs,blog.naver.com,https://blog.naver.com/deexkorea/220741305241?viewType=pc,2026-04-05T00:50:37.730711Z,GOOD: case study
세미스,KR,,case_study,Case study: Microsoft Dynamics NAV | 세미스,5,global_jobs,semiskorea.co.kr,http://semiskorea.co.kr/sub/sub02_01.php,2026-04-05T00:50:37.730512Z,GOOD: case study
Vision Data,DK,,case_study,"Case study: Vision Data - Rådgivning i Dynamics NAV, lagerstyring og ...",5,global_jobs,visiondata.dk,https://www.visiondata.dk/,2026-04-05T00:47:56.406091Z,GOOD: case study
Priority Software,CO,,case_study,Case study: Microsoft Navision End-of-Life Explained - Priority Software,5,global_jobs,priority-software.com,https://www.priority-software.com/blog/microsoft-navision-end-of-life/,2026-04-05T00:41:27.131081Z,GOOD: case study
Modulate Co NZ,NZ,,case_study,Case study: Navision- Modulate,5,global_jobs,modulate.co.nz,https://modulate.co.nz/software/dynamics-nav.php,2026-04-05T00:40:38.558313Z,GOOD: case study
LinkedIn,KR,,case_study,Case study: Case Study - Power BI connects with Dynamics NAV 2016 - LinkedIn,5,global_jobs,linkedin.com,https://www.linkedin.com/pulse/case-study-power-bi-connects-dynamics-nav-2016-neeraj-gargi,2026-04-05T00:40:33.437033Z,GOOD: case study
岩城製薬について,JP,,case_study,Case study: 岩城製薬について - ナビジョンDr,5,global_jobs,navision.iwakiseiyaku.co.jp,https://navision.iwakiseiyaku.co.jp/aboutus,2026-04-05T00:40:25.616775Z,GOOD: case study
岩城製薬,JP,,case_study,Case study: 岩城製薬ナビジョンオンラインショップ,5,global_jobs,navision.iwakiseiyaku.co.jp,https://navision.iwakiseiyaku.co.jp/,2026-04-05T00:40:25.616737Z,GOOD: case study
ナビジョン (NAVISION),JP,,case_study,Case study: ナビジョン (NAVISION) - 資生堂,5,global_jobs,shiseido.co.jp,https://www.shiseido.co.jp/navision/?srsltid=AfmBOorQzWH-ZPH7terptGhfZmm2_bbIK38h4BBvlM3t645fpr2fJtbe,2026-04-05T00:40:25.616574Z,GOOD: case study
TBK Consult,CA,,case_study,Case study: HowNavisionCracked the North American Market - TBK Consult,5,global_jobs,tbkconsult.com,https://tbkconsult.com/how-navision-cracked-the-north-american-market/,2026-04-05T00:40:10.195309Z,GOOD: case study
System ERP,PL,,case_study,Case study: System ERP - Microsoft Dynamics NAV,5,global_jobs,dynamicsnav.pl,https://www.dynamicsnav.pl/microsoft-dynamics-nav/,2026-04-05T00:39:54.549285Z,GOOD: case study
NavisionSuccess Cases,IT,,case_study,Case study: NavisionSuccess Cases - Dynamics Consult,5,global_jobs,dynamicsconsult.com,https://www.dynamicsconsult.com/index.php/en/navision-success-cases/,2026-04-05T00:39:41.551834Z,GOOD: case study
DelphisoftFrance,FR,,case_study,Case study: Démarrer rapidement avec Dynamics NAV - DelphisoftFrance,5,global_jobs,delphisoft.fr,https://www.delphisoft.fr/solutions/microsoft-dynamics-nav/videos-microsoft-dynamics-nav/demarrer-rapidement-avec-dynamics-nav,2026-04-05T00:39:33.806957Z,GOOD: case study
NavisionGo-LiveTool,NL,,case_study,Case study: NavisionGo-LiveTool - mibuso.com,5,global_jobs,mibuso.com,https://mibuso.com/downloads/navision-go-live-tool,2026-04-05T00:39:09.303605Z,GOOD: case study
BSS BLN,DE,,case_study,Case study: Dynamics NAV Software für den Mittelstand,5,global_jobs,bss-bln.de,https://www.bss-bln.de/software/business-central/nav/,2026-04-05T00:38:52.511409Z,GOOD: case study
Nav24,NO,,case_study,Case study: Navisionand Microsoft Dynamics NAV – Foundations of a Modern ...,5,global_jobs,nav24.eu,https://nav24.eu/navision-and-microsoft-dynamics-nav-foundations-of-a-modern-erp-system/,2026-04-05T00:38:35.992439Z,GOOD: case study
Osebergservices No,NO,,case_study,Case study: FraDynamicsNAV(Navision) til MicrosoftDynamics365 Business ...,5,global_jobs,osebergservices.no,https://osebergservices.no/fra-navision-til-microsoft-dynamics-365-business-central/,2026-04-05T00:38:35.991983Z,GOOD: case study
Update SE,SE,,case_study,Case study: Navision- ERP System Specialists Gothenburg Sweden,5,global_jobs,update.se,https://www.update.se/navision-affarssystem-specialister-gothenburg-sweden?lang=en,2026-04-05T00:38:25.844872Z,GOOD: case study
N-Direction,CA,,case_study,Case study: N-Direction - MBS Dynamics NAV Montreal QuebecCanadaUSA …,5,global_jobs,n-direction.com,https://n-direction.com/AboutUs.aspx,2026-04-05T00:30:46.773907Z,GOOD: case study
Axial ERP Co,CO,,case_study,Case study: MicrosoftNavisiono Microsoft Dynamics NAV: Una solución ERP para …,5,global_jobs,axial-erp.co,https://axial-erp.co/erp/microsoft-navision-o-microsoft-dynamics-nav-una-solucion-erp-para-la-gestion-empresarial/,2026-04-04T23:55:13.057470Z,GOOD: case study
Empresas deNavisionMaquinaria,CO,,case_study,Case study: Empresas deNavisionMaquinaria - EmpresiteColombia,5,global_jobs,empresite.eleconomistaamerica.co,https://empresite.eleconomistaamerica.co/Actividad/NAVISION-MAQUINARIA/,2026-04-04T23:55:13.057342Z,GOOD: case study
Axial ERP Co,CL,,case_study,Case study: MicrosoftNavisiono Microsoft Dynamics NAV: Una solución ERP para …,5,global_jobs,axial-erp.co,https://axial-erp.co/erp/microsoft-navision-o-microsoft-dynamics-nav-una-solucion-erp-para-la-gestion-empresarial/,2026-04-04T22:22:43.364473Z,GOOD: case study
Guía EsencialdeMicrosoftNavisionpara 2026,CL,,case_study,Case study: Guía EsencialdeMicrosoftNavisionpara 2026 - Kube.Systems,5,global_jobs,kube.systems,https://kube.systems/microsoft-navision/,2026-04-04T22:22:43.364401Z,GOOD: case study
Serinf,IT,,case_study,Case study: Microsoft Dynamics NAV: ERP per PMI - Serinf,5,global_jobs,serinf.it,https://www.serinf.it/software-pmi/erp/microsoft-dynamics-nav/,2026-04-04T21:52:16.441032Z,GOOD: case study
Inria,DK,,case_study,Case study: The Story ofNavisionandNavisionStat,5,global_jobs,inria.hal.science,https://inria.hal.science/hal-01301402v1/document,2026-04-04T21:41:53.468489Z,GOOD: case study
VOXA SA,AR,,case_study,Case study: VOXA | Quienes somos - MicrosoftDynamicsNavNavisionArgentina- VOXA SA,5,global_jobs,voxa.info,http://www.voxa.info/about.php,2026-04-04T20:14:50.427737Z,GOOD: case study
VOXA | Entre en contacto con nosotros,AR,,case_study,Case study: VOXA | Entre en contacto con nosotros - MicrosoftDynamicsNavNavisionArgentina- V,5,global_jobs,voxa.info,http://www.voxa.info/contact.php,2026-04-04T20:14:50.426337Z,GOOD: case study
한국야금,KR,,case_study,"Case study: [Case Study]한국야금, Microsoft Dynamics NAV 구축사례",5,global_jobs,dailygrid.net,http://www.dailygrid.net/news/articleView.html?idxno=16194,2026-04-04T19:34:20.378036Z,GOOD: case study
EVOTEC,PE,,case_study,Case study: Microsoft Dynamics Nav - CONSULTORÍANAVISION- EVOTEC,5,global_jobs,consultorianavision.com,https://www.consultorianavision.com/,2026-04-04T18:50:03.805950Z,GOOD: case study
Connectify,DK,,case_study,Case study: Hvad erNavision? Alt du bør vide om det populære ERP-system,5,global_jobs,connectify.dk,https://connectify.dk/hvad-er-navision/,2026-04-04T18:10:10.032035Z,GOOD: case study
Visionpeople,DK,,case_study,Case study: Opgraderingtil ny version af NAV – Få alle fordelene,5,global_jobs,visionpeople.dk,https://www.visionpeople.dk/indsigter/opgradering-til-ny-version-af-navision,2026-04-04T17:32:44.352364Z,GOOD: case study
JCD,DK,,case_study,Case study: MicrosoftDynamics- Navision og C5 | JCD A/S,5,global_jobs,jcd.dk,https://jcd.dk/microsoft-dynamics/,2026-04-04T17:32:44.346833Z,GOOD: case study
Sollio Agriculture,CA,Farming,technology_stack,Listed on TheirStack as Microsoft Dynamics NAV user,5,theirstack,,https://theirstack.com/en/technology/microsoft-dynamics-nav/ca,2026-04-04T17:32:07.341248Z,GOOD: listed on theirstack
Bayshore HealthCare,CA,Hospitals and Health Care,technology_stack,Listed on TheirStack as Microsoft Dynamics NAV user,5,theirstack,,https://theirstack.com/en/technology/microsoft-dynamics-nav/ca,2026-04-04T17:32:07.341221Z,GOOD: listed on theirstack
Brock Solutions,CA,Automation Machinery Manufacturing,technology_stack,Listed on TheirStack as Microsoft Dynamics NAV user,5,theirstack,,https://theirstack.com/en/technology/microsoft-dynamics-nav/ca,2026-04-04T17:32:07.341178Z,GOOD: listed on theirstack
SAIL,CA,Retail,technology_stack,Listed on TheirStack as Microsoft Dynamics NAV user,5,theirstack,,https://theirstack.com/en/technology/microsoft-dynamics-nav/ca,2026-04-04T17:32:07.341114Z,GOOD: listed on theirstack
BDO Canada,CA,Financial Services,technology_stack,Listed on TheirStack as Microsoft Dynamics NAV user,5,theirstack,,https://theirstack.com/en/technology/microsoft-dynamics-nav/ca,2026-04-04T17:32:07.341041Z,GOOD: listed on theirstack
FPS Food Process Solutions Corporation,CA,Industrial Machinery Manufacturing,technology_stack,Listed on TheirStack as Microsoft Dynamics NAV user,5,theirstack,,https://theirstack.com/en/technology/microsoft-dynamics-nav/ca,2026-04-04T17:32:07.340934Z,GOOD: listed on theirstack
Opal-RT,CA,IT Services and IT Consulting,technology_stack,Listed on TheirStack as Microsoft Dynamics NAV user,5,theirstack,,https://theirstack.com/en/technology/microsoft-dynamics-nav/ca,2026-04-04T17:32:07.340897Z,GOOD: listed on theirstack
Gosselin Photo Vidéo Inc.,CA,Retail,technology_stack,Listed on TheirStack as Microsoft Dynamics NAV user,5,theirstack,,https://theirstack.com/en/technology/microsoft-dynamics-nav/ca,2026-04-04T17:32:07.340857Z,GOOD: listed on theirstack
Primeau Vélo,CA,Sporting Goods Manufacturing,technology_stack,Listed on TheirStack as Microsoft Dynamics NAV user,5,theirstack,,https://theirstack.com/en/technology/microsoft-dynamics-nav/ca,2026-04-04T17:32:07.340802Z,GOOD: listed on theirstack
Mastronardi Produce,CA,Food and Beverage Services,technology_stack,Listed on TheirStack as Microsoft Dynamics NAV user,5,theirstack,,https://theirstack.com/en/technology/microsoft-dynamics-nav/ca,2026-04-04T17:32:07.340261Z,GOOD: listed on theirstack
Centrufficio SpA - CUFMilano,IT,Office Furniture and Fixtures Manufacturing,technology_stack,Listed on TheirStack as Microsoft Dynamics NAV user,5,theirstack,,https://theirstack.com/en/technology/microsoft-dynamics-nav/it,2026-04-04T17:30:58.368035Z,GOOD: listed on theirstack
AMETEK,US,Manufacturing,technology_stack,Listed on TheirStack as Microsoft Dynamics NAV user,5,theirstack,,https://theirstack.com/en/technology/microsoft-dynamics-nav/us,2026-04-04T17:30:23.640643Z,GOOD: listed on theirstack
LHH,US,Human Resources Services,technology_stack,Listed on TheirStack as Microsoft Dynamics NAV user,5,theirstack,,https://theirstack.com/en/technology/microsoft-dynamics-nav/us,2026-04-04T17:30:23.640565Z,GOOD: listed on theirstack
R2 Global,US,IT Services and IT Consulting,technology_stack,Listed on TheirStack as Microsoft Dynamics NAV user,5,theirstack,,https://theirstack.com/en/technology/microsoft-dynamics-nav/us,2026-04-04T17:30:23.640510Z,GOOD: listed on theirstack
Northwest Harvest,US,Civic and Social Organizations,technology_stack,Listed on TheirStack as Microsoft Dynamics NAV user,5,theirstack,,https://theirstack.com/en/technology/microsoft-dynamics-nav/us,2026-04-04T17:30:23.640433Z,GOOD: listed on theirstack
"ArcherPoint, Inc.",US,IT Services and IT Consulting,technology_stack,Listed on TheirStack as Microsoft Dynamics NAV user,5,theirstack,,https://theirstack.com/en/technology/microsoft-dynamics-nav/us,2026-04-04T17:30:23.640419Z,GOOD: listed on theirstack
Funko,US,Manufacturing,technology_stack,Listed on TheirStack as Microsoft Dynamics NAV user,5,theirstack,,https://theirstack.com/en/technology/microsoft-dynamics-nav/us,2026-04-04T17:30:23.640377Z,GOOD: listed on theirstack
Cargo,US,Advertising Services,technology_stack,Listed on TheirStack as Microsoft Dynamics NAV user,5,theirstack,,https://theirstack.com/en/technology/microsoft-dynamics-nav/us,2026-04-04T17:30:23.640303Z,GOOD: listed on theirstack
E-business International Inc,US,Manufacturing,technology_stack,Listed on TheirStack as Microsoft Dynamics NAV user,5,theirstack,,https://theirstack.com/en/technology/microsoft-dynamics-nav/us,2026-04-04T17:30:23.640254Z,GOOD: listed on theirstack
Aptean,US,Software Development,technology_stack,Listed on TheirStack as Microsoft Dynamics NAV user,5,theirstack,,https://theirstack.com/en/technology/microsoft-dynamics-nav/us,2026-04-04T17:30:23.639779Z,GOOD: listed on theirstack
Søstrene Grene,DK,Retail Furniture and Home Furnishings,technology_stack,Listed on TheirStack as Microsoft Dynamics NAV user,5,theirstack,,https://theirstack.com/en/technology/microsoft-dynamics-nav/dk,2026-04-04T17:28:23.002566Z,GOOD: listed on theirstack
DescubreNavision: El ERP de los negocios,PE,,case_study,Case study: DescubreNavision: El ERP de los negocios - ADN,5,global_jobs,adn.eu,https://www.adn.eu/descubre-navision-el-erp-de-los-negocios/,2026-04-04T17:26:28.229560Z,GOOD: case study
Teamextension Peru,PE,,case_study,Case study: Contratar a unNavisiondesarrollador dedicado enPerú,5,global_jobs,teamextension.pe,https://teamextension.pe/es/contratar/navision-desarrollador-dedicado,2026-04-04T17:26:28.225299Z,GOOD: case study
EVOTEC,CO,,case_study,Case study: Microsoft Dynamics Nav - CONSULTORÍANAVISION- EVOTEC,5,global_jobs,consultorianavision.com,https://www.consultorianavision.com/,2026-04-04T17:26:18.729512Z,GOOD: case study
Conectacuenca,CL,,case_study,"Case study: Soluciones ERPNavision, CRM, AX & AXAPTA: Consultoría …",5,global_jobs,conectacuenca.cl,https://conectacuenca.cl/noticias/erp-navision-crm-nav-ax-axapta-bps-bpo-internacionalizacion-consultoria/,2026-04-04T17:26:11.157095Z,GOOD: case study
EVOTEC,CL,,case_study,Case study: Microsoft Dynamics Nav - CONSULTORÍANAVISION- EVOTEC,5,global_jobs,consultorianavision.com,https://www.consultorianavision.com/,2026-04-04T17:26:11.156938Z,GOOD: case study
Voxa Info,AR,,case_study,Case study: MicrosoftDynamicsNavNavisionArgentina- VOXA,5,global_jobs,voxa.info,http://voxa.info/about.php,2026-04-04T17:26:01.680181Z,GOOD: case study
RESOLUCIÓNCASON°1 (NavisionTecnology),AR,,case_study,Case study: RESOLUCIÓNCASON°1 (NavisionTecnology) - ClubEnsayos.com,5,global_jobs,clubensayos.com,https://www.clubensayos.com/Negocios/RESOLUCI%C3%93N-CASO-N1-Navision-Tecnology/5072049.html,2026-04-04T17:26:01.672161Z,GOOD: case study
Teamextension Mx,MX,,case_study,Case study: Contratar a unNavisiondesarrollador dedicado enMéxico,5,global_jobs,teamextension.mx,https://teamextension.mx/es/contratar/navision-desarrollador-dedicado,2026-04-04T17:25:52.408438Z,GOOD: case study
EVOTEC,MX,,case_study,Case study: Microsoft Dynamics Nav - CONSULTORÍANAVISION- EVOTEC,5,global_jobs,consultorianavision.com,https://www.consultorianavision.com/,2026-04-04T17:25:52.408402Z,GOOD: case study
Empresas que utilizamNavisionem B Brics,BR,,case_study,Case study: Empresas que utilizamNavisionem B Brics - TheirStack.com,5,global_jobs,theirstack.com,https://theirstack.com/pt/technology/navision/b-brics,2026-04-04T17:25:42.748292Z,GOOD: case study
Wechsel,BR,,case_study,Case study: O que é o MicrosoftNavision(NAV)? - Software de gestão ... - Wechsel,5,global_jobs,imwechsel.com,https://imwechsel.com/pt/o-que-e-navision/,2026-04-04T17:25:42.748239Z,GOOD: case study
GoSolutions Group,ZA,,case_study,Case study: Microsoft DynamicsNavisioninSouthAfrica| GoSolutions,5,global_jobs,gosolutions.group,https://gosolutions.group/dynamics-nav/,2026-04-04T17:25:34.790232Z,GOOD: case study
Theta Co NZ,NZ,,case_study,Case study: NZ retail chain streamlines procurement with Dynamics NAV,5,global_jobs,theta.co.nz,https://www.theta.co.nz/case-study/nz-retail-chain-streamlines-procurement-with-dynamics-nav,2026-04-04T17:25:24.040935Z,GOOD: case study
日本パルスモーター,JP,,case_study,Case study: PBC、日本パルスモーターへマイクロソフト社製ERP「Dynamics NAV …,5,global_jobs,atpress.ne.jp,https://www.atpress.ne.jp/news/81567,2026-04-04T17:25:07.284120Z,GOOD: case study
SilverBirch Hotels,CA,,case_study,Case study: SilverBirch Hotels - Dynamics NAVCaseStudy- Catapult,5,global_jobs,catapulterp.com,https://www.catapulterp.com/our-resources/leading-hotel-management-company-achieves-operational-excellence-with-dynamics-nav/,2026-04-04T17:24:51.900088Z,GOOD: case study
NAVISION- Microsoft Dynamics NAV,PL,,case_study,Case study: NAVISION- Microsoft Dynamics NAV - opis systemu - wdrożenia i …,5,global_jobs,mediadat.pl,https://mediadat.pl/navision.html,2026-04-04T17:24:36.327513Z,GOOD: case study
Nav24 PL,PL,,case_study,Case study: Navisioni Microsoft Dynamics NAV – fundamenty nowoczesnego …,5,global_jobs,nav24.pl,https://nav24.pl/navision-i-microsoft-dynamics-nav-fundamenty-nowoczesnego-systemu-erp/,2026-04-04T17:24:36.327422Z,GOOD: case study
"system ERP | Funkcje, możliwości, wdrożenia",PL,,case_study,"Case study: system ERP | Funkcje, możliwości, wdrożenia - NAVISION.PL",5,global_jobs,navision.pl,https://www.navision.pl/pl/navision,2026-04-04T17:24:36.320502Z,GOOD: case study
ERP Expertis,NO,,case_study,Case study: Dynamics NAV 2015 Konsult - ERP Expertis,5,global_jobs,rightpeoplegroup.com,https://rightpeoplegroup.com/sv/expertise/dynamics-nav-2015-konsult,2026-04-01T09:38:22.673862Z,GOOD: case study
Kepler,NO,,case_study,Case study: Dynamics NAV (Navision) Manuals | Official Microsoft Manuals,5,global_jobs,kepler-ms.ro,https://kepler-ms.ro/en/dynamics-nav-navision-manuals/,2026-04-01T09:38:22.673677Z,GOOD: case study
Navex Consulting,ES,,case_study,Case study: Navision- Navex Consulting,5,global_jobs,navexconsulting.es,https://navexconsulting.es/navision/,2026-04-01T05:51:16.002389Z,GOOD: case study
Wyszukiwarkakrs Pl,PL,,case_study,Case study: NAVISION.PL SP. Z O.O. KRS: 0000761201 REGON: 381965162,5,global_jobs,wyszukiwarkakrs.pl,https://www.wyszukiwarkakrs.pl/profile/0000761201,2026-04-01T03:09:35.001403Z,GOOD: case study
CONSULTORÍA NAVISION,ES,,case_study,Case study: Microsoft Dynamics Nav - CONSULTORÍANAVISION,5,global_jobs,consultorianavision.com,https://www.consultorianavision.com/,2026-04-01T01:55:11.634462Z,GOOD: case study
Studylib Net,DK,,case_study,Case study: Dynamics NAV Database Reporting Cheat Sheet,5,global_jobs,studylib.net,https://studylib.net/doc/25494731/database-cheat-sheet-dynamics-nav,2026-04-01T01:35:26.524872Z,GOOD: case study
Kepler Ms Ro,DK,,case_study,Case study: Dynamics NAV (Navision) Manuals | Official Microsoft …,5,global_jobs,kepler-ms.ro,https://kepler-ms.ro/en/dynamics-nav-navision-manuals/,2026-04-01T01:35:26.523553Z,GOOD: case study
IDcreation,BE,,case_study,Case study: Website koppelen aan MicrosoftDynamicsNavision - IDcreation,5,global_jobs,idcreation.be,https://www.idcreation.be/nl/website-koppelen-microsoft-dynamics-navision,2026-04-01T00:51:00.476491Z,GOOD: case study
NavisionIndia,IN,,case_study,Case study: MicrosoftBusinessCentralConsulting - NavisionIndia,5,global_jobs,navisionindia.in,https://navisionindia.in/business-central-consulting/,2026-04-01T00:48:08.831450Z,GOOD: case study
Navision.pl Spółka Z Ograniczoną Odpowiedzialnością,PL,,case_study,Case study: Navision.pl Spółka Z Ograniczoną Odpowiedzialnością - Krs-pobierz,5,global_jobs,krs-pobierz.pl,https://krs-pobierz.pl/navision-pl-spolka-z-ograniczona-odpowiedzialnoscia-i0000761201,2026-04-01T00:47:15.037974Z,GOOD: case study
Encyclopedia MDPI,DK,,case_study,Case study: Microsoft Dynamics NAV | Encyclopedia MDPI,5,global_jobs,encyclopedia.pub,https://encyclopedia.pub/entry/30329,2026-04-01T00:46:08.847798Z,GOOD: case study
Arbentia,ES,,case_study,Case study: Microsoft Dynamics NAVNavision- Software ERP - Arbentia,5,global_jobs,arbentia.com,https://www.arbentia.com/erp/dynamics-nav-navision/,2026-04-01T00:43:52.482234Z,GOOD: case study
Tipsa,ES,,case_study,Case study: Microsoft Dynamics NAV -Navision| Tipsa.net,5,global_jobs,tipsa.net,https://www.tipsa.net/microsoft/dynamics-nav-navision/,2026-04-01T00:43:52.482185Z,GOOD: case study
Oteria SE,SE,,case_study,Case study: Microsoftnavision- Oteria,5,global_jobs,oteria.se,https://oteria.se/microsoft-navision/,2026-04-01T00:42:34.727139Z,GOOD: case study
Twitter,IN,,case_study,Case study: Navisionindia (@Navision_India) / Posts / X - Twitter,5,global_jobs,x.com,https://x.com/Navision_India,2026-04-01T00:40:13.158080Z,GOOD: case study
Intech Systems,IN,,case_study,Case study: Navigating the MicrosoftNavisionEnd of Life - Intech Systems,5,global_jobs,intech-systems.com,https://intech-systems.com/navigating-the-microsoft-navision-end-of-life/,2026-04-01T00:40:13.157495Z,GOOD: case study
Emagister,ES,,case_study,Case study: CursosdeDynamics NAV - Emagister,5,global_jobs,emagister.com,https://www.emagister.com/cursos-dynamics-nav-kwes-604.htm,2026-04-01T00:39:57.375235Z,GOOD: case study
IT.integro,PL,,case_study,Case study: Microsoft Dynamics NAV - rozwój systemu ERP - IT.integro,5,global_jobs,it.integro.pl,https://it.integro.pl/slownik-branzy-ERP/microsoft-dynamics-nav/,2026-04-01T00:39:22.769794Z,GOOD: case study
Logres,NL,,case_study,Case study: EndingNavision: The perfect time to switch to SAP Business One,5,global_jobs,logres.nl,https://www.logres.nl/en/knowledge-base/end-navision-the-perfect-time-to-switch-to-sap-business-one,2026-04-01T00:39:07.489677Z,GOOD: case study
MicrosoftDynamics365CustomerService,IN,,case_study,Case study: MicrosoftDynamics365CustomerService - NavisionIndia,5,global_jobs,navisionindia.in,https://navisionindia.in/microsoft-dynamics-365-customer-services/,2026-04-01T00:36:24.382004Z,GOOD: case study
LinkedIn,IN,,case_study,Case study: CaseStudy- Power BI connects with Dynamics NAV 2016 - LinkedIn,5,global_jobs,linkedin.com,https://www.linkedin.com/pulse/case-study-power-bi-connects-dynamics-nav-2016-neeraj-gargi,2026-04-01T00:36:24.381624Z,GOOD: case study
Serenissima Informatica,IT,,case_study,Case study: Microsoft Dynamics NAV: ERP for SME - Serenissima Informatica,5,global_jobs,serinf.it,https://www.serinf.it/en/software-sme/erp/microsoft-dynamics-nav/,2026-04-01T00:36:18.970239Z,GOOD: case study
NAV-lab,IT,,case_study,Case study: Navision: evoluzione delle Business Solutions Microsoft - NAV-lab,5,global_jobs,navlab.it,https://www.navlab.it/navision/,2026-04-01T00:36:18.970201Z,GOOD: case study
LinkedIn,IT,,case_study,Case study: CaseStudy- Power BI connects with Dynamics NAV 2016 - LinkedIn,5,global_jobs,linkedin.com,https://www.linkedin.com/pulse/case-study-power-bi-connects-dynamics-nav-2016-neeraj-gargi,2026-04-01T00:36:18.969452Z,GOOD: case study
Empresite,ES,,case_study,"Case study: Empresas de ""Navision"" enEspaña- Empresite",5,global_jobs,empresite.eleconomista.es,https://empresite.eleconomista.es/Actividad/NAVISION/,2026-04-01T00:36:10.789293Z,GOOD: case study
Abd,ES,,case_study,Case study: Microsoft Dynamics Nav -NAVISION,5,global_jobs,abd.es,https://www.abd.es/dynamics-nav/,2026-04-01T00:36:10.789217Z,GOOD: case study
Navisionde Microsoft,ES,,case_study,Case study: Navisionde Microsoft - Dynamics Nav - Grupo Active,5,global_jobs,grupoactive.es,https://grupoactive.es/es/software/erp/navision-dynamics-nav,2026-04-01T00:36:10.789164Z,GOOD: case study
Kube.Systems,ES,,case_study,Case study: Guía EsencialdeERPNavisionDynamics para 2026 - Kube.Systems,5,global_jobs,kube.systems,https://kube.systems/erp-navision-dynamics/,2026-04-01T00:36:10.788323Z,GOOD: case study
Projet Dynamics NAV,FR,,case_study,Case study: Projet Dynamics NAV - DelphisoftFrance,5,global_jobs,delphisoft.fr,https://www.delphisoft.fr/services/dynamics-nav,2026-04-01T00:36:02.756988Z,GOOD: case study
Priority Software,FR,,case_study,Case study: Microsoft Navision End-of-Life Explained - Priority Software,5,global_jobs,priority-software.com,https://www.priority-software.com/blog/microsoft-navision-end-of-life/,2026-04-01T00:36:02.756288Z,GOOD: case study
Elevify,FR,,case_study,Case study: Formation Microsoft Dynamics NAV - Elevify,5,global_jobs,elevify.com,https://www.elevify.com/fr-ca/courses/engineering-construction-and-technology-fr/technology-fr/microsoft-dynamics-nav-training-d5937,2026-04-01T00:36:02.756120Z,GOOD: case study
Walter & Associates,UK,,case_study,Case study: How Does theNavisionSystem Work? - Walter & Associates,5,global_jobs,walterassociates.co.uk,https://www.walterassociates.co.uk/how-does-the-navision-system-work/,2026-04-01T00:35:42.102377Z,GOOD: case study
Digmatix,PL,,case_study,Case study: Dynamics NAV (Navision) - Digmatix,5,global_jobs,digmatix.com,https://www.digmatix.com/pl/produkty/dynamics-nav,2026-04-01T00:35:33.300185Z,GOOD: case study
Navisioni Microsoft Dynamics NAV,PL,,case_study,Case study: Navisioni Microsoft Dynamics NAV - fundamenty nowoczesnego ...,5,global_jobs,nav24.pl,https://nav24.pl/navision-i-microsoft-dynamics-nav-fundamenty-nowoczesnego-systemu-erp/,2026-04-01T00:35:33.300081Z,GOOD: case study
NMI ERP,PL,,case_study,Case study: Renta -CaseStudy- Microsoft Dynamics NAV - NMI ERP,5,global_jobs,nmierp.pl,https://www.nmierp.pl/en/case-study-renta/,2026-04-01T00:35:33.298152Z,GOOD: case study
Nav24,BE,,case_study,Case study: Navisionand Microsoft Dynamics NAV – Foundations of a Modern ...,5,global_jobs,nav24.eu,https://nav24.eu/navision-and-microsoft-dynamics-nav-foundations-of-a-modern-erp-system/,2026-04-01T00:35:27.966576Z,GOOD: case study
Zupgo,NL,,case_study,Case study: Products & Pricing - Zupgo - Microsoft Dynamics NAV,5,global_jobs,zupgo.nl,https://www.zupgo.nl/en/products-pricing,2026-04-01T00:35:21.157984Z,GOOD: case study
LinkedIn,NL,,case_study,Case study: CaseStudy- Power BI connects with Dynamics NAV 2016 - LinkedIn,5,global_jobs,linkedin.com,https://www.linkedin.com/pulse/case-study-power-bi-connects-dynamics-nav-2016-neeraj-gargi,2026-04-01T00:35:21.156886Z,GOOD: case study
CaseStudy- Power BI connects with Dynamics NAV 2016,FI,,case_study,Case study: CaseStudy- Power BI connects with Dynamics NAV 2016 - LinkedIn,5,global_jobs,linkedin.com,https://www.linkedin.com/pulse/case-study-power-bi-connects-dynamics-nav-2016-neeraj-gargi,2026-04-01T00:35:12.627274Z,GOOD: case study
Right People Group,NO,,case_study,Case study: Ekspert Dynamics NAV-utvikling for bedrifter - Right People Group,5,global_jobs,rightpeoplegroup.com,https://rightpeoplegroup.com/nb/expertise/dynamics-nav-utvikler,2026-04-01T00:35:05.515196Z,GOOD: case study
CONTRACT Consulting Group,DE,,case_study,Case study: Microsoft Dynamics NAV - CONTRACT Consulting Group,5,global_jobs,contract.at,https://contract.at/ms-dynamics-nav/,2026-04-01T00:34:45.615817Z,GOOD: case study
Von Navision überDynamicsNAVzu Microsoft ...,DE,,case_study,Case study: Von Navision überDynamicsNAVzu Microsoft ... - ags-online.de,5,global_jobs,ags-online.de,https://www.ags-online.de/navision/,2026-04-01T00:34:45.614731Z,GOOD: case study
E-conomic,DK,,case_study,Case study: Skift fraNavisionregnskabsprogram til e-conomic,5,global_jobs,e-conomic.dk,https://www.e-conomic.dk/apps-og-udvidelser/navision-konvertering,2026-04-01T00:34:33.150555Z,GOOD: case study
Økonomistyrelsen,DK,,case_study,Case study: Nyt iNavisionStat 11.1.003 - Økonomistyrelsen,5,global_jobs,oes.dk,https://oes.dk/media/2nydklp3/navision-stat-112-nyt-i-navision-stat-111003.pdf,2026-04-01T00:34:33.148546Z,GOOD: case study
Derordersatz,DK,,case_study,Case study: NAV Finansiel bogføring -NavisionOrdersatz Shopware BC365,5,global_jobs,derordersatz.de,https://derordersatz.de/da/nav-finanzbuchhaltung/,2026-04-01T00:34:33.148509Z,GOOD: case study
Benchmarkit Dk,DK,,case_study,"Case study: Jet Analytics | Business Intelligence tilNavision, Axapta og NAV 365",5,global_jobs,benchmarkit.dk,https://benchmarkit.dk/jet-analytics/,2026-04-01T00:34:33.148342Z,GOOD: case study
Navision/ Dynamics NAV | versioner,DK,,case_study,Case study: Navision/ Dynamics NAV | versioner - Active Business Solutions,5,global_jobs,activebs.com,https://www.activebs.com/dk/dynamics-nav/versioner,2026-04-01T00:34:33.148219Z,GOOD: case study
Navtech Net,DK,,case_study,Case study: History ofNavision- Navtech Group,5,global_jobs,navtech.net,https://navtech.net/categories/52-history-of-navision,2026-04-01T00:34:33.147234Z,GOOD: case study
The Story ofNavisionandNavisionStat,DK,,case_study,Case study: The Story ofNavisionandNavisionStat - HAL-Inria,5,global_jobs,inria.hal.science,https://inria.hal.science/hal-01301402v1/document,2026-04-01T00:34:33.147111Z,GOOD: case study
Kh Online Dk,DK,,case_study,Case study: 3 værdiskabende grunde til du skal brugeNavision,5,global_jobs,kh-online.dk,https://kh-online.dk/3-vaerdiskabende-grunde-til-du-skal-bruge-navision/,2026-03-31T21:33:27.748385Z,GOOD: case study
Behold Dit Bogforingsprogram Dk,DK,,case_study,Case study: Navision/NAV — Overhold loven uden at skifte bogføringsprogram,5,global_jobs,behold-dit-bogforingsprogram.dk,https://www.behold-dit-bogforingsprogram.dk/navision-nav,2026-03-31T21:33:27.748344Z,GOOD: case study
Itm8 Dk,DK,,case_study,Case study: Bogføringsloven med Microsoft Dynamics NAV | Sådan overholder du den!,5,global_jobs,itm8.dk,https://itm8.dk/forretningssystemer/erp/bogfoeringsloven/dynamics-nav-bogfoeringslov,2026-03-31T21:33:27.748230Z,GOOD: case study
Hugendubel Info,DE,,case_study,Case study: Ein praxisorientierter Einstieg in MicrosoftNavision,5,global_jobs,hugendubel.info,https://www.hugendubel.info/detail/ISBN-9783639113280/Schmid-Tobias/Ein-praxisorientierter-Einstieg-in-Microsoft-Navision,2026-03-31T21:10:35.799568Z,GOOD: case study
Morawa At,DE,,case_study,Case study: Ein praxisorientierter Einstieg in MicrosoftNavision,5,global_jobs,morawa.at,https://www.morawa.at/detail/ISBN-9783639113280/Schmid-Tobias/Ein-praxisorientierter-Einstieg-in-Microsoft-Navision,2026-03-31T21:10:35.799526Z,GOOD: case study
Abebooks De,DE,,case_study,Case study: Ein praxisorientierter Einstieg in MicrosoftNavision: Eine ...,5,global_jobs,abebooks.de,https://www.abebooks.de/9783639113280/praxisorientierter-Einstieg-Microsoft-Navision-Hochschularbeit-3639113284/plp,2026-03-31T21:10:35.798946Z,GOOD: case study
Smartphonesiden Dk,DK,,case_study,Case study: En Dybtgående Guide til MicrosoftNavision– SmartphoneSiden,5,global_jobs,smartphonesiden.dk,https://smartphonesiden.dk/microsoft-navision/,2026-03-31T19:50:21.962075Z,GOOD: case study
Tips og tricks tilNavisionStat,DK,,case_study,Case study: Tips og tricks tilNavisionStat - oes.dk,5,global_jobs,oes.dk,https://oes.dk/digitale-loesninger/navision-stat/vejledning/tips-og-tricks/,2026-03-31T19:42:54.220719Z,GOOD: case study
Plm Erpnews Se,SE,,case_study,Case study: Orango och Itero blir störst iSverigepå Dynamics NAV,5,global_jobs,plm-erpnews.se,http://plm-erpnews.se/orango-och-itero-blir-storst-i-sverige-pa-dynamics-nav/,2026-03-31T19:32:22.526287Z,GOOD: case study
Paperfree Dk,DK,,case_study,Case study: Navisioner forretningssoftware og kan anvendes af alle virksomheder ...,5,global_jobs,paperfree.dk,https://paperfree.dk/navision-er-forretningssoftware-og-kan-anvendes-af-alle-virksomheder/,2026-03-31T17:34:48.770299Z,GOOD: case study
Sececcph2019 Dk,DK,,case_study,Case study: Forskellen mellem C5 og det nyeNavision- Sececcph2019.dk,5,global_jobs,sececcph2019.dk,https://sececcph2019.dk/forskellen-mellem-c5-og-det-nye-navision/,2026-03-31T17:34:48.770288Z,GOOD: case study
NavisionStat 11.7 Officiel release,DK,,case_study,Case study: NavisionStat 11.7 Officiel release - oes.dk,5,global_jobs,oes.dk,https://oes.dk/digitale-loesninger/navision-stat/installation-og-vedligehold/ns117-officiel-release/,2026-03-31T17:34:48.770275Z,GOOD: case study
Servicebeskrivelse forNavisionStat 2025,DK,,case_study,Case study: Servicebeskrivelse forNavisionStat 2025 - Økonomistyrelsen,5,global_jobs,oes.dk,https://oes.dk/media/23wbkzkh/servicebeskrivelse-for-navision-stat-januar-2025.pdf,2026-03-31T17:34:48.770231Z,GOOD: case study
NavisionStat,DK,,case_study,Case study: NavisionStat - Statens Adm,5,global_jobs,statens-adm.dk,https://statens-adm.dk/support/oekonomisupport/navision-stat/,2026-03-31T17:34:48.770113Z,GOOD: case study
Portfolio,DK,,case_study,Case study: Portfolio - NavisionGroup,5,global_jobs,navisiongroup.com,https://navisiongroup.com/portfolio/,2026-03-31T17:26:28.177237Z,GOOD: case study
Tso De,DE,,case_study,Case study: MicrosoftDynamicsNAV(vormals Navision),5,global_jobs,tso.de,https://www.tso.de/microsoft-dynamics-nav/,2026-03-31T17:22:59.425305Z,GOOD: case study
Serinf It,IT,,case_study,Case study: Microsoft Dynamics NAV: ERP for SME | Serinf,5,global_jobs,serinf.it,https://www.serinf.it/en/software-sme/erp/microsoft-dynamics-nav/,2026-03-31T16:56:35.709126Z,GOOD: case study
Euroinnovaformazione It,IT,,case_study,Case study: Caratteristiche di MicrosoftNavision- corsi | euroinnova,5,global_jobs,euroinnovaformazione.it,https://www.euroinnovaformazione.it/funzionalita-di-microsoft-navision,2026-03-31T16:56:35.708930Z,GOOD: case study
Fairytell Dk,DK,,case_study,Case study: En omfattende guide tilNavision- Fairytell Artiklen,5,global_jobs,fairytell.dk,https://fairytell.dk/navision/,2026-03-31T16:50:49.126511Z,GOOD: case study
Regnskabspiloten Dk,DK,,case_study,Case study: En komplet guide tilnavisionog andre regnskabsprogrammer,5,global_jobs,regnskabspiloten.dk,https://regnskabspiloten.dk/en-komplet-guide-til-navision-og-andre-regnskabsprogrammer/,2026-03-31T16:50:49.126477Z,GOOD: case study
Webbureauer Dk,DK,,case_study,Case study: Navision: Effektiv økonomistyring til din virksomhed,5,global_jobs,webbureauer.dk,https://webbureauer.dk/nyheder/navision-effektiv-oekonomistyring-til-din-virksomhed/,2026-03-31T16:50:49.126440Z,GOOD: case study
Kapitalnu Dk,DK,,case_study,Case study: Økonomi Regnskab medNavisionRegnskabsprogram,5,global_jobs,kapitalnu.dk,https://kapitalnu.dk/oekonomi-regnskab-med-navision-regnskabsprogram/,2026-03-31T16:50:49.126410Z,GOOD: case study
Navision24 De,DK,,case_study,"Case study: Dynamics NAV ⚡ Tutorials, Funktions",5,global_jobs,navision24.de,https://navision24.de/,2026-03-31T16:50:49.125971Z,GOOD: case study
jeffreybulanadi/navision-where-used-tools,DK,,case_study,Case study: jeffreybulanadi/navision-where-used-tools - GitHub,5,global_jobs,github.com,https://github.com/jeffreybulanadi/navision-where-used-tools,2026-03-31T16:50:49.125936Z,GOOD: case study
Navision: Business Solutions Microsoft,IT,,case_study,Case study: Navision: Business Solutions Microsoft - NAV-LAB,5,global_jobs,navlab.it,https://www.navlab.it/navision/,2026-03-31T16:25:23.661203Z,GOOD: case study
Eos Solutions It,IT,,case_study,Case study: DaNavisiona Copilot: l'evoluzione di Microsoft …,5,global_jobs,eos-solutions.it,https://eos-solutions.it/it/news-details/business-central-navision-copilot.html,2026-03-31T16:25:23.661025Z,GOOD: case study
Hvordan virkerNavision?,DK,,case_study,Case study: Hvordan virkerNavision? - skagenonline.dk,5,global_jobs,skagenonline.dk,https://www.skagenonline.dk/faq/hvordan-virker-navision,2026-03-31T16:15:55.847308Z,GOOD: case study
Brandngrow Dk,DK,,case_study,Case study: Hvad erNavision? Den dybe guide til et af ERP-systemernes mest …,5,global_jobs,brandngrow.dk,https://brandngrow.dk/hvad-er-navision/,2026-03-31T16:15:55.847265Z,GOOD: case study
Brugervejledninger tilNavisionStat,DK,,case_study,Case study: Brugervejledninger tilNavisionStat - Statens Adm,5,global_jobs,statens-adm.dk,https://statens-adm.dk/support/oekonomisupport/navision-stat/brugervejledninger/,2026-03-31T16:15:55.847197Z,GOOD: case study
Oes Dk,DK,,case_study,Case study: Vejledninger tilNavisionStat,5,global_jobs,oes.dk,https://oes.dk/digitale-loesninger/navision-stat/vejledning/,2026-03-31T16:15:55.847092Z,GOOD: case study
Erpsupporten Dk,DK,,case_study,Case study: Hvad er NAV (Navision)? | Økonomisystem til SMB …,5,global_jobs,erpsupporten.dk,https://erpsupporten.dk/hvad-er-nav/,2026-03-31T16:15:55.846853Z,GOOD: case study
Ifi Tech,IN,,case_study,Case study: Indian Red Cross Society upgrades operations fromNavisionto …,5,global_jobs,ifi.tech,https://ifi.tech/case-studies/ircs-upgrades-navision-to-dynamics-365-business-central/,2026-03-31T16:13:46.915906Z,GOOD: case study
"BusinessCentral, Dynamics NAV, Navision",DK,,case_study,"Case study: BusinessCentral, Dynamics NAV, Navision - Navisupport",5,global_jobs,navisupport.dk,https://www.navisupport.dk/business-central-dynamics-nav/,2026-03-31T15:44:32.450653Z,GOOD: case study
Blisss Nl,NL,,case_study,Case study: DynamicsNavision | Blisss,5,global_jobs,blisss.nl,https://www.blisss.nl/oplossingen/dynamics-nav,2026-03-31T15:31:22.238282Z,GOOD: case study
Hvad hedderNavisioni dag?,DK,,case_study,Case study: Hvad hedderNavisioni dag? - skagenonline.dk,5,global_jobs,skagenonline.dk,https://www.skagenonline.dk/faq/hvad-hedder-navision-i-dag,2026-03-31T13:41:14.508041Z,GOOD: case study
"Dynamics NAV, lagerstyring og produktion",DK,,case_study,"Case study: Dynamics NAV, lagerstyring og produktion - Vision Data",5,global_jobs,visiondata.dk,https://visiondata.dk/index.php/component/content/article/32-vision-data/om-os/51-visiondata.html,2026-03-31T13:37:30.666293Z,GOOD: case study
- NavisionGroup,DK,,case_study,Case study: - NavisionGroup - Danish Family Office,5,global_jobs,navisiongroup.com,https://navisiongroup.com/,2026-03-31T13:37:30.666266Z,GOOD: case study
Opgraderingaf Dynamics NAV,DK,,case_study,Case study: Opgraderingaf Dynamics NAV - visiondata.dk,5,global_jobs,visiondata.dk,https://visiondata.dk/radgivning-i-dynamics-nav/opgradering-af-nav.html,2026-03-31T13:37:30.666153Z,GOOD: case study
Navisiontidslinje,DK,,case_study,"Case study: Navisiontidslinje - JM Data, Ikast ApS",5,global_jobs,jmdata.dk,https://jmdata.dk/diverse/navision-tidslinje,2026-03-31T13:26:27.593842Z,GOOD: case study
Lex Dk,DK,,case_study,Case study: Navision– Lex,5,global_jobs,lex.dk,https://lex.dk/Navision,2026-03-31T13:26:27.593719Z,GOOD: case study
Theseus: Microsoft Dynamics NAV,FI,,case_study,Case study: Theseus: Microsoft Dynamics NAV - oppimisympäristön kehittäminen: …,5,global_jobs,theseus.fi,https://www.theseus.fi/handle/10024/15745,2026-03-31T13:19:37.702273Z,GOOD: case study
Dynamics NAV 2016Go-LiveExperience,US,,case_study,Case study: Dynamics NAV 2016Go-LiveExperience - Steven Singer,5,global_jobs,stevensinger.org,https://stevensinger.org/blog/2016/03/dynamics-nav-2016-go-live.html,2026-03-31T13:04:45.397807Z,GOOD: case study
NavisionGo-LiveTool,US,,case_study,Case study: NavisionGo-LiveTool - mibuso.com,5,global_jobs,mibuso.com,https://mibuso.com/downloads/navision-go-live-tool,2026-03-31T13:04:45.397626Z,GOOD: case study
Navision24 De,DE,,case_study,"Case study: Dynamics NAV ⚡ Tutorials, Funktions",5,global_jobs,navision24.de,https://navision24.de/,2026-03-31T13:03:40.217334Z,GOOD: case study
Grupoactive Es,ES,,case_study,Case study: Navision de Microsoft -DynamicsNav- Grupo Active,5,global_jobs,grupoactive.es,https://grupoactive.es/es/software/erp/navision-dynamics-nav,2026-03-31T13:01:08.238864Z,GOOD: case study
Punch | Central Business System | Dynamics NAV,UK,,case_study,Case study: Punch | Central Business System | Dynamics NAV - The …,5,global_jobs,the365people.com,https://www.the365people.com/case-studies/punch,2026-03-31T13:00:39.774898Z,GOOD: case study
naughtone | Dynamics NAV Implementation,US,,case_study,Case study: naughtone | Dynamics NAV Implementation - The 365 …,5,global_jobs,the365people.com,https://www.the365people.com/case-studies/naughtone,2026-03-31T11:45:26.061305Z,GOOD: case study
HowNavisionCracked the North American Market,US,,case_study,Case study: HowNavisionCracked the North American Market - TBK Consult,5,global_jobs,tbkconsult.com,https://tbkconsult.com/how-navision-cracked-the-north-american-market/,2026-03-31T11:45:26.060645Z,GOOD: case study
CaseStudies | Dynamics NAV,US,,case_study,Case study: CaseStudies | Dynamics NAV - westerncomputer.com,5,global_jobs,westerncomputer.com,https://www.westerncomputer.com/resources/customer-success-stories/tag/dynamics-nav,2026-03-31T11:41:31.395562Z,GOOD: case study
Eid It,IT,,case_study,Case study: MicrosoftDynamicsNAV(Navision) è il software gestionale per ... - Eid,5,global_jobs,eid.it,https://eid.it/solutions/microsoft-dynamics-nav-erp-per-gestione-aziendale-integrata/,2026-03-31T11:11:33.100979Z,GOOD: case study
Navisys Biz,BE,,case_study,Case study: Microsoft Dynamics NAV helps with project management …,5,global_jobs,navisys.biz,https://www.navisys.biz/press-centre/case-studies/microsoft-dynamics-nav-helps-with-project-management-at-bohemia-muller,2026-03-31T11:10:51.740079Z,GOOD: case study
Mikä on MicrosoftNavision(NAV)?,FI,,case_study,Case study: Mikä on MicrosoftNavision(NAV)? - Yritysten taloushallinnon ...,5,global_jobs,imwechsel.com,https://imwechsel.com/fi/mika-on-navision/,2026-03-31T10:55:42.503116Z,GOOD: case study
NavisionIndia| Noida,IN,,case_study,Case study: NavisionIndia| Noida - Facebook,5,global_jobs,facebook.com,https://www.facebook.com/Navisionindia/,2026-03-31T10:53:04.374158Z,GOOD: case study
Startupmafia Eu,DK,,case_study,Case study: 20 years ago today: The story behind Microsoft’s acquisition of DanishNavision- ,5,global_jobs,startupmafia.eu,https://startupmafia.eu/20-years-ago-today-the-story-behind-microsofts-acquisition-of-danish-navision,2026-03-31T10:20:06.282226Z,GOOD: case study
Jmdata Dk,DK,,case_study,"Case study: Navisiontidslinje – JM Data, Ikast ApS",5,global_jobs,jmdata.dk,https://jmdata.dk/diverse/navision-tidslinje,2026-03-31T10:20:06.282093Z,GOOD: case study
Visiondata Dk,DK,,case_study,Case study: Historien omNavision/ Dynamics NAV,5,global_jobs,visiondata.dk,https://visiondata.dk/historien-om-navision-dynamics-nav.html,2026-03-31T10:20:06.281895Z,GOOD: case study
Ingest It,IT,,case_study,Case study: Microsoft Dynamics NAV (Navision) con Tempo Zero | Ingest,5,global_jobs,ingest.it,https://ingest.it/soluzioni-gestionali/navision-microsoft-dynamics-nav/,2026-03-31T10:17:58.281326Z,GOOD: case study
B S Eu,IT,,case_study,Case study: Microsoft Dynamics NAV | Business Solutions,5,global_jobs,b-s.eu,https://www.b-s.eu/it/prodotti/dynamics-nav/,2026-03-31T10:17:58.281303Z,GOOD: case study
Grupo Active,ES,,case_study,Case study: Grupo Active - Software de Gestión Empresarial -Navision- ERP,5,global_jobs,grupoactive.es,https://grupoactive.es/es,2026-03-31T10:17:53.488120Z,GOOD: case study
Aitana Es,ES,,case_study,Case study: Casodeéxito en Microsoft Dynamics NAV | Italpanelli,5,global_jobs,aitana.es,https://www.aitana.es/caso-de-exito/caso-exito-italpanelli-negocio-fabricacion-distribucion-paneles-sandwich/,2026-03-31T10:17:53.487470Z,GOOD: case study
Casodeéxito – Distribución (Navision),ES,,case_study,Case study: Casodeéxito – Distribución (Navision) - olivia.es,5,global_jobs,olivia.es,https://olivia.es/case-studie/caso-de-exito-distribucion-navision/,2026-03-31T10:17:53.487315Z,GOOD: case study
PeritajedeNavision. Otrocasodeéxito.,ES,,case_study,Case study: PeritajedeNavision. Otrocasodeéxito. - Peritajes & Peritos,5,global_jobs,peritajes-peritos.es,https://peritajes-peritos.es/articulos/articulo-peritaje-peritaje-de-navision-otro-caso-de-xito-/,2026-03-31T10:17:53.487264Z,GOOD: case study
Elci Fr,FR,,case_study,Case study: IntégrationDynamicsNAV/ Navision,5,global_jobs,elci.fr,https://www.elci.fr/integration,2026-03-31T10:17:45.300231Z,GOOD: case study
Nmierp Pl,PL,,case_study,Case study: IBCS -CaseStudy- Microsoft Dynamics NAV,5,global_jobs,nmierp.pl,https://www.nmierp.pl/en/case-study-ibcs/,2026-03-31T10:17:18.815362Z,GOOD: case study
Galanet Be,BE,,case_study,Case study: Navision software? Wij zijn al expert sinds 1996 in Navision,5,global_jobs,galanet.be,https://www.galanet.be/navision-software/,2026-03-31T10:17:11.144189Z,GOOD: case study
Eozys Be,BE,,case_study,Case study: NavisionIntegrator Belgium Microsoft Dynamics Nav | Eozys,5,global_jobs,eozys.be,http://eozys.be/index.php?page=who-are-we,2026-03-31T10:17:11.143825Z,GOOD: case study
Astena Be,BE,,case_study,Case study: Croissance contrôlée grâce à Microsoft Dynamics NAV | Astena,5,global_jobs,astena.be,https://www.astena.be/nl/erp-software/cases/asphalis-croissance-controlee-grace-a-microsoft-dynamics-nav,2026-03-31T10:17:11.143709Z,GOOD: case study
Newmindssystems Nl,NL,,case_study,Case study: Wat is MicrosoftNavisionERP en wat zijn de voordelen?,5,global_jobs,newmindssystems.nl,https://www.newmindssystems.nl/microsoft-navision/,2026-03-31T10:17:04.838106Z,GOOD: case study
Dynamics4All Nl,NL,,case_study,"Case study: Navision: Microsoft Dynamics NAV (Navision) professionals, freelancers ...",5,global_jobs,dynamics4all.nl,http://dynamics4all.nl/bedrijven/navision,2026-03-31T10:17:04.837949Z,GOOD: case study
Tungt No,NO,,case_study,Case study: Stor fusjon: Damgaard ASA ogNavisionSoftwareNorgeer gått sammen,5,global_jobs,tungt.no,https://www.tungt.no/article/view/734427/stor_fusjon_damgaard_asa_og_navision_software_norge_er_gatt_sammen,2026-03-31T10:16:52.875536Z,GOOD: case study
Xacct No,NO,,case_study,Case study: Vi har en visjon for dinNavision- XACCT,5,global_jobs,xacct.no,https://www.xacct.no/blogg/vi-har-en-visjon-for-din-navision,2026-03-31T10:16:52.875412Z,GOOD: case study
Naviators Dk,SE,,case_study,Case study: Implementeringog rådgivning af løsninger baseret på Dynamics NAV,5,global_jobs,naviators.dk,https://naviators.dk/en/forside-enu/,2026-03-31T10:16:39.266365Z,GOOD: case study
Ørsted,DK,,smoking_gun_job,"Søger: ""ERP-ansvarlig med Dynamics NAV erfaring""",5,manual_smoking_gun_v2,,https://orsted.com/careers,2026-03-31T07:47:39.735017Z,GOOD: erp.*ansvarlig
Cargo,United States,Advertising Services,theirstack,Listed on TheirStack as Microsoft Dynamics NAV user,5,theirstack,,https://theirstack.com/en/technology/microsoft-dynamics-nav?page=1,2026-03-30T20:53:30.303249Z,GOOD: listed on theirstack
E-business International Inc,United States,Manufacturing,theirstack,Listed on TheirStack as Microsoft Dynamics NAV user,5,theirstack,,https://theirstack.com/en/technology/microsoft-dynamics-nav?page=1,2026-03-30T20:53:30.303053Z,GOOD: listed on theirstack
Aptean,United States,Software Development,theirstack,Listed on TheirStack as Microsoft Dynamics NAV user,5,theirstack,,https://theirstack.com/en/technology/microsoft-dynamics-nav?page=1,2026-03-30T20:53:30.302929Z,GOOD: listed on theirstack
Primeau Vélo,Canada,Sporting Goods Manufacturing,theirstack,Listed on TheirStack as Microsoft Dynamics NAV user,5,theirstack,,https://theirstack.com/en/technology/microsoft-dynamics-nav?page=1,2026-03-30T20:53:30.302812Z,GOOD: listed on theirstack
Mastronardi Produce,Canada,Food and Beverage Services,theirstack,Listed on TheirStack as Microsoft Dynamics NAV user,5,theirstack,,https://theirstack.com/en/technology/microsoft-dynamics-nav?page=1,2026-03-30T20:53:30.302105Z,GOOD: listed on theirstack
Trio Line Polska Sp. z o.o.,PL,Household and Institutional Furniture Manufacturing,technology_stack,Listed on TheirStack as Microsoft Dynamics NAV user,5,theirstack,,https://theirstack.com/en/technology/microsoft-dynamics-nav/pl,2026-03-26T07:44:33.327264Z,GOOD: listed on theirstack
Factech,PL,Human Resources Services,technology_stack,Listed on TheirStack as Microsoft Dynamics NAV user,5,theirstack,,https://theirstack.com/en/technology/microsoft-dynamics-nav/pl,2026-03-26T07:44:33.327225Z,GOOD: listed on theirstack
Deployed,PL,Software Development,technology_stack,Listed on TheirStack as Microsoft Dynamics NAV user,5,theirstack,,https://theirstack.com/en/technology/microsoft-dynamics-nav/pl,2026-03-26T07:44:33.327186Z,GOOD: listed on theirstack
co.brick,PL,Software Development,technology_stack,Listed on TheirStack as Microsoft Dynamics NAV user,5,theirstack,,https://theirstack.com/en/technology/microsoft-dynamics-nav/pl,2026-03-26T07:44:33.327104Z,GOOD: listed on theirstack
Bidfood Farutex,PL,Wholesale,technology_stack,Listed on TheirStack as Microsoft Dynamics NAV user,5,theirstack,,https://theirstack.com/en/technology/microsoft-dynamics-nav/pl,2026-03-26T07:44:33.327065Z,GOOD: listed on theirstack
ASEE,PL,IT Services and IT Consulting,technology_stack,Listed on TheirStack as Microsoft Dynamics NAV user,5,theirstack,,https://theirstack.com/en/technology/microsoft-dynamics-nav/pl,2026-03-26T07:44:33.327020Z,GOOD: listed on theirstack
NMI ERP,PL,Software Development,technology_stack,Listed on TheirStack as Microsoft Dynamics NAV user,5,theirstack,,https://theirstack.com/en/technology/microsoft-dynamics-nav/pl,2026-03-26T07:44:33.326979Z,GOOD: listed on theirstack
Praca.pl,PL,"Technology, Information and Internet",technology_stack,Listed on TheirStack as Microsoft Dynamics NAV user,5,theirstack,,https://theirstack.com/en/technology/microsoft-dynamics-nav/pl,2026-03-26T07:44:33.326933Z,GOOD: listed on theirstack
Inter Cars S.A.,PL,Motor Vehicle Manufacturing,technology_stack,Listed on TheirStack as Microsoft Dynamics NAV user,5,theirstack,,https://theirstack.com/en/technology/microsoft-dynamics-nav/pl,2026-03-26T07:44:33.326276Z,GOOD: listed on theirstack
JET TAGESLICHT & RWA GMBH,DK,Wholesale Building Materials,technology_stack,Listed on TheirStack as Microsoft Dynamics NAV user,5,theirstack,,https://theirstack.com/en/technology/microsoft-dynamics-nav/dk,2026-03-26T07:44:15.372546Z,GOOD: listed on theirstack
emagine,DK,IT Services and IT Consulting,technology_stack,Listed on TheirStack as Microsoft Dynamics NAV user,5,theirstack,,https://theirstack.com/en/technology/microsoft-dynamics-nav/dk,2026-03-26T07:44:15.372484Z,GOOD: listed on theirstack
NORMAL A/S,DK,Retail,technology_stack,Listed on TheirStack as Microsoft Dynamics NAV user,5,theirstack,,https://theirstack.com/en/technology/microsoft-dynamics-nav/dk,2026-03-26T07:44:15.372405Z,GOOD: listed on theirstack
Consit Gruppen,DK,IT Services and IT Consulting,technology_stack,Listed on TheirStack as Microsoft Dynamics NAV user,5,theirstack,,https://theirstack.com/en/technology/microsoft-dynamics-nav/dk,2026-03-26T07:44:15.372361Z,GOOD: listed on theirstack
Bunker Holding A/S,DK,Oil and Gas,technology_stack,Listed on TheirStack as Microsoft Dynamics NAV user,5,theirstack,,https://theirstack.com/en/technology/microsoft-dynamics-nav/dk,2026-03-26T07:44:15.372274Z,GOOD: listed on theirstack
Continia Software,DK,Software Development,technology_stack,Listed on TheirStack as Microsoft Dynamics NAV user,5,theirstack,,https://theirstack.com/en/technology/microsoft-dynamics-nav/dk,2026-03-26T07:44:15.371439Z,GOOD: listed on theirstack
Oy Lunden Ab Jalostaja,FI,Food and Beverage Manufacturing,technology_stack,Listed on TheirStack as Microsoft Dynamics NAV user,5,theirstack,,https://theirstack.com/en/technology/microsoft-dynamics-nav/fi,2026-03-26T07:43:57.533963Z,GOOD: listed on theirstack
Reima,FI,Retail,technology_stack,Listed on TheirStack as Microsoft Dynamics NAV user,5,theirstack,,https://theirstack.com/en/technology/microsoft-dynamics-nav/fi,2026-03-26T07:43:57.533880Z,GOOD: listed on theirstack
Toughbyte,FI,"Technology, Information and Internet",technology_stack,Listed on TheirStack as Microsoft Dynamics NAV user,5,theirstack,,https://theirstack.com/en/technology/microsoft-dynamics-nav/fi,2026-03-26T07:43:57.533797Z,GOOD: listed on theirstack
Pamark Group,FI,Wholesale,technology_stack,Listed on TheirStack as Microsoft Dynamics NAV user,5,theirstack,,https://theirstack.com/en/technology/microsoft-dynamics-nav/fi,2026-03-26T07:43:57.533755Z,GOOD: listed on theirstack
Bespoke headhunting (by HRWU),FI,Human Resources Services,technology_stack,Listed on TheirStack as Microsoft Dynamics NAV user,5,theirstack,,https://theirstack.com/en/technology/microsoft-dynamics-nav/fi,2026-03-26T07:43:57.533695Z,GOOD: listed on theirstack
Temet,FI,Defense and Space Manufacturing,technology_stack,Listed on TheirStack as Microsoft Dynamics NAV user,5,theirstack,,https://theirstack.com/en/technology/microsoft-dynamics-nav/fi,2026-03-26T07:43:57.533654Z,GOOD: listed on theirstack
iLOQ,FI,Security and Investigations,technology_stack,Listed on TheirStack as Microsoft Dynamics NAV user,5,theirstack,,https://theirstack.com/en/technology/microsoft-dynamics-nav/fi,2026-03-26T07:43:57.533598Z,GOOD: listed on theirstack
J.Lindeberg,SE,Retail,technology_stack,Listed on TheirStack as Microsoft Dynamics NAV user,5,theirstack,,https://theirstack.com/en/technology/microsoft-dynamics-nav/se,2026-03-26T07:43:22.108184Z,GOOD: listed on theirstack
Perstorp Group,SE,Chemical Manufacturing,technology_stack,Listed on TheirStack as Microsoft Dynamics NAV user,5,theirstack,,https://theirstack.com/en/technology/microsoft-dynamics-nav/se,2026-03-26T07:43:22.108122Z,GOOD: listed on theirstack
Logent,SE,"Transportation, Logistics, Supply Chain and Storage",technology_stack,Listed on TheirStack as Microsoft Dynamics NAV user,5,theirstack,,https://theirstack.com/en/technology/microsoft-dynamics-nav/se,2026-03-26T07:43:22.108060Z,GOOD: listed on theirstack
4PS Sweden,SE,Software Development,technology_stack,Listed on TheirStack as Microsoft Dynamics NAV user,5,theirstack,,https://theirstack.com/en/technology/microsoft-dynamics-nav/se,2026-03-26T07:43:22.107997Z,GOOD: listed on theirstack
Project Destination,SE,Non-profit Organizations,technology_stack,Listed on TheirStack as Microsoft Dynamics NAV user,5,theirstack,,https://theirstack.com/en/technology/microsoft-dynamics-nav/se,2026-03-26T07:43:22.107924Z,GOOD: listed on theirstack
Grundéns,SE,Retail Apparel and Fashion,technology_stack,Listed on TheirStack as Microsoft Dynamics NAV user,5,theirstack,,https://theirstack.com/en/technology/microsoft-dynamics-nav/se,2026-03-26T07:43:22.107827Z,GOOD: listed on theirstack
Sandvik,SE,Mining,technology_stack,Listed on TheirStack as Microsoft Dynamics NAV user,5,theirstack,,https://theirstack.com/en/technology/microsoft-dynamics-nav/se,2026-03-26T07:43:22.107763Z,GOOD: listed on theirstack
Medius,SE,Software Development,technology_stack,Listed on TheirStack as Microsoft Dynamics NAV user,5,theirstack,,https://theirstack.com/en/technology/microsoft-dynamics-nav/se,2026-03-26T07:43:22.107654Z,GOOD: listed on theirstack
AddSecure,SE,IT Services and IT Consulting,technology_stack,Listed on TheirStack as Microsoft Dynamics NAV user,5,theirstack,,https://theirstack.com/en/technology/microsoft-dynamics-nav/se,2026-03-26T07:43:22.107040Z,GOOD: listed on theirstack
Duvel Moortgat USA LTD,BE,Food and Beverage Services,technology_stack,Listed on TheirStack as Microsoft Dynamics NAV user,5,theirstack,,https://theirstack.com/en/technology/microsoft-dynamics-nav/be,2026-03-26T07:43:04.294363Z,GOOD: listed on theirstack
BDO Belgium,BE,Business Consulting and Services,technology_stack,Listed on TheirStack as Microsoft Dynamics NAV user,5,theirstack,,https://theirstack.com/en/technology/microsoft-dynamics-nav/be,2026-03-26T07:43:04.294312Z,GOOD: listed on theirstack
Abecon Informatiesystemen,BE,Software Development,technology_stack,Listed on TheirStack as Microsoft Dynamics NAV user,5,theirstack,,https://theirstack.com/en/technology/microsoft-dynamics-nav/be,2026-03-26T07:43:04.294283Z,GOOD: listed on theirstack
Beddeleem,BE,Construction,technology_stack,Listed on TheirStack as Microsoft Dynamics NAV user,5,theirstack,,https://theirstack.com/en/technology/microsoft-dynamics-nav/be,2026-03-26T07:43:04.294220Z,GOOD: listed on theirstack
NORRIQ BENELUX,BE,IT Services and IT Consulting,technology_stack,Listed on TheirStack as Microsoft Dynamics NAV user,5,theirstack,,https://theirstack.com/en/technology/microsoft-dynamics-nav/be,2026-03-26T07:43:04.294135Z,GOOD: listed on theirstack
Bihr,BE,Wholesale,technology_stack,Listed on TheirStack as Microsoft Dynamics NAV user,5,theirstack,,https://theirstack.com/en/technology/microsoft-dynamics-nav/be,2026-03-26T07:43:04.294070Z,GOOD: listed on theirstack
ARLU nv,BE,Wholesale Building Materials,technology_stack,Listed on TheirStack as Microsoft Dynamics NAV user,5,theirstack,,https://theirstack.com/en/technology/microsoft-dynamics-nav/be,2026-03-26T07:43:04.294026Z,GOOD: listed on theirstack
Cegeka,BE,IT Services and IT Consulting,technology_stack,Listed on TheirStack as Microsoft Dynamics NAV user,5,theirstack,,https://theirstack.com/en/technology/microsoft-dynamics-nav/be,2026-03-26T07:43:04.293919Z,GOOD: listed on theirstack
9altitudes Belgium,BE,IT Services and IT Consulting,technology_stack,Listed on TheirStack as Microsoft Dynamics NAV user,5,theirstack,,https://theirstack.com/en/technology/microsoft-dynamics-nav/be,2026-03-26T07:43:04.293829Z,GOOD: listed on theirstack
BDO,BE,Accounting,technology_stack,Listed on TheirStack as Microsoft Dynamics NAV user,5,theirstack,,https://theirstack.com/en/technology/microsoft-dynamics-nav/be,2026-03-26T07:43:04.293247Z,GOOD: listed on theirstack
Van der Starre,NL,Wholesale Import and Export,technology_stack,Listed on TheirStack as Microsoft Dynamics NAV user,5,theirstack,,https://theirstack.com/en/technology/microsoft-dynamics-nav/nl,2026-03-26T07:42:46.973326Z,GOOD: listed on theirstack
WSB Solutions,NL,IT Services and IT Consulting,technology_stack,Listed on TheirStack as Microsoft Dynamics NAV user,5,theirstack,,https://theirstack.com/en/technology/microsoft-dynamics-nav/nl,2026-03-26T07:42:46.973253Z,GOOD: listed on theirstack
BCN,NL,Retail,technology_stack,Listed on TheirStack as Microsoft Dynamics NAV user,5,theirstack,,https://theirstack.com/en/technology/microsoft-dynamics-nav/nl,2026-03-26T07:42:46.973174Z,GOOD: listed on theirstack
DO IT ORGANIC,NL,Wholesale Import and Export,technology_stack,Listed on TheirStack as Microsoft Dynamics NAV user,5,theirstack,,https://theirstack.com/en/technology/microsoft-dynamics-nav/nl,2026-03-26T07:42:46.973135Z,GOOD: listed on theirstack
HAL Allergy Group,NL,Pharmaceutical Manufacturing,technology_stack,Listed on TheirStack as Microsoft Dynamics NAV user,5,theirstack,,https://theirstack.com/en/technology/microsoft-dynamics-nav/nl,2026-03-26T07:42:46.973093Z,GOOD: listed on theirstack
Geyer Nederland B.V.,NL,Oil and Gas,technology_stack,Listed on TheirStack as Microsoft Dynamics NAV user,5,theirstack,,https://theirstack.com/en/technology/microsoft-dynamics-nav/nl,2026-03-26T07:42:46.972942Z,GOOD: listed on theirstack
Jelling,NL,IT Services and IT Consulting,technology_stack,Listed on TheirStack as Microsoft Dynamics NAV user,5,theirstack,,https://theirstack.com/en/technology/microsoft-dynamics-nav/nl,2026-03-26T07:42:46.972261Z,GOOD: listed on theirstack
SIAN Wholesale,GB,Wholesale,technology_stack,Listed on TheirStack as Microsoft Dynamics NAV user,5,theirstack,,https://theirstack.com/en/technology/microsoft-dynamics-nav/gb,2026-03-26T07:42:29.366356Z,GOOD: listed on theirstack
United Living Group,GB,Construction,technology_stack,Listed on TheirStack as Microsoft Dynamics NAV user,5,theirstack,,https://theirstack.com/en/technology/microsoft-dynamics-nav/gb,2026-03-26T07:42:29.366318Z,GOOD: listed on theirstack
Net World Sports,GB,Retail,technology_stack,Listed on TheirStack as Microsoft Dynamics NAV user,5,theirstack,,https://theirstack.com/en/technology/microsoft-dynamics-nav/gb,2026-03-26T07:42:29.366303Z,GOOD: listed on theirstack
Acteon Group Ltd.,GB,Services for Renewable Energy,technology_stack,Listed on TheirStack as Microsoft Dynamics NAV user,5,theirstack,,https://theirstack.com/en/technology/microsoft-dynamics-nav/gb,2026-03-26T07:42:29.366219Z,GOOD: listed on theirstack
Enva,GB,Environmental Services,technology_stack,Listed on TheirStack as Microsoft Dynamics NAV user,5,theirstack,,https://theirstack.com/en/technology/microsoft-dynamics-nav/gb,2026-03-26T07:42:29.366138Z,GOOD: listed on theirstack
Node4,GB,IT Services and IT Consulting,technology_stack,Listed on TheirStack as Microsoft Dynamics NAV user,5,theirstack,,https://theirstack.com/en/technology/microsoft-dynamics-nav/gb,2026-03-26T07:42:29.366047Z,GOOD: listed on theirstack
Footasylum,GB,Retail,technology_stack,Listed on TheirStack as Microsoft Dynamics NAV user,5,theirstack,,https://theirstack.com/en/technology/microsoft-dynamics-nav/gb,2026-03-26T07:42:29.366005Z,GOOD: listed on theirstack
Indicia Worldwide,GB,Advertising Services,technology_stack,Listed on TheirStack as Microsoft Dynamics NAV user,5,theirstack,,https://theirstack.com/en/technology/microsoft-dynamics-nav/gb,2026-03-26T07:42:29.365943Z,GOOD: listed on theirstack
1st Technologies Ltd,GB,IT Services and IT Consulting,technology_stack,Listed on TheirStack as Microsoft Dynamics NAV user,5,theirstack,,https://theirstack.com/en/technology/microsoft-dynamics-nav/gb,2026-03-26T07:42:29.365319Z,GOOD: listed on theirstack
Techcronus Business Solutions Pvt. Ltd.,IN,IT Services and IT Consulting,technology_stack,Listed on TheirStack as Microsoft Dynamics NAV user,5,theirstack,,https://theirstack.com/en/technology/microsoft-dynamics-nav/in,2026-03-26T07:42:11.558724Z,GOOD: listed on theirstack
Robosol Systems Private Limited,IN,IT Services and IT Consulting,technology_stack,Listed on TheirStack as Microsoft Dynamics NAV user,5,theirstack,,https://theirstack.com/en/technology/microsoft-dynamics-nav/in,2026-03-26T07:42:11.558671Z,GOOD: listed on theirstack
Qode,IN,Investment Management,technology_stack,Listed on TheirStack as Microsoft Dynamics NAV user,5,theirstack,,https://theirstack.com/en/technology/microsoft-dynamics-nav/in,2026-03-26T07:42:11.558582Z,GOOD: listed on theirstack
LTIMindtree,IN,IT Services and IT Consulting,technology_stack,Listed on TheirStack as Microsoft Dynamics NAV user,5,theirstack,,https://theirstack.com/en/technology/microsoft-dynamics-nav/in,2026-03-26T07:42:11.558522Z,GOOD: listed on theirstack
Azzite Solutions,IN,Professional Services,technology_stack,Listed on TheirStack as Microsoft Dynamics NAV user,5,theirstack,,https://theirstack.com/en/technology/microsoft-dynamics-nav/in,2026-03-26T07:42:11.558441Z,GOOD: listed on theirstack
Careon Healthcare Solutions Pvt Ltd,IN,Hospitals and Health Care,technology_stack,Listed on TheirStack as Microsoft Dynamics NAV user,5,theirstack,,https://theirstack.com/en/technology/microsoft-dynamics-nav/in,2026-03-26T07:42:11.558356Z,GOOD: listed on theirstack
Synoverge Technologies Pvt. Ltd,IN,IT Services and IT Consulting,technology_stack,Listed on TheirStack as Microsoft Dynamics NAV user,5,theirstack,,https://theirstack.com/en/technology/microsoft-dynamics-nav/in,2026-03-26T07:42:11.558301Z,GOOD: listed on theirstack
Shaligram Infotech,IN,IT Services and IT Consulting,technology_stack,Listed on TheirStack as Microsoft Dynamics NAV user,5,theirstack,,https://theirstack.com/en/technology/microsoft-dynamics-nav/in,2026-03-26T07:42:11.558220Z,GOOD: listed on theirstack
Mogi I/O : OTT/Podcast/Short Video Apps for you,IN,Software Development,technology_stack,Listed on TheirStack as Microsoft Dynamics NAV user,5,theirstack,,https://theirstack.com/en/technology/microsoft-dynamics-nav/in,2026-03-26T07:42:11.558153Z,GOOD: listed on theirstack
Synoverge,IN,Consumer Services,technology_stack,Listed on TheirStack as Microsoft Dynamics NAV user,5,theirstack,,https://theirstack.com/en/technology/microsoft-dynamics-nav/in,2026-03-26T07:42:11.557466Z,GOOD: listed on theirstack
mylight150,FR,Renewable Energy Equipment Manufacturing,technology_stack,Listed on TheirStack as Microsoft Dynamics NAV user,5,theirstack,,https://theirstack.com/en/technology/microsoft-dynamics-nav/fr,2026-03-26T07:41:53.573478Z,GOOD: listed on theirstack
Generix,FR,Software Development,technology_stack,Listed on TheirStack as Microsoft Dynamics NAV user,5,theirstack,,https://theirstack.com/en/technology/microsoft-dynamics-nav/fr,2026-03-26T07:41:53.573423Z,GOOD: listed on theirstack
MIGSO-PCUBED,FR,Business Consulting and Services,technology_stack,Listed on TheirStack as Microsoft Dynamics NAV user,5,theirstack,,https://theirstack.com/en/technology/microsoft-dynamics-nav/fr,2026-03-26T07:41:53.573381Z,GOOD: listed on theirstack
VELUX,FR,Manufacturing,technology_stack,Listed on TheirStack as Microsoft Dynamics NAV user,5,theirstack,,https://theirstack.com/en/technology/microsoft-dynamics-nav/fr,2026-03-26T07:41:53.573365Z,GOOD: listed on theirstack
Kicklox,FR,IT Services and IT Consulting,technology_stack,Listed on TheirStack as Microsoft Dynamics NAV user,5,theirstack,,https://theirstack.com/en/technology/microsoft-dynamics-nav/fr,2026-03-26T07:41:53.573325Z,GOOD: listed on theirstack
BCSYS,FR,Software Development,technology_stack,Listed on TheirStack as Microsoft Dynamics NAV user,5,theirstack,,https://theirstack.com/en/technology/microsoft-dynamics-nav/fr,2026-03-26T07:41:53.573236Z,GOOD: listed on theirstack
Talan,FR,IT Services and IT Consulting,technology_stack,Listed on TheirStack as Microsoft Dynamics NAV user,5,theirstack,,https://theirstack.com/en/technology/microsoft-dynamics-nav/fr,2026-03-26T07:41:53.573171Z,GOOD: listed on theirstack
SOLWARE GROUP,FR,IT Services and IT Consulting,technology_stack,Listed on TheirStack as Microsoft Dynamics NAV user,5,theirstack,,https://theirstack.com/en/technology/microsoft-dynamics-nav/fr,2026-03-26T07:41:53.573021Z,GOOD: listed on theirstack
VINCI,FR,Construction,technology_stack,Listed on TheirStack as Microsoft Dynamics NAV user,5,theirstack,,https://theirstack.com/en/technology/microsoft-dynamics-nav/fr,2026-03-26T07:41:53.572954Z,GOOD: listed on theirstack
ABSYS CYBORG,FR,IT Services and IT Consulting,technology_stack,Listed on TheirStack as Microsoft Dynamics NAV user,5,theirstack,,https://theirstack.com/en/technology/microsoft-dynamics-nav/fr,2026-03-26T07:41:53.572314Z,GOOD: listed on theirstack
Inox Tech S.p.A.,IT,Oil and Gas,technology_stack,Listed on TheirStack as Microsoft Dynamics NAV user,5,theirstack,,https://theirstack.com/en/technology/microsoft-dynamics-nav/it,2026-03-26T07:41:36.078538Z,GOOD: listed on theirstack
Castelfalfi,IT,Hospitality,technology_stack,Listed on TheirStack as Microsoft Dynamics NAV user,5,theirstack,,https://theirstack.com/en/technology/microsoft-dynamics-nav/it,2026-03-26T07:41:36.078496Z,GOOD: listed on theirstack
Shopfully,IT,Software Development,technology_stack,Listed on TheirStack as Microsoft Dynamics NAV user,5,theirstack,,https://theirstack.com/en/technology/microsoft-dynamics-nav/it,2026-03-26T07:41:36.078455Z,GOOD: listed on theirstack
Oberalp Group,IT,Sporting Goods Manufacturing,technology_stack,Listed on TheirStack as Microsoft Dynamics NAV user,5,theirstack,,https://theirstack.com/en/technology/microsoft-dynamics-nav/it,2026-03-26T07:41:36.078414Z,GOOD: listed on theirstack
Farmina,IT,Food and Beverage Manufacturing,technology_stack,Listed on TheirStack as Microsoft Dynamics NAV user,5,theirstack,,https://theirstack.com/en/technology/microsoft-dynamics-nav/it,2026-03-26T07:41:36.078311Z,GOOD: listed on theirstack
emeis Italia,IT,Hospitals and Health Care,technology_stack,Listed on TheirStack as Microsoft Dynamics NAV user,5,theirstack,,https://theirstack.com/en/technology/microsoft-dynamics-nav/it,2026-03-26T07:41:36.078227Z,GOOD: listed on theirstack
The Level Group,IT,Software Development,technology_stack,Listed on TheirStack as Microsoft Dynamics NAV user,5,theirstack,,https://theirstack.com/en/technology/microsoft-dynamics-nav/it,2026-03-26T07:41:36.078183Z,GOOD: listed on theirstack
Eurointerim spa,IT,Human Resources Services,technology_stack,Listed on TheirStack as Microsoft Dynamics NAV user,5,theirstack,,https://theirstack.com/en/technology/microsoft-dynamics-nav/it,2026-03-26T07:41:36.078140Z,GOOD: listed on theirstack
IRBM,IT,Biotechnology Research,technology_stack,Listed on TheirStack as Microsoft Dynamics NAV user,5,theirstack,,https://theirstack.com/en/technology/microsoft-dynamics-nav/it,2026-03-26T07:41:36.078107Z,GOOD: listed on theirstack
IDLO - International Development Law Organization,IT,International Affairs,technology_stack,Listed on TheirStack as Microsoft Dynamics NAV user,5,theirstack,,https://theirstack.com/en/technology/microsoft-dynamics-nav/it,2026-03-26T07:41:36.077500Z,GOOD: listed on theirstack
Rossmann Droguería España S.L.,ES,Retail,technology_stack,Listed on TheirStack as Microsoft Dynamics NAV user,5,theirstack,,https://theirstack.com/en/technology/microsoft-dynamics-nav/es,2026-03-26T07:41:17.903416Z,GOOD: listed on theirstack
Northius,ES,Higher Education,technology_stack,Listed on TheirStack as Microsoft Dynamics NAV user,5,theirstack,,https://theirstack.com/en/technology/microsoft-dynamics-nav/es,2026-03-26T07:41:17.903346Z,GOOD: listed on theirstack
WeHunt España,ES,Human Resources Services,technology_stack,Listed on TheirStack as Microsoft Dynamics NAV user,5,theirstack,,https://theirstack.com/en/technology/microsoft-dynamics-nav/es,2026-03-26T07:41:17.903306Z,GOOD: listed on theirstack
Innova Advanced Consulting,ES,IT Services and IT Consulting,technology_stack,Listed on TheirStack as Microsoft Dynamics NAV user,5,theirstack,,https://theirstack.com/en/technology/microsoft-dynamics-nav/es,2026-03-26T07:41:17.903241Z,GOOD: listed on theirstack
Excelia,ES,IT Services and IT Consulting,technology_stack,Listed on TheirStack as Microsoft Dynamics NAV user,5,theirstack,,https://theirstack.com/en/technology/microsoft-dynamics-nav/es,2026-03-26T07:41:17.903166Z,GOOD: listed on theirstack
Melt Group,ES,Human Resources Services,technology_stack,Listed on TheirStack as Microsoft Dynamics NAV user,5,theirstack,,https://theirstack.com/en/technology/microsoft-dynamics-nav/es,2026-03-26T07:41:17.903088Z,GOOD: listed on theirstack
NUNSYS,ES,IT Services and IT Consulting,technology_stack,Listed on TheirStack as Microsoft Dynamics NAV user,5,theirstack,,https://theirstack.com/en/technology/microsoft-dynamics-nav/es,2026-03-26T07:41:17.903058Z,GOOD: listed on theirstack
Lãberit,ES,IT Services and IT Consulting,technology_stack,Listed on TheirStack as Microsoft Dynamics NAV user,5,theirstack,,https://theirstack.com/en/technology/microsoft-dynamics-nav/es,2026-03-26T07:41:17.903015Z,GOOD: listed on theirstack
Modern Talent Hub,ES,Human Resources Services,technology_stack,Listed on TheirStack as Microsoft Dynamics NAV user,5,theirstack,,https://theirstack.com/en/technology/microsoft-dynamics-nav/es,2026-03-26T07:41:17.902899Z,GOOD: listed on theirstack
Auxadi,ES,Financial Services,technology_stack,Listed on TheirStack as Microsoft Dynamics NAV user,5,theirstack,,https://theirstack.com/en/technology/microsoft-dynamics-nav/es,2026-03-26T07:41:17.902270Z,GOOD: listed on theirstack
Oseberg Solutions AS,NO,Software Development,technology_stack,Listed on TheirStack as Microsoft Dynamics NAV user,5,theirstack,,https://theirstack.com/en/technology/microsoft-dynamics-nav/no,2026-03-26T07:39:36.436322Z,GOOD: listed on theirstack
CEWE Japan Photo,NO,Photography,technology_stack,Listed on TheirStack as Microsoft Dynamics NAV user,5,theirstack,,https://theirstack.com/en/technology/microsoft-dynamics-nav/no,2026-03-26T07:39:36.436281Z,GOOD: listed on theirstack
NAVTOR,NO,Software Development,technology_stack,Listed on TheirStack as Microsoft Dynamics NAV user,5,theirstack,,https://theirstack.com/en/technology/microsoft-dynamics-nav/no,2026-03-26T07:39:36.436238Z,GOOD: listed on theirstack
Nel Hydrogen,NO,Renewable Energy Equipment Manufacturing,technology_stack,Listed on TheirStack as Microsoft Dynamics NAV user,5,theirstack,,https://theirstack.com/en/technology/microsoft-dynamics-nav/no,2026-03-26T07:39:36.436193Z,GOOD: listed on theirstack
Orkla Health,NO,Retail,technology_stack,Listed on TheirStack as Microsoft Dynamics NAV user,5,theirstack,,https://theirstack.com/en/technology/microsoft-dynamics-nav/no,2026-03-26T07:39:36.436152Z,GOOD: listed on theirstack
MBP Solutions Ltd,NO,Oil and Gas,technology_stack,Listed on TheirStack as Microsoft Dynamics NAV user,5,theirstack,,https://theirstack.com/en/technology/microsoft-dynamics-nav/no,2026-03-26T07:39:36.436053Z,GOOD: listed on theirstack
Vizrt,NO,Software Development,technology_stack,Listed on TheirStack as Microsoft Dynamics NAV user,5,theirstack,,https://theirstack.com/en/technology/microsoft-dynamics-nav/no,2026-03-26T07:39:36.436011Z,GOOD: listed on theirstack
Wilhelmsen,NO,"Transportation, Logistics, Supply Chain and Storage",technology_stack,Listed on TheirStack as Microsoft Dynamics NAV user,5,theirstack,,https://theirstack.com/en/technology/microsoft-dynamics-nav/no,2026-03-26T07:39:36.435963Z,GOOD: listed on theirstack
DeepOcean,NO,Oil and Gas,technology_stack,Listed on TheirStack as Microsoft Dynamics NAV user,5,theirstack,,https://theirstack.com/en/technology/microsoft-dynamics-nav/no,2026-03-26T07:39:36.435893Z,GOOD: listed on theirstack
StrongPoint,NO,IT Services and IT Consulting,technology_stack,Listed on TheirStack as Microsoft Dynamics NAV user,5,theirstack,,https://theirstack.com/en/technology/microsoft-dynamics-nav/no,2026-03-26T07:39:36.435226Z,GOOD: listed on theirstack
powwow,DE,Telecommunications,technology_stack,Listed on TheirStack as Microsoft Dynamics NAV user,5,theirstack,,https://theirstack.com/en/technology/microsoft-dynamics-nav/de,2026-03-26T06:43:42.813568Z,GOOD: listed on theirstack
DEKRA Arbeit GmbH,DE,Public Safety,technology_stack,Listed on TheirStack as Microsoft Dynamics NAV user,5,theirstack,,https://theirstack.com/en/technology/microsoft-dynamics-nav/de,2026-03-26T06:43:42.813527Z,GOOD: listed on theirstack
ESedi e.K.,DE,Software Development,technology_stack,Listed on TheirStack as Microsoft Dynamics NAV user,5,theirstack,,https://theirstack.com/en/technology/microsoft-dynamics-nav/de,2026-03-26T06:43:42.813445Z,GOOD: listed on theirstack
BUHLMANN Rohr-Fittings-Stahlhandel GmbH Co. KG,DE,Wholesale,technology_stack,Listed on TheirStack as Microsoft Dynamics NAV user,5,theirstack,,https://theirstack.com/en/technology/microsoft-dynamics-nav/de,2026-03-26T06:43:42.813349Z,GOOD: listed on theirstack
WT Energiesysteme GmbH,DE,Utilities,technology_stack,Listed on TheirStack as Microsoft Dynamics NAV user,5,theirstack,,https://theirstack.com/en/technology/microsoft-dynamics-nav/de,2026-03-26T06:43:42.813304Z,GOOD: listed on theirstack
ROM Technik,DE,Professional Services,technology_stack,Listed on TheirStack as Microsoft Dynamics NAV user,5,theirstack,,https://theirstack.com/en/technology/microsoft-dynamics-nav/de,2026-03-26T06:43:42.813260Z,GOOD: listed on theirstack
COSMO CONSULT,DE,IT Services and IT Consulting,technology_stack,Listed on TheirStack as Microsoft Dynamics NAV user,5,theirstack,,https://theirstack.com/en/technology/microsoft-dynamics-nav/de,2026-03-26T06:43:42.813218Z,GOOD: listed on theirstack
Connamix GmbH & Co. KG,DE,IT Services and IT Consulting,technology_stack,Listed on TheirStack as Microsoft Dynamics NAV user,5,theirstack,,https://theirstack.com/en/technology/microsoft-dynamics-nav/de,2026-03-26T06:43:42.813175Z,GOOD: listed on theirstack
anaptis GmbH,DE,IT Services and IT Consulting,technology_stack,Listed on TheirStack as Microsoft Dynamics NAV user,5,theirstack,,https://theirstack.com/en/technology/microsoft-dynamics-nav/de,2026-03-26T06:43:42.813092Z,GOOD: listed on theirstack
Bechtle,DE,IT Services and IT Consulting,technology_stack,Listed on TheirStack as Microsoft Dynamics NAV user,5,theirstack,,https://theirstack.com/en/technology/microsoft-dynamics-nav/de,2026-03-26T06:43:42.812177Z,GOOD: listed on theirstack
Footasylum,UK,IT Services,theirstack,Listed on TheirStack as Microsoft Dynamics NAV user,5,TheirStack,,https://theirstack.com/en/technology/microsoft-dynamics-nav/gb,2026-03-20T23:17:08.605402Z,GOOD: listed on theirstack
Avanade,US,IT Services,theirstack,TheirStack technology detection - 19000 employees,5,TheirStack,,https://theirstack.com/en/technology/navision/us,2026-03-20T21:15:13.689679Z,GOOD: theirstack.*technology.*detection
MUFG Investor Services,US,Financial Services,theirstack,TheirStack technology detection - 2200 employees,5,TheirStack,,https://theirstack.com/en/technology/navision/us,2026-03-20T21:15:13.689654Z,GOOD: theirstack.*technology.*detection
JPMorgan Chase,US,Financial Services,theirstack,TheirStack technology detection - 244000 employees,5,TheirStack,,https://theirstack.com/en/technology/navision/us,2026-03-20T21:15:13.689628Z,GOOD: theirstack.*technology.*detection
Citi,US,Financial Services,theirstack,TheirStack technology detection - 200000 employees,5,TheirStack,,https://theirstack.com/en/technology/navision/us,2026-03-20T21:15:13.689590Z,GOOD: theirstack.*technology.*detection
State Street,US,Financial Services,theirstack,TheirStack technology detection - 46000 employees,5,TheirStack,,https://theirstack.com/en/technology/navision/us,2026-03-20T21:15:13.689578Z,GOOD: theirstack.*technology.*detection
BESIX Unitec,BE,Construction,theirstack,TheirStack technology detection - 344 employees,5,TheirStack,,https://theirstack.com/en/technology/navision/be,2026-03-20T21:15:13.689562Z,GOOD: theirstack.*technology.*detection
Agrafresh,BE,Retail,theirstack,TheirStack technology detection - 47 employees,5,TheirStack,,https://theirstack.com/en/technology/navision/be,2026-03-20T21:15:13.689516Z,GOOD: theirstack.*technology.*detection
Care BV,BE,Facilities Services,theirstack,TheirStack technology detection - 72 employees,5,TheirStack,,https://theirstack.com/en/technology/navision/be,2026-03-20T21:15:13.689494Z,GOOD: theirstack.*technology.*detection
Feadship - Royal Dutch Shipyards,NL,Manufacturing,theirstack,TheirStack technology detection - 1000 employees,5,TheirStack,,https://theirstack.com/en/technology/navision/nl,2026-03-20T21:15:13.689407Z,GOOD: theirstack.*technology.*detection
Meraki,NL,Individual Services,theirstack,TheirStack technology detection - 2 employees,5,TheirStack,,https://theirstack.com/en/technology/navision/nl,2026-03-20T21:15:13.689395Z,GOOD: theirstack.*technology.*detection
Bolder Group,NL,Financial Services,theirstack,TheirStack technology detection - 423 employees,5,TheirStack,,https://theirstack.com/en/technology/navision/nl,2026-03-20T21:15:13.689297Z,GOOD: theirstack.*technology.*detection
IKEA,NL,Retail,theirstack,TheirStack technology detection - 94000 employees,5,TheirStack,,https://theirstack.com/en/technology/navision/nl,2026-03-20T21:15:13.689257Z,GOOD: theirstack.*technology.*detection
PwC,GB,Professional Services,theirstack,TheirStack technology detection - 328000 employees,5,TheirStack,,https://theirstack.com/en/technology/navision/gb,2026-03-20T21:15:13.689243Z,GOOD: theirstack.*technology.*detection
EnerMech,GB,Oil & Gas,theirstack,TheirStack technology detection - 2900 employees,5,TheirStack,,https://theirstack.com/en/technology/navision/gb,2026-03-20T21:15:13.689229Z,GOOD: theirstack.*technology.*detection
CDW UK,GB,IT Services,theirstack,TheirStack technology detection - 1300 employees,5,TheirStack,,https://theirstack.com/en/technology/navision/gb,2026-03-20T21:15:13.689217Z,GOOD: theirstack.*technology.*detection
Selby Jennings,GB,Professional Services,theirstack,TheirStack technology detection - 994 employees,5,TheirStack,,https://theirstack.com/en/technology/navision/gb,2026-03-20T21:15:13.689205Z,GOOD: theirstack.*technology.*detection
Burgess Farms,GB,Food Manufacturing,theirstack,TheirStack technology detection - 501 employees,5,TheirStack,,https://theirstack.com/en/technology/navision/gb,2026-03-20T21:15:13.689193Z,GOOD: theirstack.*technology.*detection
JTC Group,GB,Financial Services,theirstack,TheirStack technology detection - 2000 employees,5,TheirStack,,https://theirstack.com/en/technology/navision/gb,2026-03-20T21:15:13.689181Z,GOOD: theirstack.*technology.*detection
Highlite,GB,Retail,theirstack,TheirStack technology detection - 8 employees,5,TheirStack,,https://theirstack.com/en/technology/navision/gb,2026-03-20T21:15:13.689167Z,GOOD: theirstack.*technology.*detection
HSBC,GB,Financial Services,theirstack,TheirStack technology detection - 195000 employees,5,TheirStack,,https://theirstack.com/en/technology/navision/gb,2026-03-20T21:15:13.689105Z,GOOD: theirstack.*technology.*detection
Rentokil Initial,GB,Environmental Services,theirstack,TheirStack technology detection - 12000 employees,5,TheirStack,,https://theirstack.com/en/technology/navision/gb,2026-03-20T21:15:13.689072Z,GOOD: theirstack.*technology.*detection
EY,GB,Professional Services,theirstack,TheirStack technology detection - 400000 employees,5,TheirStack,,https://theirstack.com/en/technology/navision/gb,2026-03-20T21:15:13.689039Z,GOOD: theirstack.*technology.*detection
Marley Spoon,DE,Food & Beverage,theirstack,TheirStack technology detection - 1000 employees,5,TheirStack,,https://theirstack.com/en/technology/navision/de,2026-03-20T21:15:13.689026Z,GOOD: theirstack.*technology.*detection
New Flag GmbH,DE,Manufacturing,theirstack,TheirStack technology detection - 215 employees,5,TheirStack,,https://theirstack.com/en/technology/navision/de,2026-03-20T21:15:13.689013Z,GOOD: theirstack.*technology.*detection
DIS AG,DE,HR Services,theirstack,TheirStack technology detection - 5000 employees,5,TheirStack,,https://theirstack.com/en/technology/navision/de,2026-03-20T21:15:13.688999Z,GOOD: theirstack.*technology.*detection
Modepark Röther,DE,Retail,theirstack,TheirStack technology detection - 79 employees,5,TheirStack,,https://theirstack.com/en/technology/navision/de,2026-03-20T21:15:13.688967Z,GOOD: theirstack.*technology.*detection
Delipap,FI,Manufacturing,theirstack,TheirStack technology detection - 40 employees,5,TheirStack,,https://theirstack.com/en/technology/navision/fi,2026-03-20T21:00:32.718244Z,GOOD: theirstack.*technology.*detection
Teleste,FI,Telecommunications,theirstack,TheirStack technology detection - 526 employees,5,TheirStack,,https://theirstack.com/en/technology/navision/fi,2026-03-20T21:00:32.718232Z,GOOD: theirstack.*technology.*detection
Rovio,FI,Gaming,theirstack,TheirStack technology detection - 610 employees,5,TheirStack,,https://theirstack.com/en/technology/navision/fi,2026-03-20T21:00:32.718220Z,GOOD: theirstack.*technology.*detection
YIT,FI,Construction,theirstack,TheirStack technology detection - 2800 employees,5,TheirStack,,https://theirstack.com/en/technology/navision/fi,2026-03-20T21:00:32.718205Z,GOOD: theirstack.*technology.*detection
Innofactor,FI,Software,theirstack,TheirStack technology detection - 531 employees,5,TheirStack,,https://theirstack.com/en/technology/navision/fi,2026-03-20T21:00:32.718181Z,GOOD: theirstack.*technology.*detection
Tietoevry,FI,IT Services,theirstack,TheirStack technology detection - 15000 employees,5,TheirStack,,https://theirstack.com/en/technology/navision/fi,2026-03-20T21:00:32.718168Z,GOOD: theirstack.*technology.*detection
Greenstep,FI,Financial Services,theirstack,TheirStack technology detection - 723 employees,5,TheirStack,,https://theirstack.com/en/technology/navision/fi,2026-03-20T21:00:32.718141Z,GOOD: theirstack.*technology.*detection
Witre Manutan Sverige,SE,Retail,theirstack,TheirStack technology detection - 64 employees,5,TheirStack,,https://theirstack.com/en/technology/navision/se,2026-03-20T21:00:32.718129Z,GOOD: theirstack.*technology.*detection
Hedin IT,SE,IT Services,theirstack,TheirStack technology detection -  employees,5,TheirStack,,https://theirstack.com/en/technology/navision/se,2026-03-20T21:00:32.718117Z,GOOD: theirstack.*technology.*detection
Hem,SE,Retail Furniture,theirstack,TheirStack technology detection - 177 employees,5,TheirStack,,https://theirstack.com/en/technology/navision/se,2026-03-20T21:00:32.718063Z,GOOD: theirstack.*technology.*detection
Sidec,SE,Research,theirstack,TheirStack technology detection - 93 employees,5,TheirStack,,https://theirstack.com/en/technology/navision/se,2026-03-20T21:00:32.718040Z,GOOD: theirstack.*technology.*detection
Kristiansand kommune,NO,Government,theirstack,TheirStack technology detection - 2200 employees,5,TheirStack,,https://theirstack.com/en/technology/navision/no,2026-03-20T21:00:32.717978Z,GOOD: theirstack.*technology.*detection
Kirkens Bymisjon,NO,Non-profit,theirstack,TheirStack technology detection - 888 employees,5,TheirStack,,https://theirstack.com/en/technology/navision/no,2026-03-20T21:00:32.717965Z,GOOD: theirstack.*technology.*detection
Helse Sør-Øst RHF,NO,Healthcare,theirstack,TheirStack technology detection - 23000 employees,5,TheirStack,,https://theirstack.com/en/technology/navision/no,2026-03-20T21:00:32.717950Z,GOOD: theirstack.*technology.*detection
Universitetssykehuset Nord-Norge,NO,Healthcare,theirstack,TheirStack technology detection - 839 employees,5,TheirStack,,https://theirstack.com/en/technology/navision/no,2026-03-20T21:00:32.717933Z,GOOD: theirstack.*technology.*detection
Akershus Universitetssykehus,NO,Healthcare,theirstack,TheirStack technology detection - 9500 employees,5,TheirStack,,https://theirstack.com/en/technology/navision/no,2026-03-20T21:00:32.717919Z,GOOD: theirstack.*technology.*detection
Tysvær kommune,NO,Government,theirstack,TheirStack technology detection - 255 employees,5,TheirStack,,https://theirstack.com/en/technology/navision/no,2026-03-20T21:00:32.717786Z,GOOD: theirstack.*technology.*detection
Oslo kommune,NO,Government,theirstack,TheirStack technology detection - 7500 employees,5,TheirStack,,https://theirstack.com/en/technology/navision/no,2026-03-20T21:00:32.717755Z,GOOD: theirstack.*technology.*detection
Nav Oslo,NO,Government,theirstack,TheirStack technology detection - 212 employees,5,TheirStack,,https://theirstack.com/en/technology/navision/no,2026-03-20T21:00:32.717702Z,GOOD: theirstack.*technology.*detection
Kriminalforsorgen,DK,Government,theirstack,Listed on TheirStack as using Navision,5,theirstack,,https://theirstack.com/en/technology/navision/dk,2026-03-20T18:41:11.423504Z,GOOD: listed on theirstack
Københavns Universitet,DK,Education,theirstack,Listed on TheirStack as using Navision,5,theirstack,,https://theirstack.com/en/technology/navision/dk,2026-03-20T18:41:11.423490Z,GOOD: listed on theirstack
Intrum AB,DK,Financial Services,theirstack,Listed on TheirStack as using Navision,5,theirstack,,https://theirstack.com/en/technology/navision/dk,2026-03-20T18:41:11.423476Z,GOOD: listed on theirstack
Falck,DK,Healthcare,theirstack,Listed on TheirStack as using Navision,5,theirstack,,https://theirstack.com/en/technology/navision/dk,2026-03-20T18:41:11.423459Z,GOOD: listed on theirstack
Danish Agro,DK,Farming,theirstack,Listed on TheirStack as using Navision,5,theirstack,,https://theirstack.com/en/technology/navision/dk,2026-03-20T18:41:11.423445Z,GOOD: listed on theirstack
Quooker Skandinavien A/S,DK,Manufacturing,theirstack,Listed on TheirStack as using Navision,5,theirstack,,https://theirstack.com/en/technology/navision/dk,2026-03-20T18:41:11.423421Z,GOOD: listed on theirstack
Aarhus University,DK,Research,theirstack,Listed on TheirStack as using Navision,5,theirstack,,https://theirstack.com/en/technology/navision/dk,2026-03-20T18:41:11.423392Z,GOOD: listed on theirstack
GN Group,DK,Electronics,theirstack,Listed on TheirStack as using Navision,5,theirstack,,https://theirstack.com/en/technology/navision/dk,2026-03-20T18:41:11.423365Z,GOOD: listed on theirstack
itm8,DK,IT Services,theirstack,Listed on TheirStack as using Navision,5,theirstack,,https://theirstack.com/en/technology/navision/dk,2026-03-20T18:41:11.423312Z,GOOD: listed on theirstack
Demant,DK,Medical Equipment,theirstack,Listed on TheirStack as using Navision,5,theirstack,,https://theirstack.com/en/technology/navision/dk,2026-03-20T18:41:11.422593Z,GOOD: listed on theirstack
