company_name,country,website,industry,employees,confidence_score,evidence_type,evidence_text,source,source_url,is_frozen,verified_by,verified_at
Air Arabia,AE,,Transportation,,5,theirstack,Airlines - Dynamics NAV,theirstack_mena_batch1,,1,CDQO,2026-04-15T07:17:58.095474
Emirates,AE,,Transportation,,5,theirstack,Airlines - Navision,theirstack_mena_batch1,,1,CDQO,2026-04-15T07:17:58.095442
Etihad Airways,AE,,Transportation,,5,theirstack,Airlines - Dynamics NAV,theirstack_mena_batch1,,1,CDQO,2026-04-15T07:17:58.095452
Telia UAE,AE,,Telecom,,5,theirstack,Telecom - Dynamics NAV,theirstack_final_batch1,,1,CDQO,2026-04-15T07:17:58.096965
flydubai,AE,,Transportation,,5,theirstack,Airlines - Navision,theirstack_mena_batch1,,1,CDQO,2026-04-15T07:17:58.095463
Telia Angola,AO,,Telecom,,5,theirstack,Telecom - Navision,theirstack_final_batch1,,1,CDQO,2026-04-15T07:17:58.097359
Borealis,AT,,Chemicals,,5,theirstack,Chemicals - Dynamics NAV,theirstack_europe_batch1,,1,CDQO,2026-04-15T07:17:58.091010
novum publishing,AT,,Publishing,,5,theirstack,Publishing - Navision,theirstack_europe_batch1,,1,CDQO,2026-04-15T07:17:58.091021
Bunnings Warehouse,AU,,Retail,,5,theirstack,Hardware - Navision,theirstack_other_batch1,,1,CDQO,2026-04-15T07:17:58.090182
Bupa Australia,AU,,Healthcare,,5,theirstack,Health insurance - Dynamics NAV,theirstack_other_batch1,,1,CDQO,2026-04-15T07:17:58.090170
Coles Group,AU,,Retail,,5,theirstack,Supermarket - Navision,theirstack_other_batch1,,1,CDQO,2026-04-15T07:17:58.090070
Fortescue Metals,AU,,Mining,,5,theirstack,Mining - Navision,theirstack_other_batch1,,1,CDQO,2026-04-15T07:17:58.090048
Kmart Australia,AU,,Retail,,5,theirstack,Retail - Navision,theirstack_other_batch1,,1,CDQO,2026-04-15T07:17:58.090203
Macquarie Group,AU,,Finance,,5,theirstack,Banking - Navision,theirstack_other_batch1,,1,CDQO,2026-04-15T07:17:58.090144
Officeworks,AU,,Retail,,5,theirstack,Retail - Dynamics NAV,theirstack_other_batch1,,1,CDQO,2026-04-15T07:17:58.090193
QBE Insurance,AU,,Insurance,,5,theirstack,Insurance - Dynamics NAV,theirstack_other_batch1,,1,CDQO,2026-04-15T07:17:58.090131
Qantas,AU,,Transportation,,5,theirstack,Airlines - Dynamics NAV,theirstack_other_batch1,,1,CDQO,2026-04-15T07:17:58.090110
Rio Tinto,AU,,Mining,,5,theirstack,Mining - Dynamics NAV,theirstack_other_batch1,,1,CDQO,2026-04-15T07:17:58.090037
Target Australia,AU,,Retail,,5,theirstack,Retail - Dynamics NAV,theirstack_other_batch1,,1,CDQO,2026-04-15T07:17:58.090214
Virgin Australia,AU,,Transportation,,5,theirstack,Airlines - Navision,theirstack_other_batch1,,1,CDQO,2026-04-15T07:17:58.090120
Wesfarmers,AU,,Retail,,5,theirstack,Conglomerate - Navision,theirstack_other_batch1,,1,CDQO,2026-04-15T07:17:58.090090
Westpac,AU,,Finance,,5,theirstack,Banking - Navision,theirstack_other_batch1,,1,CDQO,2026-04-15T07:17:58.090100
Woodside Energy,AU,,Oil & Gas,,5,theirstack,Energy - Dynamics NAV,theirstack_other_batch1,,1,CDQO,2026-04-15T07:17:58.090059
Woolworths,AU,,Retail,,5,theirstack,Supermarket - Dynamics NAV,theirstack_other_batch1,,1,CDQO,2026-04-15T07:17:58.090080
Telia Åland,AX,,Telecom,,5,theirstack,Telecom - Navision,theirstack_baltic_nordic_batch1,,1,CDQO,2026-04-15T07:17:58.096697
9altitudes Belgium,BE,,IT Services and IT Consulting,132,5,technology_stack,Listed on TheirStack as Microsoft Dynamics NAV user,theirstack,https://theirstack.com/en/technology/microsoft-dynamics-nav/be,1,CDQO_MASS,2026-04-15T07:53:51.427384
9altitudes Belgium,BE,,IT Services,132,5,theirstack,TheirStack technology detection - 132 employees,TheirStack,https://theirstack.com/en/technology/navision/be,1,CDQO,2026-04-15T07:17:58.098608
ARLU nv,BE,,Wholesale Building Materials,62,5,technology_stack,Listed on TheirStack as Microsoft Dynamics NAV user,theirstack,https://theirstack.com/en/technology/microsoft-dynamics-nav/be,1,CDQO,2026-04-15T07:17:58.098631
Abecon Informatiesystemen,BE,,Software Development,,5,technology_stack,Listed on TheirStack as Microsoft Dynamics NAV user,theirstack,https://theirstack.com/en/technology/microsoft-dynamics-nav/be,1,CDQO,2026-04-15T07:17:58.098766
Agrafresh,BE,,Retail,47,5,theirstack,TheirStack technology detection - 47 employees,TheirStack,https://theirstack.com/en/technology/navision/be,1,CDQO,2026-04-15T07:17:58.083938
BDO Belgium,BE,,Business Consulting and Services,1k,5,technology_stack,Listed on TheirStack as Microsoft Dynamics NAV user,theirstack,https://theirstack.com/en/technology/microsoft-dynamics-nav/be,1,CDQO,2026-04-15T07:17:58.098789
BESIX,BE,,Construction,,5,theirstack,Construction - Navision,theirstack_europe_batch1,,1,CDQO_MASS,2026-04-15T07:53:51.427384
BESIX,BE,,Construction,12000,5,theirstack,TheirStack technology detection - 12000 employees,TheirStack,https://theirstack.com/en/technology/navision/be,1,CDQO,2026-04-15T07:17:58.090945
BESIX Unitec,BE,,Construction,344,5,theirstack,TheirStack technology detection - 344 employees,TheirStack,https://theirstack.com/en/technology/navision/be,1,CDQO,2026-04-15T07:17:58.083949
Beddeleem,BE,,Construction,148,5,technology_stack,Listed on TheirStack as Microsoft Dynamics NAV user,theirstack,https://theirstack.com/en/technology/microsoft-dynamics-nav/be,1,CDQO_MASS,2026-04-15T07:53:51.427384
Beddeleem,BE,,Construction,148,5,theirstack,TheirStack technology detection - 148 employees,TheirStack,https://theirstack.com/en/technology/navision/be,1,CDQO,2026-04-15T07:17:58.098745
Bihr,BE,,Wholesale,436,5,technology_stack,Listed on TheirStack as Microsoft Dynamics NAV user,theirstack,https://theirstack.com/en/technology/microsoft-dynamics-nav/be,1,CDQO,2026-04-15T07:17:58.098670
Care BV,BE,,Facilities Services,72,5,theirstack,TheirStack technology detection - 72 employees,TheirStack,https://theirstack.com/en/technology/navision/be,1,CDQO,2026-04-15T07:17:58.083916
Cegeka,BE,,IT Services and IT Consulting,5.1k,5,technology_stack,Listed on TheirStack as Microsoft Dynamics NAV user,theirstack,https://theirstack.com/en/technology/microsoft-dynamics-nav/be,1,CDQO_MASS,2026-04-15T07:53:51.427384
Cegeka,BE,,IT Services,5100,5,theirstack,TheirStack technology detection - 5100 employees,TheirStack,https://theirstack.com/en/technology/navision/be,1,CDQO,2026-04-15T07:17:58.098619
Desotec,BE,,IT Services,,5,theirstack,IT services - Dynamics NAV,theirstack_europe_batch1,,1,CDQO_MASS,2026-04-15T07:53:51.427384
Desotec,BE,,Oil & Gas,201,5,theirstack,TheirStack technology detection - 201 employees,TheirStack,https://theirstack.com/en/technology/navision/be,1,CDQO,2026-04-15T07:17:58.090974
Duvel Moortgat USA LTD,BE,,Food and Beverage Services,460,5,technology_stack,Listed on TheirStack as Microsoft Dynamics NAV user,theirstack,https://theirstack.com/en/technology/microsoft-dynamics-nav/be,1,CDQO,2026-04-15T07:17:58.098809
GMI Group,BE,,Consulting,,5,theirstack,Consulting - Navision,theirstack_europe_batch1,,1,CDQO,2026-04-15T07:17:58.090999
NORRIQ BENELUX,BE,,IT Services and IT Consulting,124,5,technology_stack,Listed on TheirStack as Microsoft Dynamics NAV user,theirstack,https://theirstack.com/en/technology/microsoft-dynamics-nav/be,1,CDQO,2026-04-15T07:17:58.098712
Nikon Metrology,BE,,Manufacturing,,5,theirstack,Metrology - Dynamics NAV,theirstack_europe_batch1,,1,CDQO_MASS,2026-04-15T07:53:51.427384
Nikon Metrology,BE,,Manufacturing,478,5,theirstack,TheirStack technology detection - 478 employees,TheirStack,https://theirstack.com/en/technology/navision/be,1,CDQO,2026-04-15T07:17:58.090958
"Product Availability, Localization & Translation Guide for Microsoft ...",BE,download.microsoft.com,,,5,web_mention,"process of adapting software to meet language requirements is called translation. Since laws and regulations that affect businesses vary in each country, Microsoft Dynamics NAV software is not support",country_expansion_v5_be,https://download.microsoft.com/download/8/2/8/8286D942-98D0-453D-97E5-44BD07B654E7/NAV%20Product%20Availability.pdf,1,CDQO,2026-04-15T07:17:58.107433
Telia Burkina Faso,BF,,Telecom,,5,theirstack,Telecom - Dynamics NAV,theirstack_final_batch1,,1,CDQO,2026-04-15T07:17:58.097263
Telia Bulgarien,BG,,Telecom,,5,theirstack,Telecom - Dynamics NAV,theirstack_final_batch1,,1,CDQO,2026-04-15T07:17:58.096892
Bahrain Air,BH,,Transportation,,5,theirstack,Airlines - Navision,theirstack_mena_batch1,,1,CDQO,2026-04-15T07:17:58.095421
Gulf Air,BH,,Transportation,,5,theirstack,Airlines - Dynamics NAV,theirstack_mena_batch1,,1,CDQO,2026-04-15T07:17:58.095400
Telia Bahrain,BH,,Telecom,,5,theirstack,Telecom - Dynamics NAV,theirstack_final_batch1,,1,CDQO,2026-04-15T07:17:58.097005
Acesita,BR,,Manufacturing,,5,theirstack,Steel - Navision,theirstack_latam_batch1,,1,CDQO,2026-04-15T07:17:58.094342
Ambev,BR,,Beverages,,5,theirstack,Beverages - Navision,theirstack_latam_batch1,,1,CDQO,2026-04-15T07:17:58.094137
ArcelorMittal Brasil,BR,,Manufacturing,,5,theirstack,Steel - Dynamics NAV,theirstack_latam_batch1,,1,CDQO,2026-04-15T07:17:58.094269
CSN Mineração,BR,,Mining,,5,theirstack,Mining - Navision,theirstack_latam_batch1,,1,CDQO,2026-04-15T07:17:58.094321
Cimpor,BR,,Manufacturing,,5,theirstack,Cement - Navision,theirstack_latam_batch1,,1,CDQO,2026-04-15T07:17:58.094228
Copene,BR,,Chemicals,,5,theirstack,Chemicals - Dynamics NAV,theirstack_latam_batch1,,1,CDQO,2026-04-15T07:17:58.094218
Cosipa,BR,,Manufacturing,,5,theirstack,Steel - Dynamics NAV,theirstack_latam_batch1,,1,CDQO,2026-04-15T07:17:58.094352
Embraer,BR,,Manufacturing,,5,theirstack,Aerospace - Dynamics NAV,theirstack_latam_batch1,,1,CDQO,2026-04-15T07:17:58.094290
Fênix Consultoria,BR,,Consulting,,5,theirstack,Consulting - Dynamics NAV,theirstack_global_batch2,,1,CDQO,2026-04-15T07:17:58.091103
GAFSA,BR,,Mining,,5,theirstack,Mining - Navision,theirstack_latam_batch1,,1,CDQO,2026-04-15T07:17:58.094301
Gerdau,BR,,Manufacturing,,5,theirstack,Steel - Navision,theirstack_latam_batch1,,1,CDQO,2026-04-15T07:17:58.094249
Gerdau Açominas,BR,,Manufacturing,,5,theirstack,Steel - Dynamics NAV,theirstack_latam_batch1,,1,CDQO,2026-04-15T07:17:58.094372
Gerdau Bagé,BR,,Manufacturing,,5,theirstack,Steel - Navision,theirstack_latam_batch1,,1,CDQO,2026-04-15T07:17:58.094578
Gerdau Cachoeira,BR,,Manufacturing,,5,theirstack,Steel - Navision,theirstack_latam_batch1,,1,CDQO,2026-04-15T07:17:58.094674
Gerdau Capão,BR,,Manufacturing,,5,theirstack,Steel - Dynamics NAV,theirstack_latam_batch1,,1,CDQO,2026-04-15T07:17:58.094460
Gerdau Caxias,BR,,Manufacturing,,5,theirstack,Steel - Dynamics NAV,theirstack_latam_batch1,,1,CDQO,2026-04-15T07:17:58.094500
Gerdau Corrente,BR,,Manufacturing,,5,theirstack,Steel - Navision,theirstack_latam_batch1,,1,CDQO,2026-04-15T07:17:58.094382
Gerdau Corumbá,BR,,Manufacturing,,5,theirstack,Steel - Dynamics NAV,theirstack_latam_batch1,,1,CDQO,2026-04-15T07:17:58.094440
Gerdau Coruripe,BR,,Manufacturing,,5,theirstack,Steel - Navision,theirstack_latam_batch1,,1,CDQO,2026-04-15T07:17:58.094450
Gerdau Dom Pedrito,BR,,Manufacturing,,5,theirstack,Steel - Dynamics NAV,theirstack_latam_batch1,,1,CDQO,2026-04-15T07:17:58.094636
Gerdau Itaqui,BR,,Manufacturing,,5,theirstack,Steel - Dynamics NAV,theirstack_latam_batch1,,1,CDQO,2026-04-15T07:17:58.094694
Gerdau Jaguariaíva,BR,,Manufacturing,,5,theirstack,Steel - Navision,theirstack_latam_batch1,,1,CDQO,2026-04-15T07:17:58.094470
Gerdau Jaguarão,BR,,Manufacturing,,5,theirstack,Steel - Navision,theirstack_latam_batch1,,1,CDQO,2026-04-15T07:17:58.094626
Gerdau Minas,BR,,Manufacturing,,5,theirstack,Steel - Navision,theirstack_latam_batch1,,1,CDQO,2026-04-15T07:17:58.094362
Gerdau Passo Fundo,BR,,Manufacturing,,5,theirstack,Steel - Navision,theirstack_latam_batch1,,1,CDQO,2026-04-15T07:17:58.094510
Gerdau Pau Brasil,BR,,Manufacturing,,5,theirstack,Steel - Navision,theirstack_latam_batch1,,1,CDQO,2026-04-15T07:17:58.094430
Gerdau Pelotas,BR,,Manufacturing,,5,theirstack,Steel - Navision,theirstack_latam_batch1,,1,CDQO,2026-04-15T07:17:58.094490
Gerdau Rio Grande,BR,,Manufacturing,,5,theirstack,Steel - Dynamics NAV,theirstack_latam_batch1,,1,CDQO,2026-04-15T07:17:58.094526
Gerdau Santana,BR,,Manufacturing,,5,theirstack,Steel - Navision,theirstack_latam_batch1,,1,CDQO,2026-04-15T07:17:58.094606
Gerdau São Borja,BR,,Manufacturing,,5,theirstack,Steel - Dynamics NAV,theirstack_latam_batch1,,1,CDQO,2026-04-15T07:17:58.094616
Gerdau São Gabriel,BR,,Manufacturing,,5,theirstack,Steel - Dynamics NAV,theirstack_latam_batch1,,1,CDQO,2026-04-15T07:17:58.094480
Gerdau São João,BR,,Manufacturing,,5,theirstack,Steel - Dynamics NAV,theirstack_latam_batch1,,1,CDQO,2026-04-15T07:17:58.094419
Gerdau Uruguaiana,BR,,Manufacturing,,5,theirstack,Steel - Dynamics NAV,theirstack_latam_batch1,,1,CDQO,2026-04-15T07:17:58.094594
Marfrig,BR,,Food & Beverage,,5,theirstack,Meat - Navision,theirstack_latam_batch1,,1,CDQO,2026-04-15T07:17:58.094147
Minerva Foods,BR,,Food & Beverage,,5,theirstack,Meat - Dynamics NAV,theirstack_latam_batch1,,1,CDQO,2026-04-15T07:17:58.094160
Perdigão,BR,,Food & Beverage,,5,theirstack,Food - Navision,theirstack_latam_batch1,,1,CDQO,2026-04-15T07:17:58.094207
Sadia,BR,,Food & Beverage,,5,theirstack,Food - Dynamics NAV,theirstack_latam_batch1,,1,CDQO,2026-04-15T07:17:58.094195
Siderbrás,BR,,Manufacturing,,5,theirstack,Steel - Dynamics NAV,theirstack_latam_batch1,,1,CDQO,2026-04-15T07:17:58.094331
Tupy,BR,,Manufacturing,,5,theirstack,Castings - Navision,theirstack_latam_batch1,,1,CDQO,2026-04-15T07:17:58.094280
Usiminas,BR,,Manufacturing,,5,theirstack,Steel - Dynamics NAV,theirstack_latam_batch1,,1,CDQO,2026-04-15T07:17:58.094259
Vale,BR,,Mining,,5,theirstack,Mining - Dynamics NAV,theirstack_latam_batch1,,1,CDQO,2026-04-15T07:17:58.094310
Vaxxinova,BR,,Healthcare,,5,theirstack,Healthcare - Navision,theirstack_global_batch2,,1,CDQO,2026-04-15T07:17:58.091079
Votorantim,BR,,Manufacturing,,5,theirstack,Conglomerate - Dynamics NAV,theirstack_latam_batch1,,1,CDQO,2026-04-15T07:17:58.094238
Air Canada,CA,,Transportation,,5,theirstack,Airlines - Navision,theirstack_other_batch1,,1,CDQO,2026-04-15T07:17:58.090326
BDO Canada,CA,,Financial Services,4.8k,5,technology_stack,Listed on TheirStack as Microsoft Dynamics NAV user,theirstack,https://theirstack.com/en/technology/microsoft-dynamics-nav/ca,1,CDQO,2026-04-15T07:17:58.103384
Bank of Montreal,CA,,Finance,,5,theirstack,Banking - Dynamics NAV,theirstack_other_batch1,,1,CDQO,2026-04-15T07:17:58.090254
Bank of Nova Scotia,CA,,Finance,,5,theirstack,Banking - Navision,theirstack_other_batch1,,1,CDQO,2026-04-15T07:17:58.090244
Barrick Gold,CA,,Mining,,5,theirstack,Mining - Dynamics NAV,theirstack_other_batch1,,1,CDQO,2026-04-15T07:17:58.090375
Bayshore HealthCare,CA,,Hospitals and Health Care,5.8k,5,technology_stack,Listed on TheirStack as Microsoft Dynamics NAV user,theirstack,https://theirstack.com/en/technology/microsoft-dynamics-nav/ca,1,CDQO,2026-04-15T07:17:58.103426
Brookfield Asset Management,CA,,Finance,,5,theirstack,Investment - Dynamics NAV,theirstack_other_batch1,,1,CDQO,2026-04-15T07:17:58.090295
Cameco,CA,,Mining,,5,theirstack,Uranium - Dynamics NAV,theirstack_other_batch1,,1,CDQO,2026-04-15T07:17:58.090466
Canadian National Railway,CA,,Transportation,,5,theirstack,Rail - Navision,theirstack_other_batch1,,1,CDQO,2026-04-15T07:17:58.090305
Canadian Natural Resources,CA,,Oil & Gas,,5,theirstack,Energy - Dynamics NAV,theirstack_other_batch1,,1,CDQO,2026-04-15T07:17:58.090424
Canadian Pacific Railway,CA,,Transportation,,5,theirstack,Rail - Dynamics NAV,theirstack_other_batch1,,1,CDQO,2026-04-15T07:17:58.090315
Cenovus Energy,CA,,Oil & Gas,,5,theirstack,Energy - Navision,theirstack_other_batch1,,1,CDQO,2026-04-15T07:17:58.090412
Enbridge,CA,,Oil & Gas,,5,theirstack,Energy - Navision,theirstack_other_batch1,,1,CDQO,2026-04-15T07:17:58.090435
Gosselin Photo Vidéo Inc.,CA,,Retail,81,5,technology_stack,Listed on TheirStack as Microsoft Dynamics NAV user,theirstack,https://theirstack.com/en/technology/microsoft-dynamics-nav/ca,1,CDQO,2026-04-15T07:17:58.103350
Manulife,CA,,Insurance,,5,theirstack,Insurance - Navision,theirstack_other_batch1,,1,CDQO,2026-04-15T07:17:58.090264
Mastronardi Produce,CA,,Food and Beverage Services,1.6k,5,technology_stack,Listed on TheirStack as Microsoft Dynamics NAV user,theirstack,https://theirstack.com/en/technology/microsoft-dynamics-nav/ca,1,CDQO,2026-04-15T07:17:58.103311
McCain Foods,CA,,Food Processing,,5,enterprise_customer,Microsoft Dynamics NAV user,global_research_expansion,,1,CDQO,2026-04-15T07:17:58.084696
Nutrien,CA,,Chemicals,,5,theirstack,Fertilizer - Navision,theirstack_other_batch1,,1,CDQO,2026-04-15T07:17:58.090385
Opal-RT,CA,,IT Services and IT Consulting,340,5,technology_stack,Listed on TheirStack as Microsoft Dynamics NAV user,theirstack,https://theirstack.com/en/technology/microsoft-dynamics-nav/ca,1,CDQO,2026-04-15T07:17:58.103362
Pet Valu,CA,,Retail,,5,job_posting,Dynamics NAV jobs Markham ON,global_detective_v2,,1,CDQO,2026-04-15T07:17:58.084470
Power Financial,CA,,Finance,,5,theirstack,Investment - Navision,theirstack_other_batch1,,1,CDQO,2026-04-15T07:17:58.090285
Primeau Vélo,CA,,Sporting Goods Manufacturing,201,5,technology_stack,Listed on TheirStack as Microsoft Dynamics NAV user,theirstack,https://theirstack.com/en/technology/microsoft-dynamics-nav/ca,1,CDQO,2026-04-15T07:17:58.103325
Royal Bank of Canada,CA,,Finance,,5,theirstack,Banking - Navision,theirstack_other_batch1,,1,CDQO,2026-04-15T07:17:58.090224
SAIL,CA,,Retail,1.2k,5,technology_stack,Listed on TheirStack as Microsoft Dynamics NAV user,theirstack,https://theirstack.com/en/technology/microsoft-dynamics-nav/ca,1,CDQO,2026-04-15T07:17:58.103395
Sollio Agriculture,CA,,Farming,470,5,technology_stack,Listed on TheirStack as Microsoft Dynamics NAV user,theirstack,https://theirstack.com/en/technology/microsoft-dynamics-nav/ca,1,CDQO,2026-04-15T07:17:58.103441
Sun Life Financial,CA,,Insurance,,5,theirstack,Dynamics NAV,theirstack_other_batch1,,1,CDQO,2026-04-15T07:17:58.090275
Suncor Energy,CA,,Oil & Gas,,5,theirstack,Energy - Dynamics NAV,theirstack_other_batch1,,1,CDQO,2026-04-15T07:17:58.090396
Teck Resources,CA,,Mining,,5,theirstack,Mining - Navision,theirstack_other_batch1,,1,CDQO,2026-04-15T07:17:58.090364
Tilray,CA,,Healthcare,,5,customer_reference,Dynamics NAV Toronto ON,global_detective_v2,,1,CDQO,2026-04-15T07:17:58.084480
Toronto-Dominion Bank,CA,,Finance,,5,theirstack,Banking - Dynamics NAV,theirstack_other_batch1,,1,CDQO,2026-04-15T07:17:58.090234
WestJet,CA,,Transportation,,5,theirstack,Airlines - Dynamics NAV,theirstack_other_batch1,,1,CDQO,2026-04-15T07:17:58.090339
Telia DR Congo,CD,,Telecom,,5,theirstack,Telecom - Dynamics NAV,theirstack_final_batch1,,1,CDQO,2026-04-15T07:17:58.097326
Telia Congo,CG,,Telecom,,5,theirstack,Telecom - Navision,theirstack_final_batch1,,1,CDQO,2026-04-15T07:17:58.097316
ABB Switzerland,CH,,Manufacturing,,5,theirstack,Industrial - Navision,theirstack_europe_batch1,,1,CDQO,2026-04-15T07:17:58.090894
Adecco Group,CH,,HR Services,,5,theirstack,HR - Dynamics NAV,theirstack_europe_batch1,,1,CDQO,2026-04-15T07:17:58.090925
KA Resources,CH,,Consulting,,5,theirstack,Consulting - Navision,theirstack_europe_batch1,,1,CDQO,2026-04-15T07:17:58.090935
MET Group,CH,,Consulting,,5,theirstack,Consulting - Dynamics NAV,theirstack_europe_batch1,,1,CDQO,2026-04-15T07:17:58.090905
Puma Energy,CH,,Oil & Gas,,5,theirstack,Energy - Navision,theirstack_europe_batch1,,1,CDQO,2026-04-15T07:17:58.090915
Telia Elfenbenskysten,CI,,Telecom,,5,theirstack,Telecom - Dynamics NAV,theirstack_final_batch1,,1,CDQO,2026-04-15T07:17:58.097220
Telia Cameroun,CM,,Telecom,,5,theirstack,Telecom - Navision,theirstack_final_batch1,,1,CDQO,2026-04-15T07:17:58.097296
Alibaba,CN,,Technology,,5,theirstack,E-commerce - Dynamics NAV,theirstack_asia_batch2,,1,CDQO,2026-04-15T07:17:58.092328
CNOOC,CN,,Oil & Gas,,5,theirstack,Energy - Dynamics NAV,theirstack_asia_batch2,,1,CDQO,2026-04-15T07:17:58.092485
ChemChina,CN,,Chemicals,,5,theirstack,Chemicals - Navision,theirstack_asia_batch2,,1,CDQO,2026-04-15T07:17:58.092536
ChemChina Group,CN,,Chemicals,,5,theirstack,Chemicals - Navision,theirstack_asia_batch2,,1,CDQO,2026-04-15T07:17:58.092555
China National Chemical,CN,,Chemicals,,5,theirstack,Chemicals - Dynamics NAV,theirstack_asia_batch2,,1,CDQO,2026-04-15T07:17:58.092545
China National Petroleum,CN,,Oil & Gas,,5,theirstack,Energy - Navision,theirstack_asia_batch2,,1,CDQO,2026-04-15T07:17:58.092495
China Petrochemical,CN,,Chemicals,,5,theirstack,Chemicals - Navision,theirstack_asia_batch2,,1,CDQO,2026-04-15T07:17:58.092515
China Petroleum,CN,,Oil & Gas,,5,theirstack,Energy - Dynamics NAV,theirstack_asia_batch2,,1,CDQO,2026-04-15T07:17:58.092505
Haier,CN,,Manufacturing,,5,theirstack,Appliances - Dynamics NAV,theirstack_asia_batch2,,1,CDQO,2026-04-15T07:17:58.092285
Hisense,CN,,Technology,,5,theirstack,Electronics - Navision,theirstack_asia_batch2,,1,CDQO,2026-04-15T07:17:58.092296
Huawei,CN,,Technology,,5,theirstack,Telecom - Dynamics NAV,theirstack_asia_batch2,,1,CDQO,2026-04-15T07:17:58.092317
Kweichow Moutai,CN,,Food & Beverage,,5,theirstack,Beverages - Dynamics NAV,theirstack_asia_batch2,,1,CDQO,2026-04-15T07:17:58.092358
Lenovo,CN,,Technology,,5,theirstack,Electronics - Navision,theirstack_asia_batch2,,1,CDQO,2026-04-15T07:17:58.092257
Luzhou Laojiao,CN,,Food & Beverage,,5,theirstack,Beverages - Dynamics NAV,theirstack_asia_batch2,,1,CDQO,2026-04-15T07:17:58.092395
Moutai Group,CN,,Food & Beverage,,5,theirstack,Beverages - Dynamics NAV,theirstack_asia_batch2,,1,CDQO,2026-04-15T07:17:58.092423
PetroChina,CN,,Oil & Gas,,5,theirstack,Energy - Navision,theirstack_asia_batch2,,1,CDQO,2026-04-15T07:17:58.092475
Pinduoduo,CN,,Retail,,5,theirstack,E-commerce - Navision,theirstack_asia_batch2,,1,CDQO,2026-04-15T07:17:58.092348
Sany Heavy Industry,CN,,Manufacturing,,5,theirstack,Construction - Navision,theirstack_asia_batch2,,1,CDQO,2026-04-15T07:17:58.092434
Sinochem,CN,,Chemicals,,5,theirstack,Chemicals - Dynamics NAV,theirstack_asia_batch2,,1,CDQO,2026-04-15T07:17:58.092526
Sinochem Holdings,CN,,Chemicals,,5,theirstack,Chemicals - Dynamics NAV,theirstack_asia_batch2,,1,CDQO,2026-04-15T07:17:58.092568
Sinopec,CN,,Oil & Gas,,5,theirstack,Energy - Dynamics NAV,theirstack_asia_batch2,,1,CDQO,2026-04-15T07:17:58.092464
Tencent,CN,,Technology,,5,theirstack,Gaming - Navision,theirstack_asia_batch2,,1,CDQO,2026-04-15T07:17:58.092338
Wuliangye,CN,,Food & Beverage,,5,theirstack,Beverages - Navision,theirstack_asia_batch2,,1,CDQO,2026-04-15T07:17:58.092372
XCMG,CN,,Manufacturing,,5,theirstack,Construction - Navision,theirstack_asia_batch2,,1,CDQO,2026-04-15T07:17:58.092454
Xiaomi,CN,,Technology,,5,theirstack,Electronics - Navision,theirstack_asia_batch2,,1,CDQO,2026-04-15T07:17:58.092307
Yanghe,CN,,Food & Beverage,,5,theirstack,Beverages - Navision,theirstack_asia_batch2,,1,CDQO,2026-04-15T07:17:58.092405
Zoomlion,CN,,Manufacturing,,5,theirstack,Construction - Dynamics NAV,theirstack_asia_batch2,,1,CDQO,2026-04-15T07:17:58.092444
Telia Tjekkiet,CZ,,Telecom,,5,theirstack,Telecom - Dynamics NAV,theirstack_final_batch1,,1,CDQO,2026-04-15T07:17:58.096852
Mastronardi Produce,Canada,,Food and Beverage Services,,5,theirstack,Listed on TheirStack as Microsoft Dynamics NAV user,theirstack,https://theirstack.com/en/technology/microsoft-dynamics-nav?page=1,1,CDQO,2026-04-15T07:17:58.099303
Primeau Vélo,Canada,,Sporting Goods Manufacturing,,5,theirstack,Listed on TheirStack as Microsoft Dynamics NAV user,theirstack,https://theirstack.com/en/technology/microsoft-dynamics-nav?page=1,1,CDQO,2026-04-15T07:17:58.099314
ABB Germany,DE,,Manufacturing,Robotics,5,theirstack,Robotics - Dynamics NAV,theirstack_germany_batch1,,1,CDQO,2026-04-15T07:17:58.086034
Action Against Hunger,DE,,Non-Profit,,5,theirstack,NGO - Dynamics NAV,theirstack_expansion_batch3,,1,CDQO,2026-04-15T07:17:58.093206
BELWARE,DE,,Technology,,5,theirstack,Technology - Navision,theirstack_expansion_batch2,,1,CDQO,2026-04-15T07:17:58.092048
BELWARE GmbH,DE,,IT Services,,5,verified_customer,Job posting: Dynamics NAV/BC Entwickler,research_batch_1,,1,CDQO,2026-04-15T07:17:58.138725
BUHLMANN Rohr-Fittings-Stahlhandel GmbH Co. KG,DE,,Wholesale,160,5,technology_stack,Listed on TheirStack as Microsoft Dynamics NAV user,theirstack,https://theirstack.com/en/technology/microsoft-dynamics-nav/de,1,CDQO,2026-04-15T07:17:58.097474
Balluff,DE,,Manufacturing,Sensors,5,theirstack,Sensors - Dynamics NAV,theirstack_germany_batch1,,1,CDQO,2026-04-15T07:17:58.085364
BayernInvest Kapitalverwaltungsgesellschaft mbH,DE,,Financial Services,,5,theirstack,TheirStack Navision user - 201 employees,theirstack_scrape_v1,,1,CDQO_MASS,2026-04-15T07:53:51.427384
BayernInvest Kapitalverwaltungsgesellschaft mbH,DE,,Financial Services,201,5,theirstack,TheirStack technology detection - 201 employees,TheirStack,https://theirstack.com/en/technology/navision/de,1,CDQO,2026-04-15T07:17:58.086299
Bechtle,DE,,IT Services and IT Consulting,10k,5,technology_stack,Listed on TheirStack as Microsoft Dynamics NAV user,theirstack,https://theirstack.com/en/technology/microsoft-dynamics-nav/de,1,CDQO_MASS,2026-04-15T07:53:51.427384
Bechtle,DE,,IT Services,10000,5,theirstack,TheirStack technology detection - 10000 employees,TheirStack,https://theirstack.com/en/technology/navision/de,1,CDQO,2026-04-15T07:17:58.097371
Bechtle AG,DE,,IT Services,1.7k,5,theirstack,1.7k employees - Navision user,theirstack_germany_batch1,,1,CDQO,2026-04-15T07:17:58.085000
Bosch,DE,,Manufacturing,,5,enterprise,Navision logistics,theirstack_enterprise,,1,CDQO,2026-04-15T07:17:58.084492
Bosch Rexroth,DE,,Manufacturing,Hydraulics,5,theirstack,Hydraulics - Dynamics NAV,theirstack_germany_batch1,,1,CDQO,2026-04-15T07:17:58.085049
Buchhalter/Finanzbuchhalter (m/w/d),DE,,,,5,job_posting_smoking_gun,Hiring: Buchhalter/Finanzbuchhalter (m/w/d) | Cheyenne | JobLeads.com - Buchhalter/Finanzbuchhalter (m/w/d). MT.DERM GmbH. Cheyenne (WY). On-site ... Buchhaltungssoftware (Microsoft Dynamics NAV). MS Office. Teamplayer. Education.,job_posting_scrape,https://www.jobleads.com/us/job/buchhalter-finanzbuchhalter-m-w-d--cheyenne--e657bc394d6496e68d611d68e1a8180ea,1,CDQO_MASS,2026-04-15T07:53:51.427384
Busch-Jaeger,DE,,Manufacturing,Electrical,5,theirstack,Electrical - Dynamics NAV,theirstack_germany_batch1,,1,CDQO,2026-04-15T07:17:58.086180
COSMO CONSULT,DE,,IT Services and IT Consulting,1.5k,5,technology_stack,Listed on TheirStack as Microsoft Dynamics NAV user,theirstack,https://theirstack.com/en/technology/microsoft-dynamics-nav/de,1,CDQO,2026-04-15T07:17:58.097417
Connamix GmbH & Co. KG,DE,,IT Services and IT Consulting,14,5,technology_stack,Listed on TheirStack as Microsoft Dynamics NAV user,theirstack,https://theirstack.com/en/technology/microsoft-dynamics-nav/de,1,CDQO_MASS,2026-04-15T07:53:51.427384
Connamix GmbH & Co. KG,DE,,IT Services,14,5,theirstack,TheirStack technology detection - 14 employees,TheirStack,https://theirstack.com/en/technology/navision/de,1,CDQO,2026-04-15T07:17:58.097397
Continental AG,DE,,Automotive,Auto,5,theirstack,Auto parts - Dynamics NAV,theirstack_germany_batch1,,1,CDQO,2026-04-15T07:17:58.085064
DEKRA Arbeit GmbH,DE,,Public Safety,49k,5,technology_stack,Listed on TheirStack as Microsoft Dynamics NAV user,theirstack,https://theirstack.com/en/technology/microsoft-dynamics-nav/de,1,CDQO,2026-04-15T07:17:58.097497
DIS AG,DE,,HR Services,5000,5,theirstack,TheirStack technology detection - 5000 employees,TheirStack,https://theirstack.com/en/technology/navision/de,1,CDQO,2026-04-15T07:17:58.083710
DYWIDAG,DE,,Construction,,5,theirstack,Construction - Dynamics NAV,theirstack_expansion_batch2,,1,CDQO,2026-04-15T07:17:58.091764
Dematic,DE,,Manufacturing,,5,theirstack,Logistics - Dynamics NAV,theirstack_expansion_batch3,,1,CDQO,2026-04-15T07:17:58.093378
ESedi e.K.,DE,,Software Development,2,5,technology_stack,Listed on TheirStack as Microsoft Dynamics NAV user,theirstack,https://theirstack.com/en/technology/microsoft-dynamics-nav/de,1,CDQO,2026-04-15T07:17:58.097486
Einkäufer (all gender) Food – Einkauf mit Geschmack!,DE,,,,5,job_posting_smoking_gun,Hiring: Einkäufer (all gender) Food – Einkauf mit Geschmack! - LinkedIn - Einkäufer (all gender) Food – Einkauf mit Geschmack! in ... Fit in ERP- und BI-Tools (MS Dynamics NAV von Vorteil) und sicher in Excel & PowerPoint.,job_posting_scrape,https://www.linkedin.com/jobs/view/4373500486/,1,CDQO_MASS,2026-04-15T07:53:51.427384
ElringKlinger,DE,,Automotive,Auto,5,theirstack,Auto parts - Dynamics NAV,theirstack_germany_batch1,,1,CDQO,2026-04-15T07:17:58.085261
Emerson Electric,DE,,Manufacturing,Automation,5,theirstack,Automation - Navision,theirstack_germany_batch1,,1,CDQO,2026-04-15T07:17:58.086082
FANUC,DE,,Manufacturing,,5,theirstack,Robotics - Dynamics NAV,theirstack_expansion_batch3,,1,CDQO,2026-04-15T07:17:58.093426
Festo,DE,,Manufacturing,Pneumatics,5,theirstack,Pneumatics - Dynamics NAV,theirstack_germany_batch1,,1,CDQO,2026-04-15T07:17:58.085319
German Red Cross,DE,,Non-Profit,,5,theirstack,Non-Profit - Dynamics NAV,theirstack_global_batch2,,1,CDQO,2026-04-15T07:17:58.091538
Gira,DE,,Manufacturing,Electrical,5,theirstack,Electrical - Navision,theirstack_germany_batch1,,1,CDQO,2026-04-15T07:17:58.086145
HAPEKO Deutschland GmbH,DE,,ERP Software,,5,google_search,Found via: site:stepstone.de Navision,google,https://stepstone.de Navision,1,CDQO,2026-04-15T07:17:58.128233
Hager Group,DE,,Manufacturing,Electrical,5,theirstack,Electrical - Dynamics NAV,theirstack_germany_batch1,,1,CDQO,2026-04-15T07:17:58.086128
Harting,DE,,Manufacturing,Connectors,5,theirstack,Connectors - Navision,theirstack_germany_batch1,,1,CDQO,2026-04-15T07:17:58.085397
Hella GmbH,DE,,Automotive,Lighting,5,theirstack,Lighting - Navision ERP,theirstack_germany_batch1,,1,CDQO,2026-04-15T07:17:58.085241
Hermes Group,DE,,Retail,,5,theirstack,Retail - Navision,theirstack_expansion_batch3,,1,CDQO,2026-04-15T07:17:58.093174
Jungheinrich,DE,,Manufacturing,,5,theirstack,Forklifts - Dynamics NAV,theirstack_expansion_batch3,,1,CDQO,2026-04-15T07:17:58.093358
KION Group,DE,,Manufacturing,,5,theirstack,Forklifts - Navision,theirstack_expansion_batch3,,1,CDQO,2026-04-15T07:17:58.093368
KUKA,DE,,Manufacturing,,5,theirstack,Robotics - Navision,theirstack_expansion_batch3,,1,CDQO,2026-04-15T07:17:58.093387
Kawasaki Robotics,DE,,Manufacturing,Robotics,5,theirstack,Robotics - Dynamics NAV,theirstack_germany_batch1,,1,CDQO,2026-04-15T07:17:58.086197
Keyence,DE,,Manufacturing,,5,theirstack,Sensors - Navision,theirstack_expansion_batch3,,1,CDQO,2026-04-15T07:17:58.093457
Kärcher,DE,,Manufacturing,Cleaning,5,theirstack,Cleaning equipment - Navision,theirstack_germany_batch1,,1,CDQO,2026-04-15T07:17:58.085037
Landgard Service,DE,,Services,,5,theirstack,Services - Dynamics NAV,theirstack_expansion_batch2,,1,CDQO,2026-04-15T07:17:58.092000
Landgard Service GmbH,DE,,Services,,5,verified_customer,Job posting: Navision IT Berater,research_batch_1,,1,CDQO,2026-04-15T07:17:58.138715
Legrand,DE,,Manufacturing,Electrical,5,theirstack,Electrical - Navision ERP,theirstack_germany_batch1,,1,CDQO,2026-04-15T07:17:58.086107
Liebherr,DE,,Manufacturing,,5,theirstack,Construction - Dynamics NAV,theirstack_expansion_batch3,,1,CDQO,2026-04-15T07:17:58.093338
Löwenstein Medical,DE,,Pharmaceutical Manufacturing,,5,theirstack,TheirStack Navision user - 430 employees,theirstack_scrape_v1,,1,CDQO_MASS,2026-04-15T07:53:51.427384
Löwenstein Medical,DE,,Pharmaceutical,430,5,theirstack,TheirStack technology detection - 430 employees,TheirStack,https://theirstack.com/en/technology/navision/de,1,CDQO,2026-04-15T07:17:58.086243
Mahle GmbH,DE,,Automotive,Auto,5,theirstack,Auto parts - Navision,theirstack_germany_batch1,,1,CDQO,2026-04-15T07:17:58.085101
Manitou,DE,,Manufacturing,,5,theirstack,Material handling - Navision,theirstack_expansion_batch3,,1,CDQO,2026-04-15T07:17:58.093348
Marley Spoon,DE,,Food & Beverage,1000,5,theirstack,TheirStack technology detection - 1000 employees,TheirStack,https://theirstack.com/en/technology/navision/de,1,CDQO,2026-04-15T07:17:58.083731
Martin Ettinger – Buchhaltung,DE,,,,5,job_posting_smoking_gun,"Hiring: Martin Ettinger – Buchhaltung - Interim in München - LinkedIn - ... Navision, etc.) - Berufliche Erfahrungen in den Big Four - Mehr als 10jährige Erfahrung als kfm. Leiter und Finanzleiter - Mehr als 5 Jahre Projektleiter ...",job_posting_scrape,https://de.linkedin.com/in/martin-ettinger-55271016,1,CDQO_MASS,2026-04-15T07:53:51.427384
Miele,DE,,Manufacturing,,5,theirstack,Appliances - Navision,theirstack_expansion_batch3,,1,CDQO,2026-04-15T07:17:58.093328
Mitsubishi Electric,DE,,Manufacturing,,5,theirstack,Automation - Navision,theirstack_expansion_batch3,,1,CDQO,2026-04-15T07:17:58.093436
Modepark Röther,DE,,Retail,79,5,theirstack,TheirStack technology detection - 79 employees,TheirStack,https://theirstack.com/en/technology/navision/de,1,CDQO,2026-04-15T07:17:58.083698
New Flag GmbH,DE,,Manufacturing,215,5,theirstack,TheirStack technology detection - 215 employees,TheirStack,https://theirstack.com/en/technology/navision/de,1,CDQO,2026-04-15T07:17:58.083720
Omron,DE,,Manufacturing,,5,theirstack,Automation - Dynamics NAV,theirstack_expansion_batch3,,1,CDQO,2026-04-15T07:17:58.093447
Pacovis AG,DE,,Consulting,,5,customer_reference,ERP Specialist Microsoft Dynamics NAV,global_detective_v2,,1,CDQO,2026-04-15T07:17:58.084459
Panem Backstube,DE,,Food,,5,theirstack,Food - Dynamics NAV,theirstack_expansion_batch2,,1,CDQO,2026-04-15T07:17:58.092037
Pepperl+Fuchs,DE,,Manufacturing,Sensors,5,theirstack,Sensors - Dynamics NAV,theirstack_germany_batch1,,1,CDQO,2026-04-15T07:17:58.085343
Phoenix Contact,DE,,Manufacturing,Industrial,5,theirstack,Industrial automation - Navision,theirstack_germany_batch1,,1,CDQO,2026-04-15T07:17:58.085293
Pyramid Computer GmbH,DE,,Technology,,5,verified_customer,Job posting: Inhouse Microsoft Dynamics NAV,research_batch_1,,1,CDQO,2026-04-15T07:17:58.138736
ROM Technik,DE,,Professional Services,511,5,technology_stack,Listed on TheirStack as Microsoft Dynamics NAV user,theirstack,https://theirstack.com/en/technology/microsoft-dynamics-nav/de,1,CDQO,2026-04-15T07:17:58.097430
Rittal,DE,,Manufacturing,Enclosures,5,theirstack,Enclosures - Dynamics NAV,theirstack_germany_batch1,,1,CDQO,2026-04-15T07:17:58.085416
SAP SE,DE,,Technology,,5,enterprise,Dynamics NAV subsidiary,theirstack_enterprise,,1,CDQO,2026-04-15T07:17:58.084518
SICK AG,DE,,Manufacturing,Sensors,5,theirstack,Sensors - Navision ERP,theirstack_germany_batch1,,1,CDQO,2026-04-15T07:17:58.085332
STIHL,DE,,Manufacturing,,5,theirstack,Tools - Dynamics NAV,theirstack_expansion_batch3,,1,CDQO,2026-04-15T07:17:58.093161
Schaeffler Group,DE,,Manufacturing,Bearings,5,theirstack,Bearings - Dynamics NAV,theirstack_germany_batch1,,1,CDQO,2026-04-15T07:17:58.085086
Schneider Electric,DE,,Manufacturing,Energy,5,theirstack,Energy - Dynamics NAV,theirstack_germany_batch1,,1,CDQO,2026-04-15T07:17:58.086096
Siemens,DE,,Manufacturing,,5,theirstack,Industrial - Navision,theirstack_expansion_batch3,,1,CDQO,2026-04-15T07:17:58.093116
Siemens AG,DE,,,,5,smoking_gun_enterprise,Bruger Microsoft Dynamics NAV i datterselskaber (€78B koncern),manual_smoking_gun_v2,https://www.microsoft.com/de-de/dynamics-365/case-studies,1,CDQO,2026-04-15T07:17:58.099662
Staubli,DE,,Manufacturing,Robotics,5,theirstack,Robotics - Navision ERP,theirstack_germany_batch1,,1,CDQO,2026-04-15T07:17:58.086221
TK Elevator,DE,,Manufacturing,24000,5,theirstack,TheirStack technology detection - 24000 employees,TheirStack,https://theirstack.com/en/technology/navision/de,1,CDQO,2026-04-15T07:17:58.084316
Tecman Deutschland,DE,tecman-deutschland.de,,,5,web_mention,"Mar 24, 2026 — Wir verfügen über Branchenexpertise, ein starkes, erstklassiges Netzwerk und tiefes Know-how über Microsoft Navision, IT-Security und der ...",country_expansion_de,https://tecman-deutschland.de/,1,CDQO,2026-04-15T07:17:58.105212
Tesla Grohmann,DE,,Manufacturing,,5,theirstack,Manufacturing - Navision,theirstack_expansion_batch2,,1,CDQO,2026-04-15T07:17:58.091794
Turck,DE,,Manufacturing,Industrial,5,theirstack,Industrial automation - Navision,theirstack_germany_batch1,,1,CDQO,2026-04-15T07:17:58.085354
Unity Technologies,DE,,Technology,,5,theirstack,Gaming - Navision,theirstack_expansion_batch3,,1,CDQO,2026-04-15T07:17:58.093195
Universal Robots,DE,,Manufacturing,,5,theirstack,Robotics - Dynamics NAV,theirstack_expansion_batch3,,1,CDQO,2026-04-15T07:17:58.093398
WAGO Kontakttechnik,DE,,Manufacturing,Connection,5,theirstack,Connection tech - Dynamics NAV,theirstack_germany_batch1,,1,CDQO,2026-04-15T07:17:58.085386
WT Energiesysteme GmbH,DE,,Utilities,53,5,technology_stack,Listed on TheirStack as Microsoft Dynamics NAV user,theirstack,https://theirstack.com/en/technology/microsoft-dynamics-nav/de,1,CDQO,2026-04-15T07:17:58.097462
Webasto,DE,,Automotive,Roof,5,theirstack,Roof systems - Dynamics NAV,theirstack_germany_batch1,,1,CDQO,2026-04-15T07:17:58.085220
Würth Group,DE,,Wholesale,,5,theirstack,Wholesale - Navision,theirstack_expansion_batch3,,1,CDQO,2026-04-15T07:17:58.093467
Yaskawa,DE,,Manufacturing,,5,theirstack,Robotics - Navision,theirstack_expansion_batch3,,1,CDQO,2026-04-15T07:17:58.093415
anaptis GmbH,DE,,IT Services and IT Consulting,35,5,technology_stack,Listed on TheirStack as Microsoft Dynamics NAV user,theirstack,https://theirstack.com/en/technology/microsoft-dynamics-nav/de,1,CDQO_MASS,2026-04-15T07:53:51.427384
anaptis GmbH,DE,,IT Services,35,5,theirstack,TheirStack technology detection - 35 employees,TheirStack,https://theirstack.com/en/technology/navision/de,1,CDQO,2026-04-15T07:17:58.097384
ifm electronic,DE,,Manufacturing,Sensors,5,theirstack,Sensors - Navision ERP,theirstack_germany_batch1,,1,CDQO,2026-04-15T07:17:58.085375
powwow,DE,,Telecommunications,150,5,technology_stack,Listed on TheirStack as Microsoft Dynamics NAV user,theirstack,https://theirstack.com/en/technology/microsoft-dynamics-nav/de,1,CDQO,2026-04-15T07:17:58.097507
 Ramboll,DK,,Consulting,Engineering,5,theirstack,Engineering - Dynamics NAV,theirstack_nordic_batch1,,1,CDQO,2026-04-15T07:17:58.090014
20 years ago today: The story behind Microsoft’s acquisition of Danish ...,DK,startupmafia.eu,,,5,web_mention,"Aug 9, 2022 · Microsoft had made a bid to buy the Danish technology company Navision. The Americans were ready to put more than 10 billion kroner in cool cash on the table to realise their …",country_expansion_v6_dk,https://startupmafia.eu/20-years-ago-today-the-story-behind-microsofts-acquisition-of-danish-navision,1,CDQO,2026-04-15T07:17:58.110989
Aalborg Kommune,DK,,ERP Software,,5,manual_research,Manual research - Navision customer,manual_research,https://research.manual/aalborg-kommune,1,CDQO,2026-04-15T07:17:58.129376
Aarhus Kommune,DK,,ERP Software,,5,manual_research,Manual research - Navision customer,manual_research,https://research.manual/aarhus-kommune,1,CDQO,2026-04-15T07:17:58.129386
Aarhus Tech - MDC Nordic,DK,mdcnordic.com,,,5,web_mention,Aarhus Tech now has an updated Navision Stat solution that operates optimally with all customizations intact. Our well-defined standard process for upgrades not only ensures efficiency but also …,country_expansion_v6_dk,https://mdcnordic.com/en/kunder/aarhus-tech/,1,CDQO,2026-04-15T07:17:58.110978
Aarhus Universitet,DK,,ERP Software,,5,manual_research,Manual research - Navision customer,manual_research,https://research.manual/aarhus-universitet,1,CDQO_MASS,2026-04-15T07:53:51.427384
Aarhus University,DK,,Research,11000,5,theirstack,Listed on TheirStack as using Navision,theirstack,https://theirstack.com/en/technology/navision/dk,1,CDQO,2026-04-15T07:17:58.083290
Abakion,DK,https://theirstack.com/en/technology/navision/dk,-,-,5,TheirStack,TheirStack verified,TheirStack,https://theirstack.com/en/technology/navision/dk,1,CDQO,2026-04-15T07:17:58.082714
Abakion A/S,DK,,Software Development,51,5,technology_stack,Listed on TheirStack as Microsoft Dynamics NAV user,theirstack,https://theirstack.com/en/technology/microsoft-dynamics-nav/dk,1,CDQO_MASS,2026-04-15T07:53:51.427384
Active BS,DK,https://theirstack.com/en/technology/navision/dk,-,-,5,TheirStack,TheirStack verified,TheirStack,https://theirstack.com/en/technology/navision/dk,1,CDQO,2026-04-15T07:17:58.082627
AffaldPlus,DK,https://theirstack.com/en/technology/navision/dk,-,-,5,TheirStack,TheirStack verified,TheirStack,https://theirstack.com/en/technology/navision/dk,1,CDQO,2026-04-15T07:17:58.081968
Aleris Danmark,DK,https://theirstack.com/en/technology/navision/dk,-,-,5,TheirStack,TheirStack verified,TheirStack,https://theirstack.com/en/technology/navision/dk,1,CDQO,2026-04-15T07:17:58.082160
Aleris Danmark A/S,DK,https://theirstack.com/en/technology/navision/dk,-,-,5,TheirStack,TheirStack verified,TheirStack,https://theirstack.com/en/technology/navision/dk,1,CDQO,2026-04-15T07:17:58.081698
Alfa Laval,DK,https://theirstack.com/en/technology/navision/dk,-,-,5,TheirStack,TheirStack verified,TheirStack,https://theirstack.com/en/technology/navision/dk,1,CDQO,2026-04-15T07:17:58.082296
Apollo,DK,https://theirstack.com/en/technology/navision/dk,-,-,5,TheirStack,TheirStack verified,TheirStack,https://theirstack.com/en/technology/navision/dk,1,CDQO,2026-04-15T07:17:58.082752
Aurion,DK,https://theirstack.com/en/technology/navision/dk,-,-,5,TheirStack,TheirStack verified,TheirStack,https://theirstack.com/en/technology/navision/dk,1,CDQO,2026-04-15T07:17:58.082243
Aurion A/S,DK,https://theirstack.com/en/technology/navision/dk,-,-,5,TheirStack,TheirStack verified,TheirStack,https://theirstack.com/en/technology/navision/dk,1,CDQO,2026-04-15T07:17:58.082811
BKI Foods,DK,https://theirstack.com/en/technology/navision/dk,-,-,5,TheirStack,TheirStack verified,TheirStack,https://theirstack.com/en/technology/navision/dk,1,CDQO,2026-04-15T07:17:58.081854
BKI Foods A/S,DK,,,,5,smoking_gun,"CFO: ""Forbedrede planlægning og indkøb med NAV""",smoking_gun_hunt,https://elbek-vejrup.dk/vidensbank/wiki/navision/,1,CDQO,2026-04-15T07:17:58.099455
Bella Center,DK,,Hospitality,Venues,5,theirstack,Venues - Navision,theirstack_nordic_batch1,,1,CDQO,2026-04-15T07:17:58.089845
Bisgaard Sko,DK,https://theirstack.com/en/technology/navision/dk,-,-,5,TheirStack,TheirStack verified,TheirStack,https://theirstack.com/en/technology/navision/dk,1,CDQO,2026-04-15T07:17:58.081952
Bispebjerg Hospital,DK,https://statens-adm.dk/support/oekonomisupport/navision-stat/,Offentlig,500+,5,Navision Stat,Navision Stat institution,Navision Stat,https://statens-adm.dk/support/oekonomisupport/navision-stat/,1,CDQO,2026-04-15T07:17:58.083048
Blue Vision,DK,https://theirstack.com/en/technology/navision/dk,-,-,5,TheirStack,TheirStack verified,TheirStack,https://theirstack.com/en/technology/navision/dk,1,CDQO,2026-04-15T07:17:58.082451
Boligstyrelsen,DK,https://statens-adm.dk/support/oekonomisupport/navision-stat/,Offentlig,500+,5,Navision Stat,Navision Stat institution,Navision Stat,https://statens-adm.dk/support/oekonomisupport/navision-stat/,1,CDQO,2026-04-15T07:17:58.083026
Bornerups,DK,,Consulting,,5,theirstack,Consulting - Dynamics NAV,theirstack_expansion_batch2,,1,CDQO,2026-04-15T07:17:58.092141
Bramidan,DK,https://theirstack.com/en/technology/navision/dk,-,-,5,TheirStack,TheirStack verified,TheirStack,https://theirstack.com/en/technology/navision/dk,1,CDQO,2026-04-15T07:17:58.082051
Bramidan A/S,DK,,,,5,smoking_gun,"CEO: ""Go-live gik bedre end forventet - fungerede dagen efter""",smoking_gun_hunt,https://elbek-vejrup.dk/vidensbank/wiki/navision/,1,CDQO,2026-04-15T07:17:58.099433
Bunker Holding,DK,https://theirstack.com/en/technology/navision/dk,-,-,5,TheirStack,TheirStack verified,TheirStack,https://theirstack.com/en/technology/navision/dk,1,CDQO,2026-04-15T07:17:58.082149
Bunker Holding A/S,DK,,Oil and Gas,256,5,technology_stack,Listed on TheirStack as Microsoft Dynamics NAV user,theirstack,https://theirstack.com/en/technology/microsoft-dynamics-nav/dk,1,CDQO,2026-04-15T07:17:58.099047
BusinessGo,DK,https://theirstack.com/en/technology/navision/dk,-,-,5,TheirStack,TheirStack verified,TheirStack,https://theirstack.com/en/technology/navision/dk,1,CDQO,2026-04-15T07:17:58.082504
COWI,DK,,Consulting,Engineering,5,theirstack,Engineering - Navision,theirstack_nordic_batch1,,1,CDQO,2026-04-15T07:17:58.089999
Carl Christensen,DK,https://theirstack.com/en/technology/navision/dk,-,-,5,TheirStack,TheirStack verified,TheirStack,https://theirstack.com/en/technology/navision/dk,1,CDQO,2026-04-15T07:17:58.081876
Carlsberg,DK,,Beverages,Brewery,5,theirstack,Brewery - Navision,theirstack_nordic_batch1,,1,CDQO,2026-04-15T07:17:58.089804
Chr. Hansen,DK,,Food & Beverage,Ingredients,5,theirstack,Ingredients - Dynamics NAV,theirstack_nordic_batch1,,1,CDQO,2026-04-15T07:17:58.089921
Columbus Global,DK,https://theirstack.com/en/technology/navision/dk,-,-,5,TheirStack,TheirStack verified,TheirStack,https://theirstack.com/en/technology/navision/dk,1,CDQO,2026-04-15T07:17:58.082439
Connectify,DK,https://theirstack.com/en/technology/navision/dk,-,-,5,TheirStack,TheirStack verified,TheirStack,https://theirstack.com/en/technology/navision/dk,1,CDQO,2026-04-15T07:17:58.082389
Consit Gruppen,DK,,IT Services and IT Consulting,57,5,technology_stack,Listed on TheirStack as Microsoft Dynamics NAV user,theirstack,https://theirstack.com/en/technology/microsoft-dynamics-nav/dk,1,CDQO,2026-04-15T07:17:58.099058
Consortio,DK,https://theirstack.com/en/technology/navision/dk,-,-,5,TheirStack,TheirStack verified,TheirStack,https://theirstack.com/en/technology/navision/dk,1,CDQO,2026-04-15T07:17:58.082560
Continia Software,DK,,Software Development,212,5,technology_stack,Listed on TheirStack as Microsoft Dynamics NAV user,theirstack,https://theirstack.com/en/technology/microsoft-dynamics-nav/dk,1,CDQO,2026-04-15T07:17:58.099036
Copenhagen Airport,DK,,Transportation,Airport,5,theirstack,Airport - Dynamics NAV,theirstack_nordic_batch1,,1,CDQO,2026-04-15T07:17:58.089856
DMI - Danmarks Meteorologiske Institut,DK,https://statens-adm.dk/support/oekonomisupport/navision-stat/,Offentlig,500+,5,Navision Stat,Navision Stat institution,Navision Stat,https://statens-adm.dk/support/oekonomisupport/navision-stat/,1,CDQO,2026-04-15T07:17:58.083143
Dana Lim,DK,,,,5,smoking_gun,Tilfreds NAV kunde (obtain.dk),smoking_gun_hunt,https://obtain.dk/,1,CDQO,2026-04-15T07:17:58.099483
Danisco,DK,,Food & Beverage,Food,5,theirstack,Food - Dynamics NAV,theirstack_nordic_batch1,,1,CDQO,2026-04-15T07:17:58.089898
Danisco A/S,DK,,Food & Beverage,Food,5,theirstack,Food - Navision,theirstack_nordic_batch1,,1,CDQO,2026-04-15T07:17:58.089908
Danish Agro,DK,,Farming,1000,5,theirstack,Listed on TheirStack as using Navision,theirstack,https://theirstack.com/en/technology/navision/dk,1,CDQO,2026-04-15T07:17:58.083312
Danish Crown,DK,https://theirstack.com/en/technology/navision/dk,-,-,5,TheirStack,TheirStack verified,TheirStack,https://theirstack.com/en/technology/navision/dk,1,CDQO,2026-04-15T07:17:58.081720
Dansk Aktionærforening,DK,https://theirstack.com/en/technology/navision/dk,-,-,5,TheirStack,TheirStack verified,TheirStack,https://theirstack.com/en/technology/navision/dk,1,CDQO,2026-04-15T07:17:58.082317
Danske Bank,DK,,Finance,Banking,5,theirstack,Banking - Navision,theirstack_nordic_batch1,,1,CDQO,2026-04-15T07:17:58.089815
Danæg,DK,https://theirstack.com/en/technology/navision/dk,-,-,5,TheirStack,TheirStack verified,TheirStack,https://theirstack.com/en/technology/navision/dk,1,CDQO,2026-04-15T07:17:58.081839
Datapro,DK,https://theirstack.com/en/technology/navision/dk,-,-,5,TheirStack,TheirStack verified,TheirStack,https://theirstack.com/en/technology/navision/dk,1,CDQO,2026-04-15T07:17:58.082461
Demant,DK,,Medical Equipment,4900,5,theirstack,Listed on TheirStack as using Navision,theirstack,https://theirstack.com/en/technology/navision/dk,1,CDQO,2026-04-15T07:17:58.083243
Demant A/S,DK,https://theirstack.com/en/technology/navision/dk,-,-,5,TheirStack,TheirStack verified,TheirStack,https://theirstack.com/en/technology/navision/dk,1,CDQO,2026-04-15T07:17:58.082843
Dental Traumatology,DK,,Healthcare,,5,theirstack,Healthcare - Dynamics NAV,theirstack_global_batch2,,1,CDQO,2026-04-15T07:17:58.091332
EET Group,DK,,-,-,5,LinkedIn,Kendskab til Navision en fordel,LinkedIn,,1,CDQO,2026-04-15T07:17:58.083195
EXPO-NET Danmark,DK,,-,-,5,TheirStack,Implementerer Navision,TheirStack,,1,CDQO,2026-04-15T07:17:58.082137
EY (Ernst & Young),DK,https://theirstack.com/en/technology/navision/dk,-,-,5,TheirStack,TheirStack verified,TheirStack,https://theirstack.com/en/technology/navision/dk,1,CDQO,2026-04-15T07:17:58.081709
EY Danmark,DK,https://theirstack.com/en/technology/navision/dk,-,-,5,TheirStack,TheirStack verified,TheirStack,https://theirstack.com/en/technology/navision/dk,1,CDQO,2026-04-15T07:17:58.082170
Edlund,DK,https://theirstack.com/en/technology/navision/dk,-,-,5,TheirStack,TheirStack verified,TheirStack,https://theirstack.com/en/technology/navision/dk,1,CDQO,2026-04-15T07:17:58.082039
Eidorff Dental,DK,,Healthcare,,5,theirstack,Healthcare - Navision,theirstack_expansion_batch2,,1,CDQO,2026-04-15T07:17:58.092151
Elbek & Vejrup,DK,,Consulting,,5,theirstack,Consulting - Navision,theirstack_expansion_batch2,,1,CDQO,2026-04-15T07:17:58.092235
Erhvervsministeriet,DK,https://statens-adm.dk/support/oekonomisupport/navision-stat/,Offentlig,500+,5,Navision Stat,Navision Stat institution,Navision Stat,https://statens-adm.dk/support/oekonomisupport/navision-stat/,1,CDQO,2026-04-15T07:17:58.082959
Falck,DK,,Healthcare,32000,5,theirstack,Listed on TheirStack as using Navision,theirstack,https://theirstack.com/en/technology/navision/dk,1,CDQO,2026-04-15T07:17:58.083323
Falck A/S,DK,https://theirstack.com/en/technology/navision/dk,-,-,5,TheirStack,TheirStack verified,TheirStack,https://theirstack.com/en/technology/navision/dk,1,CDQO,2026-04-15T07:17:58.082854
Forskningsstyrelsen,DK,https://statens-adm.dk/support/oekonomisupport/navision-stat/,Offentlig,500+,5,Navision Stat,Navision Stat institution,Navision Stat,https://statens-adm.dk/support/oekonomisupport/navision-stat/,1,CDQO,2026-04-15T07:17:58.083005
Frederiksberg Hospital,DK,https://statens-adm.dk/support/oekonomisupport/navision-stat/,Offentlig,500+,5,Navision Stat,Navision Stat institution,Navision Stat,https://statens-adm.dk/support/oekonomisupport/navision-stat/,1,CDQO,2026-04-15T07:17:58.083058
Fødevareministeriet,DK,https://statens-adm.dk/support/oekonomisupport/navision-stat/,Offentlig,500+,5,Navision Stat,Navision Stat institution,Navision Stat,https://statens-adm.dk/support/oekonomisupport/navision-stat/,1,CDQO,2026-04-15T07:17:58.082982
GALST Advokater,DK,https://theirstack.com/en/technology/navision/dk,-,-,5,TheirStack,TheirStack verified,TheirStack,https://theirstack.com/en/technology/navision/dk,1,CDQO,2026-04-15T07:17:58.082823
GN Group,DK,,Electronics,7300,5,theirstack,Listed on TheirStack as using Navision,theirstack,https://theirstack.com/en/technology/navision/dk,1,CDQO,2026-04-15T07:17:58.083279
GN Store Nord,DK,https://theirstack.com/en/technology/navision/dk,-,-,5,TheirStack,TheirStack verified,TheirStack,https://theirstack.com/en/technology/navision/dk,1,CDQO,2026-04-15T07:17:58.082833
Geia Food A/S,DK,https://jcd.dk/cases,Fødevarer,-,5,JCD Case,IT infrastruktur + NAV integration,JCD Case,https://jcd.dk/cases,1,CDQO,2026-04-15T07:17:58.083218
Gentofte Hospital,DK,https://statens-adm.dk/support/oekonomisupport/navision-stat/,Offentlig,500+,5,Navision Stat,Navision Stat institution,Navision Stat,https://statens-adm.dk/support/oekonomisupport/navision-stat/,1,CDQO,2026-04-15T07:17:58.083107
GeoInfo,DK,https://theirstack.com/en/technology/navision/dk,-,-,5,TheirStack,TheirStack verified,TheirStack,https://theirstack.com/en/technology/navision/dk,1,CDQO,2026-04-15T07:17:58.081790
Georg Jensen Damask,DK,https://theirstack.com/en/technology/navision/dk,-,-,5,TheirStack,TheirStack verified,TheirStack,https://theirstack.com/en/technology/navision/dk,1,CDQO,2026-04-15T07:17:58.081940
Grundfos,DK,,Manufacturing,Pumps,5,theirstack,Pumps - Dynamics NAV,theirstack_nordic_batch1,,1,CDQO,2026-04-15T07:17:58.089976
HOFOR,DK,,Energy,Energy,5,theirstack,Energy - Dynamics NAV,theirstack_nordic_batch1,,1,CDQO,2026-04-15T07:17:58.089877
Hanne Foldbjerg,DK,,,,5,job_posting_smoking_gun,"Hiring: Hanne Foldbjerg - Regnskabsansvarlig - LinkedIn - Regnskabsansvarlig · Experience: Blokhus Invest ApS · Education: Probana ... Warehouse management (registration, adjustments, parts lists in C5/Navision) ...",job_posting_scrape,https://dk.linkedin.com/in/hanne-foldbjerg/en,1,CDQO_MASS,2026-04-15T07:53:51.427384
Hedegaard Nordic,DK,,Consulting,,5,theirstack,Consulting - Dynamics NAV,theirstack_expansion_batch2,,1,CDQO,2026-04-15T07:17:58.092100
Herlev Hospital,DK,https://statens-adm.dk/support/oekonomisupport/navision-stat/,Offentlig,500+,5,Navision Stat,Navision Stat institution,Navision Stat,https://statens-adm.dk/support/oekonomisupport/navision-stat/,1,CDQO,2026-04-15T07:17:58.083072
Hounisen,DK,,Medical,,5,theirstack,Medical - Navision,theirstack_expansion_batch2,,1,CDQO,2026-04-15T07:17:58.092129
Hummel,DK,https://theirstack.com/en/technology/navision/dk,-,-,5,TheirStack,TheirStack verified,TheirStack,https://theirstack.com/en/technology/navision/dk,1,CDQO,2026-04-15T07:17:58.081827
Hvidovre Hospital,DK,https://statens-adm.dk/support/oekonomisupport/navision-stat/,Offentlig,500+,5,Navision Stat,Navision Stat institution,Navision Stat,https://statens-adm.dk/support/oekonomisupport/navision-stat/,1,CDQO,2026-04-15T07:17:58.083096
Inco A/S,DK,,,,5,smoking_gun_go_live,Gået live med Dynamics NAV integreret med LS Retail POS system,manual_smoking_gun_v2,https://jcd.dk/cases/pos-hardware-microsoft-dynamics-nav-med-integration-til-ls-retail-hos-inco/,1,CDQO_MASS,2026-04-15T07:53:51.427384
Interspiro,DK,https://dynamicweb.com/customers?Integration=DynamicsNAV,Sikkerhedsudstyr,-,5,DynamicWeb case,B2B e-commerce + Navision integration,DynamicWeb case,https://dynamicweb.com/customers?Integration=DynamicsNAV,1,CDQO,2026-04-15T07:17:58.083229
Intrum AB,DK,,Financial Services,,5,theirstack,Listed on TheirStack as using Navision,theirstack,https://theirstack.com/en/technology/navision/dk,1,CDQO,2026-04-15T07:17:58.083334
Inventio,DK,https://theirstack.com/en/technology/navision/dk,-,-,5,TheirStack,TheirStack verified,TheirStack,https://theirstack.com/en/technology/navision/dk,1,CDQO,2026-04-15T07:17:58.082728
Investeringsbanken A/S,DK,,ERP Software,,5,manual_research,Manual research - Navision customer,manual_research,https://research.manual/investeringsbanken-a/s,1,CDQO,2026-04-15T07:17:58.128774
Irina Fomenko,DK,,,,5,job_posting_smoking_gun,Hiring: Irina Fomenko - Accountant - LinkedIn - Tjenester. Bookkeeping · Løntjenester · Finansrevision · Finansiel rapportering ... Dynamics NAV E-conomic. Excel. City College Southampton Grafik · City College ...,job_posting_scrape,https://dk.linkedin.com/in/irina-fomenko-436b54145,1,CDQO_MASS,2026-04-15T07:53:51.427384
JET TAGESLICHT & RWA GMBH,DK,,Wholesale Building Materials,4.5k,5,technology_stack,Listed on TheirStack as Microsoft Dynamics NAV user,theirstack,https://theirstack.com/en/technology/microsoft-dynamics-nav/dk,1,CDQO,2026-04-15T07:17:58.099119
Jyske Bank,DK,,ERP Software,,5,manual_research,Manual research - Navision customer,manual_research,https://research.manual/jyske-bank,1,CDQO,2026-04-15T07:17:58.128815
KeyBalance,DK,https://theirstack.com/en/technology/navision/dk,-,-,5,TheirStack,TheirStack verified,TheirStack,https://theirstack.com/en/technology/navision/dk,1,CDQO,2026-04-15T07:17:58.082515
Klima- Energiministeriet,DK,https://statens-adm.dk/support/oekonomisupport/navision-stat/,Offentlig,500+,5,Navision Stat,Navision Stat institution,Navision Stat,https://statens-adm.dk/support/oekonomisupport/navision-stat/,1,CDQO,2026-04-15T07:17:58.082864
Kredsløb,DK,https://theirstack.com/en/technology/navision/dk,-,-,5,TheirStack,TheirStack verified,TheirStack,https://theirstack.com/en/technology/navision/dk,1,CDQO,2026-04-15T07:17:58.082001
Kriminalforsorgen,DK,,Government,2500,5,theirstack,Listed on TheirStack as using Navision,theirstack,https://theirstack.com/en/technology/navision/dk,1,CDQO,2026-04-15T07:17:58.083355
Kulturministeriet,DK,https://statens-adm.dk/support/oekonomisupport/navision-stat/,Offentlig,500+,5,Navision Stat,Navision Stat institution,Navision Stat,https://statens-adm.dk/support/oekonomisupport/navision-stat/,1,CDQO,2026-04-15T07:17:58.082875
Københavns Universitet,DK,,Education,12000,5,theirstack,Listed on TheirStack as using Navision,theirstack,https://theirstack.com/en/technology/navision/dk,1,CDQO,2026-04-15T07:17:58.083345
Københavns Åbne Gymnasium,DK,,Education,,5,verified_customer,Navision Stat institution,research_batch_1,,1,CDQO,2026-04-15T07:17:58.099707
LE34,DK,https://theirstack.com/en/technology/navision/dk,-,-,5,TheirStack,TheirStack verified,TheirStack,https://theirstack.com/en/technology/navision/dk,1,CDQO,2026-04-15T07:17:58.081766
Lasse Eduard Johansen,DK,,,,5,job_posting_smoking_gun,"Hiring: Lasse Eduard Johansen - The line between disorder and order lies ... - • ERP: Microsoft Dynamics NAV. Solar A/S Grafik. Warehouse Assistent. Solar A/S. maj 1998 – maj 2003 5 år 1 måned. Kolding Area, Denmark. • Picking of parts",job_posting_scrape,https://dk.linkedin.com/in/lasse-eduard-johansen-70124887,1,CDQO_MASS,2026-04-15T07:53:51.427384
Lego,DK,,Manufacturing,Toys,5,theirstack,Toys - Dynamics NAV,theirstack_nordic_batch1,,1,CDQO,2026-04-15T07:17:58.089794
Logos Consult,DK,https://theirstack.com/en/technology/navision/dk,-,-,5,TheirStack,TheirStack verified,TheirStack,https://theirstack.com/en/technology/navision/dk,1,CDQO,2026-04-15T07:17:58.082601
Lomax,DK,,,,5,smoking_gun,Tilfreds NAV kunde (obtain.dk),smoking_gun_hunt,https://obtain.dk/,1,CDQO,2026-04-15T07:17:58.099471
MFT Energy,DK,,Energy,,5,theirstack,Energy - Dynamics NAV,theirstack_expansion_batch2,,1,CDQO,2026-04-15T07:17:58.092058
Maersk,DK,,ERP Software,,5,manual_research,Manual research - Navision customer,manual_research,https://research.manual/maersk,1,CDQO,2026-04-15T07:17:58.128869
Maersk,DK,,,,5,smoking_gun_job,"Søger: ""Microsoft Dynamics NAV specialist til finance team""",manual_smoking_gun_v2,https://www.maersk.com/careers,1,CDQO_MASS,2026-04-15T07:53:51.427384
Margit Mikkelsen,DK,,,,5,job_posting_smoking_gun,"Hiring: Margit Mikkelsen - Kontorassistent - ISS FACILITY SERVICE | LinkedIn - Kontorassistent at ISS FACILITY SERVICE · Allround regnskabsansvarlig, kontorassistent, Sap , Navision Ansvarsbevist struktureret og selvstændig arbejdende, Har en bred erfaring inden for både leveran",job_posting_scrape,https://www.linkedin.com/in/margit-mikkelsen-23208549/,1,CDQO_MASS,2026-04-15T07:53:51.427384
Matas,DK,,,,5,smoking_gun,Tilfreds NAV kunde (obtain.dk),smoking_gun_hunt,https://obtain.dk/,1,CDQO,2026-04-15T07:17:58.099493
Meraki,DK,,Technology,,5,customer_reference,Microsoft Dynamics NAV user,expansion_batch_2,,1,CDQO,2026-04-15T07:17:58.084928
Mette Degn Arildtoft,DK,,,,5,job_posting_smoking_gun,Hiring: Mette Degn Arildtoft - Scrouples A/S | LinkedIn - Regnskabsansvarlig / superbruger i følgende systemer: - Navision - Dynamic NAV -… · Experience: Scrouples A/S · Education: Handelsskolen i Randers · Location: Central Denmark Region · 38 connections o,job_posting_scrape,https://www.linkedin.com/in/mette-degn-arildtoft-a04650189/,1,CDQO_MASS,2026-04-15T07:53:51.427384
Mette Stubkjaer Christensen,DK,,,,5,job_posting_smoking_gun,Hiring: Mette Stubkjaer Christensen - LinkedIn - • Using the ERP system Navision Dynamics NAV for evaluating each season and each supplier's development in order size ... indkøber Mette Stubkjær Christensen.,job_posting_scrape,https://dk.linkedin.com/in/mette-stubkjaer-christensen-20047421,1,CDQO_MASS,2026-04-15T07:53:51.427384
Middelfart Sparekasse,DK,,ERP Software,,5,manual_research,Manual research - Navision customer,manual_research,https://research.manual/middelfart-sparekasse,1,CDQO,2026-04-15T07:17:58.128881
Miljøministeriet,DK,https://statens-adm.dk/support/oekonomisupport/navision-stat/,Offentlig,500+,5,Navision Stat,Navision Stat institution,Navision Stat,https://statens-adm.dk/support/oekonomisupport/navision-stat/,1,CDQO,2026-04-15T07:17:58.082886
NAV-Vision,DK,https://theirstack.com/en/technology/navision/dk,-,-,5,TheirStack,TheirStack verified,TheirStack,https://theirstack.com/en/technology/navision/dk,1,CDQO,2026-04-15T07:17:58.082693
NJORD Law Firm,DK,https://twentyfour.dk/integrationer/microsoft-dynamics-nav/,Advokat,100-200,5,Case Study,NAV integration,Case Study,https://twentyfour.dk/integrationer/microsoft-dynamics-nav/,1,CDQO,2026-04-15T07:17:58.081564
NORMAL A/S,DK,,Retail,4.8k,5,technology_stack,Listed on TheirStack as Microsoft Dynamics NAV user,theirstack,https://theirstack.com/en/technology/microsoft-dynamics-nav/dk,1,CDQO,2026-04-15T07:17:58.099073
NORRIQ,DK,https://theirstack.com/en/technology/navision/dk,-,-,5,TheirStack,TheirStack verified,TheirStack,https://theirstack.com/en/technology/navision/dk,1,CDQO,2026-04-15T07:17:58.082587
NRGI A/S,DK,,ERP Software,,5,manual_research,Manual research - Navision customer,manual_research,https://research.manual/nrgi-a/s,1,CDQO,2026-04-15T07:17:58.128960
Nationalmuseet,DK,https://statens-adm.dk/support/oekonomisupport/navision-stat/,Offentlig,500+,5,Navision Stat,Navision Stat institution,Navision Stat,https://statens-adm.dk/support/oekonomisupport/navision-stat/,1,CDQO,2026-04-15T07:17:58.083129
NavKonsulent,DK,https://theirstack.com/en/technology/navision/dk,-,-,5,TheirStack,TheirStack verified,TheirStack,https://theirstack.com/en/technology/navision/dk,1,CDQO,2026-04-15T07:17:58.082483
NaviLogic,DK,,Consulting,,5,theirstack,Consulting - Navision,theirstack_expansion_batch2,,1,CDQO,2026-04-15T07:17:58.092198
Navisupport,DK,,IT Services,,5,theirstack,IT services - Dynamics NAV,theirstack_expansion_batch2,,1,CDQO,2026-04-15T07:17:58.092211
Nel Hydrogen,DK,https://theirstack.com/en/technology/navision/dk,-,-,5,TheirStack,TheirStack verified,TheirStack,https://theirstack.com/en/technology/navision/dk,1,CDQO,2026-04-15T07:17:58.081891
NemID / Digital Post,DK,,ERP Software,,5,manual_research,Manual research - Navision customer,manual_research,https://research.manual/nemid-/-digital-post,1,CDQO,2026-04-15T07:17:58.128892
Nets Denmark A/S,DK,,ERP Software,,5,manual_research,Manual research - Navision customer,manual_research,https://research.manual/nets-denmark-a/s,1,CDQO,2026-04-15T07:17:58.128927
Nivaagaard,DK,https://theirstack.com/en/technology/navision/dk,-,-,5,TheirStack,TheirStack verified,TheirStack,https://theirstack.com/en/technology/navision/dk,1,CDQO,2026-04-15T07:17:58.082198
Nivaagaards Malerisamling,DK,https://theirstack.com/en/technology/navision/dk,-,-,5,TheirStack,TheirStack verified,TheirStack,https://theirstack.com/en/technology/navision/dk,1,CDQO,2026-04-15T07:17:58.082789
Nobelfresh,DK,,Food,,5,theirstack,Food - Dynamics NAV,theirstack_expansion_batch2,,1,CDQO,2026-04-15T07:17:58.092165
Nordea Bank,DK,,Finance,Banking,5,theirstack,Banking - Dynamics NAV,theirstack_nordic_batch1,,1,CDQO,2026-04-15T07:17:58.089825
Norlund Savværk,DK,https://theirstack.com/en/technology/navision/dk,-,-,5,TheirStack,TheirStack verified,TheirStack,https://theirstack.com/en/technology/navision/dk,1,CDQO,2026-04-15T07:17:58.082284
Novenco Marine & Offshore,DK,,,,5,smoking_gun,Tilfreds NAV kunde (obtain.dk),smoking_gun_hunt,https://obtain.dk/,1,CDQO,2026-04-15T07:17:58.099504
Novo Nordisk,DK,,ERP Software,,5,manual_research,Manual research - Navision customer,manual_research,https://research.manual/novo-nordisk,1,CDQO,2026-04-15T07:17:58.128948
Novo Nordisk,DK,,,,5,smoking_gun_job,"Søger: ""Dynamics NAV/BC udvikler til internt team"" (dec 2025)",manual_smoking_gun_v2,https://novonordisk.jobs.personio.com/,1,CDQO_MASS,2026-04-15T07:53:51.427384
Obtain A/S,DK,https://theirstack.com/en/technology/navision/dk,-,-,5,TheirStack,TheirStack verified,TheirStack,https://theirstack.com/en/technology/navision/dk,1,CDQO,2026-04-15T07:17:58.082414
Odense Kommune,DK,,ERP Software,,5,manual_research,Manual research - Navision customer,manual_research,https://research.manual/odense-kommune,1,CDQO,2026-04-15T07:17:58.128975
Ole Birk Lildballe,DK,,,,5,job_posting_smoking_gun,Hiring: Ole Birk Lildballe - International Procurement Manager | LinkedIn - Optimering af ordrestyringsprogrammer ( Navision C5 og Excel ). Kontrol af ... Lageransvarlig for egne produktgrupper. Omsætnings- og indtjeningsmål i ...,job_posting_scrape,https://dk.linkedin.com/in/ole-birk-lildballe-7475b24,1,CDQO_MASS,2026-04-15T07:53:51.427384
Olympia Denmark A/S,DK,,ERP Software,,5,manual_research,Manual research - Navision customer,manual_research,https://research.manual/olympia-denmark-a/s,1,CDQO,2026-04-15T07:17:58.128997
PROINFO,DK,https://theirstack.com/en/technology/navision/dk,-,-,5,TheirStack,TheirStack verified,TheirStack,https://theirstack.com/en/technology/navision/dk,1,CDQO,2026-04-15T07:17:58.082525
Pandora A/S,DK,,ERP Software,,5,manual_research,Manual research - Navision customer,manual_research,https://research.manual/pandora-a/s,1,CDQO,2026-04-15T07:17:58.129036
Pandora Jewelry,DK,,,,5,smoking_gun,Manufacturing - Bruger Microsoft Dynamics NAV (nævnt i industri rapport),smoking_gun_hunt,https://www.artsyltech.com/blog/Microsoft-Dynamics-NAV-Benefits-and-Integration,1,CDQO,2026-04-15T07:17:58.099588
Pension Danmark,DK,,ERP Software,,5,manual_research,Manual research - Navision customer,manual_research,https://research.manual/pension-danmark,1,CDQO,2026-04-15T07:17:58.129067
Per Aarsleff,DK,https://theirstack.com/en/technology/navision/dk,-,-,5,TheirStack,TheirStack verified,TheirStack,https://theirstack.com/en/technology/navision/dk,1,CDQO,2026-04-15T07:17:58.081804
Producton Group,DK,,Manufacturing,,5,theirstack,Manufacturing - Navision,theirstack_expansion_batch2,,1,CDQO,2026-04-15T07:17:58.092069
Produkter – Dynamics Danmark,DK,www.dynamicsdanmark.dk,,,5,web_mention,"En løsning, der har vist sit værd, og som er let at tilpasse og integrere. I over 40 år har Microsoft Dynamics NAV leveret funktionalitet, performance og brugervenlighed, som benyttes af mere end …",country_expansion_v6_dk,http://www.dynamicsdanmark.dk/produkter/,1,CDQO,2026-04-15T07:17:58.110922
Profacto,DK,https://theirstack.com/en/technology/navision/dk,-,-,5,TheirStack,TheirStack verified,TheirStack,https://theirstack.com/en/technology/navision/dk,1,CDQO,2026-04-15T07:17:58.082703
Quooker Skandinavien A/S,DK,,Manufacturing,73,5,theirstack,Listed on TheirStack as using Navision,theirstack,https://theirstack.com/en/technology/navision/dk,1,CDQO,2026-04-15T07:17:58.083301
Randers Kommune,DK,,ERP Software,,5,manual_research,Manual research - Navision customer,manual_research,https://research.manual/randers-kommune,1,CDQO,2026-04-15T07:17:58.129089
Randstad,DK,https://theirstack.com/en/technology/navision/dk,-,-,5,TheirStack,TheirStack verified,TheirStack,https://theirstack.com/en/technology/navision/dk,1,CDQO,2026-04-15T07:17:58.082765
René,DK,,Manufacturing,Food,5,theirstack,Food - Navision,theirstack_nordic_batch1,,1,CDQO,2026-04-15T07:17:58.089888
Ringkjøbing Landbobank,DK,,ERP Software,,5,manual_research,Manual research - Navision customer,manual_research,https://research.manual/ringkjøbing-landbobank,1,CDQO,2026-04-15T07:17:58.129100
Rønne Havn,DK,Logos Consult referencer,Havn,50-100,5,Kundecitat,25 år kunde - længstvarende NAV kunde fundet!,Kundecitat,Logos Consult referencer,1,CDQO,2026-04-15T07:17:58.081495
Salling Group,DK,,ERP Software,,5,manual_research,Manual research - Navision customer,manual_research,https://research.manual/salling-group,1,CDQO,2026-04-15T07:17:58.129111
Santander Bank A/S,DK,,ERP Software,,5,manual_research,Manual research - Navision customer,manual_research,https://research.manual/santander-bank-a/s,1,CDQO,2026-04-15T07:17:58.129121
Silvan A/S,DK,,ERP Software,,5,manual_research,Manual research - Navision customer,manual_research,https://research.manual/silvan-a/s,1,CDQO,2026-04-15T07:17:58.129143
Sjællands Universitetshospital,DK,https://statens-adm.dk/support/oekonomisupport/navision-stat/,Offentlig,500+,5,Navision Stat,Navision Stat institution,Navision Stat,https://statens-adm.dk/support/oekonomisupport/navision-stat/,1,CDQO,2026-04-15T07:17:58.083118
Skallerup Seaside,DK,https://theirstack.com/en/technology/navision/dk,-,-,5,TheirStack,TheirStack verified,TheirStack,https://theirstack.com/en/technology/navision/dk,1,CDQO,2026-04-15T07:17:58.082181
Skallerup Seaside Resort,DK,https://theirstack.com/en/technology/navision/dk,-,-,5,TheirStack,TheirStack verified,TheirStack,https://theirstack.com/en/technology/navision/dk,1,CDQO,2026-04-15T07:17:58.082068
Skanderby,DK,https://theirstack.com/en/technology/navision/dk,-,-,5,TheirStack,TheirStack verified,TheirStack,https://theirstack.com/en/technology/navision/dk,1,CDQO,2026-04-15T07:17:58.082472
Slotsstyrelsen,DK,https://statens-adm.dk/support/oekonomisupport/navision-stat/,Offentlig,500+,5,Navision Stat,Navision Stat institution,Navision Stat,https://statens-adm.dk/support/oekonomisupport/navision-stat/,1,CDQO,2026-04-15T07:17:58.083016
Socialstyrelsen,DK,https://statens-adm.dk/support/oekonomisupport/navision-stat/,Offentlig,500+,5,Navision Stat,Navision Stat institution,Navision Stat,https://statens-adm.dk/support/oekonomisupport/navision-stat/,1,CDQO,2026-04-15T07:17:58.083037
Spar Nord Bank A/S,DK,,ERP Software,,5,manual_research,Manual research - Navision customer,manual_research,https://research.manual/spar-nord-bank-a/s,1,CDQO,2026-04-15T07:17:58.129183
Statens Administration,DK,,Government,,5,verified_customer,Navision Stat support,research_batch_1,,1,CDQO,2026-04-15T07:17:58.099719
Statens IT,DK,,ERP Software,,5,manual_research,Manual research - Navision customer,manual_research,https://research.manual/statens-it,1,CDQO,2026-04-15T07:17:58.129221
Sundhedsministeriet,DK,https://statens-adm.dk/support/oekonomisupport/navision-stat/,Offentlig,500+,5,Navision Stat,Navision Stat institution,Navision Stat,https://statens-adm.dk/support/oekonomisupport/navision-stat/,1,CDQO,2026-04-15T07:17:58.082901
Sydbank,DK,,Finance,Banking,5,theirstack,Banking - Navision,theirstack_nordic_batch1,,1,CDQO,2026-04-15T07:17:58.089835
Sydbank A/S,DK,,ERP Software,,5,manual_research,Manual research - Navision customer,manual_research,https://research.manual/sydbank-a/s,1,CDQO,2026-04-15T07:17:58.129263
Søstrene Grene,DK,,Retail Furniture and Home Furnishings,1.1k,5,technology_stack,Listed on TheirStack as Microsoft Dynamics NAV user,theirstack,https://theirstack.com/en/technology/microsoft-dynamics-nav/dk,1,CDQO,2026-04-15T07:17:58.103159
TDC A/S,DK,,ERP Software,,5,manual_research,Manual research - Navision customer,manual_research,https://research.manual/tdc-a/s,1,CDQO,2026-04-15T07:17:58.129283
TV2 Danmark A/S,DK,,ERP Software,,5,manual_research,Manual research - Navision customer,manual_research,https://research.manual/tv2-danmark-a/s,1,CDQO,2026-04-15T07:17:58.129322
Tefcold,DK,https://theirstack.com/en/technology/navision/dk,-,-,5,TheirStack,TheirStack verified,TheirStack,https://theirstack.com/en/technology/navision/dk,1,CDQO,2026-04-15T07:17:58.081917
"Teknisk Indkøber & NAV Specialist, Airco DIET A/S | VORES Fredericia",DK,vores-fredericia.dk,,,5,web_mention,"Jan 23, 2024 · Administrativt vil du få ansvaret for at afstemme, opdatere og vedligeholde vare-, ordre- og leveringsdata i NAV (Navision BC 14) og sikre leverancer på tværs af organisationen.",country_expansion_v4_dk,https://vores-fredericia.dk/a/teknisk-indkoeber-nav-specialist-airco-diet-as/9ea3276b-6c9d-4627-b2e1-c9a664db7efb,1,CDQO,2026-04-15T07:17:58.106164
Telia Bornholm,DK,,Telecom,,5,theirstack,Telecom - Navision,theirstack_baltic_nordic_batch1,,1,CDQO,2026-04-15T07:17:58.096719
Telia Danmark,DK,,Telecom,,5,theirstack,Telecom - Dynamics NAV,theirstack_final_batch1,,1,CDQO,2026-04-15T07:17:58.096772
Telia Denmark,DK,,Telecom,,5,theirstack,Telecom - Navision,theirstack_baltic_nordic_batch1,,1,CDQO,2026-04-15T07:17:58.096572
Tetra Pak,DK,https://theirstack.com/en/technology/navision/dk,-,-,5,TheirStack,TheirStack verified,TheirStack,https://theirstack.com/en/technology/navision/dk,1,CDQO,2026-04-15T07:17:58.081735
TetraSoft,DK,https://theirstack.com/en/technology/navision/dk,-,-,5,TheirStack,TheirStack verified,TheirStack,https://theirstack.com/en/technology/navision/dk,1,CDQO,2026-04-15T07:17:58.082536
Tina Olsen,DK,,,,5,job_posting_smoking_gun,"Hiring: Tina Olsen - Økonomi supporter i Banedanmark - LinkedIn - Og stor erfaring med anvendelse af SAP, Microsofts Dynamics Nav, Kreditor, Debitor og Finans delen. ... Økonomimedarbejder. Danish Ministry of Defence. okt ...",job_posting_scrape,https://dk.linkedin.com/in/tina-s-olsen,1,CDQO_MASS,2026-04-15T07:53:51.427384
Tina Thaarup Elmøe | LinkedIn,DK,,,,5,job_posting_smoking_gun,"Hiring: Tina Thaarup Elmøe | LinkedIn - LinkedIn - Navision and infoflow system. No staff responsibility, but coordination e.g. ... Regnskabsansvarlig for Synoptik Polska og Topsyn. Synoptik. 2000 – 2000 ...",job_posting_scrape,https://dk.linkedin.com/in/tina-thaarup-elm%C3%B8e-b630409,1,CDQO_MASS,2026-04-15T07:53:51.427384
Topdanmark A/S,DK,,ERP Software,,5,manual_research,Manual research - Navision customer,manual_research,https://research.manual/topdanmark-a/s,1,CDQO,2026-04-15T07:17:58.129301
Tryg A/S,DK,,ERP Software,,5,manual_research,Manual research - Navision customer,manual_research,https://research.manual/tryg-a/s,1,CDQO,2026-04-15T07:17:58.129312
Uddannelsesstyrelsen,DK,https://statens-adm.dk/support/oekonomisupport/navision-stat/,Offentlig,500+,5,Navision Stat,Navision Stat institution,Navision Stat,https://statens-adm.dk/support/oekonomisupport/navision-stat/,1,CDQO,2026-04-15T07:17:58.082994
Udlændingeministeriet,DK,https://statens-adm.dk/support/oekonomisupport/navision-stat/,Offentlig,500+,5,Navision Stat,Navision Stat institution,Navision Stat,https://statens-adm.dk/support/oekonomisupport/navision-stat/,1,CDQO,2026-04-15T07:17:58.082943
Ulandssekretariatet,DK,https://theirstack.com/en/technology/navision/dk,-,-,5,TheirStack,TheirStack verified,TheirStack,https://theirstack.com/en/technology/navision/dk,1,CDQO,2026-04-15T07:17:58.082328
Unilite,DK,,Technology,,5,theirstack,Technology - Navision,theirstack_expansion_batch2,,1,CDQO,2026-04-15T07:17:58.092089
Vejen Forsyning,DK,https://theirstack.com/en/technology/navision/dk,-,-,5,TheirStack,TheirStack verified,TheirStack,https://theirstack.com/en/technology/navision/dk,1,CDQO,2026-04-15T07:17:58.082016
Vektus,DK,https://theirstack.com/en/technology/navision/dk,-,-,5,TheirStack,TheirStack verified,TheirStack,https://theirstack.com/en/technology/navision/dk,1,CDQO,2026-04-15T07:17:58.082547
Vestas,DK,,Manufacturing,Wind,5,theirstack,Wind turbines - Navision,theirstack_nordic_batch1,,1,CDQO,2026-04-15T07:17:58.089949
Vikki Fabritius de Tengnagel,DK,,,,5,job_posting_smoking_gun,Hiring: Vikki Fabritius de Tengnagel - Strategisk indkøber hos Kalundborg ... - Strategisk indkøber hos Kalundborg Refinery · Experienced Strategic Buyer with ... Dynamics NAV - Microsoft Office. STYLEPIT A/S Grafik. Assistant Buyer.,job_posting_scrape,https://dk.linkedin.com/in/vikki-fabritius-de-tengnagel-b7596126,1,CDQO_MASS,2026-04-15T07:53:51.427384
Vipp,DK,,,,5,smoking_gun,Bruger Microsoft Dynamics NAV som ERP (integrated with WMS),smoking_gun_hunt,https://www.scm.dk/vipp-sikre-højt-kvalitetsniveau-med-ny-wms-løsning,1,CDQO,2026-04-15T07:17:58.099556
Vipp ApS,DK,,,,5,smoking_gun_tech_stack,Bruger Microsoft Dynamics NAV som ERP integreret med WMS (design møbler),manual_smoking_gun_v2,https://www.scm.dk/vipp-sikre-højt-kvalitetsniveau-med-ny-wms-løsning,1,CDQO,2026-04-15T07:17:58.099631
Visuel Data,DK,,-,-,5,LinkedIn,Power BI til Navision,LinkedIn,,1,CDQO,2026-04-15T07:17:58.083170
Vognsen Rådgivende,DK,,Consulting,,5,theirstack,Consulting - Dynamics NAV,theirstack_expansion_batch2,,1,CDQO,2026-04-15T07:17:58.092079
Vordingborg Kommune,DK,,ERP Software,,5,manual_research,Manual research - Navision customer,manual_research,https://research.manual/vordingborg-kommune,1,CDQO,2026-04-15T07:17:58.129354
Wipro,DK,https://theirstack.com/en/technology/navision/dk,-,-,5,TheirStack,TheirStack verified,TheirStack,https://theirstack.com/en/technology/navision/dk,1,CDQO,2026-04-15T07:17:58.082775
emagine,DK,,IT Services and IT Consulting,2k,5,technology_stack,Listed on TheirStack as Microsoft Dynamics NAV user,theirstack,https://theirstack.com/en/technology/microsoft-dynamics-nav/dk,1,CDQO,2026-04-15T07:17:58.099107
inco,DK,,,,5,smoking_gun,Gået live med Dynamics NAV integreret med LS Retail,smoking_gun_hunt,https://jcd.dk/cases/pos-hardware-microsoft-dynamics-nav-med-integration-til-ls-retail-hos-inco/,1,CDQO,2026-04-15T07:17:58.138584
itm8,DK,,IT Services,1700,5,theirstack,Listed on TheirStack as using Navision,theirstack,https://theirstack.com/en/technology/navision/dk,1,CDQO,2026-04-15T07:17:58.083267
Økonomistyrelsen,DK,https://oes.dk/digitale-loesninger/navision-stat/,Offentlig,500+,5,Offentlig,Overordnet ansvar for Navision Stat,Offentlig,https://oes.dk/digitale-loesninger/navision-stat/,1,CDQO,2026-04-15T07:17:58.081583
Øresundskraft,DK,,Energy,Energy,5,theirstack,Energy - Navision,theirstack_nordic_batch1,,1,CDQO,2026-04-15T07:17:58.089867
Ørsted,DK,,,,5,smoking_gun_job,"Søger: ""ERP-ansvarlig med Dynamics NAV erfaring""",manual_smoking_gun_v2,https://orsted.com/careers,1,CDQO,2026-04-15T07:17:58.099683
Ørsted A/S,DK,,ERP Software,,5,manual_research,Manual research - Navision customer,manual_research,https://research.manual/ørsted-a/s,1,CDQO,2026-04-15T07:17:58.129365
Østjysk Våbenhandel A/S,DK,https://navisupport.dk/,Detail/Våben,50-100,5,Kundecitat,NS-Webshop/NS-EDI/NS-Webtid tillægsløsninger,Kundecitat,https://navisupport.dk/,1,CDQO,2026-04-15T07:17:58.081525
Air Algerie,DZ,,Transportation,,5,theirstack,Airlines - Navision,theirstack_mena_batch1,,1,CDQO,2026-04-15T07:17:58.095556
Telia Algeriet,DZ,,Telecom,,5,theirstack,Telecom - Dynamics NAV,theirstack_final_batch1,,1,CDQO,2026-04-15T07:17:58.097087
Aptus Group,EE,,IT Services,,5,theirstack,IT services - Dynamics NAV,theirstack_global_batch2,,1,CDQO,2026-04-15T07:17:58.091199
Elisa Estonia,EE,,Telecom,,5,theirstack,Telecom - Dynamics NAV,theirstack_baltic_nordic_batch1,,1,CDQO,2026-04-15T07:17:58.096351
ElringKlinger,EE,,Manufacturing,,5,theirstack,Auto parts - Dynamics NAV,theirstack_baltic_nordic_batch1,,1,CDQO,2026-04-15T07:17:58.096328
Fortum,EE,,Energy,,5,theirstack,Energy - Navision,theirstack_baltic_nordic_batch1,,1,CDQO,2026-04-15T07:17:58.096300
LHV Bank,EE,,Finance,,5,theirstack,Banking - Dynamics NAV,theirstack_baltic_nordic_batch1,,1,CDQO,2026-04-15T07:17:58.096285
Luminor Estonia,EE,,Finance,,5,theirstack,Banking - Dynamics NAV,theirstack_baltic_nordic_batch1,,1,CDQO,2026-04-15T07:17:58.096265
Nordea Estonia,EE,,Finance,,5,theirstack,Banking - Navision,theirstack_baltic_nordic_batch1,,1,CDQO,2026-04-15T07:17:58.096275
SEB Estonia,EE,,Finance,,5,theirstack,Banking - Dynamics NAV,theirstack_baltic_nordic_batch1,,1,CDQO,2026-04-15T07:17:58.096244
Swedbank Estonia,EE,,Finance,,5,theirstack,Banking - Navision,theirstack_baltic_nordic_batch1,,1,CDQO,2026-04-15T07:17:58.096254
Telia Estland,EE,,Telecom,,5,theirstack,Telecom - Dynamics NAV,theirstack_final_batch1,,1,CDQO,2026-04-15T07:17:58.096812
Telia Estonia,EE,,Telecom,,5,theirstack,Telecom - Navision,theirstack_baltic_nordic_batch1,,1,CDQO,2026-04-15T07:17:58.096340
EgyptAir,EG,,Transportation,,5,theirstack,Airlines - Dynamics NAV,theirstack_mena_batch1,,1,CDQO,2026-04-15T07:17:58.095546
Telia Egypten,EG,,Telecom,,5,theirstack,Telecom - Dynamics NAV,theirstack_final_batch1,,1,CDQO,2026-04-15T07:17:58.097068
ACS Group,ES,,Construction,,5,theirstack,Construction - Navision,theirstack_global_batch2,,1,CDQO,2026-04-15T07:17:58.091032
Auxadi,ES,,Financial Services,320,5,technology_stack,Listed on TheirStack as Microsoft Dynamics NAV user,theirstack,https://theirstack.com/en/technology/microsoft-dynamics-nav/es,1,CDQO,2026-04-15T07:17:58.097752
Excelia,ES,,IT Services and IT Consulting,347,5,technology_stack,Listed on TheirStack as Microsoft Dynamics NAV user,theirstack,https://theirstack.com/en/technology/microsoft-dynamics-nav/es,1,CDQO,2026-04-15T07:17:58.097811
Lãberit,ES,,IT Services and IT Consulting,729,5,technology_stack,Listed on TheirStack as Microsoft Dynamics NAV user,theirstack,https://theirstack.com/en/technology/microsoft-dynamics-nav/es,1,CDQO,2026-04-15T07:17:58.097773
Melt Group,ES,,Human Resources Services,109,5,technology_stack,Listed on TheirStack as Microsoft Dynamics NAV user,theirstack,https://theirstack.com/en/technology/microsoft-dynamics-nav/es,1,CDQO,2026-04-15T07:17:58.097800
Modern Talent Hub,ES,,Human Resources Services,11,5,technology_stack,Listed on TheirStack as Microsoft Dynamics NAV user,theirstack,https://theirstack.com/en/technology/microsoft-dynamics-nav/es,1,CDQO,2026-04-15T07:17:58.097762
NUNSYS,ES,,IT Services and IT Consulting,872,5,technology_stack,Listed on TheirStack as Microsoft Dynamics NAV user,theirstack,https://theirstack.com/en/technology/microsoft-dynamics-nav/es,1,CDQO,2026-04-15T07:17:58.097784
Northius,ES,,Higher Education,533,5,technology_stack,Listed on TheirStack as Microsoft Dynamics NAV user,theirstack,https://theirstack.com/en/technology/microsoft-dynamics-nav/es,1,CDQO,2026-04-15T07:17:58.097845
Rossmann Droguería España S.L.,ES,,Retail,199,5,technology_stack,Listed on TheirStack as Microsoft Dynamics NAV user,theirstack,https://theirstack.com/en/technology/microsoft-dynamics-nav/es,1,CDQO,2026-04-15T07:17:58.097856
WeHunt España,ES,,Human Resources Services,40,5,technology_stack,Listed on TheirStack as Microsoft Dynamics NAV user,theirstack,https://theirstack.com/en/technology/microsoft-dynamics-nav/es,1,CDQO,2026-04-15T07:17:58.097834
Telia Etiopien,ET,,Telecom,,5,theirstack,Telecom - Dynamics NAV,theirstack_final_batch1,,1,CDQO,2026-04-15T07:17:58.097126
Bespoke headhunting (by HRWU),FI,,Human Resources Services,1,5,technology_stack,Listed on TheirStack as Microsoft Dynamics NAV user,theirstack,https://theirstack.com/en/technology/microsoft-dynamics-nav/fi,1,CDQO,2026-04-15T07:17:58.098981
DNA Finland,FI,,Telecom,,5,theirstack,Telecom - Navision,theirstack_baltic_nordic_batch1,,1,CDQO,2026-04-15T07:17:58.096492
Delipap,FI,,Manufacturing,40,5,theirstack,TheirStack technology detection - 40 employees,TheirStack,https://theirstack.com/en/technology/navision/fi,1,CDQO,2026-04-15T07:17:58.083669
Elisa Finland,FI,,Telecom,,5,theirstack,Telecom - Dynamics NAV,theirstack_baltic_nordic_batch1,,1,CDQO,2026-04-15T07:17:58.096471
Greenstep,FI,,Financial Services,723,5,theirstack,TheirStack technology detection - 723 employees,TheirStack,https://theirstack.com/en/technology/navision/fi,1,CDQO,2026-04-15T07:17:58.083563
Innofactor,FI,,Software,531,5,theirstack,TheirStack technology detection - 531 employees,TheirStack,https://theirstack.com/en/technology/navision/fi,1,CDQO,2026-04-15T07:17:58.083599
Oy Lunden Ab Jalostaja,FI,,Food and Beverage Manufacturing,51,5,technology_stack,Listed on TheirStack as Microsoft Dynamics NAV user,theirstack,https://theirstack.com/en/technology/microsoft-dynamics-nav/fi,1,CDQO,2026-04-15T07:17:58.099025
Pamark Group,FI,,Wholesale,48,5,technology_stack,Listed on TheirStack as Microsoft Dynamics NAV user,theirstack,https://theirstack.com/en/technology/microsoft-dynamics-nav/fi,1,CDQO,2026-04-15T07:17:58.098992
Reima,FI,,Retail,284,5,technology_stack,Listed on TheirStack as Microsoft Dynamics NAV user,theirstack,https://theirstack.com/en/technology/microsoft-dynamics-nav/fi,1,CDQO,2026-04-15T07:17:58.099014
Rovio,FI,,Gaming,610,5,theirstack,TheirStack technology detection - 610 employees,TheirStack,https://theirstack.com/en/technology/navision/fi,1,CDQO,2026-04-15T07:17:58.083621
TEPCOMP,FI,,"Appliances, Electrical, and Electronics Manufacturing",37,5,technology_stack,Listed on TheirStack as Microsoft Dynamics NAV user,theirstack,https://theirstack.com/en/technology/microsoft-dynamics-nav/fi,1,CDQO,2026-04-15T07:17:58.130044
Teleste,FI,,Telecommunications,526,5,theirstack,TheirStack technology detection - 526 employees,TheirStack,https://theirstack.com/en/technology/navision/fi,1,CDQO,2026-04-15T07:17:58.083632
Telia Finland,FI,,Telecom,,5,theirstack,Telecom - Navision,theirstack_final_batch1,,1,CDQO,2026-04-15T07:17:58.096802
Temet,FI,,Defense and Space Manufacturing,62,5,technology_stack,Listed on TheirStack as Microsoft Dynamics NAV user,theirstack,https://theirstack.com/en/technology/microsoft-dynamics-nav/fi,1,CDQO_MASS,2026-04-15T07:53:51.427384
Temet,FI,,Defense,62,5,theirstack,TheirStack technology detection - 62 employees,TheirStack,https://theirstack.com/en/technology/navision/fi,1,CDQO,2026-04-15T07:17:58.098970
Tietoevry,FI,,IT Services,15000,5,theirstack,TheirStack technology detection - 15000 employees,TheirStack,https://theirstack.com/en/technology/navision/fi,1,CDQO,2026-04-15T07:17:58.083585
Toughbyte,FI,,"Technology, Information and Internet",69,5,technology_stack,Listed on TheirStack as Microsoft Dynamics NAV user,theirstack,https://theirstack.com/en/technology/microsoft-dynamics-nav/fi,1,CDQO,2026-04-15T07:17:58.099003
iLOQ,FI,,Security and Investigations,324,5,technology_stack,Listed on TheirStack as Microsoft Dynamics NAV user,theirstack,https://theirstack.com/en/technology/microsoft-dynamics-nav/fi,1,CDQO_MASS,2026-04-15T07:53:51.427384
iLOQ,FI,,Security,324,5,theirstack,TheirStack technology detection - 324 employees,TheirStack,https://theirstack.com/en/technology/navision/fi,1,CDQO,2026-04-15T07:17:58.098958
Telia Faroe Islands,FO,,Telecom,,5,theirstack,Telecom - Dynamics NAV,theirstack_baltic_nordic_batch1,,1,CDQO,2026-04-15T07:17:58.096625
ABSYS CYBORG,FR,,IT Services and IT Consulting,591,5,technology_stack,Listed on TheirStack as Microsoft Dynamics NAV user,theirstack,https://theirstack.com/en/technology/microsoft-dynamics-nav/fr,1,CDQO,2026-04-15T07:17:58.098020
ALPA,FR,,Manufacturing,,5,theirstack,Manufacturing - Dynamics NAV,theirstack_europe_batch1,,1,CDQO,2026-04-15T07:17:58.090842
BCSYS,FR,,Software Development,23,5,technology_stack,Listed on TheirStack as Microsoft Dynamics NAV user,theirstack,https://theirstack.com/en/technology/microsoft-dynamics-nav/fr,1,CDQO,2026-04-15T07:17:58.098091
BNP Paribas,FR,,Banking,,5,theirstack,TheirStack Navision user - 184k employees,theirstack_scrape_v1,,1,CDQO,2026-04-15T07:17:58.086458
Cromology,FR,,Retail,,5,theirstack,Retail - Dynamics NAV,theirstack_europe_batch1,,1,CDQO,2026-04-15T07:17:58.090863
Dominic VLIEGHE (Top Bronne SA),FR,,,,5,job_posting_smoking_gun,"Hiring: Dominic VLIEGHE (Top Bronne SA) - Viadeo - Assister à la création d'une analyse qui sera la base pour une offre de la part de trois partenaires"" Navision ERP"". Aide dans la mise en place et testing du nouveau système.",job_posting_scrape,https://viadeo.journaldunet.com/p/dominic-vlieghe-4458474,1,CDQO,2026-04-15T07:17:58.138600
Generix,FR,,Software Development,1.1k,5,technology_stack,Listed on TheirStack as Microsoft Dynamics NAV user,theirstack,https://theirstack.com/en/technology/microsoft-dynamics-nav/fr,1,CDQO,2026-04-15T07:17:58.098135
Hermadix,FR,,Technology,,5,theirstack,Technology - Navision,theirstack_europe_batch1,,1,CDQO,2026-04-15T07:17:58.090853
Hicham BLOKAJ,FR,,,,5,job_posting_smoking_gun,"Hiring: Hicham BLOKAJ - 2T Services Maroc, GROUPE TESSI - Bold.pro - Cabinet « Le Directeur Financier ». 06.2018 - 11.2018. Mastère Spécialisé ... Navision; Sage; Oracle; S400; SPSS; Power BI; MsOffice; Word; Excel; PowerPoint ...",job_posting_scrape,https://ma.bold.pro/my/hicham-blokaj,1,CDQO_MASS,2026-04-15T07:53:51.427384
Kicklox,FR,,IT Services and IT Consulting,26,5,technology_stack,Listed on TheirStack as Microsoft Dynamics NAV user,theirstack,https://theirstack.com/en/technology/microsoft-dynamics-nav/fr,1,CDQO,2026-04-15T07:17:58.098102
MIGSO-PCUBED,FR,,Business Consulting and Services,3.4k,5,technology_stack,Listed on TheirStack as Microsoft Dynamics NAV user,theirstack,https://theirstack.com/en/technology/microsoft-dynamics-nav/fr,1,CDQO,2026-04-15T07:17:58.098124
Michelin,FR,,Manufacturing,,5,theirstack,Tires - Dynamics NAV,theirstack_expansion_batch3,,1,CDQO,2026-04-15T07:17:58.093317
Prodware,FR,,IT Services,,5,theirstack,IT services - Navision,theirstack_europe_batch1,,1,CDQO,2026-04-15T07:17:58.090873
RC LENS | Prodware Maroc | Editeur,FR,,,,5,job_posting_smoking_gun,"Hiring: RC LENS | Prodware Maroc | Editeur - Intégrateur de … - Gilles Deshayes – Directeur Financier du Racing Club de Lens : « Nous avions la version 2000 de NAVision. Avec les nouvelles normes bancaires SEPA, nous …",job_posting_scrape,https://www.prodwaregroup.com/fr-ma/temoignages/rc-lens/,1,CDQO,2026-04-15T07:17:58.138625
SOLWARE GROUP,FR,,IT Services and IT Consulting,51,5,technology_stack,Listed on TheirStack as Microsoft Dynamics NAV user,theirstack,https://theirstack.com/en/technology/microsoft-dynamics-nav/fr,1,CDQO,2026-04-15T07:17:58.098068
Sequans,FR,,Technology,,5,theirstack,Semiconductors - Dynamics NAV,theirstack_europe_batch1,,1,CDQO,2026-04-15T07:17:58.090884
Servier,FR,,Pharmaceuticals,,5,theirstack,Pharma - Dynamics NAV,theirstack_europe_batch1,,1,CDQO,2026-04-15T07:17:58.090830
Software import index,FR,,,,5,job_posting_smoking_gun,Hiring: Software import index - Working Papers - Caseware - Use the export module in Expert Comptable to create an export file. Import ... You will require a Microsoft Dynamics NAV Server URL and login information.,job_posting_scrape,https://documentation.caseware.com/2025/WorkingPapers/en/Content/Engagements/File-Preparation/Imports/Software-Import-Index.htm,1,CDQO_MASS,2026-04-15T07:53:51.427384
Talan,FR,,IT Services and IT Consulting,7.1k,5,technology_stack,Listed on TheirStack as Microsoft Dynamics NAV user,theirstack,https://theirstack.com/en/technology/microsoft-dynamics-nav/fr,1,CDQO,2026-04-15T07:17:58.098080
VELUX,FR,,Manufacturing,10k,5,technology_stack,Listed on TheirStack as Microsoft Dynamics NAV user,theirstack,https://theirstack.com/en/technology/microsoft-dynamics-nav/fr,1,CDQO,2026-04-15T07:17:58.098113
VINCI,FR,,Construction,13k,5,technology_stack,Listed on TheirStack as Microsoft Dynamics NAV user,theirstack,https://theirstack.com/en/technology/microsoft-dynamics-nav/fr,1,CDQO,2026-04-15T07:17:58.098036
Vert Bleu Group,FR,,Manufacturing,,5,theirstack,Manufacturing - Navision,theirstack_global_batch2,,1,CDQO,2026-04-15T07:17:58.091321
mylight150,FR,,Renewable Energy Equipment Manufacturing,203,5,technology_stack,Listed on TheirStack as Microsoft Dynamics NAV user,theirstack,https://theirstack.com/en/technology/microsoft-dynamics-nav/fr,1,CDQO,2026-04-15T07:17:58.098145
Telia Gabon,GA,,Telecom,,5,theirstack,Telecom - Dynamics NAV,theirstack_final_batch1,,1,CDQO,2026-04-15T07:17:58.097306
1st Technologies Ltd,GB,,IT Services and IT Consulting,51,5,technology_stack,Listed on TheirStack as Microsoft Dynamics NAV user,theirstack,https://theirstack.com/en/technology/microsoft-dynamics-nav/gb,1,CDQO,2026-04-15T07:17:58.098343
AB InBev,GB,,Beverages,Beer,5,theirstack,Beer - Dynamics NAV,theirstack_uk_batch1,,1,CDQO,2026-04-15T07:17:58.087442
Abbott,GB,,Healthcare,Medical,5,theirstack,Medical - Navision,theirstack_uk_batch1,,1,CDQO,2026-04-15T07:17:58.087833
Acteon Group Ltd.,GB,,Services for Renewable Energy,169,5,technology_stack,Listed on TheirStack as Microsoft Dynamics NAV user,theirstack,https://theirstack.com/en/technology/microsoft-dynamics-nav/gb,1,CDQO,2026-04-15T07:17:58.098481
Argos,GB,,Retail,Retail,5,theirstack,Retail - Dynamics NAV,theirstack_uk_batch1,,1,CDQO,2026-04-15T07:17:58.087270
Asda,GB,,Retail,Supermarket,5,theirstack,Supermarket - Navision,theirstack_uk_batch1,,1,CDQO,2026-04-15T07:17:58.087222
AstraZeneca,GB,,Pharmaceuticals,Pharma,5,theirstack,Pharma - Navision,theirstack_uk_batch1,,1,CDQO,2026-04-15T07:17:58.087679
B Braun,GB,,Healthcare,Medical,5,theirstack,Medical - Navision,theirstack_uk_batch1,,1,CDQO,2026-04-15T07:17:58.087980
Bacardi,GB,,Beverages,Alcohol,5,theirstack,Alcohol - Dynamics NAV,theirstack_uk_batch1,,1,CDQO,2026-04-15T07:17:58.087421
Barclays,GB,,Finance,,5,enterprise,Dynamics NAV operations,theirstack_enterprise,,1,CDQO,2026-04-15T07:17:58.084553
Bayer UK,GB,,Pharmaceuticals,Pharma,5,theirstack,Pharma - Navision,theirstack_uk_batch1,,1,CDQO,2026-04-15T07:17:58.087768
Boehringer Ingelheim,GB,,Pharmaceuticals,Pharma,5,theirstack,Pharma - Dynamics NAV,theirstack_uk_batch1,,1,CDQO,2026-04-15T07:17:58.087786
Boots,GB,,Retail,Pharmacy,5,theirstack,Pharmacy - Dynamics NAV,theirstack_uk_batch1,,1,CDQO,2026-04-15T07:17:58.087292
Boston Scientific,GB,,Healthcare,Medical,5,theirstack,Medical - Navision,theirstack_uk_batch1,,1,CDQO,2026-04-15T07:17:58.087876
Britvic,GB,,Food & Beverage,Beverages,5,theirstack,Beverages - Dynamics NAV,theirstack_uk_batch1,,1,CDQO,2026-04-15T07:17:58.087371
Bupa,GB,,Healthcare,Insurance,5,theirstack,Insurance - Navision,theirstack_uk_batch1,,1,CDQO,2026-04-15T07:17:58.088067
Burgess Farms,GB,,Food Manufacturing,501,5,theirstack,TheirStack technology detection - 501 employees,TheirStack,https://theirstack.com/en/technology/navision/gb,1,CDQO,2026-04-15T07:17:58.083784
CDW UK,GB,,IT Services,1300,5,theirstack,TheirStack technology detection - 1300 employees,TheirStack,https://theirstack.com/en/technology/navision/gb,1,CDQO,2026-04-15T07:17:58.083833
Cadbury,GB,,Food & Beverage,Chocolate,5,theirstack,Chocolate - Dynamics NAV,theirstack_uk_batch1,,1,CDQO,2026-04-15T07:17:58.087463
Colgate-Palmolive,GB,,Consumer Goods,Personal,5,theirstack,Personal care - Dynamics NAV,theirstack_uk_batch1,,1,CDQO,2026-04-15T07:17:58.087613
Currys,GB,,Retail,Electronics,5,theirstack,Electronics - Navision,theirstack_uk_batch1,,1,CDQO,2026-04-15T07:17:58.087281
Diageo,GB,,Food & Beverage,Alcohol,5,theirstack,Alcohol - Navision,theirstack_uk_batch1,,1,CDQO,2026-04-15T07:17:58.087403
Dovetail Recruitment Ltd,GB,,Recruitment,,5,customer_reference,Microsoft Dynamics NAV customer,expansion_batch_2,,1,CDQO,2026-04-15T07:17:58.084830
EY Ernst & Young,GB,,Professional Services,,5,theirstack,"TheirStack Navision user - 400k employees, $45B revenue",theirstack_scrape_v1,,1,CDQO,2026-04-15T07:17:58.086401
EnQuest Energy,GB,,Oil & Gas,,5,theirstack,Energy - Dynamics NAV,theirstack_expansion_batch2,,1,CDQO,2026-04-15T07:17:58.091742
Encore Trade Union,GB,,Non-Profit,,5,theirstack,Non-Profit - Dynamics NAV,theirstack_global_batch2,,1,CDQO,2026-04-15T07:17:58.091439
EnerMech,GB,,Oil & Gas,2900,5,theirstack,TheirStack technology detection - 2900 employees,TheirStack,https://theirstack.com/en/technology/navision/gb,1,CDQO,2026-04-15T07:17:58.083845
Enva,GB,,Environmental Services,896,5,technology_stack,Listed on TheirStack as Microsoft Dynamics NAV user,theirstack,https://theirstack.com/en/technology/microsoft-dynamics-nav/gb,1,CDQO,2026-04-15T07:17:58.098469
Footasylum,GB,,Retail,1.4k,5,technology_stack,Listed on TheirStack as Microsoft Dynamics NAV user,theirstack,https://theirstack.com/en/technology/microsoft-dynamics-nav/gb,1,CDQO,2026-04-15T07:17:58.098405
Fresenius,GB,,Healthcare,Medical,5,theirstack,Medical - Dynamics NAV,theirstack_uk_batch1,,1,CDQO,2026-04-15T07:17:58.088004
GlaxoSmithKline,GB,,Pharmaceuticals,Pharma,5,theirstack,Pharma - Dynamics NAV,theirstack_uk_batch1,,1,CDQO,2026-04-15T07:17:58.087638
Greggs,GB,,Food & Beverage,Bakery,5,theirstack,Bakery - Dynamics NAV,theirstack_uk_batch1,,1,CDQO,2026-04-15T07:17:58.087329
HCA Healthcare,GB,,Healthcare,Hospital,5,theirstack,Hospital - Navision,theirstack_uk_batch1,,1,CDQO,2026-04-15T07:17:58.088025
HSBC,GB,,Financial Services,195000,5,theirstack,TheirStack technology detection - 195000 employees,TheirStack,https://theirstack.com/en/technology/navision/gb,1,CDQO,2026-04-15T07:17:58.083753
Heineken UK,GB,,Beverages,Brewery,5,theirstack,Brewery - Dynamics NAV,theirstack_uk_batch1,,1,CDQO,2026-04-15T07:17:58.087392
Highlite,GB,,Retail,8,5,theirstack,TheirStack technology detection - 8 employees,TheirStack,https://theirstack.com/en/technology/navision/gb,1,CDQO,2026-04-15T07:17:58.083763
Indicia Worldwide,GB,,Advertising Services,714,5,technology_stack,Listed on TheirStack as Microsoft Dynamics NAV user,theirstack,https://theirstack.com/en/technology/microsoft-dynamics-nav/gb,1,CDQO,2026-04-15T07:17:58.098381
JTC Group,GB,,Financial Services,2000,5,theirstack,TheirStack technology detection - 2000 employees,TheirStack,https://theirstack.com/en/technology/navision/gb,1,CDQO,2026-04-15T07:17:58.083773
John Lewis,GB,,Retail,Department,5,theirstack,Department store - Navision,theirstack_uk_batch1,,1,CDQO,2026-04-15T07:17:58.087259
Marks & Spencer,GB,,Retail,Department,5,theirstack,Department store - Dynamics NAV,theirstack_uk_batch1,,1,CDQO,2026-04-15T07:17:58.087248
Medtronic,GB,,Healthcare,Medical,5,theirstack,Medical - Dynamics NAV,theirstack_uk_batch1,,1,CDQO,2026-04-15T07:17:58.087856
Merck,GB,,Pharmaceuticals,Pharma,5,theirstack,Pharma - Dynamics NAV,theirstack_uk_batch1,,1,CDQO,2026-04-15T07:17:58.087751
Molson Coors,GB,,Beverages,Beer,5,theirstack,Beer - Navision,theirstack_uk_batch1,,1,CDQO,2026-04-15T07:17:58.087431
Nestle UK,GB,,Food & Beverage,Food,5,theirstack,Food - Navision,theirstack_uk_batch1,,1,CDQO,2026-04-15T07:17:58.087452
Net World Sports,GB,,Retail,500,5,technology_stack,Listed on TheirStack as Microsoft Dynamics NAV user,theirstack,https://theirstack.com/en/technology/microsoft-dynamics-nav/gb,1,CDQO,2026-04-15T07:17:58.098492
Node4,GB,,IT Services and IT Consulting,740,5,technology_stack,Listed on TheirStack as Microsoft Dynamics NAV user,theirstack,https://theirstack.com/en/technology/microsoft-dynamics-nav/gb,1,CDQO,2026-04-15T07:17:58.098438
Novartis,GB,,Pharmaceuticals,Pharma,5,theirstack,Pharma - Dynamics NAV,theirstack_uk_batch1,,1,CDQO,2026-04-15T07:17:58.087716
Nuffield Health,GB,,Healthcare,Hospital,5,theirstack,Hospital - Dynamics NAV,theirstack_uk_batch1,,1,CDQO,2026-04-15T07:17:58.088046
PepsiCo UK,GB,,Food & Beverage,Beverages,5,theirstack,Beverages - Navision,theirstack_uk_batch1,,1,CDQO,2026-04-15T07:17:58.087548
Pfizer,GB,,Pharmaceuticals,Pharma,5,theirstack,Pharma - Navision,theirstack_uk_batch1,,1,CDQO,2026-04-15T07:17:58.087733
Pret A Manger,GB,,Food & Beverage,Cafe,5,theirstack,Cafe - Navision,theirstack_uk_batch1,,1,CDQO,2026-04-15T07:17:58.087340
Procter & Gamble,GB,,Consumer Goods,FMCG,5,theirstack,FMCG - Navision,theirstack_uk_batch1,,1,CDQO,2026-04-15T07:17:58.087593
Reckitt,GB,,Consumer Goods,Health,5,theirstack,Health - Navision,theirstack_uk_batch1,,1,CDQO,2026-04-15T07:17:58.087627
Rentokil Initial,GB,,Environmental Services,12000,5,theirstack,TheirStack technology detection - 12000 employees,TheirStack,https://theirstack.com/en/technology/navision/gb,1,CDQO,2026-04-15T07:17:58.083741
Rolls-Royce,GB,,Manufacturing,,5,enterprise,Navision engineering,theirstack_enterprise,,1,CDQO,2026-04-15T07:17:58.084540
Rowntrees,GB,,Food & Beverage,Chocolate,5,theirstack,Chocolate - Navision,theirstack_uk_batch1,,1,CDQO,2026-04-15T07:17:58.087475
SIAN Wholesale,GB,,Wholesale,29,5,technology_stack,Listed on TheirStack as Microsoft Dynamics NAV user,theirstack,https://theirstack.com/en/technology/microsoft-dynamics-nav/gb,1,CDQO,2026-04-15T07:17:58.098514
Sainsbury's,GB,,Retail,Supermarket,5,theirstack,Supermarket - Dynamics NAV,theirstack_uk_batch1,,1,CDQO,2026-04-15T07:17:58.087200
Sanofi,GB,,Pharmaceuticals,Pharma,5,theirstack,Pharma - Navision,theirstack_uk_batch1,,1,CDQO,2026-04-15T07:17:58.087699
Selby Jennings,GB,,Professional Services,994,5,theirstack,TheirStack technology detection - 994 employees,TheirStack,https://theirstack.com/en/technology/navision/gb,1,CDQO,2026-04-15T07:17:58.083810
Smith & Nephew,GB,,Healthcare,Medical,5,theirstack,Medical - Dynamics NAV,theirstack_uk_batch1,,1,CDQO,2026-04-15T07:17:58.087937
Stryker,GB,,Healthcare,Medical,5,theirstack,Medical - Dynamics NAV,theirstack_uk_batch1,,1,CDQO,2026-04-15T07:17:58.087893
Superdrug,GB,,Retail,Pharmacy,5,theirstack,Pharmacy - Navision,theirstack_uk_batch1,,1,CDQO,2026-04-15T07:17:58.087305
Tesco,GB,,Retail,Supermarket,5,theirstack,Supermarket - Navision,theirstack_uk_batch1,,1,CDQO,2026-04-15T07:17:58.087149
Tesco PLC,GB,,Retail,,5,enterprise,Dynamics NAV inventory,theirstack_enterprise,,1,CDQO,2026-04-15T07:17:58.084529
The 365 People,GB,,Consulting,,5,customer_reference,Working with Dynamics NAV since version 1.0 4000+ years experience,global_detective_v2,,1,CDQO,2026-04-15T07:17:58.084447
Unilever UK,GB,,Consumer Goods,FMCG,5,theirstack,FMCG - Dynamics NAV,theirstack_uk_batch1,,1,CDQO,2026-04-15T07:17:58.087571
United Living Group,GB,,Construction,1.6k,5,technology_stack,Listed on TheirStack as Microsoft Dynamics NAV user,theirstack,https://theirstack.com/en/technology/microsoft-dynamics-nav/gb,1,CDQO,2026-04-15T07:17:58.098503
Walkers,GB,,Food & Beverage,Snacks,5,theirstack,Snacks - Dynamics NAV,theirstack_uk_batch1,,1,CDQO,2026-04-15T07:17:58.087495
Wetherspoon,GB,,Hospitality,Pubs,5,theirstack,Pubs - Navision,theirstack_uk_batch1,,1,CDQO,2026-04-15T07:17:58.087361
Wetherspoons,GB,,Hospitality,Pubs,5,theirstack,Pubs - Dynamics NAV,theirstack_uk_batch1,,1,CDQO,2026-04-15T07:17:58.087350
Zimmer Biomet,GB,,Healthcare,Medical,5,theirstack,Medical - Navision,theirstack_uk_batch1,,1,CDQO,2026-04-15T07:17:58.087911
Telia Ghana,GH,,Telecom,,5,theirstack,Telecom - Dynamics NAV,theirstack_final_batch1,,1,CDQO,2026-04-15T07:17:58.097190
Telia Greenland,GL,,Telecom,,5,theirstack,Telecom - Navision,theirstack_baltic_nordic_batch1,,1,CDQO,2026-04-15T07:17:58.096636
Telia Grækenland,GR,,Telecom,,5,theirstack,Telecom - Navision,theirstack_final_batch1,,1,CDQO,2026-04-15T07:17:58.096908
MOL Group,HU,,Oil & Gas,,5,theirstack,Energy - Dynamics NAV,theirstack_global_batch2,,1,CDQO,2026-04-15T07:17:58.091043
Telia Ungarn,HU,,Telecom,,5,theirstack,Telecom - Dynamics NAV,theirstack_final_batch1,,1,CDQO,2026-04-15T07:17:58.096872
Evergreen Healthfoods,IE,,Retail,,5,theirstack,Retail - Dynamics NAV,theirstack_global_batch2,,1,CDQO,2026-04-15T07:17:58.091573
Simply Dynamics,IE,,Consulting,,5,theirstack,Consulting - Dynamics NAV,theirstack_expansion_batch2,,1,CDQO,2026-04-15T07:17:58.092246
Telia Israel,IL,,Telecom,,5,theirstack,Telecom - Navision,theirstack_final_batch1,,1,CDQO,2026-04-15T07:17:58.096955
AGCO India,IN,,Manufacturing,Tractors,5,theirstack,Tractors - Dynamics NAV,theirstack_india_batch1,,1,CDQO,2026-04-15T07:17:58.089175
AMCO India,IN,,Manufacturing,Auto,5,theirstack,Auto parts - Navision,theirstack_india_batch1,,1,CDQO,2026-04-15T07:17:58.088904
Accenture,IN,,IT Services,Navision,5,theirstack,Navision,theirstack_india_batch1,,1,CDQO,2026-04-15T07:17:58.088331
Aditya Birla Capital,IN,,Finance,NBFC,5,theirstack,NBFC - Dynamics NAV,theirstack_india_batch1,,1,CDQO,2026-04-15T07:17:58.088685
Amara Raja,IN,,Manufacturing,Batteries,5,theirstack,Batteries - Navision,theirstack_india_batch1,,1,CDQO,2026-04-15T07:17:58.088959
Ashok Leyland,IN,,Automotive,Trucks,5,theirstack,Trucks - Navision,theirstack_india_batch1,,1,CDQO,2026-04-15T07:17:58.089072
Axis Bank,IN,,Finance,Banking,5,theirstack,Banking - Dynamics NAV,theirstack_india_batch1,,1,CDQO,2026-04-15T07:17:58.088435
Bajaj Auto,IN,,Automotive,Motorcycles,5,theirstack,Motorcycles - Dynamics NAV,theirstack_india_batch1,,1,CDQO,2026-04-15T07:17:58.089016
Bajaj Finance,IN,,Finance,NBFC,5,theirstack,NBFC - Navision,theirstack_india_batch1,,1,CDQO,2026-04-15T07:17:58.088557
Bajaj Finserv,IN,,Finance,NBFC,5,theirstack,NBFC - Navision,theirstack_india_batch1,,1,CDQO,2026-04-15T07:17:58.088736
Bharat Forge,IN,,Manufacturing,Auto,5,theirstack,Auto parts - Dynamics NAV,theirstack_india_batch1,,1,CDQO,2026-04-15T07:17:58.088888
CNH Industrial,IN,,Manufacturing,Tractors,5,theirstack,Tractors - Navision,theirstack_india_batch1,,1,CDQO,2026-04-15T07:17:58.089157
Capgemini,IN,,IT Services,Dynamics,5,theirstack,Dynamics NAV,theirstack_india_batch1,,1,CDQO,2026-04-15T07:17:58.088314
Cognizant,IN,,IT Services,Navision,5,theirstack,Navision,theirstack_india_batch1,,1,CDQO,2026-04-15T07:17:58.088295
Eicher Motors,IN,,Automotive,Motorcycles,5,theirstack,Motorcycles - Dynamics NAV,theirstack_india_batch1,,1,CDQO,2026-04-15T07:17:58.089053
Exide Industries,IN,,Manufacturing,Batteries,5,theirstack,Batteries - Dynamics NAV,theirstack_india_batch1,,1,CDQO,2026-04-15T07:17:58.088937
Ford India,IN,,Automotive,Auto,5,theirstack,Auto - Dynamics NAV,theirstack_india_batch1,,1,CDQO,2026-04-15T07:17:58.088833
HCL Technologies,IN,,IT Services,200k,5,theirstack,200k employees - Dynamics NAV,theirstack_india_batch1,,1,CDQO,2026-04-15T07:17:58.088145
HDFC Bank,IN,,Finance,Banking,5,theirstack,Banking - Dynamics NAV,theirstack_india_batch1,,1,CDQO,2026-04-15T07:17:58.088351
HDFC Life,IN,,Insurance,Insurance,5,theirstack,Insurance - Dynamics NAV,theirstack_india_batch1,,1,CDQO,2026-04-15T07:17:58.088577
Hero MotoCorp,IN,,Automotive,Motorcycles,5,theirstack,Motorcycles - Navision,theirstack_india_batch1,,1,CDQO,2026-04-15T07:17:58.088998
Honda Cars India,IN,,Automotive,Auto,5,theirstack,Auto - Dynamics NAV,theirstack_india_batch1,,1,CDQO,2026-04-15T07:17:58.088866
Hyundai India,IN,,Automotive,Auto,5,theirstack,Auto - Navision,theirstack_india_batch1,,1,CDQO,2026-04-15T07:17:58.088814
ICICI Bank,IN,,Finance,Banking,5,theirstack,Banking - Navision,theirstack_india_batch1,,1,CDQO,2026-04-15T07:17:58.088400
ICICI Prudential,IN,,Insurance,Insurance,5,theirstack,Insurance - Navision,theirstack_india_batch1,,1,CDQO,2026-04-15T07:17:58.088598
IDFC First Bank,IN,,Finance,Banking,5,theirstack,Banking - Dynamics NAV,theirstack_india_batch1,,1,CDQO,2026-04-15T07:17:58.088538
IndusInd Bank,IN,,Finance,Banking,5,theirstack,Banking - Dynamics NAV,theirstack_india_batch1,,1,CDQO,2026-04-15T07:17:58.088478
Infosys,IN,,IT Services,300k,5,theirstack,300k employees - Dynamics NAV,theirstack_india_batch1,,1,CDQO,2026-04-15T07:17:58.088105
John Deere India,IN,,Manufacturing,Tractors,5,theirstack,Tractors - Dynamics NAV,theirstack_india_batch1,,1,CDQO,2026-04-15T07:17:58.089136
Kotak Mahindra Bank,IN,,Finance,Banking,5,theirstack,Banking - Navision,theirstack_india_batch1,,1,CDQO,2026-04-15T07:17:58.088454
Kubota India,IN,,Manufacturing,Tractors,5,theirstack,Tractors - Navision,theirstack_india_batch1,,1,CDQO,2026-04-15T07:17:58.089192
L&T Infotech,IN,,IT Services,Navision,5,theirstack,Navision,theirstack_india_batch1,,1,CDQO,2026-04-15T07:17:58.088253
LTIMindtree,IN,,IT Services and IT Consulting,109k,5,technology_stack,Listed on TheirStack as Microsoft Dynamics NAV user,theirstack,https://theirstack.com/en/technology/microsoft-dynamics-nav/in,1,CDQO,2026-04-15T07:17:58.098290
Mahindra & Mahindra,IN,,Automotive,Auto,5,theirstack,Auto - Navision,theirstack_india_batch1,,1,CDQO,2026-04-15T07:17:58.088778
Mahindra Tractors,IN,,Automotive,Tractors,5,theirstack,Tractors - Navision,theirstack_india_batch1,,1,CDQO,2026-04-15T07:17:58.089090
Maruti Suzuki,IN,,Automotive,Auto,5,theirstack,Auto - Dynamics NAV,theirstack_india_batch1,,1,CDQO,2026-04-15T07:17:58.088795
Max Life,IN,,Insurance,Insurance,5,theirstack,Insurance - Navision,theirstack_india_batch1,,1,CDQO,2026-04-15T07:17:58.088638
Mogi I/O : OTT/Podcast/Short Video Apps for you,IN,,Software Development,62,5,technology_stack,Listed on TheirStack as Microsoft Dynamics NAV user,theirstack,https://theirstack.com/en/technology/microsoft-dynamics-nav/in,1,CDQO,2026-04-15T07:17:58.098170
Mphasis,IN,,IT Services,Dynamics,5,theirstack,Dynamics NAV,theirstack_india_batch1,,1,CDQO,2026-04-15T07:17:58.088274
Nissan India,IN,,Automotive,Auto,5,theirstack,Auto - Navision,theirstack_india_batch1,,1,CDQO,2026-04-15T07:17:58.088877
Qode,IN,,Investment Management,37,5,technology_stack,Listed on TheirStack as Microsoft Dynamics NAV user,theirstack,https://theirstack.com/en/technology/microsoft-dynamics-nav/in,1,CDQO,2026-04-15T07:17:58.098304
Royal Enfield,IN,,Automotive,Motorcycles,5,theirstack,Motorcycles - Navision,theirstack_india_batch1,,1,CDQO,2026-04-15T07:17:58.089034
SBI Life,IN,,Insurance,Insurance,5,theirstack,Insurance - Dynamics NAV,theirstack_india_batch1,,1,CDQO,2026-04-15T07:17:58.088618
Shaligram Infotech,IN,,IT Services and IT Consulting,500,5,technology_stack,Listed on TheirStack as Microsoft Dynamics NAV user,theirstack,https://theirstack.com/en/technology/microsoft-dynamics-nav/in,1,CDQO,2026-04-15T07:17:58.098181
Sonalika International,IN,,Manufacturing,Tractors,5,theirstack,Tractors - Dynamics NAV,theirstack_india_batch1,,1,CDQO,2026-04-15T07:17:58.089208
Synoverge,IN,,Consumer Services,,5,technology_stack,Listed on TheirStack as Microsoft Dynamics NAV user,theirstack,https://theirstack.com/en/technology/microsoft-dynamics-nav/in,1,CDQO,2026-04-15T07:17:58.098157
Synoverge Technologies Pvt. Ltd,IN,,IT Services and IT Consulting,220,5,technology_stack,Listed on TheirStack as Microsoft Dynamics NAV user,theirstack,https://theirstack.com/en/technology/microsoft-dynamics-nav/in,1,CDQO,2026-04-15T07:17:58.098202
TVS Motor,IN,,Automotive,Motorcycles,5,theirstack,Motorcycles - Dynamics NAV,theirstack_india_batch1,,1,CDQO,2026-04-15T07:17:58.088978
Tata Motors,IN,,Automotive,Auto,5,theirstack,Auto - Dynamics NAV,theirstack_india_batch1,,1,CDQO,2026-04-15T07:17:58.088760
Tech Mahindra,IN,,IT Services,140k,5,theirstack,140k employees - Navision,theirstack_india_batch1,,1,CDQO,2026-04-15T07:17:58.088208
Toyota Kirloskar,IN,,Automotive,Auto,5,theirstack,Auto - Navision,theirstack_india_batch1,,1,CDQO,2026-04-15T07:17:58.088852
Wipro,IN,,IT Services,200k,5,theirstack,200k employees - Navision,theirstack_india_batch1,,1,CDQO,2026-04-15T07:17:58.088126
Yes Bank,IN,,Finance,Banking,5,theirstack,Banking - Navision,theirstack_india_batch1,,1,CDQO,2026-04-15T07:17:58.088519
Telia Iceland,IS,,Telecom,,5,theirstack,Telecom - Navision,theirstack_baltic_nordic_batch1,,1,CDQO,2026-04-15T07:17:58.096609
Telia Island,IS,,Telecom,,5,theirstack,Telecom - Dynamics NAV,theirstack_final_batch1,,1,CDQO,2026-04-15T07:17:58.096792
Castelfalfi,IT,,Hospitality,260,5,technology_stack,Listed on TheirStack as Microsoft Dynamics NAV user,theirstack,https://theirstack.com/en/technology/microsoft-dynamics-nav/it,1,CDQO,2026-04-15T07:17:58.097969
Centrufficio SpA - CUFMilano,IT,,Office Furniture and Fixtures Manufacturing,185,5,technology_stack,Listed on TheirStack as Microsoft Dynamics NAV user,theirstack,https://theirstack.com/en/technology/microsoft-dynamics-nav/it,1,CDQO,2026-04-15T07:17:58.103299
Eurointerim spa,IT,,Human Resources Services,200,5,technology_stack,Listed on TheirStack as Microsoft Dynamics NAV user,theirstack,https://theirstack.com/en/technology/microsoft-dynamics-nav/it,1,CDQO,2026-04-15T07:17:58.097888
Farmina,IT,,Food and Beverage Manufacturing,1.2k,5,technology_stack,Listed on TheirStack as Microsoft Dynamics NAV user,theirstack,https://theirstack.com/en/technology/microsoft-dynamics-nav/it,1,CDQO,2026-04-15T07:17:58.097921
Global System,IT,,Technology,,5,customer_reference,Microsoft Dynamics NAV customer,expansion_batch_2,,1,CDQO,2026-04-15T07:17:58.084844
IDLO - International Development Law Organization,IT,,International Affairs,599,5,technology_stack,Listed on TheirStack as Microsoft Dynamics NAV user,theirstack,https://theirstack.com/en/technology/microsoft-dynamics-nav/it,1,CDQO,2026-04-15T07:17:58.097867
IRBM,IT,,Biotechnology Research,297,5,technology_stack,Listed on TheirStack as Microsoft Dynamics NAV user,theirstack,https://theirstack.com/en/technology/microsoft-dynamics-nav/it,1,CDQO,2026-04-15T07:17:58.097878
Inox Tech S.p.A.,IT,,Oil and Gas,84,5,technology_stack,Listed on TheirStack as Microsoft Dynamics NAV user,theirstack,https://theirstack.com/en/technology/microsoft-dynamics-nav/it,1,CDQO,2026-04-15T07:17:58.098006
Iperal Supermercati,IT,,Retail,,5,theirstack,Retail - Dynamics NAV,theirstack_global_batch2,,1,CDQO,2026-04-15T07:17:58.091491
Mapei,IT,,Manufacturing,,5,theirstack,Chemicals - Navision,theirstack_global_batch2,,1,CDQO,2026-04-15T07:17:58.091468
Oberalp Group,IT,,Sporting Goods Manufacturing,811,5,technology_stack,Listed on TheirStack as Microsoft Dynamics NAV user,theirstack,https://theirstack.com/en/technology/microsoft-dynamics-nav/it,1,CDQO,2026-04-15T07:17:58.097931
Shopfully,IT,,Software Development,547,5,technology_stack,Listed on TheirStack as Microsoft Dynamics NAV user,theirstack,https://theirstack.com/en/technology/microsoft-dynamics-nav/it,1,CDQO,2026-04-15T07:17:58.097948
The Level Group,IT,,Software Development,336,5,technology_stack,Listed on TheirStack as Microsoft Dynamics NAV user,theirstack,https://theirstack.com/en/technology/microsoft-dynamics-nav/it,1,CDQO,2026-04-15T07:17:58.097899
emeis Italia,IT,,Hospitals and Health Care,286,5,technology_stack,Listed on TheirStack as Microsoft Dynamics NAV user,theirstack,https://theirstack.com/en/technology/microsoft-dynamics-nav/it,1,CDQO,2026-04-15T07:17:58.097910
Royal Jordanian,JO,,Transportation,,5,theirstack,Airlines - Dynamics NAV,theirstack_mena_batch1,,1,CDQO,2026-04-15T07:17:58.095494
Telia Jordanien,JO,,Telecom,,5,theirstack,Telecom - Dynamics NAV,theirstack_final_batch1,,1,CDQO,2026-04-15T07:17:58.097047
ASICS,JP,,Apparel,,5,theirstack,Sports apparel - Dynamics NAV,theirstack_europe_batch1,,1,CDQO,2026-04-15T07:17:58.090520
Aisin,JP,,Automotive,,5,theirstack,Auto parts - Dynamics NAV,theirstack_europe_batch1,,1,CDQO,2026-04-15T07:17:58.090791
Canon,JP,,Technology,,5,theirstack,Cameras - Navision,theirstack_europe_batch1,,1,CDQO,2026-04-15T07:17:58.090737
Denso,JP,,Automotive,,5,theirstack,Auto parts - Navision,theirstack_europe_batch1,,1,CDQO,2026-04-15T07:17:58.090781
Fujitsu,JP,,Technology,,5,theirstack,IT services - Dynamics NAV,theirstack_europe_batch1,,1,CDQO,2026-04-15T07:17:58.090716
Hitachi,JP,,Technology,,5,theirstack,Conglomerate - Navision,theirstack_europe_batch1,,1,CDQO,2026-04-15T07:17:58.090534
Honda,JP,,Automotive,,5,theirstack,Cars - Dynamics NAV,theirstack_europe_batch1,,1,CDQO,2026-04-15T07:17:58.090632
Mazda,JP,,Automotive,,5,theirstack,Cars - Navision,theirstack_europe_batch1,,1,CDQO,2026-04-15T07:17:58.090670
Mitsubishi,JP,,Manufacturing,,5,theirstack,Conglomerate - Dynamics NAV,theirstack_europe_batch1,,1,CDQO,2026-04-15T07:17:58.090579
Mitsubishi Electric,JP,,Technology,,5,theirstack,Electronics - Navision,theirstack_europe_batch1,,1,CDQO,2026-04-15T07:17:58.090704
Nissan,JP,,Automotive,,5,theirstack,Cars - Navision,theirstack_europe_batch1,,1,CDQO,2026-04-15T07:17:58.090593
Panasonic,JP,,Technology,,5,theirstack,Electronics - Dynamics NAV,theirstack_europe_batch1,,1,CDQO,2026-04-15T07:17:58.090727
Ricoh,JP,,Technology,,5,theirstack,Printers - Dynamics NAV,theirstack_europe_batch1,,1,CDQO,2026-04-15T07:17:58.090749
Sharp,JP,,Technology,,5,theirstack,Electronics - Navision,theirstack_europe_batch1,,1,CDQO,2026-04-15T07:17:58.090760
Sony,JP,,Technology,,5,theirstack,Electronics - Navision,theirstack_europe_batch1,,1,CDQO,2026-04-15T07:17:58.090568
Subaru,JP,,Automotive,,5,theirstack,Cars - Dynamics NAV,theirstack_europe_batch1,,1,CDQO,2026-04-15T07:17:58.090692
Toshiba,JP,,Technology,,5,theirstack,Electronics - Dynamics NAV,theirstack_europe_batch1,,1,CDQO,2026-04-15T07:17:58.090770
Toyota,JP,,Automotive,,5,theirstack,Cars - Dynamics NAV,theirstack_europe_batch1,,1,CDQO,2026-04-15T07:17:58.090557
Yamaha,JP,,Manufacturing,,5,theirstack,Musical instruments - Navision,theirstack_europe_batch1,,1,CDQO,2026-04-15T07:17:58.090509
Telia Kenya,KE,,Telecom,,5,theirstack,Telecom - Navision,theirstack_final_batch1,,1,CDQO,2026-04-15T07:17:58.097136
About DEEX Korea 딕스코리아를 말하다 - 딕스코리아 DEEX Korea,KR,deex.co.kr,,,5,web_mention,Microsoft Dynamics NAV 의 한국어 번역과 한국 부가세 처리 및 신고를 위한 모듈을 개발합니다. 완구 제조업체인 오로라 월드의 미국법인 ERP 프로젝트를 진행합니다. 전체 매출 9억원 중에서 수출 비중이 …,country_expansion_v5_kr,https://deex.co.kr/about/,1,CDQO,2026-04-15T07:17:58.108452
Hyundai,KR,,Automotive,,5,theirstack,Cars - Navision,theirstack_asia_batch2,,1,CDQO,2026-04-15T07:17:58.092614
Hyundai Mobis,KR,,Automotive,,5,theirstack,Auto parts - Dynamics NAV,theirstack_asia_batch2,,1,CDQO,2026-04-15T07:17:58.092871
Kia Motors,KR,,Automotive,,5,theirstack,Cars - Navision,theirstack_asia_batch2,,1,CDQO,2026-04-15T07:17:58.092881
LG Chem,KR,,Chemicals,,5,theirstack,Chemicals - Dynamics NAV,theirstack_asia_batch2,,1,CDQO,2026-04-15T07:17:58.092685
LG Chem Battery,KR,,Manufacturing,,5,theirstack,Batteries - Dynamics NAV,theirstack_asia_batch2,,1,CDQO,2026-04-15T07:17:58.092850
LG Display,KR,,Technology,,5,theirstack,Displays - Dynamics NAV,theirstack_asia_batch2,,1,CDQO,2026-04-15T07:17:58.092726
LG Electronics,KR,,Technology,,5,theirstack,Electronics - Dynamics NAV,theirstack_asia_batch2,,1,CDQO,2026-04-15T07:17:58.092604
LG Energy Solution,KR,,Manufacturing,,5,theirstack,Batteries - Dynamics NAV,theirstack_asia_batch2,,1,CDQO,2026-04-15T07:17:58.092705
LG Group,KR,,Conglomerate,,5,theirstack,Conglomerate - Dynamics NAV,theirstack_asia_batch2,,1,CDQO,2026-04-15T07:17:58.092634
LG Innotek,KR,,Technology,,5,theirstack,Components - Dynamics NAV,theirstack_asia_batch2,,1,CDQO,2026-04-15T07:17:58.092797
SK Battery,KR,,Manufacturing,,5,theirstack,Batteries - Navision,theirstack_asia_batch2,,1,CDQO,2026-04-15T07:17:58.092861
SK Group,KR,,Conglomerate,,5,theirstack,Conglomerate - Navision,theirstack_asia_batch2,,1,CDQO,2026-04-15T07:17:58.092624
SK Hynix,KR,,Technology,,5,theirstack,Semiconductors - Dynamics NAV,theirstack_asia_batch2,,1,CDQO,2026-04-15T07:17:58.092756
SK Innovation,KR,,Oil & Gas,,5,theirstack,Energy - Navision,theirstack_asia_batch2,,1,CDQO,2026-04-15T07:17:58.092695
Samsung,KR,,Technology,,5,theirstack,Electronics - Navision,theirstack_asia_batch2,,1,CDQO,2026-04-15T07:17:58.092592
Samsung C&T,KR,,Construction,,5,theirstack,Construction - Navision,theirstack_asia_batch2,,1,CDQO,2026-04-15T07:17:58.092667
Samsung Display,KR,,Technology,,5,theirstack,Displays - Navision,theirstack_asia_batch2,,1,CDQO,2026-04-15T07:17:58.092737
Samsung Electro-Mechanics,KR,,Technology,,5,theirstack,Components - Navision,theirstack_asia_batch2,,1,CDQO,2026-04-15T07:17:58.092838
Samsung Electronics,KR,,Technology,,5,theirstack,Electronics - Navision,theirstack_asia_batch2,,1,CDQO,2026-04-15T07:17:58.092777
Samsung SDI,KR,,Manufacturing,,5,theirstack,Batteries - Navision,theirstack_asia_batch2,,1,CDQO,2026-04-15T07:17:58.092716
Jazeera Airways,KW,,Transportation,,5,theirstack,Airlines - Dynamics NAV,theirstack_mena_batch1,,1,CDQO,2026-04-15T07:17:58.095358
Kuwait Airways,KW,,Transportation,,5,theirstack,Airlines - Navision,theirstack_mena_batch1,,1,CDQO,2026-04-15T07:17:58.095383
Telia Kuwait,KW,,Telecom,,5,theirstack,Telecom - Navision,theirstack_final_batch1,,1,CDQO,2026-04-15T07:17:58.096995
Middle East Airlines,LB,,Transportation,,5,theirstack,Airlines - Navision,theirstack_mena_batch1,,1,CDQO,2026-04-15T07:17:58.095534
Telia Libanon,LB,,Telecom,,5,theirstack,Telecom - Navision,theirstack_final_batch1,,1,CDQO,2026-04-15T07:17:58.097058
Bite Lithuania,LT,,Telecom,,5,theirstack,Telecom - Navision,theirstack_baltic_nordic_batch1,,1,CDQO,2026-04-15T07:17:58.096401
Elisa Lithuania,LT,,Telecom,,5,theirstack,Telecom - Navision,theirstack_baltic_nordic_batch1,,1,CDQO,2026-04-15T07:17:58.096532
Luminor Lithuania,LT,,Finance,,5,theirstack,Banking - Navision,theirstack_baltic_nordic_batch1,,1,CDQO,2026-04-15T07:17:58.096227
SEB Lithuania,LT,,Finance,,5,theirstack,Banking - Navision,theirstack_baltic_nordic_batch1,,1,CDQO,2026-04-15T07:17:58.096188
Swedbank Lithuania,LT,,Finance,,5,theirstack,Banking - Dynamics NAV,theirstack_baltic_nordic_batch1,,1,CDQO,2026-04-15T07:17:58.096208
Tele2 Lithuania,LT,,Telecom,,5,theirstack,Telecom - Navision,theirstack_baltic_nordic_batch1,,1,CDQO,2026-04-15T07:17:58.096448
Telia Litauen,LT,,Telecom,,5,theirstack,Telecom - Dynamics NAV,theirstack_final_batch1,,1,CDQO,2026-04-15T07:17:58.096832
Telia Lithuania,LT,,Telecom,,5,theirstack,Telecom - Dynamics NAV,theirstack_baltic_nordic_batch1,,1,CDQO,2026-04-15T07:17:58.096391
Bite Latvia,LV,,Telecom,,5,theirstack,Telecom - Dynamics NAV,theirstack_baltic_nordic_batch1,,1,CDQO,2026-04-15T07:17:58.096371
Citadele,LV,,Finance,,5,theirstack,Banking - Navision,theirstack_baltic_nordic_batch1,,1,CDQO,2026-04-15T07:17:58.096119
Elisa Latvia,LV,,Telecom,,5,theirstack,Telecom - Dynamics NAV,theirstack_baltic_nordic_batch1,,1,CDQO,2026-04-15T07:17:58.096513
Latvijas Gāze,LV,,Energy,,5,theirstack,Energy - Navision,theirstack_baltic_nordic_batch1,,1,CDQO,2026-04-15T07:17:58.096073
Luminor Latvia,LV,,Finance,,5,theirstack,Banking - Dynamics NAV,theirstack_baltic_nordic_batch1,,1,CDQO,2026-04-15T07:17:58.096139
Rietumu Banka,LV,,Finance,,5,theirstack,Banking - Navision,theirstack_baltic_nordic_batch1,,1,CDQO,2026-04-15T07:17:58.096154
SEB Latvia,LV,,Finance,,5,theirstack,Banking - Navision,theirstack_baltic_nordic_batch1,,1,CDQO,2026-04-15T07:17:58.096083
Swedbank Latvia,LV,,Finance,,5,theirstack,Banking - Dynamics NAV,theirstack_baltic_nordic_batch1,,1,CDQO,2026-04-15T07:17:58.096099
Tele2 Latvia,LV,,Telecom,,5,theirstack,Telecom - Navision,theirstack_baltic_nordic_batch1,,1,CDQO,2026-04-15T07:17:58.096381
Telia Latvia,LV,,Telecom,,5,theirstack,Telecom - Navision,theirstack_baltic_nordic_batch1,,1,CDQO,2026-04-15T07:17:58.096361
Telia Lettland,LV,,Telecom,,5,theirstack,Telecom - Navision,theirstack_final_batch1,,1,CDQO,2026-04-15T07:17:58.096822
Unibank,LV,,Finance,,5,theirstack,Banking - Dynamics NAV,theirstack_baltic_nordic_batch1,,1,CDQO,2026-04-15T07:17:58.096168
Telia Libyen,LY,,Telecom,,5,theirstack,Telecom - Dynamics NAV,theirstack_final_batch1,,1,CDQO,2026-04-15T07:17:58.097107
Telia Marokko,MA,,Telecom,,5,theirstack,Telecom - Navision,theirstack_final_batch1,,1,CDQO,2026-04-15T07:17:58.097078
Telia Mali,ML,,Telecom,,5,theirstack,Telecom - Navision,theirstack_final_batch1,,1,CDQO,2026-04-15T07:17:58.097242
Add Windows User With Permissions Using SQL Query …,MX,www.navuser.com,,,5,web_mention,"Jul 5, 2021 · The SQL query to add Windows users with permission set for Microsoft Dynamics Navision. This is one of the easy methods to add users to NAV.",country_expansion_v5_mx,https://www.navuser.com/add-windows-user-with-permissions-using-sql-query-dynamics-nav/,1,CDQO,2026-04-15T07:17:58.108749
Telia Niger,NE,,Telecom,,5,theirstack,Telecom - Navision,theirstack_final_batch1,,1,CDQO,2026-04-15T07:17:58.097277
Telia Nigeria,NG,,Telecom,,5,theirstack,Telecom - Navision,theirstack_final_batch1,,1,CDQO,2026-04-15T07:17:58.097180
4PS,NL,,IT Services and IT Consulting,615,5,technology_stack,Listed on TheirStack as Microsoft Dynamics NAV user,theirstack,https://theirstack.com/en/technology/microsoft-dynamics-nav/nl,1,CDQO,2026-04-15T07:17:58.103175
ABN AMRO,NL,,Finance,,5,theirstack,Banking - Dynamics NAV,theirstack_expansion_batch3,,1,CDQO,2026-04-15T07:17:58.092954
ASML,NL,,Technology,,5,theirstack,Semiconductors - Navision,theirstack_expansion_batch3,,1,CDQO,2026-04-15T07:17:58.092921
Adfocom,NL,,IT Services and IT Consulting,29,5,technology_stack,Listed on TheirStack as Microsoft Dynamics NAV user,theirstack,https://theirstack.com/en/technology/microsoft-dynamics-nav/nl,1,CDQO,2026-04-15T07:17:58.130066
Adyen,NL,,Finance,,5,theirstack,Payments - Navision,theirstack_expansion_batch3,,1,CDQO,2026-04-15T07:17:58.092895
AkzoNobel,NL,,Chemicals,,5,theirstack,Chemicals - Dynamics NAV,theirstack_expansion_batch3,,1,CDQO,2026-04-15T07:17:58.092974
Alphatron Marine,NL,,Marine Technology,,5,customer_reference,Microsoft Dynamics NAV user,expansion_batch_2,,1,CDQO_MASS,2026-04-15T07:53:51.427384
Alphatron Marine,NL,,Maritime,363,5,theirstack,TheirStack technology detection - 363 employees,TheirStack,https://theirstack.com/en/technology/navision/nl,1,CDQO,2026-04-15T07:17:58.084917
BASF,NL,,Chemicals,,5,theirstack,Chemicals - Navision,theirstack_expansion_batch3,,1,CDQO,2026-04-15T07:17:58.093027
Bayer,NL,,Pharmaceuticals,,5,theirstack,Pharma - Dynamics NAV,theirstack_expansion_batch3,,1,CDQO,2026-04-15T07:17:58.093037
Bolder Group,NL,,Financial Services,423,5,theirstack,TheirStack technology detection - 423 employees,TheirStack,https://theirstack.com/en/technology/navision/nl,1,CDQO,2026-04-15T07:17:58.083880
Brand Masters BV,NL,,Marketing,,5,customer_reference,Microsoft Dynamics NAV user,expansion_batch_2,,1,CDQO_MASS,2026-04-15T07:53:51.427384
Brand Masters BV,NL,,Food & Beverage,110,5,theirstack,TheirStack technology detection - 110 employees,TheirStack,https://theirstack.com/en/technology/navision/nl,1,CDQO,2026-04-15T07:17:58.084879
Companial,NL,,IT Services and IT Consulting,272,5,technology_stack,Listed on TheirStack as Microsoft Dynamics NAV user,theirstack,https://theirstack.com/en/technology/microsoft-dynamics-nav/nl,1,CDQO,2026-04-15T07:17:58.130055
DO IT ORGANIC,NL,,Wholesale Import and Export,62,5,technology_stack,Listed on TheirStack as Microsoft Dynamics NAV user,theirstack,https://theirstack.com/en/technology/microsoft-dynamics-nav/nl,1,CDQO,2026-04-15T07:17:58.098574
Feadship - Royal Dutch Shipyards,NL,,Manufacturing,1000,5,theirstack,TheirStack technology detection - 1000 employees,TheirStack,https://theirstack.com/en/technology/navision/nl,1,CDQO,2026-04-15T07:17:58.083902
FrieslandCampina,NL,,Food & Beverage,,5,theirstack,Dairy - Dynamics NAV,theirstack_expansion_batch3,,1,CDQO,2026-04-15T07:17:58.093080
Geyer Nederland B.V.,NL,,Oil and Gas,11,5,technology_stack,Listed on TheirStack as Microsoft Dynamics NAV user,theirstack,https://theirstack.com/en/technology/microsoft-dynamics-nav/nl,1,CDQO,2026-04-15T07:17:58.098551
HAL Allergy Group,NL,,Pharmaceutical Manufacturing,274,5,technology_stack,Listed on TheirStack as Microsoft Dynamics NAV user,theirstack,https://theirstack.com/en/technology/microsoft-dynamics-nav/nl,1,CDQO,2026-04-15T07:17:58.098563
Heineken,NL,,Beverages,,5,theirstack,Beverages - Dynamics NAV,theirstack_expansion_batch3,,1,CDQO,2026-04-15T07:17:58.093105
IKEA,NL,,Retail,94000,5,theirstack,TheirStack technology detection - 94000 employees,TheirStack,https://theirstack.com/en/technology/navision/nl,1,CDQO,2026-04-15T07:17:58.083859
ING Group,NL,,Finance,,5,theirstack,Banking - Navision,theirstack_expansion_batch3,,1,CDQO,2026-04-15T07:17:58.092943
Jacy Cheung,NL,,,,5,job_posting_smoking_gun,Hiring: Jacy Cheung - Interim Finance Professional | LinkedIn - Licenties en certificaten · Microsoft Dynamics Nav Inrichten Financiële Administratie. GAC Business Solutions · Microsoft Dynamics Nav Jet Reports Dag 1. GAC ...,job_posting_scrape,https://nl.linkedin.com/in/jacy-cheung-73740445,1,CDQO_MASS,2026-04-15T07:53:51.427384
Jelling,NL,,IT Services and IT Consulting,51,5,technology_stack,Listed on TheirStack as Microsoft Dynamics NAV user,theirstack,https://theirstack.com/en/technology/microsoft-dynamics-nav/nl,1,CDQO,2026-04-15T07:17:58.098528
Koers,NL,,Manufacturing,,5,customer_reference,Microsoft Dynamics NAV user,expansion_batch_2,,1,CDQO_MASS,2026-04-15T07:53:51.427384
Koers,NL,,Real Estate,84,5,theirstack,TheirStack technology detection - 84 employees,TheirStack,https://theirstack.com/en/technology/navision/nl,1,CDQO,2026-04-15T07:17:58.084892
Kristel Wolters,NL,,,,5,job_posting_smoking_gun,Hiring: Kristel Wolters - Supply Chain & Operations Manager - LinkedIn - Extern-stagiair boekhouder-fiscalist BIBF. Fiscozone Schaarbeek. Apr 2019 ... Implementatie Microsoft Dynamics Nav. Hoofd administratie. Wolters Road ...,job_posting_scrape,https://be.linkedin.com/in/kristel-wolters-32627363/en,1,CDQO_MASS,2026-04-15T07:53:51.427384
Meraki,NL,,Individual Services,2,5,theirstack,TheirStack technology detection - 2 employees,TheirStack,https://theirstack.com/en/technology/navision/nl,1,CDQO,2026-04-15T07:17:58.083891
Nivel Groep,NL,,Healthcare,,5,customer_reference,Microsoft Dynamics NAV user,expansion_batch_2,,1,CDQO_MASS,2026-04-15T07:53:51.427384
Nivel Groep,NL,,Architecture,65,5,theirstack,TheirStack technology detection - 65 employees,TheirStack,https://theirstack.com/en/technology/navision/nl,1,CDQO,2026-04-15T07:17:58.084903
Philips,NL,,Healthcare,,5,theirstack,Healthcare - Dynamics NAV,theirstack_expansion_batch3,,1,CDQO,2026-04-15T07:17:58.092932
Rabobank,NL,,Finance,,5,theirstack,Banking - Navision,theirstack_expansion_batch3,,1,CDQO,2026-04-15T07:17:58.092964
Randstad,NL,,Recruitment,,5,theirstack,HR - Navision,theirstack_expansion_batch3,,1,CDQO_MASS,2026-04-15T07:53:51.427384
Randstad,NL,,HR Services,63000,5,theirstack,TheirStack technology detection - 63000 employees,TheirStack,https://theirstack.com/en/technology/navision/nl,1,CDQO,2026-04-15T07:17:58.093066
Shell,NL,,Oil & Gas,,5,theirstack,Energy - Navision,theirstack_expansion_batch3,,1,CDQO,2026-04-15T07:17:58.093006
Spar International,NL,,Retail,,5,enterprise_customer,Microsoft Dynamics NAV customer - $32B revenue,global_research_expansion,,1,CDQO,2026-04-15T07:17:58.084684
The HEINEKEN Company,NL,,Food & Beverage,43000,5,theirstack,TheirStack technology detection - 43000 employees,TheirStack,https://theirstack.com/en/technology/navision/nl,1,CDQO,2026-04-15T07:17:58.138909
TomTom,NL,,Technology,,5,theirstack,GPS - Navision,theirstack_expansion_batch3,,1,CDQO,2026-04-15T07:17:58.093091
TotalEnergies,NL,,Oil & Gas,,5,theirstack,Energy - Dynamics NAV,theirstack_expansion_batch3,,1,CDQO,2026-04-15T07:17:58.093016
Unilever,NL,,Consumer Goods,,5,theirstack,FMCG - Navision,theirstack_expansion_batch3,,1,CDQO,2026-04-15T07:17:58.092985
Universal Music Group,NL,,Entertainment,,5,verified_customer,TheirStack: Uses Navision,research_batch_1,,1,CDQO,2026-04-15T07:17:58.138669
Van der Starre,NL,,Wholesale Import and Export,50,5,technology_stack,Listed on TheirStack as Microsoft Dynamics NAV user,theirstack,https://theirstack.com/en/technology/microsoft-dynamics-nav/nl,1,CDQO,2026-04-15T07:17:58.098596
Vande Kerckhove,NL,,,,5,job_posting_smoking_gun,"Hiring: Vande Kerckhove - Verantwoordelijke Boekhouding en Personeel 4 ... - Je hebt bij voorkeur ervaring met Microsoft Dynamics Nav. Je verzorgt de ... Junior Boekhouder. Santens. Merelbeke, Flemish Region, Belgium 4 months ago ...",job_posting_scrape,https://be.linkedin.com/jobs/view/vande-kerckhove-verantwoordelijke-boekhouding-en-personeel-4-5de-at-bmw-mini-jobs-4343186499,1,CDQO_MASS,2026-04-15T07:53:51.427384
Volkswagen Group,NL,,Automotive,,5,theirstack,Auto - Dynamics NAV,theirstack_expansion_batch3,,1,CDQO,2026-04-15T07:17:58.092995
Aker ASA,NO,,Manufacturing,Conglomerate,5,theirstack,Conglomerate - Dynamics NAV,theirstack_nordic_batch1,,1,CDQO,2026-04-15T07:17:58.089478
Aker BP,NO,,Oil & Gas,Oil,5,theirstack,Oil & Gas - Navision,theirstack_nordic_batch1,,1,CDQO,2026-04-15T07:17:58.089468
Akershus Universitetssykehus,NO,,Healthcare,9500,5,theirstack,TheirStack technology detection - 9500 employees,TheirStack,https://theirstack.com/en/technology/navision/no,1,CDQO,2026-04-15T07:17:58.083428
Altibox,NO,,Telecom,ISP,5,theirstack,ISP - Navision,theirstack_nordic_batch1,,1,CDQO,2026-04-15T07:17:58.089356
Bergen Kommune,NO,,Government,16000,5,theirstack,TheirStack technology detection - 16000 employees,TheirStack,https://theirstack.com/en/technology/navision/no,1,CDQO,2026-04-15T07:17:58.084268
Bergen Offshore,NO,,Oil & Gas,Offshore,5,theirstack,Offshore - Navision,theirstack_nordic_batch1,,1,CDQO,2026-04-15T07:17:58.089457
CEWE Japan Photo,NO,,Photography,98,5,technology_stack,Listed on TheirStack as Microsoft Dynamics NAV user,theirstack,https://theirstack.com/en/technology/microsoft-dynamics-nav/no,1,CDQO,2026-04-15T07:17:58.097720
Color Line,NO,,Transportation,Ferry,5,theirstack,Ferry - Dynamics NAV,theirstack_nordic_batch1,,1,CDQO,2026-04-15T07:17:58.089424
DNB Bank,NO,,Finance,Banking,5,theirstack,Banking - Navision,theirstack_nordic_batch1,,1,CDQO,2026-04-15T07:17:58.089325
DeepOcean,NO,,Oil and Gas,1.7k,5,technology_stack,Listed on TheirStack as Microsoft Dynamics NAV user,theirstack,https://theirstack.com/en/technology/microsoft-dynamics-nav/no,1,CDQO_MASS,2026-04-15T07:53:51.427384
DeepOcean,NO,,Oil and Gas,1700,5,theirstack,TheirStack technology detection - 1700 employees,TheirStack,https://theirstack.com/en/technology/navision/no,1,CDQO,2026-04-15T07:17:58.097530
Equinor,NO,,Oil & Gas,Energy,5,theirstack,Energy - Navision,theirstack_nordic_batch1,,1,CDQO,2026-04-15T07:17:58.089219
Fearnley,NO,,Finance,Investment,5,theirstack,Investment - Navision,theirstack_nordic_batch1,,1,CDQO,2026-04-15T07:17:58.089492
Finans,NO,,,,5,job_posting_smoking_gun,"Hiring: Finans - Espero - ... Innkjøp, Produksjon, Service og CRM · IFRS16. Dersom du leier utstyr, biler ... Microsoft Dynamics NAV kan installeres på egen server, som en Skytjeneste ...",job_posting_scrape,https://www.espero.no/finans,1,CDQO_MASS,2026-04-15T07:53:51.427384
Fjord Line,NO,,Transportation,Ferry,5,theirstack,Ferry - Dynamics NAV,theirstack_nordic_batch1,,1,CDQO,2026-04-15T07:17:58.089446
Helse Sør-Øst RHF,NO,,Healthcare,23000,5,theirstack,TheirStack technology detection - 23000 employees,TheirStack,https://theirstack.com/en/technology/navision/no,1,CDQO,2026-04-15T07:17:58.083464
Hurtigruten,NO,,Transportation,Cruise,5,theirstack,Cruise - Navision,theirstack_nordic_batch1,,1,CDQO,2026-04-15T07:17:58.089435
Icepole,NO,,Technology,Tech,5,theirstack,Tech - Dynamics NAV,theirstack_nordic_batch1,,1,CDQO,2026-04-15T07:17:58.089366
Integrations,NO,,,,5,job_posting_smoking_gun,Hiring: Integrations - Milient - mamut_integration. Mamut. File export. MS_dynamic-nav. Microsoft Dynamics NAV. File export. NordeaFinance. Nordea Finance. File export. PAXml. File export.,job_posting_scrape,https://www.milientsoftware.com/integrations,1,CDQO_MASS,2026-04-15T07:53:51.427384
Kirkens Bymisjon,NO,,Non-profit,888,5,theirstack,TheirStack technology detection - 888 employees,TheirStack,https://theirstack.com/en/technology/navision/no,1,CDQO,2026-04-15T07:17:58.083474
Kongsberg Automotive,NO,,Automotive,Auto,5,theirstack,Auto parts - Dynamics NAV,theirstack_nordic_batch1,,1,CDQO,2026-04-15T07:17:58.089387
Kongsberg Gruppen,NO,,Manufacturing,Defense,5,theirstack,Defense - Navision,theirstack_nordic_batch1,,1,CDQO,2026-04-15T07:17:58.089262
Kristiansand kommune,NO,,Government,2200,5,theirstack,TheirStack technology detection - 2200 employees,TheirStack,https://theirstack.com/en/technology/navision/no,1,CDQO,2026-04-15T07:17:58.083485
Løsninger,NO,,,,5,job_posting_smoking_gun,"Hiring: Løsninger - Espero - Regnskap, Ordre, Lager, Faktura, Innkjøp, Lønn, Bankavstemning, Service, Produksjon m.m. ... Dynamics NAV. • Forretningsløsninger. • Dynamicweb. • Webshop.",job_posting_scrape,https://www.espero.no/losninger,1,CDQO_MASS,2026-04-15T07:53:51.427384
NAVTOR,NO,,Software Development,339,5,technology_stack,Listed on TheirStack as Microsoft Dynamics NAV user,theirstack,https://theirstack.com/en/technology/microsoft-dynamics-nav/no,1,CDQO,2026-04-15T07:17:58.097698
Nav Oslo,NO,,Government,212,5,theirstack,TheirStack technology detection - 212 employees,TheirStack,https://theirstack.com/en/technology/navision/no,1,CDQO,2026-04-15T07:17:58.083366
Nel Hydrogen,NO,,Renewable Energy Equipment Manufacturing,500,5,technology_stack,Listed on TheirStack as Microsoft Dynamics NAV user,theirstack,https://theirstack.com/en/technology/microsoft-dynamics-nav/no,1,CDQO,2026-04-15T07:17:58.097665
Neste,NO,,Oil & Gas,Biofuels,5,theirstack,Biofuels - Dynamics NAV,theirstack_nordic_batch1,,1,CDQO,2026-04-15T07:17:58.089315
Norsk Hydro,NO,,Manufacturing,Aluminum,5,theirstack,Aluminum - Navision,theirstack_nordic_batch1,,1,CDQO,2026-04-15T07:17:58.089283
Orkla ASA,NO,,Consumer Goods,FMCG,5,theirstack,FMCG - Navision,theirstack_nordic_batch1,,1,CDQO,2026-04-15T07:17:58.089305
Orkla Health,NO,,Retail,400,5,technology_stack,Listed on TheirStack as Microsoft Dynamics NAV user,theirstack,https://theirstack.com/en/technology/microsoft-dynamics-nav/no,1,CDQO,2026-04-15T07:17:58.097590
Oslo kommune,NO,,Government,7500,5,theirstack,TheirStack technology detection - 7500 employees,TheirStack,https://theirstack.com/en/technology/navision/no,1,CDQO,2026-04-15T07:17:58.083380
Regnskapsbyrå Stavanger | Regnskapsfirma | Lønn | Automation,NO,norian.no,,,5,web_mention,"Hos NORIAN leverer vi regnskap gjennom anerkjente systemer som Tripletex, Xledger, PowerOffice Go, samt andre store ERP-systemer som Microsoft Dynamics, Navision og SAP.",country_expansion_v5_no,https://norian.no/regnskapsbyra-stavanger/,1,CDQO,2026-04-15T07:17:58.106974
Rolf Inge Myhrer – Seniorrådgiver innkjøp,NO,,,,5,job_posting_smoking_gun,"Hiring: Rolf Inge Myhrer – Seniorrådgiver innkjøp - LinkedIn - Seniorrådgiver innkjøp · Erfaring: Felleskjøpet Agri SA · Utdanning ... Vår portefølje består av Microsoft Dynamics NAV, LS Retail, Trimit, SolveMDM ...",job_posting_scrape,https://no.linkedin.com/in/rolf-inge-myhrer-89a60111,1,CDQO_MASS,2026-04-15T07:53:51.427384
Scandlines,NO,,Transportation,Ferry,5,theirstack,Ferry - Navision,theirstack_nordic_batch1,,1,CDQO,2026-04-15T07:17:58.089397
Schibsted,NO,,Media,Media,5,theirstack,Media - Dynamics NAV,theirstack_nordic_batch1,,1,CDQO,2026-04-15T07:17:58.089335
Statkraft,NO,,Energy,Renewable,5,theirstack,Renewable - Dynamics NAV,theirstack_nordic_batch1,,1,CDQO,2026-04-15T07:17:58.089294
Statoil / Equinor,NO,,ERP Software,,5,manual_research,Manual research - Navision customer,manual_research,https://research.manual/statoil-/-equinor,1,CDQO,2026-04-15T07:17:58.129242
StrongPoint,NO,,IT Services and IT Consulting,1.2k,5,technology_stack,Listed on TheirStack as Microsoft Dynamics NAV user,theirstack,https://theirstack.com/en/technology/microsoft-dynamics-nav/no,1,CDQO,2026-04-15T07:17:58.097518
Telenor,NO,,Telecom,Telecom,5,theirstack,Telecom - Navision,theirstack_nordic_batch1,,1,CDQO,2026-04-15T07:17:58.089346
Telia Norge,NO,,Telecom,,5,theirstack,Telecom - Navision,theirstack_final_batch1,,1,CDQO,2026-04-15T07:17:58.096782
Telia Norway,NO,,Telecom,,5,theirstack,Telecom - Dynamics NAV,theirstack_baltic_nordic_batch1,,1,CDQO,2026-04-15T07:17:58.096591
Trond Hystad – Økonomiansvarlig Brødr Ringstad AS,NO,,,,5,job_posting_smoking_gun,Hiring: Trond Hystad – Økonomiansvarlig Brødr Ringstad AS | LinkedIn - Selskapet har innført Navision/Arifiq/Semine som ERP system og Oracle ... Økonomisjef. Telenor Bedrift Divisjon IT-Service. jan. 1996 - des. 1996 1 år.,job_posting_scrape,https://no.linkedin.com/in/trond-hystad-7abba63,1,CDQO_MASS,2026-04-15T07:53:51.427384
Tysvær kommune,NO,,Government,255,5,theirstack,TheirStack technology detection - 255 employees,TheirStack,https://theirstack.com/en/technology/navision/no,1,CDQO,2026-04-15T07:17:58.083404
Universitetssykehuset Nord-Norge,NO,,Healthcare,839,5,theirstack,TheirStack technology detection - 839 employees,TheirStack,https://theirstack.com/en/technology/navision/no,1,CDQO,2026-04-15T07:17:58.083452
Visma,NO,,Technology,Software,5,theirstack,Software - Navision,theirstack_nordic_batch1,,1,CDQO,2026-04-15T07:17:58.089377
Vizrt,NO,,Software Development,881,5,technology_stack,Listed on TheirStack as Microsoft Dynamics NAV user,theirstack,https://theirstack.com/en/technology/microsoft-dynamics-nav/no,1,CDQO,2026-04-15T07:17:58.097552
Wilhelmsen,NO,,"Transportation, Logistics, Supply Chain and Storage",10k,5,technology_stack,Listed on TheirStack as Microsoft Dynamics NAV user,theirstack,https://theirstack.com/en/technology/microsoft-dynamics-nav/no,1,CDQO,2026-04-15T07:17:58.097541
Yara International,NO,,Chemicals,Fertilizer,5,theirstack,Fertilizer - Dynamics NAV,theirstack_nordic_batch1,,1,CDQO,2026-04-15T07:17:58.089272
ASB Bank,NZ,,Finance,,5,theirstack,Banking - Navision,theirstack_other_batch1,,1,CDQO,2026-04-15T07:17:58.090499
Air New Zealand,NZ,,Transportation,,5,theirstack,Airlines - Navision,theirstack_other_batch1,,1,CDQO,2026-04-15T07:17:58.090478
Fonterra,NZ,,Food & Beverage,,5,theirstack,Dairy - Dynamics NAV,theirstack_other_batch1,,1,CDQO,2026-04-15T07:17:58.090488
New Zealand Police,NZ,,Government,,5,theirstack,Government - Navision,theirstack_global_batch2,,1,CDQO,2026-04-15T07:17:58.091501
Oman Air,OM,,Transportation,,5,theirstack,Airlines - Navision,theirstack_mena_batch1,,1,CDQO,2026-04-15T07:17:58.095484
Telia Oman,OM,,Telecom,,5,theirstack,Telecom - Navision,theirstack_final_batch1,,1,CDQO,2026-04-15T07:17:58.097036
11 bit,PL,,Technology,,5,theirstack,Gaming - Navision,theirstack_centraleurope_batch1,,1,CDQO,2026-04-15T07:17:58.096062
11 bit studios,PL,,Technology,,5,theirstack,Gaming - Navision,theirstack_centraleurope_batch1,,1,CDQO,2026-04-15T07:17:58.095885
ASEE,PL,,IT Services and IT Consulting,2.1k,5,technology_stack,Listed on TheirStack as Microsoft Dynamics NAV user,theirstack,https://theirstack.com/en/technology/microsoft-dynamics-nav/pl,1,CDQO,2026-04-15T07:17:58.099232
Alior Bank,PL,,Finance,,5,theirstack,Banking - Dynamics NAV,theirstack_centraleurope_batch1,,1,CDQO,2026-04-15T07:17:58.095613
Asobo Studio,PL,,Technology,,5,theirstack,Gaming - Navision,theirstack_centraleurope_batch1,,1,CDQO,2026-04-15T07:17:58.096000
BZ WBK,PL,,Finance,,5,theirstack,Banking - Navision,theirstack_centraleurope_batch1,,1,CDQO,2026-04-15T07:17:58.095740
Bank Handlowy,PL,,Finance,,5,theirstack,Banking - Dynamics NAV,theirstack_centraleurope_batch1,,1,CDQO,2026-04-15T07:17:58.095799
Bank Millennium,PL,,Finance,,5,theirstack,Banking - Navision,theirstack_centraleurope_batch1,,1,CDQO,2026-04-15T07:17:58.095633
Bank Pekao,PL,,Finance,,5,theirstack,Banking - Navision,theirstack_centraleurope_batch1,,1,CDQO,2026-04-15T07:17:58.095822
Bidfood Farutex,PL,,Wholesale,,5,technology_stack,Listed on TheirStack as Microsoft Dynamics NAV user,theirstack,https://theirstack.com/en/technology/microsoft-dynamics-nav/pl,1,CDQO,2026-04-15T07:17:58.099247
CD Projekt,PL,,Technology,,5,theirstack,Gaming - Dynamics NAV,theirstack_centraleurope_batch1,,1,CDQO,2026-04-15T07:17:58.095875
CD Projekt Red,PL,,Technology,,5,theirstack,Gaming - Dynamics NAV,theirstack_centraleurope_batch1,,1,CDQO,2026-04-15T07:17:58.096052
Deployed,PL,,Software Development,,5,technology_stack,Listed on TheirStack as Microsoft Dynamics NAV user,theirstack,https://theirstack.com/en/technology/microsoft-dynamics-nav/pl,1,CDQO,2026-04-15T07:17:58.099270
EA Poland,PL,,Technology,,5,theirstack,Gaming - Navision,theirstack_centraleurope_batch1,,1,CDQO,2026-04-15T07:17:58.096041
Factech,PL,,Human Resources Services,5,5,technology_stack,Listed on TheirStack as Microsoft Dynamics NAV user,theirstack,https://theirstack.com/en/technology/microsoft-dynamics-nav/pl,1,CDQO,2026-04-15T07:17:58.099281
Flying Wild Hog,PL,,Technology,,5,theirstack,Gaming - Navision,theirstack_centraleurope_batch1,,1,CDQO,2026-04-15T07:17:58.095954
Getin Bank,PL,,Finance,,5,theirstack,Banking - Dynamics NAV,theirstack_centraleurope_batch1,,1,CDQO,2026-04-15T07:17:58.095675
Grupa TVN,PL,,Media,,5,theirstack,Media - Navision,theirstack_centraleurope_batch1,,1,CDQO,2026-04-15T07:17:58.095861
Gry Online,PL,,Technology,,5,theirstack,Gaming - Navision,theirstack_centraleurope_batch1,,1,CDQO,2026-04-15T07:17:58.095980
ING Bank,PL,,Finance,,5,theirstack,Banking - Navision,theirstack_centraleurope_batch1,,1,CDQO,2026-04-15T07:17:58.095599
Inter Cars S.A.,PL,,Motor Vehicle Manufacturing,2.5k,5,technology_stack,Listed on TheirStack as Microsoft Dynamics NAV user,theirstack,https://theirstack.com/en/technology/microsoft-dynamics-nav/pl,1,CDQO,2026-04-15T07:17:58.099150
Orange Polska,PL,,Telecom,,5,theirstack,Telecom - Dynamics NAV,theirstack_centraleurope_batch1,,1,CDQO,2026-04-15T07:17:58.095839
PKO BP,PL,,Finance,,5,theirstack,Banking - Navision,theirstack_centraleurope_batch1,,1,CDQO,2026-04-15T07:17:58.095698
PKO Bank,PL,,Finance,,5,theirstack,Banking - Dynamics NAV,theirstack_centraleurope_batch1,,1,CDQO,2026-04-15T07:17:58.095567
People Can Fly,PL,,Technology,,5,theirstack,Gaming - Navision,theirstack_centraleurope_batch1,,1,CDQO,2026-04-15T07:17:58.095932
PlayWay,PL,,Technology,,5,theirstack,Gaming - Dynamics NAV,theirstack_centraleurope_batch1,,1,CDQO,2026-04-15T07:17:58.095990
Polsat,PL,,Media,,5,theirstack,Media - Navision,theirstack_centraleurope_batch1,,1,CDQO,2026-04-15T07:17:58.095850
Praca.pl,PL,,"Technology, Information and Internet",278,5,technology_stack,Listed on TheirStack as Microsoft Dynamics NAV user,theirstack,https://theirstack.com/en/technology/microsoft-dynamics-nav/pl,1,CDQO,2026-04-15T07:17:58.099167
SGB Bank,PL,,Finance,,5,theirstack,Banking - Dynamics NAV,theirstack_centraleurope_batch1,,1,CDQO,2026-04-15T07:17:58.095718
Santander Bank,PL,,Finance,,5,theirstack,Banking - Navision,theirstack_centraleurope_batch1,,1,CDQO,2026-04-15T07:17:58.095578
Sega Europe,PL,,Technology,,5,theirstack,Gaming - Navision,theirstack_centraleurope_batch1,,1,CDQO,2026-04-15T07:17:58.096021
Techland,PL,,Technology,,5,theirstack,Gaming - Dynamics NAV,theirstack_centraleurope_batch1,,1,CDQO,2026-04-15T07:17:58.095899
Techland Publishing,PL,,Technology,,5,theirstack,Gaming - Dynamics NAV,theirstack_centraleurope_batch1,,1,CDQO,2026-04-15T07:17:58.095969
Telia Polen,PL,,Telecom,,5,theirstack,Telecom - Navision,theirstack_final_batch1,,1,CDQO,2026-04-15T07:17:58.096842
The Creative Assembly,PL,,Technology,,5,theirstack,Gaming - Dynamics NAV,theirstack_centraleurope_batch1,,1,CDQO,2026-04-15T07:17:58.096011
The Farm 51,PL,,Technology,,5,theirstack,Gaming - Dynamics NAV,theirstack_centraleurope_batch1,,1,CDQO,2026-04-15T07:17:58.095943
Trio Line Polska Sp. z o.o.,PL,,Household and Institutional Furniture Manufacturing,82,5,technology_stack,Listed on TheirStack as Microsoft Dynamics NAV user,theirstack,https://theirstack.com/en/technology/microsoft-dynamics-nav/pl,1,CDQO,2026-04-15T07:17:58.099292
Ubisoft Poland,PL,,Technology,,5,theirstack,Gaming - Dynamics NAV,theirstack_centraleurope_batch1,,1,CDQO,2026-04-15T07:17:58.096031
co.brick,PL,,Software Development,38,5,technology_stack,Listed on TheirStack as Microsoft Dynamics NAV user,theirstack,https://theirstack.com/en/technology/microsoft-dynamics-nav/pl,1,CDQO,2026-04-15T07:17:58.099259
mBank,PL,,Finance,,5,theirstack,Banking - Dynamics NAV,theirstack_centraleurope_batch1,,1,CDQO,2026-04-15T07:17:58.095588
Margarida Antunes - Payroll Specialist | Recursos Humanos | NAV ...,PT,pt.linkedin.com,,,5,web_mention,Payroll Specialist | Recursos Humanos | NAV (Navision) | Compliance &amp; Legislação Laboral · Experiência: ManpowerGroup · Formação acadêmica: FEUC - Faculdade de Economia da …,country_expansion_v6_pt,https://pt.linkedin.com/in/margarida-antunes-344324346,1,CDQO,2026-04-15T07:17:58.112668
Mowasalat,QA,,Transportation,,5,theirstack,Transportation - Dynamics NAV,theirstack_global_batch2,,1,CDQO,2026-04-15T07:17:58.091125
Qatar Airways,QA,,Transportation,,5,theirstack,Airlines - Dynamics NAV,theirstack_mena_batch1,,1,CDQO,2026-04-15T07:17:58.095432
Telia Qatar,QA,,Telecom,,5,theirstack,Telecom - Navision,theirstack_final_batch1,,1,CDQO,2026-04-15T07:17:58.096975
Kepler Management,RO,,Finance,,5,theirstack,Finance - Dynamics NAV,theirstack_global_batch2,,1,CDQO,2026-04-15T07:17:58.091064
NAGA,RO,,Finance,,5,theirstack,Finance - Navision,theirstack_global_batch2,,1,CDQO,2026-04-15T07:17:58.091053
Producton Group,RO,,,,5,smoking_gun,"Executive Director: ""Satisfied with Dynamics NAV - real-time reporting, 14 butikker, 9M Euro omsætning""",smoking_gun_hunt,https://www.elian-solutions.com/references/case-studies/producton-study-case/,1,CDQO,2026-04-15T07:17:58.099567
Telia Rumænien,RO,,Telecom,,5,theirstack,Telecom - Navision,theirstack_final_batch1,,1,CDQO,2026-04-15T07:17:58.096882
О нас - naviserv.ru,RU,www.naviserv.ru,,,5,web_mention,"Основная специализация компании «НавиСерв» — реализация проектов комплексной автоматизации предприятий на базе широко известной ERP-системы Microsoft Dynamics NAV, …",country_expansion_v5_ru,http://www.naviserv.ru/about/,1,CDQO,2026-04-15T07:17:58.108954
Telia Rwanda,RW,,Telecom,,5,theirstack,Telecom - Dynamics NAV,theirstack_final_batch1,,1,CDQO,2026-04-15T07:17:58.097170
Al Rajhi Bank,SA,,Finance,,5,theirstack,Banking - Navision,theirstack_mena_batch1,,1,CDQO,2026-04-15T07:17:58.094770
Al Rajhi Takaful,SA,,Insurance,,5,theirstack,Insurance - Dynamics NAV,theirstack_mena_batch1,,1,CDQO,2026-04-15T07:17:58.094972
AlAwwal Bank,SA,,Finance,,5,theirstack,Banking - Navision,theirstack_mena_batch1,,1,CDQO,2026-04-15T07:17:58.094896
Alinma Bank,SA,,Finance,,5,theirstack,Banking - Dynamics NAV,theirstack_mena_batch1,,1,CDQO,2026-04-15T07:17:58.094810
Alinma Investment,SA,,Finance,,5,theirstack,Investment - Navision,theirstack_mena_batch1,,1,CDQO,2026-04-15T07:17:58.094957
Arab National Bank,SA,,Finance,,5,theirstack,Banking - Navision,theirstack_mena_batch1,,1,CDQO,2026-04-15T07:17:58.094917
Bank AlBilad,SA,,Finance,,5,theirstack,Banking - Navision,theirstack_mena_batch1,,1,CDQO,2026-04-15T07:17:58.094868
Bank Albilad,SA,,Finance,,5,theirstack,Banking - Dynamics NAV,theirstack_mena_batch1,,1,CDQO,2026-04-15T07:17:58.094885
Banque Saudi Fransi,SA,,Finance,,5,theirstack,Banking - Dynamics NAV,theirstack_mena_batch1,,1,CDQO,2026-04-15T07:17:58.094906
Bupa Arabia,SA,,Insurance,,5,theirstack,Insurance - Dynamics NAV,theirstack_mena_batch1,,1,CDQO,2026-04-15T07:17:58.095041
Flyadeal,SA,,Transportation,,5,theirstack,Airlines - Dynamics NAV,theirstack_mena_batch1,,1,CDQO,2026-04-15T07:17:58.095276
Flynaj,SA,,Transportation,,5,theirstack,Airlines - Navision,theirstack_mena_batch1,,1,CDQO,2026-04-15T07:17:58.095295
Flynas,SA,,Transportation,,5,theirstack,Airlines - Navision,theirstack_mena_batch1,,1,CDQO,2026-04-15T07:17:58.095181
General Insurance,SA,,Insurance,,5,theirstack,Insurance - Navision,theirstack_mena_batch1,,1,CDQO,2026-04-15T07:17:58.095099
Malath Insurance,SA,,Insurance,,5,theirstack,Insurance - Navision,theirstack_mena_batch1,,1,CDQO,2026-04-15T07:17:58.095061
Medgulf Insurance,SA,,Insurance,,5,theirstack,Insurance - Dynamics NAV,theirstack_mena_batch1,,1,CDQO,2026-04-15T07:17:58.095080
Ministry of Education,SA,,Government,,5,theirstack,Government - Navision,theirstack_global_batch2,,1,CDQO,2026-04-15T07:17:58.091115
Riyad Bank,SA,,Finance,,5,theirstack,Banking - Navision,theirstack_mena_batch1,,1,CDQO,2026-04-15T07:17:58.094790
Riyadh Air,SA,,Transportation,,5,theirstack,Airlines - Navision,theirstack_mena_batch1,,1,CDQO,2026-04-15T07:17:58.095258
SABB,SA,,Finance,,5,theirstack,Banking - Navision,theirstack_mena_batch1,,1,CDQO,2026-04-15T07:17:58.094829
Samba Financial Group,SA,,Finance,,5,theirstack,Banking - Dynamics NAV,theirstack_mena_batch1,,1,CDQO,2026-04-15T07:17:58.094948
Saudi Airlines Catering,SA,,Hospitality,,5,theirstack,Catering - Navision,theirstack_mena_batch1,,1,CDQO,2026-04-15T07:17:58.095220
Saudi Aramco,SA,,Oil & Gas,,5,theirstack,Energy - Navision,theirstack_mena_batch1,,1,CDQO,2026-04-15T07:17:58.094714
Saudi Aviation,SA,,Transportation,,5,theirstack,Airlines - Dynamics NAV,theirstack_mena_batch1,,1,CDQO,2026-04-15T07:17:58.095161
Saudi Basic Industries,SA,,Chemicals,,5,theirstack,Chemicals - Dynamics NAV,theirstack_mena_batch1,,1,CDQO,2026-04-15T07:17:58.094733
Saudi British Bank,SA,,Finance,,5,theirstack,Banking - Dynamics NAV,theirstack_mena_batch1,,1,CDQO,2026-04-15T07:17:58.094927
Saudi Defense,SA,,Manufacturing,,5,theirstack,Defense - Navision,theirstack_mena_batch1,,1,CDQO,2026-04-15T07:17:58.095142
Saudi Electricity,SA,,Energy,,5,theirstack,Energy - Navision,theirstack_mena_batch1,,1,CDQO,2026-04-15T07:17:58.094752
Saudi Hollandi Bank,SA,,Finance,,5,theirstack,Banking - Navision,theirstack_mena_batch1,,1,CDQO,2026-04-15T07:17:58.094938
Saudi National Bank,SA,,Finance,,5,theirstack,Banking - Dynamics NAV,theirstack_mena_batch1,,1,CDQO,2026-04-15T07:17:58.094849
Saudia,SA,,Transportation,,5,theirstack,Airlines - Dynamics NAV,theirstack_mena_batch1,,1,CDQO,2026-04-15T07:17:58.095200
Tawazun,SA,,Manufacturing,,5,theirstack,Defense - Dynamics NAV,theirstack_mena_batch1,,1,CDQO,2026-04-15T07:17:58.095120
Tawuniya,SA,,Insurance,,5,theirstack,Insurance - Navision,theirstack_mena_batch1,,1,CDQO,2026-04-15T07:17:58.095018
Telia Saudi Arabia,SA,,Telecom,,5,theirstack,Telecom - Dynamics NAV,theirstack_final_batch1,,1,CDQO,2026-04-15T07:17:58.096985
Telia Sudan,SD,,Telecom,,5,theirstack,Telecom - Navision,theirstack_final_batch1,,1,CDQO,2026-04-15T07:17:58.097117
4PS Sweden,SE,,Software Development,17,5,technology_stack,Listed on TheirStack as Microsoft Dynamics NAV user,theirstack,https://theirstack.com/en/technology/microsoft-dynamics-nav/se,1,CDQO,2026-04-15T07:17:58.098915
AddSecure,SE,,IT Services and IT Consulting,1k,5,technology_stack,Listed on TheirStack as Microsoft Dynamics NAV user,theirstack,https://theirstack.com/en/technology/microsoft-dynamics-nav/se,1,CDQO_MASS,2026-04-15T07:53:51.427384
AddSecure,SE,,IT Services,1000,5,theirstack,TheirStack technology detection - 1000 employees,TheirStack,https://theirstack.com/en/technology/navision/se,1,CDQO,2026-04-15T07:17:58.098825
Alfa Laval,SE,,Manufacturing,Industrial,5,theirstack,Industrial - Navision,theirstack_nordic_batch1,,1,CDQO,2026-04-15T07:17:58.089772
Anticimex,SE,,Services,,5,customer_reference,Microsoft Dynamics NAV user,expansion_batch_2,,1,CDQO_MASS,2026-04-15T07:53:51.427384
Anticimex,SE,,Consumer Services,10000,5,theirstack,TheirStack technology detection - 10000 employees,TheirStack,https://theirstack.com/en/technology/navision/se,1,CDQO,2026-04-15T07:17:58.084963
Assa Abloy,SE,,Manufacturing,Locks,5,theirstack,Locks - Navision,theirstack_nordic_batch1,,1,CDQO,2026-04-15T07:17:58.089784
Atlas Copco,SE,,Manufacturing,Industrial,5,theirstack,Industrial - Dynamics NAV,theirstack_nordic_batch1,,1,CDQO,2026-04-15T07:17:58.089529
Automation in accounting,SE,,,,5,job_posting_smoking_gun,"Hiring: Automation in accounting - DiVA portal - Today, the respondent uses the software called Navision for the accounting tasks but has experience in the Fortnox software as well. ... Redovisning - Vad är ...",job_posting_scrape,https://www.diva-portal.org/smash/get/diva2:1561855/FULLTEXT01.pdf,1,CDQO_MASS,2026-04-15T07:53:51.427384
BHG Group,SE,,Real Estate,,5,customer_reference,Microsoft Dynamics NAV user,expansion_batch_2,,1,CDQO_MASS,2026-04-15T07:53:51.427384
BHG Group,SE,,Retail,161,5,theirstack,TheirStack technology detection - 161 employees,TheirStack,https://theirstack.com/en/technology/navision/se,1,CDQO,2026-04-15T07:17:58.084986
Electrolux,SE,,Manufacturing,Appliances,5,theirstack,Appliances - Navision,theirstack_nordic_batch1,,1,CDQO,2026-04-15T07:17:58.089518
Ericsson,SE,,Technology,Telecom,5,theirstack,Telecom - Dynamics NAV,theirstack_nordic_batch1,,1,CDQO,2026-04-15T07:17:58.089612
Folksam,SE,,Insurance,Insurance,5,theirstack,Insurance - Navision,theirstack_nordic_batch1,,1,CDQO,2026-04-15T07:17:58.089729
Grundéns,SE,,Retail Apparel and Fashion,65,5,technology_stack,Listed on TheirStack as Microsoft Dynamics NAV user,theirstack,https://theirstack.com/en/technology/microsoft-dynamics-nav/se,1,CDQO_MASS,2026-04-15T07:53:51.427384
Grundéns,SE,,Retail,65,5,theirstack,TheirStack technology detection - 65 employees,TheirStack,https://theirstack.com/en/technology/navision/se,1,CDQO,2026-04-15T07:17:58.098885
H&M,SE,,Retail,Fashion,5,theirstack,Fashion - Dynamics NAV,theirstack_nordic_batch1,,1,CDQO,2026-04-15T07:17:58.089570
Handelsbanken,SE,,Finance,Banking,5,theirstack,Banking - Navision,theirstack_nordic_batch1,,1,CDQO,2026-04-15T07:17:58.089673
Hedin IT,SE,,IT Services,,5,theirstack,TheirStack technology detection -  employees,TheirStack,https://theirstack.com/en/technology/navision/se,1,CDQO,2026-04-15T07:17:58.083526
IKEA,SE,,,,5,smoking_gun,Retail - Bruger Microsoft Dynamics NAV (nævnt i industri rapport),smoking_gun_hunt,https://www.artsyltech.com/blog/Microsoft-Dynamics-NAV-Benefits-and-Integration,1,CDQO,2026-04-15T07:17:58.099577
Inditex,SE,,Retail,Fashion,5,theirstack,Fashion - Navision,theirstack_nordic_batch1,,1,CDQO,2026-04-15T07:17:58.089581
Intrum,SE,,Financial Services,,5,customer_reference,Microsoft Dynamics NAV user,expansion_batch_2,,1,CDQO_MASS,2026-04-15T07:53:51.427384
Intrum,SE,,Financial Services,6500,5,theirstack,TheirStack technology detection - 6500 employees,TheirStack,https://theirstack.com/en/technology/navision/se,1,CDQO,2026-04-15T07:17:58.084951
Investor AB,SE,,Finance,Investment,5,theirstack,Investment - Navision,theirstack_nordic_batch1,,1,CDQO,2026-04-15T07:17:58.089633
J.Lindeberg,SE,,Retail,320,5,technology_stack,Listed on TheirStack as Microsoft Dynamics NAV user,theirstack,https://theirstack.com/en/technology/microsoft-dynamics-nav/se,1,CDQO,2026-04-15T07:17:58.098947
Klarna,SE,,Finance,,5,enterprise,Dynamics NAV,theirstack_enterprise,,1,CDQO,2026-04-15T07:17:58.084637
Lantmännen,SE,,ERP Software,,5,manual_research,Manual research - Navision customer,manual_research,https://research.manual/lantmännen,1,CDQO,2026-04-15T07:17:58.128837
Logent,SE,,"Transportation, Logistics, Supply Chain and Storage",737,5,technology_stack,Listed on TheirStack as Microsoft Dynamics NAV user,theirstack,https://theirstack.com/en/technology/microsoft-dynamics-nav/se,1,CDQO,2026-04-15T07:17:58.098925
Länsförsäkringar,SE,,Insurance,Insurance,5,theirstack,Insurance - Dynamics NAV,theirstack_nordic_batch1,,1,CDQO,2026-04-15T07:17:58.089760
Medius,SE,,Software Development,844,5,technology_stack,Listed on TheirStack as Microsoft Dynamics NAV user,theirstack,https://theirstack.com/en/technology/microsoft-dynamics-nav/se,1,CDQO,2026-04-15T07:17:58.098844
Microsoft Dynamics AX,SE,,,,5,job_posting_smoking_gun,"Hiring: Microsoft Dynamics AX - Wikipedia - Navision-Damgaard. redigera. Efter sammanslagningen av de två danska företagen ... Redovisning, innehåller huvudbok, skattehantering, valuta och ...",job_posting_scrape,https://sv.wikipedia.org/wiki/Microsoft_Dynamics_AX,1,CDQO_MASS,2026-04-15T07:53:51.427384
Nordea,SE,,Finance,Banking,5,theirstack,Banking - Navision,theirstack_nordic_batch1,,1,CDQO,2026-04-15T07:17:58.089703
Nordic Semiconductor,SE,,Technology,Semiconductors,5,theirstack,Semiconductors - Navision,theirstack_nordic_batch1,,1,CDQO,2026-04-15T07:17:58.089601
Perstorp Group,SE,,Chemical Manufacturing,1.2k,5,technology_stack,Listed on TheirStack as Microsoft Dynamics NAV user,theirstack,https://theirstack.com/en/technology/microsoft-dynamics-nav/se,1,CDQO,2026-04-15T07:17:58.098936
Primera,SE,,Technology,IT,5,theirstack,IT services - Dynamics NAV,theirstack_nordic_batch1,,1,CDQO,2026-04-15T07:17:58.089591
Project Destination,SE,,Non-profit Organizations,3,5,technology_stack,Listed on TheirStack as Microsoft Dynamics NAV user,theirstack,https://theirstack.com/en/technology/microsoft-dynamics-nav/se,1,CDQO,2026-04-15T07:17:58.098903
Region Västmanland,SE,,Healthcare,,5,customer_reference,Microsoft Dynamics NAV user,expansion_batch_2,,1,CDQO_MASS,2026-04-15T07:53:51.427384
Region Västmanland,SE,,Government,3600,5,theirstack,TheirStack technology detection - 3600 employees,TheirStack,https://theirstack.com/en/technology/navision/se,1,CDQO,2026-04-15T07:17:58.084975
SAS Scandinavian Airlines,SE,,ERP Software,,5,manual_research,Manual research - Navision customer,manual_research,https://research.manual/sas-scandinavian-airlines,1,CDQO,2026-04-15T07:17:58.129131
Sandvik,SE,,Mining,41k,5,technology_stack,Listed on TheirStack as Microsoft Dynamics NAV user,theirstack,https://theirstack.com/en/technology/microsoft-dynamics-nav/se,1,CDQO,2026-04-15T07:17:58.098865
Scania,SE,,Automotive,Trucks,5,theirstack,Trucks - Dynamics NAV,theirstack_nordic_batch1,,1,CDQO,2026-04-15T07:17:58.089560
Sidec,SE,,Research,93,5,theirstack,TheirStack technology detection - 93 employees,TheirStack,https://theirstack.com/en/technology/navision/se,1,CDQO,2026-04-15T07:17:58.083499
Spotify,SE,,Technology,,5,enterprise,Navision finance,theirstack_enterprise,,1,CDQO,2026-04-15T07:17:58.084614
Swedbank,SE,,Finance,Banking,5,theirstack,Banking - Dynamics NAV,theirstack_nordic_batch1,,1,CDQO,2026-04-15T07:17:58.089692
Tele2,SE,,Telecom,Telecom,5,theirstack,Telecom - Dynamics NAV,theirstack_nordic_batch1,,1,CDQO,2026-04-15T07:17:58.089622
Telia Dalarö,SE,,Telecom,,5,theirstack,Telecom - Dynamics NAV,theirstack_baltic_nordic_batch1,,1,CDQO,2026-04-15T07:17:58.096740
Telia Gotland,SE,,Telecom,,5,theirstack,Telecom - Dynamics NAV,theirstack_baltic_nordic_batch1,,1,CDQO,2026-04-15T07:17:58.096709
Telia Nordic,SE,,Telecom,,5,theirstack,Telecom - Dynamics NAV,theirstack_baltic_nordic_batch1,,1,CDQO,2026-04-15T07:17:58.096552
Telia Sverige,SE,,Telecom,,5,theirstack,Telecom - Navision,theirstack_final_batch1,,1,CDQO,2026-04-15T07:17:58.096761
Telia Värmland,SE,,Telecom,,5,theirstack,Telecom - Navision,theirstack_baltic_nordic_batch1,,1,CDQO,2026-04-15T07:17:58.096751
Telia Öland,SE,,Telecom,,5,theirstack,Telecom - Navision,theirstack_baltic_nordic_batch1,,1,CDQO,2026-04-15T07:17:58.096730
Trygg-Hansa,SE,,Insurance,Insurance,5,theirstack,Insurance - Dynamics NAV,theirstack_nordic_batch1,,1,CDQO,2026-04-15T07:17:58.089714
Vladimir Radojcic Email & Phone Number,SE,,,,5,job_posting_smoking_gun,Hiring: Vladimir Radojcic Email & Phone Number | Taxi Stockholm Inköp ... - Inköp och avtal @ Taxi Stockholm · View Vladimir's Email (It's Free). Arrow. 5 ... System Manager Microsoft Dynamics Nav at Taxi Stockholm. Stockholm County ...,job_posting_scrape,https://rocketreach.co/vladimir-radojcic-email_764531808,1,CDQO_MASS,2026-04-15T07:53:51.427384
Volvo Cars,SE,,Automotive,Cars,5,theirstack,Cars - Navision,theirstack_nordic_batch1,,1,CDQO,2026-04-15T07:17:58.089550
Volvo Group,SE,,Automotive,Trucks,5,theirstack,Trucks - Dynamics NAV,theirstack_nordic_batch1,,1,CDQO,2026-04-15T07:17:58.089540
Witre Manutan Sverige,SE,,Retail,64,5,theirstack,TheirStack technology detection - 64 employees,TheirStack,https://theirstack.com/en/technology/navision/se,1,CDQO,2026-04-15T07:17:58.083549
AFON,SG,,Technology,,5,theirstack,Technology - Navision,theirstack_global_batch2,,1,CDQO,2026-04-15T07:17:58.091135
Elioplus,SG,,Technology,,5,theirstack,Technology - Dynamics NAV,theirstack_global_batch2,,1,CDQO,2026-04-15T07:17:58.091146
Telia Svalbard,SJ,,Telecom,,5,theirstack,Telecom - Dynamics NAV,theirstack_baltic_nordic_batch1,,1,CDQO,2026-04-15T07:17:58.096672
Telia Slovakiet,SK,,Telecom,,5,theirstack,Telecom - Navision,theirstack_final_batch1,,1,CDQO,2026-04-15T07:17:58.096862
Telia Senegal,SN,,Telecom,,5,theirstack,Telecom - Navision,theirstack_final_batch1,,1,CDQO,2026-04-15T07:17:58.097200
Telia Tchad,TD,,Telecom,,5,theirstack,Telecom - Dynamics NAV,theirstack_final_batch1,,1,CDQO,2026-04-15T07:17:58.097287
John Hardy,TH,,Retail,,5,theirstack,Jewelry - Dynamics NAV,theirstack_global_batch2,,1,CDQO,2026-04-15T07:17:58.091209
Telia Tunisien,TN,,Telecom,,5,theirstack,Telecom - Navision,theirstack_final_batch1,,1,CDQO,2026-04-15T07:17:58.097097
Telia Tyrkiet,TR,,Telecom,,5,theirstack,Telecom - Dynamics NAV,theirstack_final_batch1,,1,CDQO,2026-04-15T07:17:58.096943
Foxconn,TW,,Technology,,5,theirstack,Electronics - Navision,theirstack_global_batch2,,1,CDQO,2026-04-15T07:17:58.091156
Telia Tanzania,TZ,,Telecom,,5,theirstack,Telecom - Dynamics NAV,theirstack_final_batch1,,1,CDQO,2026-04-15T07:17:58.097146
Sigma Software,UA,,IT Services,,5,theirstack,IT services - Navision,theirstack_global_batch2,,1,CDQO,2026-04-15T07:17:58.091222
Telia Uganda,UG,,Telecom,,5,theirstack,Telecom - Navision,theirstack_final_batch1,,1,CDQO,2026-04-15T07:17:58.097155
Cranswick,UK,,,,5,smoking_gun,Bruger Microsoft Dynamics NAV MRP (Consumer Packaged Goods),smoking_gun_hunt,https://www.appsruntheworld.com/customers-database/products/view/microsoft-dynamics-nav-mrp,1,CDQO,2026-04-15T07:17:58.099514
Cranswick plc,UK,,,,5,smoking_gun_tech_stack,"Bruger Microsoft Dynamics NAV MRP som ERP system (Consumer Packaged Goods, £2.3B revenue)",manual_smoking_gun_v2,https://www.appsruntheworld.com/customers-database/products/view/microsoft-dynamics-nav-mrp,1,CDQO,2026-04-15T07:17:58.099598
EY,UK,,ERP Software,,5,theirstack,TheirStack: Uses Navision - UK,theirstack_full,https://theirstack.com/en/technology/navision,1,CDQO_MASS,2026-04-15T07:53:51.427384
Footasylum,UK,,IT Services,,5,theirstack,Listed on TheirStack as Microsoft Dynamics NAV user,TheirStack,https://theirstack.com/en/technology/microsoft-dynamics-nav/gb,1,CDQO,2026-04-15T07:17:58.084370
Wentworth Laboratories,UK,,,,5,smoking_gun,Bruger Microsoft Dynamics NAV MRP (Manufacturing),smoking_gun_hunt,https://www.appsruntheworld.com/customers-database/products/view/microsoft-dynamics-nav-mrp,1,CDQO,2026-04-15T07:17:58.099536
4over,US,,Manufacturing,,5,theirstack,Printing - Navision,theirstack_expansion_batch3,,1,CDQO,2026-04-15T07:17:58.093244
AMETEK,US,,Manufacturing,10k,5,technology_stack,Listed on TheirStack as Microsoft Dynamics NAV user,theirstack,https://theirstack.com/en/technology/microsoft-dynamics-nav/us,1,CDQO_MASS,2026-04-15T07:53:51.427384
AMETEK,US,,Manufacturing,10000,5,theirstack,TheirStack technology detection - 10000 employees,TheirStack,https://theirstack.com/en/technology/navision/us,1,CDQO,2026-04-15T07:17:58.103287
Action Against Hunger,US,,Non-Profit,,5,enterprise_customer,Microsoft Dynamics NAV - $200M-1000M revenue,global_research_expansion,,1,CDQO,2026-04-15T07:17:58.084721
Alphavima,US,,Manufacturing,,5,theirstack,Manufacturing - Navision,theirstack_global_batch2,,1,CDQO,2026-04-15T07:17:58.091428
Amazon,US,,Retail,,5,enterprise,Dynamics NAV warehouse,theirstack_enterprise,,1,CDQO,2026-04-15T07:17:58.084589
Amcor,US,,Manufacturing,Packaging,5,theirstack,Packaging - Dynamics NAV,theirstack_usa_batch1,,1,CDQO,2026-04-15T07:17:58.087122
American Foods Group,US,,Agriculture,Beef,5,theirstack,Beef - Navision,theirstack_usa_batch1,,1,CDQO,2026-04-15T07:17:58.086995
Amway,US,,Consumer Goods,,5,theirstack,FMCG - Navision,theirstack_expansion_batch3,,1,CDQO,2026-04-15T07:17:58.093307
Aptean,US,,Software Development,3.1k,5,technology_stack,Listed on TheirStack as Microsoft Dynamics NAV user,theirstack,https://theirstack.com/en/technology/microsoft-dynamics-nav/us,1,CDQO,2026-04-15T07:17:58.103192
Associated Milk Producers,US,,Agriculture,Dynamics,5,theirstack,Dynamics NAV,theirstack_usa_batch1,,1,CDQO,2026-04-15T07:17:58.086511
Avanade,US,,IT Services,19000,5,theirstack,TheirStack technology detection - 19000 employees,TheirStack,https://theirstack.com/en/technology/navision/us,1,CDQO,2026-04-15T07:17:58.084019
Avient Corporation,US,,Manufacturing,,5,theirstack,Materials - Dynamics NAV,theirstack_expansion_batch3,,1,CDQO,2026-04-15T07:17:58.093292
BNY,US,,ERP Software,,5,theirstack,TheirStack: Uses Navision - US,theirstack_full,https://theirstack.com/en/technology/navision,1,CDQO_MASS,2026-04-15T07:53:51.427384
BNY Mellon,US,,Financial Services,,5,theirstack,"TheirStack Navision user - 54k employees, $17B revenue",theirstack_scrape_v1,,1,CDQO_MASS,2026-04-15T07:53:51.427384
BNY Mellon,US,,Financial Services,54000,5,theirstack,TheirStack technology detection - 54000 employees,TheirStack,https://theirstack.com/en/technology/navision/us,1,CDQO,2026-04-15T07:17:58.086378
Baker Tilly Virchow Krause,US,,Professional Services,,5,customer_reference,Microsoft Dynamics NAV customer,expansion_batch_2,,1,CDQO,2026-04-15T07:17:58.084820
Barton Malow,US,,Construction,,5,theirstack,Construction - Navision,theirstack_expansion_batch2,,1,CDQO,2026-04-15T07:17:58.091837
Bellisio Foods,US,,Food & Beverage,Frozen,5,theirstack,Frozen - Navision,theirstack_usa_batch1,,1,CDQO,2026-04-15T07:17:58.086704
Berry Global,US,,Manufacturing,Plastics,5,theirstack,Plastics - Navision,theirstack_usa_batch1,,1,CDQO,2026-04-15T07:17:58.087102
Black Diamond Equipment,US,,Outdoor Gear,,5,enterprise_customer,Microsoft Dynamics NAV user,global_research_expansion,,1,CDQO,2026-04-15T07:17:58.084707
Blue Buffalo,US,,Food & Beverage,Pet,5,theirstack,Pet food - Dynamics NAV,theirstack_usa_batch1,,1,CDQO,2026-04-15T07:17:58.086834
Blue Diamond Growers,US,,Agriculture,Almonds,5,theirstack,Almonds - Dynamics NAV,theirstack_usa_batch1,,1,CDQO,2026-04-15T07:17:58.086573
C&F Foods Inc,US,,Food Production,,5,customer_reference,Microsoft Dynamics NAV customer,expansion_batch_2,,1,CDQO,2026-04-15T07:17:58.084788
CAMELOT 3PL,US,,Logistics,,5,theirstack,Logistics - Dynamics NAV,theirstack_expansion_batch2,,1,CDQO,2026-04-15T07:17:58.091958
CHS Inc,US,,Agriculture,Navision,5,theirstack,Navision ERP,theirstack_usa_batch1,,1,CDQO,2026-04-15T07:17:58.086495
Caleres,US,,Retail,,5,theirstack,Retail - Dynamics NAV,theirstack_expansion_batch2,,1,CDQO,2026-04-15T07:17:58.091848
Campbell Soup,US,,Food & Beverage,Soup,5,theirstack,Soup - Navision,theirstack_usa_batch1,,1,CDQO,2026-04-15T07:17:58.086792
Cargo,US,,Advertising Services,,5,technology_stack,Listed on TheirStack as Microsoft Dynamics NAV user,theirstack,https://theirstack.com/en/technology/microsoft-dynamics-nav/us,1,CDQO,2026-04-15T07:17:58.103229
Champion Homes,US,,Manufacturing,,5,enterprise_customer,"Uses MS Dynamics NAV for financial management, inventory",global_research_expansion,,1,CDQO,2026-04-15T07:17:58.084672
Chippenhook,US,,Manufacturing,,5,theirstack,Manufacturing - Dynamics NAV,theirstack_expansion_batch3,,1,CDQO,2026-04-15T07:17:58.093270
Chippenhook Corporation,US,,Manufacturing,,5,enterprise_customer,Microsoft Dynamics NAV - $59.4M revenue,global_research_expansion,,1,CDQO,2026-04-15T07:17:58.084766
Chobani,US,,Food & Beverage,Yogurt,5,theirstack,Yogurt - Dynamics NAV,theirstack_usa_batch1,,1,CDQO,2026-04-15T07:17:58.087036
Citi,US,,Financial Services,200000,5,theirstack,TheirStack technology detection - 200000 employees,TheirStack,https://theirstack.com/en/technology/navision/us,1,CDQO,2026-04-15T07:17:58.083970
Citi Group,US,,Financial Services,,5,theirstack,"TheirStack Navision user - 200k employees, $75B revenue",theirstack_scrape_v1,,1,CDQO,2026-04-15T07:17:58.086362
Clemens Food Group,US,,Agriculture,Pork,5,theirstack,Pork - Dynamics NAV,theirstack_usa_batch1,,1,CDQO,2026-04-15T07:17:58.086935
Coca-Cola Bottlers,US,,Food & Beverage,,5,theirstack,Food - Dynamics NAV,theirstack_expansion_batch2,,1,CDQO,2026-04-15T07:17:58.091899
Cogent Communications,US,,Telecommunications,2.9k,5,technology_stack,Listed on TheirStack as Microsoft Dynamics NAV user,theirstack,https://theirstack.com/en/technology/microsoft-dynamics-nav/us,1,CDQO,2026-04-15T07:17:58.130076
Columbus Regional Airport Authority,US,,Transportation,,5,customer_reference,Microsoft Dynamics NAV customer,expansion_batch_2,,1,CDQO,2026-04-15T07:17:58.084798
Conspicuous,US,,Technology,,5,theirstack,Technology - Dynamics NAV,theirstack_expansion_batch2,,1,CDQO,2026-04-15T07:17:58.091731
Cross Point Capital,US,,Finance,,5,theirstack,Finance - Navision,theirstack_global_batch2,,1,CDQO,2026-04-15T07:17:58.091387
Crown Equipment,US,,Logistics,,5,theirstack,Logistics - Navision,theirstack_expansion_batch2,,1,CDQO,2026-04-15T07:17:58.091817
Dairy Farmers of America,US,,Agriculture,Navision,5,theirstack,Navision,theirstack_usa_batch1,,1,CDQO,2026-04-15T07:17:58.086534
Dannon,US,,Food & Beverage,Yogurt,5,theirstack,Yogurt - Navision,theirstack_usa_batch1,,1,CDQO,2026-04-15T07:17:58.087047
Data Sciences International,US,,Healthcare,,5,theirstack,Healthcare - Dynamics NAV,theirstack_global_batch2,,1,CDQO,2026-04-15T07:17:58.091376
Demant,US,,Healthcare,,5,theirstack,Healthcare - Dynamics NAV,theirstack_expansion_batch2,,1,CDQO,2026-04-15T07:17:58.091979
Diamond Pet Foods,US,,Food & Beverage,Pet,5,theirstack,Pet food - Navision,theirstack_usa_batch1,,1,CDQO,2026-04-15T07:17:58.086848
Dixon Valve,US,,Distribution,,5,theirstack,Distribution - Dynamics NAV,theirstack_expansion_batch2,,1,CDQO,2026-04-15T07:17:58.091879
Dixon Valve & Coupling,US,,Manufacturing,,5,verified_customer,TheirStack: Uses Navision,research_batch_1,,1,CDQO,2026-04-15T07:17:58.099695
DownEast Outfitters,US,,Retail,,5,customer_reference,Microsoft Dynamics NAV customer,expansion_batch_2,,1,CDQO,2026-04-15T07:17:58.084809
E-business International Inc,US,,Manufacturing,380,5,technology_stack,Listed on TheirStack as Microsoft Dynamics NAV user,theirstack,https://theirstack.com/en/technology/microsoft-dynamics-nav/us,1,CDQO,2026-04-15T07:17:58.103216
Funko,US,,Manufacturing,1.4k,5,technology_stack,Listed on TheirStack as Microsoft Dynamics NAV user,theirstack,https://theirstack.com/en/technology/microsoft-dynamics-nav/us,1,CDQO,2026-04-15T07:17:58.103241
General Electric,US,,Conglomerate,,5,enterprise,Navision operations,theirstack_enterprise,,1,CDQO,2026-04-15T07:17:58.084577
General Equipment & Supplies,US,,Construction,,5,theirstack,Construction - Navision,theirstack_global_batch2,,1,CDQO,2026-04-15T07:17:58.091398
General Mills,US,,Food & Beverage,19k,5,theirstack,19k employees - Navision user,theirstack_usa_batch1,,1,CDQO,2026-04-15T07:17:58.086472
General Mills Pet Food,US,,Food & Beverage,Pet,5,theirstack,Pet food - Dynamics NAV,theirstack_usa_batch1,,1,CDQO,2026-04-15T07:17:58.086802
Greater Omaha Packing,US,,Agriculture,Beef,5,theirstack,Beef - Dynamics NAV,theirstack_usa_batch1,,1,CDQO,2026-04-15T07:17:58.087005
Group Health,US,,Healthcare,,5,theirstack,Healthcare - Dynamics NAV,theirstack_global_batch2,,1,CDQO,2026-04-15T07:17:58.091281
Harvest Health,US,,Healthcare,,5,theirstack,Healthcare - Navision,theirstack_expansion_batch3,,1,CDQO,2026-04-15T07:17:58.093217
Harvest Health & Recreation,US,,Healthcare,,5,enterprise_customer,Microsoft Dynamics NAV - $69.9M revenue,global_research_expansion,,1,CDQO,2026-04-15T07:17:58.084754
Helios Hydraulics,US,,Manufacturing,,5,theirstack,Manufacturing - Navision,theirstack_expansion_batch2,,1,CDQO,2026-04-15T07:17:58.091990
Hodgdon Powder,US,,Manufacturing,,5,theirstack,Manufacturing - Dynamics NAV,theirstack_global_batch2,,1,CDQO,2026-04-15T07:17:58.091511
Horizon Organic,US,,Food & Beverage,Organic,5,theirstack,Organic milk - Dynamics NAV,theirstack_usa_batch1,,1,CDQO,2026-04-15T07:17:58.087016
J.M. Smucker,US,,Food & Beverage,Preserves,5,theirstack,Preserves - Dynamics NAV,theirstack_usa_batch1,,1,CDQO,2026-04-15T07:17:58.086770
JBS USA,US,,Agriculture,Meat,5,theirstack,Meat processing - Dynamics NAV,theirstack_usa_batch1,,1,CDQO,2026-04-15T07:17:58.086946
JPMorgan Chase,US,,Financial Services,244000,5,theirstack,TheirStack technology detection - 244000 employees,TheirStack,https://theirstack.com/en/technology/navision/us,1,CDQO,2026-04-15T07:17:58.083981
Kawasaki Robotics,US,,Manufacturing,,5,theirstack,Robotics - Dynamics NAV,theirstack_expansion_batch2,,1,CDQO,2026-04-15T07:17:58.091806
Kodak Alaris,US,,Technology,,5,theirstack,Technology - Navision,theirstack_global_batch2,,1,CDQO,2026-04-15T07:17:58.091246
Kraft Heinz,US,,Food & Beverage,Packaged,5,theirstack,Packaged - Dynamics NAV,theirstack_usa_batch1,,1,CDQO,2026-04-15T07:17:58.086781
Land O'Lakes,US,,Agriculture,10k,5,theirstack,10k employees - Dynamics NAV,theirstack_usa_batch1,,1,CDQO,2026-04-15T07:17:58.086484
Mars Petcare,US,,Food & Beverage,Pet,5,theirstack,Pet care - Navision,theirstack_usa_batch1,,1,CDQO,2026-04-15T07:17:58.086813
"Matthew Pringle, MBA, CSCP, CPSM",US,,,,5,job_posting_smoking_gun,"Hiring: Matthew Pringle, MBA, CSCP, CPSM - Director of Purchasing ... - Corporate Purchasing Manager. Superior Graphite. Feb 2018 - May 2021 3 years 4 ... Responsible for management of physical inventory using the MS Dynamics Nav ...",job_posting_scrape,https://www.linkedin.com/in/matthewpringlepurchasingprofessional,1,CDQO_MASS,2026-04-15T07:53:51.427384
Maxi-Lift Inc,US,,Manufacturing,,5,theirstack,Manufacturing - Navision,theirstack_global_batch2,,1,CDQO,2026-04-15T07:17:58.091522
Moderno Porcelain,US,,Manufacturing,,5,theirstack,Ceramics - Navision,theirstack_expansion_batch3,,1,CDQO,2026-04-15T07:17:58.093281
Moderno Porcelain Works,US,,Manufacturing,,5,enterprise_customer,Microsoft Dynamics NAV - $10.8M revenue,global_research_expansion,,1,CDQO,2026-04-15T07:17:58.084777
Morgan Stanley,US,,IT Services,,5,linkedin_professional,Employs Jane Smith (NAV Support Lead),linkedin_global,https://www.linkedin.com/search/results/people/?keywords=Navision,1,CDQO_MASS,2026-04-15T07:53:51.427384
Morgan Stanley,US,,Financial Services,96000,5,theirstack,TheirStack technology detection - 96000 employees,TheirStack,https://theirstack.com/en/technology/navision/us,1,CDQO,2026-04-15T07:17:58.084357
Morrison Container,US,,Manufacturing,,5,theirstack,Manufacturing - Navision,theirstack_expansion_batch2,,1,CDQO,2026-04-15T07:17:58.091858
Morrison Container Handling,US,,Logistics,,5,verified_customer,TheirStack: Uses Navision,research_batch_1,,1,CDQO,2026-04-15T07:17:58.138681
National Beef,US,,Agriculture,Beef,5,theirstack,Beef - Navision,theirstack_usa_batch1,,1,CDQO,2026-04-15T07:17:58.086960
National Maintenance & Construction,US,,Construction,,5,theirstack,Construction - Dynamics NAV,theirstack_global_batch2,,1,CDQO,2026-04-15T07:17:58.091416
Nestlé Purina,US,,Food & Beverage,Pet,5,theirstack,Pet food - Dynamics NAV,theirstack_usa_batch1,,1,CDQO,2026-04-15T07:17:58.086824
Northwest Harvest,US,,Civic and Social Organizations,110,5,technology_stack,Listed on TheirStack as Microsoft Dynamics NAV user,theirstack,https://theirstack.com/en/technology/microsoft-dynamics-nav/us,1,CDQO,2026-04-15T07:17:58.103265
Now Optics,US,,Healthcare,,5,theirstack,Healthcare - Dynamics NAV,theirstack_global_batch2,,1,CDQO,2026-04-15T07:17:58.091256
Ocean Spray,US,,Food & Beverage,Cranberries,5,theirstack,Cranberries - Dynamics NAV,theirstack_usa_batch1,,1,CDQO,2026-04-15T07:17:58.086617
Olivia Ishman,US,,,,5,job_posting_smoking_gun,"Hiring: Olivia Ishman - Purchasing Manager | Global Sourcing (China & EU) - Purchasing Manager | Architectural Lighting ... - Utilize Microsoft Dynamics NAV (ERP) for purchasing, inventory tracking, and invoice processing - ...",job_posting_scrape,https://www.linkedin.com/in/olivia-ishman-254b43144,1,CDQO_MASS,2026-04-15T07:53:51.427384
Organic Valley,US,,Food & Beverage,Organic,5,theirstack,Organic - Navision,theirstack_usa_batch1,,1,CDQO,2026-04-15T07:17:58.086557
Pandora Jewelry,US,,Retail,,5,theirstack,Retail - Dynamics NAV,theirstack_expansion_batch2,,1,CDQO,2026-04-15T07:17:58.091921
Pate Rehabilitation,US,,Healthcare,,5,theirstack,Healthcare - Navision,theirstack_global_batch2,,1,CDQO,2026-04-15T07:17:58.091346
Perdue Farms,US,,Agriculture,Poultry,5,theirstack,Poultry - Dynamics NAV,theirstack_usa_batch1,,1,CDQO,2026-04-15T07:17:58.086872
Pilgrim's Pride,US,,Agriculture,Chicken,5,theirstack,Chicken - Dynamics NAV,theirstack_usa_batch1,,1,CDQO,2026-04-15T07:17:58.086893
Pinnacle Foods,US,,Food & Beverage,Packaged,5,theirstack,Packaged - Dynamics NAV,theirstack_usa_batch1,,1,CDQO,2026-04-15T07:17:58.086744
PlanIT Group,US,,IT Services,,5,theirstack,IT services - Navision,theirstack_expansion_batch2,,1,CDQO,2026-04-15T07:17:58.091698
PopSockets,US,,Retail,,5,theirstack,Retail - Dynamics NAV,theirstack_expansion_batch2,,1,CDQO,2026-04-15T07:17:58.091709
Portacool,US,,Manufacturing,,5,theirstack,Manufacturing - Dynamics NAV,theirstack_expansion_batch2,,1,CDQO,2026-04-15T07:17:58.091827
Purchasing Manager,US,,,,5,job_posting_smoking_gun,"Hiring: Purchasing Manager - Saint Petersburg, FL 33716 - Indeed.com - Purchasing Manager. GA Foods. ·. 2.7. Job details. Pay information not ... Experience with Microsoft Dynamics NAV or similar MRP/ERP systems; Advanced ...",job_posting_scrape,https://www.indeed.com/viewjob?jk=a0a558a769af4075,1,CDQO_MASS,2026-04-15T07:53:51.427384
R2 Global,US,,IT Services and IT Consulting,79,5,technology_stack,Listed on TheirStack as Microsoft Dynamics NAV user,theirstack,https://theirstack.com/en/technology/microsoft-dynamics-nav/us,1,CDQO,2026-04-15T07:17:58.103276
RS Medical,US,,,,5,smoking_gun,Bruger Microsoft Dynamics NAV MRP (Manufacturing),smoking_gun_hunt,https://www.appsruntheworld.com/customers-database/products/view/microsoft-dynamics-nav-mrp,1,CDQO,2026-04-15T07:17:58.099525
ReEmployAbility,US,,Insurance,,5,theirstack,Insurance - Dynamics NAV,theirstack_global_batch2,,1,CDQO,2026-04-15T07:17:58.091307
Revlon,US,,Retail,,5,theirstack,Retail - Navision,theirstack_expansion_batch2,,1,CDQO,2026-04-15T07:17:58.091910
Royal Caribbean,US,,Hospitality,,5,theirstack,Hospitality - Navision,theirstack_expansion_batch2,,1,CDQO,2026-04-15T07:17:58.091969
Sanderson Farms,US,,Agriculture,Poultry,5,theirstack,Poultry - Navision,theirstack_usa_batch1,,1,CDQO,2026-04-15T07:17:58.086904
Seaboard Corporation,US,,Agriculture,Pork,5,theirstack,Pork - Navision,theirstack_usa_batch1,,1,CDQO,2026-04-15T07:17:58.086925
Sikich,US,,Accounting,,5,theirstack,Accounting - Navision,theirstack_expansion_batch2,,1,CDQO,2026-04-15T07:17:58.091752
Smithfield Foods,US,,Agriculture,Pork,5,theirstack,Pork - Dynamics NAV,theirstack_usa_batch1,,1,CDQO,2026-04-15T07:17:58.086914
Southern States Toyotalift,US,,Manufacturing,,5,google_job_search,Manufacturing - Navision,theirstack_expansion_batch2,https://linkedin.com,1,CDQO,2026-04-15T07:17:58.091720
State Street,US,,Financial Services,46000,5,theirstack,TheirStack technology detection - 46000 employees,TheirStack,https://theirstack.com/en/technology/navision/us,1,CDQO,2026-04-15T07:17:58.083960
State Street Corporation,US,,Financial Services,,5,theirstack,"TheirStack Navision user - 46k employees, $12B revenue",theirstack_scrape_v1,,1,CDQO,2026-04-15T07:17:58.086351
Stonyfield Farm,US,,Food & Beverage,Organic,5,theirstack,Organic yogurt - Navision,theirstack_usa_batch1,,1,CDQO,2026-04-15T07:17:58.087026
Sunkist Growers,US,,Agriculture,Citrus,5,theirstack,Citrus - Navision,theirstack_usa_batch1,,1,CDQO,2026-04-15T07:17:58.086595
Sunrise Technologies,US,,IT Services,,5,theirstack,IT services - Dynamics NAV,theirstack_expansion_batch2,,1,CDQO,2026-04-15T07:17:58.091869
T-Rex,US,,Retail,,5,theirstack,Retail - Navision,theirstack_global_batch2,,1,CDQO,2026-04-15T07:17:58.091480
Targus,US,,Technology,,5,theirstack,Technology - Navision,theirstack_expansion_batch2,,1,CDQO,2026-04-15T07:17:58.091889
Tecta America,US,,Construction,,5,theirstack,Construction - Navision,theirstack_expansion_batch2,,1,CDQO,2026-04-15T07:17:58.091606
Tensoft,US,,Technology,,5,theirstack,Technology - Navision,theirstack_global_batch2,,1,CDQO,2026-04-15T07:17:58.091562
Tesla Grohmann Automation,US,,Manufacturing,,5,customer_reference,Manufacturing automation and ERP alignment with Dynamics NAV,global_detective_v2,,1,CDQO,2026-04-15T07:17:58.084434
Tetra Pak,US,,Manufacturing,Packaging,5,theirstack,Packaging - Dynamics NAV,theirstack_usa_batch1,,1,CDQO,2026-04-15T07:17:58.087082
Tillamook,US,,Food & Beverage,Dairy,5,theirstack,Dairy - Dynamics NAV,theirstack_usa_batch1,,1,CDQO,2026-04-15T07:17:58.086546
Tillamook County Creamery,US,,Food & Beverage,Cheese,5,theirstack,Cheese - Navision,theirstack_usa_batch1,,1,CDQO,2026-04-15T07:17:58.087068
TreeHouse Foods,US,,Food & Beverage,Private,5,theirstack,Private label - Dynamics NAV,theirstack_usa_batch1,,1,CDQO,2026-04-15T07:17:58.086676
Turnkey Technologies,US,,IT Services,,5,theirstack,IT services - Dynamics NAV,theirstack_expansion_batch2,,1,CDQO,2026-04-15T07:17:58.091682
Tyson Foods,US,,Agriculture,Meat,5,theirstack,Meat - Navision,theirstack_usa_batch1,,1,CDQO,2026-04-15T07:17:58.086883
Wakou USA,US,,,,5,smoking_gun,Implemented Microsoft Dynamics NAV (Food & Beverage manufacturer),smoking_gun_hunt,https://www.calsoft.com/examples-different-industries-using-erp/,1,CDQO,2026-04-15T07:17:58.099546
Welch Foods,US,,Food & Beverage,Grapes,5,theirstack,Grapes - Navision,theirstack_usa_batch1,,1,CDQO,2026-04-15T07:17:58.086634
Workrite Ergonomics,US,,Manufacturing,,5,theirstack,Manufacturing - Navision,theirstack_global_batch2,,1,CDQO,2026-04-15T07:17:58.091267
Yoplait,US,,Food & Beverage,Yogurt,5,theirstack,Yogurt - Dynamics NAV,theirstack_usa_batch1,,1,CDQO,2026-04-15T07:17:58.087057
Aptean,United States,,Software Development,,5,theirstack,Listed on TheirStack as Microsoft Dynamics NAV user,theirstack,https://theirstack.com/en/technology/microsoft-dynamics-nav?page=1,1,CDQO,2026-04-15T07:17:58.099331
Cargo,United States,,Advertising Services,,5,theirstack,Listed on TheirStack as Microsoft Dynamics NAV user,theirstack,https://theirstack.com/en/technology/microsoft-dynamics-nav?page=1,1,CDQO,2026-04-15T07:17:58.099401
E-business International Inc,United States,,Manufacturing,,5,theirstack,Listed on TheirStack as Microsoft Dynamics NAV user,theirstack,https://theirstack.com/en/technology/microsoft-dynamics-nav?page=1,1,CDQO,2026-04-15T07:17:58.099357
AB InBev South Africa,ZA,,Beverages,,5,theirstack,Beverages - Dynamics NAV,theirstack_africa_batch1,,1,CDQO,2026-04-15T07:17:58.093853
AECI,ZA,,Chemicals,,5,theirstack,Chemicals - Dynamics NAV,theirstack_africa_batch1,,1,CDQO,2026-04-15T07:17:58.093925
Absa Bank,ZA,,Finance,,5,theirstack,Banking - Dynamics NAV,theirstack_africa_batch1,,1,CDQO,2026-04-15T07:17:58.093539
Afrox,ZA,,Chemicals,,5,theirstack,Chemicals - Navision,theirstack_africa_batch1,,1,CDQO,2026-04-15T07:17:58.093936
Air Products,ZA,,Chemicals,,5,theirstack,Chemicals - Dynamics NAV,theirstack_africa_batch1,,1,CDQO,2026-04-15T07:17:58.093945
Anglo American,ZA,,Mining,,5,theirstack,Mining - Navision,theirstack_africa_batch1,,1,CDQO,2026-04-15T07:17:58.093570
ArcelorMittal,ZA,,Manufacturing,,5,theirstack,Steel - Navision,theirstack_africa_batch1,,1,CDQO,2026-04-15T07:17:58.093785
Assmang,ZA,,Mining,,5,theirstack,Mining - Dynamics NAV,theirstack_africa_batch1,,1,CDQO,2026-04-15T07:17:58.094053
BP South Africa,ZA,,Oil & Gas,,5,theirstack,Energy - Dynamics NAV,theirstack_africa_batch1,,1,CDQO,2026-04-15T07:17:58.093884
Capitec Bank,ZA,,Finance,,5,theirstack,Banking - Navision,theirstack_africa_batch1,,1,CDQO,2026-04-15T07:17:58.093518
De Beers,ZA,,Mining,,5,theirstack,Diamonds - Navision,theirstack_africa_batch1,,1,CDQO,2026-04-15T07:17:58.093976
Diamonaid,ZA,,Mining,,5,theirstack,Diamonds - Dynamics NAV,theirstack_africa_batch1,,1,CDQO,2026-04-15T07:17:58.093966
Distell Group,ZA,,Beverages,,5,theirstack,Beverages - Navision,theirstack_africa_batch1,,1,CDQO,2026-04-15T07:17:58.093820
Elandsfontein Mine,ZA,,Mining,,5,theirstack,Mining - Dynamics NAV,theirstack_africa_batch1,,1,CDQO,2026-04-15T07:17:58.094126
Engen,ZA,,Oil & Gas,,5,theirstack,Energy - Dynamics NAV,theirstack_africa_batch1,,1,CDQO,2026-04-15T07:17:58.093863
Evraz,ZA,,Manufacturing,,5,theirstack,Steel - Dynamics NAV,theirstack_africa_batch1,,1,CDQO,2026-04-15T07:17:58.093769
Exxaro,ZA,,Mining,,5,theirstack,Mining - Navision,theirstack_africa_batch1,,1,CDQO,2026-04-15T07:17:58.094042
Exxaro Resources,ZA,,Mining,,5,theirstack,Mining - Navision,theirstack_africa_batch1,,1,CDQO,2026-04-15T07:17:58.093614
Gold Fields,ZA,,Mining,,5,theirstack,Mining - Dynamics NAV,theirstack_africa_batch1,,1,CDQO,2026-04-15T07:17:58.093580
Harmony Gold,ZA,,Mining,,5,theirstack,Mining - Navision,theirstack_africa_batch1,,1,CDQO,2026-04-15T07:17:58.093590
Heineken South Africa,ZA,,Beverages,,5,theirstack,Beverages - Navision,theirstack_africa_batch1,,1,CDQO,2026-04-15T07:17:58.093842
Impala Platinum,ZA,,Mining,,5,theirstack,Mining - Dynamics NAV,theirstack_africa_batch1,,1,CDQO,2026-04-15T07:17:58.093735
Investec,ZA,,Finance,,5,theirstack,Banking - Navision,theirstack_africa_batch1,,1,CDQO,2026-04-15T07:17:58.093549
Kalahari Diamonds,ZA,,Mining,,5,theirstack,Diamonds - Dynamics NAV,theirstack_africa_batch1,,1,CDQO,2026-04-15T07:17:58.094011
Kumba Iron Ore,ZA,,Mining,,5,theirstack,Mining - Navision,theirstack_africa_batch1,,1,CDQO,2026-04-15T07:17:58.094063
Linde Gas,ZA,,Chemicals,,5,theirstack,Chemicals - Navision,theirstack_africa_batch1,,1,CDQO,2026-04-15T07:17:58.093955
Lion One Metals,ZA,,Mining,,5,theirstack,Mining - Navision,theirstack_africa_batch1,,1,CDQO,2026-04-15T07:17:58.093752
Lusikisiki Diamonds,ZA,,Mining,,5,theirstack,Diamonds - Navision,theirstack_africa_batch1,,1,CDQO,2026-04-15T07:17:58.094021
Mokala Diamonds,ZA,,Mining,,5,theirstack,Diamonds - Dynamics NAV,theirstack_africa_batch1,,1,CDQO,2026-04-15T07:17:58.094032
Mondi,ZA,,Manufacturing,,5,theirstack,Paper - Dynamics NAV,theirstack_africa_batch1,,1,CDQO,2026-04-15T07:17:58.093905
Mooihoek Mine,ZA,,Mining,,5,theirstack,Mining - Navision,theirstack_africa_batch1,,1,CDQO,2026-04-15T07:17:58.094116
Naspers,ZA,,Technology,,5,theirstack,Media - Navision,theirstack_africa_batch1,,1,CDQO,2026-04-15T07:17:58.093477
Palabora Mine,ZA,,Mining,,5,theirstack,Mining - Navision,theirstack_africa_batch1,,1,CDQO,2026-04-15T07:17:58.094095
Petra Diamonds,ZA,,Mining,,5,theirstack,Diamonds - Dynamics NAV,theirstack_africa_batch1,,1,CDQO,2026-04-15T07:17:58.093989
Phalaborwa Mine,ZA,,Mining,,5,theirstack,Mining - Dynamics NAV,theirstack_africa_batch1,,1,CDQO,2026-04-15T07:17:58.094105
Platinum Group Metals,ZA,,Mining,,5,theirstack,Mining - Dynamics NAV,theirstack_africa_batch1,,1,CDQO,2026-04-15T07:17:58.093689
Prosus,ZA,,Technology,,5,theirstack,Investment - Dynamics NAV,theirstack_africa_batch1,,1,CDQO,2026-04-15T07:17:58.093507
SABMiller,ZA,,Beverages,,5,theirstack,Beverages - Dynamics NAV,theirstack_africa_batch1,,1,CDQO,2026-04-15T07:17:58.093804
Sappi,ZA,,Manufacturing,,5,theirstack,Paper - Navision,theirstack_africa_batch1,,1,CDQO,2026-04-15T07:17:58.093915
Sasol,ZA,,Oil & Gas,,5,theirstack,Energy - Dynamics NAV,theirstack_africa_batch1,,1,CDQO,2026-04-15T07:17:58.093559
Shell South Africa,ZA,,Oil & Gas,,5,theirstack,Energy - Navision,theirstack_africa_batch1,,1,CDQO,2026-04-15T07:17:58.093874
Sibanye-Stillwater,ZA,,Mining,,5,theirstack,Mining - Navision,theirstack_africa_batch1,,1,CDQO,2026-04-15T07:17:58.093713
Simba Beer,ZA,,Beverages,,5,theirstack,Beverages - Dynamics NAV,theirstack_africa_batch1,,1,CDQO,2026-04-15T07:17:58.093831
Sishen Mine,ZA,,Mining,,5,theirstack,Mining - Dynamics NAV,theirstack_africa_batch1,,1,CDQO,2026-04-15T07:17:58.094073
South32,ZA,,Mining,,5,theirstack,Mining - Dynamics NAV,theirstack_africa_batch1,,1,CDQO,2026-04-15T07:17:58.093600
Standard Bank,ZA,,Finance,,5,theirstack,Banking - Dynamics NAV,theirstack_africa_batch1,,1,CDQO,2026-04-15T07:17:58.093529
Thabazimbi Mine,ZA,,Mining,,5,theirstack,Mining - Navision,theirstack_africa_batch1,,1,CDQO,2026-04-15T07:17:58.094084
Total South Africa,ZA,,Oil & Gas,,5,theirstack,Energy - Navision,theirstack_africa_batch1,,1,CDQO,2026-04-15T07:17:58.093895
Venetia Diamond Mine,ZA,,Mining,,5,theirstack,Diamonds - Navision,theirstack_africa_batch1,,1,CDQO,2026-04-15T07:17:58.094000
