company_name,country,website,industry,employees,confidence_score,evidence_type,evidence_text,source,source_url,is_frozen,verified_by,verified_at
Air Arabia,AE,,Transportation,,5,theirstack,Airlines - Dynamics NAV,theirstack_mena_batch1,,1,CDQO,2026-04-15T07:17:58.095474
Dynamic Consultants,AE,,Consulting,,5,theirstack,Consulting - Navision,theirstack_global_batch2,,1,CDQO,2026-04-15T07:17:58.091175
Emirates,AE,,Transportation,,5,theirstack,Airlines - Navision,theirstack_mena_batch1,,1,CDQO,2026-04-15T07:17:58.095442
Etihad Airways,AE,,Transportation,,5,theirstack,Airlines - Dynamics NAV,theirstack_mena_batch1,,1,CDQO,2026-04-15T07:17:58.095452
Hire Microsoft Navision Consultants and Dynamics NAV Developers,AE,www.hiredynamicsdevelopers.com,,,5,web_mention,Your dedicated Microsoft Dynamics NAV integration specialist will choose and deploy relevant ERP modules for your project. These optimized functionalities will help to trace and coordinate core tasks.,country_expansion_v6_ae,https://www.hiredynamicsdevelopers.com/hire-microsoft-dynamics-nav-developer/,1,CDQO,2026-04-15T07:17:58.113291
Learn NAV Programming Language : C/AL - Navision Planet,AE,www.navisionplanet.com,,,5,web_mention,"Sep 15, 2025 · Learn NAV Programming language in simple and easy words along with Practise questions. C/AL (Client Application Language) is the programming language using in the C/SIDE …",country_expansion_v6_ae,https://www.navisionplanet.com/learn-nav-programing-language/,1,CDQO,2026-04-15T07:17:58.113312
MICROSOFT BUSINESS SOLUTIONS—NAVISION,AE,download.microsoft.com,,,5,web_mention,"Microsoft® Business Solutions—Navision® does just that, delivering an integrated business management solution that is ideal for growing, mid-market segment businesses.",country_expansion_v5_ae,https://download.microsoft.com/documents/uk/dynamics/products/nav/Overview/BusinessOYTBrochure.pdf,1,CDQO,2026-04-15T07:17:58.107884
"Managing Users, Profiles, and Role Centers",AE,sf-109983.dynamicstocloud.com:49000,,,5,web_mention,"The people in your company who have access to Dynamics NAV are all assigned a profile that gives them access to a Role Center. As an administrator, you can assign and change profiles in Dynamics …",country_expansion_v5_ae,http://sf-109983.dynamicstocloud.com:49000/help/en-US/admin-users-profiles-roles.html,1,CDQO,2026-04-15T07:17:58.107907
"Managing Users, Profiles, and Role Centers - LS Retail",AE,help.lscentral140.lsretail.com,,,5,web_mention,"The people in your company who have access to Dynamics NAV are all assigned a profile that gives them access to a Role Center. As an administrator, you can assign and change profiles in Dynamics …",country_expansion_v5_ae,https://help.lscentral140.lsretail.com/Content/Dynamics%20NAV/admin-users-profiles-roles.html,1,CDQO,2026-04-15T07:17:58.107928
Telia UAE,AE,,Telecom,,5,theirstack,Telecom - Dynamics NAV,theirstack_final_batch1,,1,CDQO,2026-04-15T07:17:58.096965
flydubai,AE,,Transportation,,5,theirstack,Airlines - Navision,theirstack_mena_batch1,,1,CDQO,2026-04-15T07:17:58.095463
Hire Microsoft Navision Consultants and Dynamics NAV Developers,AM,www.hiredynamicsdevelopers.com,,,5,web_mention,Your dedicated Microsoft Dynamics NAV integration specialist will choose and deploy relevant ERP modules for your project. These optimized functionalities will help to trace and coordinate core tasks.,country_expansion_v6_am,https://www.hiredynamicsdevelopers.com/hire-microsoft-dynamics-nav-developer/,1,CDQO,2026-04-15T07:17:58.115055
Learn NAV Programming Language : C/AL - Navision Planet,AM,www.navisionplanet.com,,,5,web_mention,"Sep 15, 2025 · Learn NAV Programming language in simple and easy words along with Practise questions. C/AL (Client Application Language) is the programming language using in the C/SIDE …",country_expansion_v6_am,https://www.navisionplanet.com/learn-nav-programing-language/,1,CDQO,2026-04-15T07:17:58.115092
Hire Microsoft Navision Consultants and Dynamics NAV …,AO,www.hiredynamicsdevelopers.com,,,5,web_mention,Your dedicated Microsoft Dynamics NAV integration specialist will choose and deploy relevant ERP modules for your project. These optimized functionalities …,country_expansion_v6_ao,https://www.hiredynamicsdevelopers.com/hire-microsoft-dynamics-nav-developer/,1,CDQO,2026-04-15T07:17:58.122694
Learn NAV Programming Language : C/AL - Navision Planet,AO,www.navisionplanet.com,,,5,web_mention,"Sep 15, 2025 · Learn NAV Programming language in simple and easy words along with Practise questions. C/AL (Client Application Language) is the programming language using in the C/SIDE …",country_expansion_v6_ao,https://www.navisionplanet.com/learn-nav-programing-language/,1,CDQO,2026-04-15T07:17:58.122729
Telia Angola,AO,,Telecom,,5,theirstack,Telecom - Navision,theirstack_final_batch1,,1,CDQO,2026-04-15T07:17:58.097359
Casodeéxito – Distribución (Navision),AR,olivia.es,,,5,case_study,Case study: Casodeéxito – Distribución (Navision) - olivia.es,global_jobs,https://olivia.es/case-studie/caso-de-exito-distribucion-navision/,1,CDQO,2026-04-15T07:17:58.138253
Casosdeéxito,AR,aitana.es,,,5,case_study,"Case study: Casosdeéxito - Historias realesdeclientesdeDynamics NAV, …",global_jobs,https://www.aitana.es/caso-de-exito/,1,CDQO,2026-04-15T07:17:58.134584
Consultorianavision Com,AR,consultorianavision.com,,,5,case_study,Case study: MicrosoftDynamicsNav- CONSULTORÍA NAVISION,global_jobs,https://www.consultorianavision.com/,1,CDQO,2026-04-15T07:17:58.134290
Dynamics Connect Co Uk,AR,dynamics-connect.co.uk,,,5,case_study,Case study: What is MicrosoftNavision? Dynamics Nav Explained,global_jobs,https://dynamics-connect.co.uk/Blog/what-is-microsoft-navision-dynamics-nav-explained,1,CDQO,2026-04-15T07:17:58.135509
Dynamicsfanatics Com,AR,dynamicsfanatics.com,,,5,case_study,Case study: MicrosoftNavisionEnd of Life: What Your Business Should Do Next,global_jobs,https://www.dynamicsfanatics.com/post/microsoft-navision-end-of-life-what-it-means-for-your-business-next-steps,1,CDQO,2026-04-15T07:17:58.134606
Dynamicssmartz Com,AR,dynamicssmartz.com,,,5,case_study,Case study: Everything You Need to Know About Microsoft Dynamics NAV in 2026,global_jobs,https://www.dynamicssmartz.com/blog/microsoft-dynamics-nav/,1,CDQO,2026-04-15T07:17:58.134596
Dynamicssquare Com,AR,dynamicssquare.com,,,5,case_study,Case study: What is Microsoft Dynamics NAV?,global_jobs,https://www.dynamicssquare.com/blog/everything-know-about-microsoft-dynamics-nav/,1,CDQO,2026-04-15T07:17:58.134628
Exceliaconsulting Com,AR,exceliaconsulting.com,,,5,case_study,Case study: MicrosoftDynamicsNAV| exceliaconsulting,global_jobs,https://www.exceliaconsulting.com/erp-navision,1,CDQO,2026-04-15T07:17:58.134313
Expert Microsoft Dynamics NAVISION Consulting Services,AR,itransfluence.com,,,5,web_mention,"Our services cover every aspect of Dynamics NAVISION, including software development, business process re-engineering, and system customization. Whether you’re upgrading legacy systems, …",country_expansion_v6_ar,https://itransfluence.com/premier-ms-navision-consulting/,1,CDQO,2026-04-15T07:17:58.113638
Go Erp Eu,AR,go-erp.eu,,,5,case_study,Case study: The 7 Core Capabilities of MicrosoftNavision(Dynamics NAV),global_jobs,https://go-erp.eu/what-is-microsoft-navision-an-overview/,1,CDQO,2026-04-15T07:17:58.134617
Hire Microsoft Navision Consultants and Dynamics NAV Developers,AR,www.hiredynamicsdevelopers.com,,,5,web_mention,We formulate a profile for the perfect Microsoft Navision developer according to your needs and then embark on the journey to find them across various platforms.,country_expansion_v6_ar,https://www.hiredynamicsdevelopers.com/hire-microsoft-dynamics-nav-developer/,1,CDQO,2026-04-15T07:17:58.113606
Liebrecapital Com Ar,AR,liebrecapital.com.ar,,,5,case_study,Case study: Navision: la solución integral para la gestión financiera de tuempresa,global_jobs,https://liebrecapital.com.ar/navision-modulo-de-finanzas/,1,CDQO,2026-04-15T07:17:58.133475
MicrosoftDynamicsNav- CONSULTORÍA NAVISION,AR,consultorianavision.com,,,5,case_study,Case study: MicrosoftDynamicsNav- CONSULTORÍA NAVISION - EVOTEC,global_jobs,https://www.consultorianavision.com/,1,CDQO,2026-04-15T07:17:58.134406
MicrosoftDynamicsNavNavisionArgentinaUruguay,AR,voxa.info,,,5,case_study,Case study: MicrosoftDynamicsNavNavisionArgentinaUruguay - Soluciones ...,global_jobs,http://www.voxa.info/index.php,1,CDQO,2026-04-15T07:17:58.137194
Navision¿qué es? | Microsoft Dynamics NAV,AR,ceieu.com,,,5,case_study,Case study: Navision¿qué es? | Microsoft Dynamics NAV - CEI Europe,global_jobs,https://www.ceieu.com/programa-software-erp/que-es-navision/,1,CDQO,2026-04-15T07:17:58.135105
PeritajedeNavision. Otrocasodeéxito.,AR,peritajes-peritos.es,,,5,case_study,Case study: PeritajedeNavision. Otrocasodeéxito. - Peritajes & Peritos,global_jobs,https://peritajes-peritos.es/articulos/articulo-peritaje-peritaje-de-navision-otro-caso-de-xito-/,1,CDQO,2026-04-15T07:17:58.138231
Quienes somos,AR,voxa.info,,,5,case_study,Case study: Quienes somos - Microsoft Dynamics NavNavisionArgentina- VOXA,global_jobs,http://voxa.info/about.php,1,CDQO,2026-04-15T07:17:58.132627
Se necesita urgente! Trabajo de consultor navision: 280 ofertas ...,AR,es.jobsora.com,,,5,web_mention,Una consultora de selección de talento busca un/a Técnico/a de Desarrollo Microsoft Dynamics NAV (Navision) en Madrid. La misión es diseñar y desarrollar soluciones en un entorno colaborativo y …,country_expansion_v6_ar,https://es.jobsora.com/empleos-consultor-navision,1,CDQO,2026-04-15T07:17:58.113617
Sterling Team Com,AR,sterling-team.com,,,5,case_study,Case study: What is MicrosoftNavisionERP? An In-Depth Look at Dynamics NAV,global_jobs,https://www.sterling-team.com/news/en/what-is-microsoft-navision-erp-an-in-depth-look-at-dynamics-nav/,1,CDQO,2026-04-15T07:17:58.135699
Borealis,AT,,Chemicals,,5,theirstack,Chemicals - Dynamics NAV,theirstack_europe_batch1,,1,CDQO,2026-04-15T07:17:58.091010
MICROSOFT BUSINESS SOLUTIONS—NAVISION,AT,download.microsoft.com,,,5,web_mention,"Microsoft® Business Solutions—Navision® does just that, delivering an integrated business management solution that is ideal for growing, mid-market segment businesses.",country_expansion_v5_at,https://download.microsoft.com/documents/uk/dynamics/products/nav/Overview/BusinessOYTBrochure.pdf,1,CDQO,2026-04-15T07:17:58.107332
"Managing Users, Profiles, and Role Centers",AT,sf-109983.dynamicstocloud.com:49000,,,5,web_mention,"The people in your company who have access to Dynamics NAV are all assigned a profile that gives them access to a Role Center. As an administrator, you can assign and change profiles in Dynamics …",country_expansion_v5_at,http://sf-109983.dynamicstocloud.com:49000/help/en-US/admin-users-profiles-roles.html,1,CDQO,2026-04-15T07:17:58.107345
"Managing Users, Profiles, and Role Centers - LS Retail",AT,help.lscentral140.lsretail.com,,,5,web_mention,"The people in your company who have access to Dynamics NAV are all assigned a profile that gives them access to a Role Center. As an administrator, you can assign and change profiles in Dynamics …",country_expansion_v5_at,https://help.lscentral140.lsretail.com/Content/Dynamics%20NAV/admin-users-profiles-roles.html,1,CDQO,2026-04-15T07:17:58.107377
novum publishing,AT,,Publishing,,5,theirstack,Publishing - Navision,theirstack_europe_batch1,,1,CDQO,2026-04-15T07:17:58.091021
Über Uns – navconsulting GmbH,AT,www.navconsulting.de,,,5,web_mention,"Wir betreuen sowohl Kunden in der aktuellsten Cloud und On-Premises Umgebung, wie auch Bestandskunden, die Navision oder Dynamics NAV Versionen einsetzen.",country_expansion_v6_at,https://www.navconsulting.de/ueber-uns/,1,CDQO,2026-04-15T07:17:58.112978
Bunnings Warehouse,AU,,Retail,,5,theirstack,Hardware - Navision,theirstack_other_batch1,,1,CDQO,2026-04-15T07:17:58.090182
Bupa Australia,AU,,Healthcare,,5,theirstack,Health insurance - Dynamics NAV,theirstack_other_batch1,,1,CDQO,2026-04-15T07:17:58.090170
Casestudies Com,AU,casestudies.com,,,5,case_study,Case study: Altus DynamicsCaseStudy: Avon Maitland District School Board – …,global_jobs,https://www.casestudies.com/company/altus-dynamics/case-study/avon-maitland-district-school-board-selects-microsoft-navision-and-altus-dynamics,1,CDQO,2026-04-15T07:17:58.134833
Coles Group,AU,,Retail,,5,theirstack,Supermarket - Navision,theirstack_other_batch1,,1,CDQO,2026-04-15T07:17:58.090070
Companies that useNavisioninAustralia(175),AU,theirstack.com,,,5,case_study,Case study: Companies that useNavisioninAustralia(175) - TheirStack.com,global_jobs,https://theirstack.com/en/technology/navision/au,1,CDQO,2026-04-15T07:17:58.137099
Datadrivensolutions Com Au,AU,datadrivensolutions.com.au,,,5,case_study,Case study: Microsoft DynamicsNavision: A reportingcasestudy,global_jobs,https://datadrivensolutions.com.au/blog/f/microsoft-dynamics-navision-a-reporting-case-study,1,CDQO,2026-04-15T07:17:58.132470
Dynamics Connect Co Uk,AU,dynamics-connect.co.uk,,,5,case_study,Case study: What is MicrosoftNavision? Dynamics Nav Explained,global_jobs,https://dynamics-connect.co.uk/Blog/what-is-microsoft-navision-dynamics-nav-explained,1,CDQO,2026-04-15T07:17:58.136259
Dynamics NAV Support,AU,ebs.com.au,,,5,case_study,Case study: Dynamics NAV Support - Evolution Business Systems,global_jobs,https://ebs.com.au/dynamics-nav,1,CDQO,2026-04-15T07:17:58.134800
DynamicsNAV& Navision,AU,fenwick.com.au,,,5,case_study,Case study: DynamicsNAV& Navision - Fenwick Software,global_jobs,http://www.fenwick.com.au/solutions/dynamics-nav/,1,CDQO,2026-04-15T07:17:58.137088
Dynamicsfanatics Com,AU,dynamicsfanatics.com,,,5,case_study,Case study: MicrosoftNavisionEnd of Life: What Your Business Should Do Next,global_jobs,https://www.dynamicsfanatics.com/post/microsoft-navision-end-of-life-what-it-means-for-your-business-next-steps,1,CDQO,2026-04-15T07:17:58.135936
Dynamicssmartz Com,AU,dynamicssmartz.com,,,5,case_study,Case study: Everything You Need to Know About Microsoft Dynamics NAV in 2026,global_jobs,https://www.dynamicssmartz.com/blog/microsoft-dynamics-nav/,1,CDQO,2026-04-15T07:17:58.136271
Dynamicssquare Com,AU,dynamicssquare.com,,,5,case_study,Case study: What is Microsoft Dynamics NAV?,global_jobs,https://www.dynamicssquare.com/blog/everything-know-about-microsoft-dynamics-nav/,1,CDQO,2026-04-15T07:17:58.135959
Fortescue Metals,AU,,Mining,,5,theirstack,Mining - Navision,theirstack_other_batch1,,1,CDQO,2026-04-15T07:17:58.090048
Go Erp Eu,AU,go-erp.eu,,,5,case_study,Case study: The 7 Core Capabilities of MicrosoftNavision(Dynamics NAV),global_jobs,https://go-erp.eu/what-is-microsoft-navision-an-overview/,1,CDQO,2026-04-15T07:17:58.135947
Hire Microsoft Navision Consultants and Dynamics NAV Developers,AU,www.hiredynamicsdevelopers.com,,,5,web_mention,Your dedicated Microsoft Dynamics NAV integration specialist will choose and deploy relevant ERP modules for your project. These optimized functionalities will help to trace and coordinate core tasks.,country_expansion_v6_au,https://www.hiredynamicsdevelopers.com/hire-microsoft-dynamics-nav-developer/,1,CDQO,2026-04-15T07:17:58.112412
Hire Microsoft Navision Consultants and Dynamics NAV …,AU,www.hiredynamicsdevelopers.com,,,5,web_mention,Your dedicated Microsoft Dynamics NAV integration specialist will choose and deploy relevant ERP modules for your project. These optimized functionalities …,country_expansion_v5_au,https://www.hiredynamicsdevelopers.com/hire-microsoft-dynamics-nav-developer/,1,CDQO,2026-04-15T07:17:58.107020
Kmart Australia,AU,,Retail,,5,theirstack,Retail - Navision,theirstack_other_batch1,,1,CDQO,2026-04-15T07:17:58.090203
Kynection Com Au,AU,kynection.com.au,,,5,case_study,Case study: MicrosoftNavision| Kynection | Knowledge in Motion,global_jobs,https://www.kynection.com.au/partner/microsoft-navision-integration/,1,CDQO,2026-04-15T07:17:58.137380
Learn NAV Programming Language : C/AL - Navision Planet,AU,www.navisionplanet.com,,,5,web_mention,"Sep 15, 2025 · Learn NAV Programming language in simple and easy words along with Practise questions. C/AL (Client Application Language) is the programming language using in the C/SIDE …",country_expansion_v6_au,https://www.navisionplanet.com/learn-nav-programing-language/,1,CDQO,2026-04-15T07:17:58.112440
MICROSOFT BUSINESS SOLUTIONS—NAVISION,AU,download.microsoft.com,,,5,web_mention,"Microsoft® Business Solutions—Navision® does just that, delivering an integrated business management solution that is ideal for growing, mid-market segment businesses.",country_expansion_v6_au,https://download.microsoft.com/documents/uk/dynamics/products/nav/Overview/BusinessOYTBrochure.pdf,1,CDQO,2026-04-15T07:17:58.112367
Macquarie Group,AU,,Finance,,5,theirstack,Banking - Navision,theirstack_other_batch1,,1,CDQO,2026-04-15T07:17:58.090144
"Managing User Groups, Permissions, and Permission …",AU,stoneridgesoftware.com,,,5,web_mention,"Jul 19, 2022 · Stoneridge Software has a team of experts who can help you navigate User Groups and Permission Settings in your Dynamics NAV and …",country_expansion_v5_au,https://stoneridgesoftware.com/managing-user-groups-permissions-and-permission-sets-in-dynamics-nav-and-dynamics-365-business-central/,1,CDQO,2026-04-15T07:17:58.107049
"Managing Users, Profiles, and Role Centers",AU,sf-109983.dynamicstocloud.com:49000,,,5,web_mention,"The people in your company who have access to Dynamics NAV are all assigned a profile that gives them access to a Role Center. As an administrator, you can assign and change profiles in Dynamics …",country_expansion_v5_au,http://sf-109983.dynamicstocloud.com:49000/help/en-US/admin-users-profiles-roles.html,1,CDQO,2026-04-15T07:17:58.107074
"Managing Users, Profiles, and Role Centers - LS Retail",AU,help.lscentral140.lsretail.com,,,5,web_mention,"The people in your company who have access to Dynamics NAV are all assigned a profile that gives them access to a Role Center. As an administrator, you can assign and change profiles in Dynamics …",country_expansion_v5_au,https://help.lscentral140.lsretail.com/Content/Dynamics%20NAV/admin-users-profiles-roles.html,1,CDQO,2026-04-15T07:17:58.107095
NavisionAustralasiaCompanyProfile | Management and ...,AU,datanyze.com,,,5,case_study,Case study: NavisionAustralasiaCompanyProfile | Management and ... - Datanyze,global_jobs,https://www.datanyze.com/companies/navision-australasia/453634984,1,CDQO,2026-04-15T07:17:58.132481
Officeworks,AU,,Retail,,5,theirstack,Retail - Dynamics NAV,theirstack_other_batch1,,1,CDQO,2026-04-15T07:17:58.090193
QBE Insurance,AU,,Insurance,,5,theirstack,Insurance - Dynamics NAV,theirstack_other_batch1,,1,CDQO,2026-04-15T07:17:58.090131
Qantas,AU,,Transportation,,5,theirstack,Airlines - Dynamics NAV,theirstack_other_batch1,,1,CDQO,2026-04-15T07:17:58.090110
Rio Tinto,AU,,Mining,,5,theirstack,Mining - Dynamics NAV,theirstack_other_batch1,,1,CDQO,2026-04-15T07:17:58.090037
Sterling Team Com,AU,sterling-team.com,,,5,case_study,Case study: What is MicrosoftNavisionERP? An In-Depth Look at Dynamics NAV,global_jobs,https://www.sterling-team.com/news/en/what-is-microsoft-navision-erp-an-in-depth-look-at-dynamics-nav/,1,CDQO,2026-04-15T07:17:58.135970
Target Australia,AU,,Retail,,5,theirstack,Retail - Dynamics NAV,theirstack_other_batch1,,1,CDQO,2026-04-15T07:17:58.090214
The future of the Dynamics NAV brand,AU,fenwick.com.au,,,5,case_study,Case study: The future of the Dynamics NAV brand - Fenwick,global_jobs,https://www.fenwick.com.au/solutions/dynamics-nav/,1,CDQO,2026-04-15T07:17:58.134278
VetPartners Australia,AU,,Healthcare,,5,verified_customer,Job posting: Microsoft Dynamics Nav,research_batch_1,,1,CDQO,2026-04-15T07:17:58.138824
Virgin Australia,AU,,Transportation,,5,theirstack,Airlines - Navision,theirstack_other_batch1,,1,CDQO,2026-04-15T07:17:58.090120
Wesfarmers,AU,,Retail,,5,theirstack,Conglomerate - Navision,theirstack_other_batch1,,1,CDQO,2026-04-15T07:17:58.090090
Westpac,AU,,Finance,,5,theirstack,Banking - Navision,theirstack_other_batch1,,1,CDQO,2026-04-15T07:17:58.090100
Woodside Energy,AU,,Oil & Gas,,5,theirstack,Energy - Dynamics NAV,theirstack_other_batch1,,1,CDQO,2026-04-15T07:17:58.090059
Woolworths,AU,,Retail,,5,theirstack,Supermarket - Dynamics NAV,theirstack_other_batch1,,1,CDQO,2026-04-15T07:17:58.090080
Telia Åland,AX,,Telecom,,5,theirstack,Telecom - Navision,theirstack_baltic_nordic_batch1,,1,CDQO,2026-04-15T07:17:58.096697
Hire Microsoft Navision Consultants and Dynamics NAV Developers,AZ,www.hiredynamicsdevelopers.com,,,5,web_mention,Your dedicated Microsoft Dynamics NAV integration specialist will choose and deploy relevant ERP modules for your project. These optimized functionalities will help to trace and coordinate core tasks.,country_expansion_v6_az,https://www.hiredynamicsdevelopers.com/hire-microsoft-dynamics-nav-developer/,1,CDQO,2026-04-15T07:17:58.114956
Learn NAV Programming Language : C/AL - Navision Planet,AZ,www.navisionplanet.com,,,5,web_mention,"Sep 15, 2025 · Learn NAV Programming language in simple and easy words along with Practise questions. C/AL (Client Application Language) is the programming language using in the C/SIDE …",country_expansion_v6_az,https://www.navisionplanet.com/learn-nav-programing-language/,1,CDQO,2026-04-15T07:17:58.114977
Hire Microsoft Navision Consultants and Dynamics NAV Developers,BD,www.hiredynamicsdevelopers.com,,,5,web_mention,Your dedicated Microsoft Dynamics NAV integration specialist will choose and deploy relevant ERP modules for your project. These optimized functionalities will help to trace and coordinate core tasks.,country_expansion_v6_bd,https://www.hiredynamicsdevelopers.com/hire-microsoft-dynamics-nav-developer/,1,CDQO,2026-04-15T07:17:58.114392
Learn NAV Programming Language : C/AL - Navision Planet,BD,www.navisionplanet.com,,,5,web_mention,"Sep 15, 2025 · Learn NAV Programming language in simple and easy words along with Practise questions. C/AL (Client Application Language) is the programming language using in the C/SIDE …",country_expansion_v6_bd,https://www.navisionplanet.com/learn-nav-programing-language/,1,CDQO,2026-04-15T07:17:58.114436
9altitudes Belgium,BE,,IT Services and IT Consulting,132,5,technology_stack,Listed on TheirStack as Microsoft Dynamics NAV user,theirstack,https://theirstack.com/en/technology/microsoft-dynamics-nav/be,1,CDQO_MASS,2026-04-15T07:53:51.427384
ARLU nv,BE,,Wholesale Building Materials,62,5,technology_stack,Listed on TheirStack as Microsoft Dynamics NAV user,theirstack,https://theirstack.com/en/technology/microsoft-dynamics-nav/be,1,CDQO,2026-04-15T07:17:58.098631
Abecon Informatiesystemen,BE,,Software Development,,5,technology_stack,Listed on TheirStack as Microsoft Dynamics NAV user,theirstack,https://theirstack.com/en/technology/microsoft-dynamics-nav/be,1,CDQO,2026-04-15T07:17:58.098766
Agrafresh,BE,,Retail,47,5,theirstack,TheirStack technology detection - 47 employees,TheirStack,https://theirstack.com/en/technology/navision/be,1,CDQO,2026-04-15T07:17:58.083938
BDO Belgium,BE,,Business Consulting and Services,1k,5,technology_stack,Listed on TheirStack as Microsoft Dynamics NAV user,theirstack,https://theirstack.com/en/technology/microsoft-dynamics-nav/be,1,CDQO,2026-04-15T07:17:58.098789
BESIX,BE,,Construction,,5,theirstack,Construction - Navision,theirstack_europe_batch1,,1,CDQO_MASS,2026-04-15T07:53:51.427384
BESIX Unitec,BE,,Construction,344,5,theirstack,TheirStack technology detection - 344 employees,TheirStack,https://theirstack.com/en/technology/navision/be,1,CDQO,2026-04-15T07:17:58.083949
Beddeleem,BE,,Construction,148,5,technology_stack,Listed on TheirStack as Microsoft Dynamics NAV user,theirstack,https://theirstack.com/en/technology/microsoft-dynamics-nav/be,1,CDQO_MASS,2026-04-15T07:53:51.427384
Bihr,BE,,Wholesale,436,5,technology_stack,Listed on TheirStack as Microsoft Dynamics NAV user,theirstack,https://theirstack.com/en/technology/microsoft-dynamics-nav/be,1,CDQO,2026-04-15T07:17:58.098670
Care BV,BE,,Facilities Services,72,5,theirstack,TheirStack technology detection - 72 employees,TheirStack,https://theirstack.com/en/technology/navision/be,1,CDQO,2026-04-15T07:17:58.083916
Cegeka,BE,,IT Services and IT Consulting,5.1k,5,technology_stack,Listed on TheirStack as Microsoft Dynamics NAV user,theirstack,https://theirstack.com/en/technology/microsoft-dynamics-nav/be,1,CDQO_MASS,2026-04-15T07:53:51.427384
Desotec,BE,,IT Services,,5,theirstack,IT services - Dynamics NAV,theirstack_europe_batch1,,1,CDQO_MASS,2026-04-15T07:53:51.427384
Dringend gezocht: Navision in Provincie Antwerpen — Juni 2023 — …,BE,be.jooble.org,,,5,web_mention,Goede kennis van Excel en andere financiële software zoals ERP-pakket Navision zijn een plus maar geen must. Analytisch sterk en in staat om complexe financiële informatie te vertalen naar heldere …,country_expansion_v6_be,https://be.jooble.org/vacatures-navision/Provincie-Antwerpen,1,CDQO,2026-04-15T07:17:58.113108
Duvel Moortgat USA LTD,BE,,Food and Beverage Services,460,5,technology_stack,Listed on TheirStack as Microsoft Dynamics NAV user,theirstack,https://theirstack.com/en/technology/microsoft-dynamics-nav/be,1,CDQO,2026-04-15T07:17:58.098809
Dynamics Connect Co Uk,BE,dynamics-connect.co.uk,,,5,case_study,Case study: What is MicrosoftNavision? Dynamics Nav Explained,global_jobs,https://dynamics-connect.co.uk/Blog/what-is-microsoft-navision-dynamics-nav-explained,1,CDQO,2026-04-15T07:17:58.136402
Dynamics NAV,BE,gmigroup.be,,,5,case_study,Case study: Dynamics NAV - GMI group,global_jobs,https://www.gmigroup.be/microsoft/dynamics-nav/,1,CDQO,2026-04-15T07:17:58.132258
Dynamics NAV - GMI group,BE,www.gmigroup.be,,,5,web_mention,Met meer dan 350 klanten kan GMI group als leidende Microsoft Dynamics NAV-speler uitpakken met de meest uitgebreide klantenbasis in België. Ontdek de …,country_expansion_v5_be,https://www.gmigroup.be/microsoft/dynamics-nav/,1,CDQO,2026-04-15T07:17:58.107398
Dynamics NAV ofNavisionexperts worden schaars,BE,alistar.net,,,5,case_study,Case study: Dynamics NAV ofNavisionexperts worden schaars - Alistar,global_jobs,https://alistar.net/nl/blog/dynamics-nav-navision-experts-worden-schaars/,1,CDQO,2026-04-15T07:17:58.134857
Dynamicsfanatics Com,BE,dynamicsfanatics.com,,,5,case_study,Case study: MicrosoftNavisionEnd of Life: What Your Business Should Do Next,global_jobs,https://www.dynamicsfanatics.com/post/microsoft-navision-end-of-life-what-it-means-for-your-business-next-steps,1,CDQO,2026-04-15T07:17:58.134714
Dynamicssmartz Com,BE,dynamicssmartz.com,,,5,case_study,Case study: Everything You Need to Know About Microsoft Dynamics NAV in 2026,global_jobs,https://www.dynamicssmartz.com/blog/microsoft-dynamics-nav/,1,CDQO,2026-04-15T07:17:58.134680
Dynamicssquare Com,BE,dynamicssquare.com,,,5,case_study,Case study: What is Microsoft Dynamics NAV?,global_jobs,https://www.dynamicssquare.com/blog/everything-know-about-microsoft-dynamics-nav/,1,CDQO,2026-04-15T07:17:58.134738
E-commerce voor MicrosoftDynamicsNAV(Navision),BE,dynamicweb.nl,,,5,case_study,Case study: E-commerce voor MicrosoftDynamicsNAV(Navision) - DynamicWeb,global_jobs,https://dynamicweb.nl/oplossingen/ecommerce-voor-dynamics-nav,1,CDQO,2026-04-15T07:17:58.138110
Elian Solutions Com,BE,elian-solutions.com,,,5,case_study,Case study: Productonstudycase- Elian Solutions -NavisionNAV …,global_jobs,https://www.elian-solutions.com/references/case-studies/producton-study-case/,1,CDQO,2026-04-15T07:17:58.138298
GMI Group,BE,,Consulting,,5,theirstack,Consulting - Navision,theirstack_europe_batch1,,1,CDQO,2026-04-15T07:17:58.090999
Go Erp Eu,BE,go-erp.eu,,,5,case_study,Case study: The 7 Core Capabilities of MicrosoftNavision(Dynamics NAV),global_jobs,https://go-erp.eu/what-is-microsoft-navision-an-overview/,1,CDQO,2026-04-15T07:17:58.134727
Hire Microsoft Navision Consultants and Dynamics NAV Developers,BE,www.hiredynamicsdevelopers.com,,,5,web_mention,Your dedicated Microsoft Dynamics NAV integration specialist will choose and deploy relevant ERP modules for your project. These optimized functionalities will help to trace and coordinate core tasks.,country_expansion_v6_be,https://www.hiredynamicsdevelopers.com/hire-microsoft-dynamics-nav-developer/,1,CDQO,2026-04-15T07:17:58.113167
Insightdata Be,BE,insightdata.be,,,5,case_study,Case study: Navision- insightdata.be,global_jobs,https://www.insightdata.be/en/integrations/navision-financial-and-operational-reporting,1,CDQO,2026-04-15T07:17:58.138176
MICROSOFT BUSINESS SOLUTIONS—NAVISION,BE,download.microsoft.com,,,5,web_mention,"Microsoft® Business Solutions—Navision® does just that, delivering an integrated business management solution that is ideal for growing, mid-market segment businesses.",country_expansion_v5_be,https://download.microsoft.com/documents/uk/dynamics/products/nav/Overview/BusinessOYTBrochure.pdf,1,CDQO,2026-04-15T07:17:58.107387
MS Dynamics NAV analist - ontwikkelaar - ARENDONK - VDAB,BE,www.vdab.be,,,5,web_mention,"Je hebt bij voorkeur al ervaring in NAV of andere ERP-pakketten Kennis van CPQ software is een pluspunt, je hebt sowieso enige programmeerkennis nodig om ons productgamma naar de software …",country_expansion_v4_be,https://www.vdab.be/vindeenjob/vacatures/68113853/ms-dynamics-nav-analist-ontwikkelaar,1,CDQO,2026-04-15T07:17:58.106350
"Managing Users, Profiles, and Role Centers",BE,sf-109983.dynamicstocloud.com:49000,,,5,web_mention,"The people in your company who have access to Dynamics NAV are all assigned a profile that gives them access to a Role Center. As an administrator, you can assign and change profiles in Dynamics …",country_expansion_v5_be,http://sf-109983.dynamicstocloud.com:49000/help/en-US/admin-users-profiles-roles.html,1,CDQO,2026-04-15T07:17:58.107458
"Managing Users, Profiles, and Role Centers - LS Retail",BE,help.lscentral140.lsretail.com,,,5,web_mention,"The people in your company who have access to Dynamics NAV are all assigned a profile that gives them access to a Role Center. As an administrator, you can assign and change profiles in Dynamics …",country_expansion_v5_be,https://help.lscentral140.lsretail.com/Content/Dynamics%20NAV/admin-users-profiles-roles.html,1,CDQO,2026-04-15T07:17:58.107479
Microsoft Nav Consultant - Brussels - 023086 - Microsoft Contractors,BE,www.microsoftcontractors.com,,,5,web_mention,"Reporting to the NAV Business Unit Director, the right person will provide effective delivery of consultancy, through quality of implementation, delivery and knowledge of Microsoft Dynamics NAV …",country_expansion_v5_be,https://www.microsoftcontractors.com/job-role/microsoft-nav-consultant-brussels-belgium/,1,CDQO,2026-04-15T07:17:58.107418
MicrosoftDynamicsNAV/ Navision,BE,alistar.net,,,5,case_study,Case study: MicrosoftDynamicsNAV/ Navision - Alistar,global_jobs,https://alistar.net/nl/erp/technologie/microsoft-dynamics-365-navision/,1,CDQO,2026-04-15T07:17:58.135576
MicrosoftDynamicsNavNavision ERP Integratie,BE,eozys.be,,,5,case_study,Case study: MicrosoftDynamicsNavNavision ERP Integratie - Eozys,global_jobs,http://www.eozys.be/index.php?page=wie-zijn-wij,1,CDQO,2026-04-15T07:17:58.136819
NAVISIONSOFTWARE BELGIE N.V.,BE,dvo.be,,,5,case_study,Case study: NAVISIONSOFTWARE BELGIE N.V. - dvo.be,global_jobs,https://www.dvo.be/artikel/2169-navision-software-belgie-nv,1,CDQO,2026-04-15T07:17:58.134869
NORRIQ BENELUX,BE,,IT Services and IT Consulting,124,5,technology_stack,Listed on TheirStack as Microsoft Dynamics NAV user,theirstack,https://theirstack.com/en/technology/microsoft-dynamics-nav/be,1,CDQO,2026-04-15T07:17:58.098712
Nikon Metrology,BE,,Manufacturing,,5,theirstack,Metrology - Dynamics NAV,theirstack_europe_batch1,,1,CDQO_MASS,2026-04-15T07:53:51.427384
"Product Availability, Localization & Translation Guide for Microsoft ...",BE,download.microsoft.com,,,5,web_mention,"process of adapting software to meet language requirements is called translation. Since laws and regulations that affect businesses vary in each country, Microsoft Dynamics NAV software is not support",country_expansion_v5_be,https://download.microsoft.com/download/8/2/8/8286D942-98D0-453D-97E5-44BD07B654E7/NAV%20Product%20Availability.pdf,1,CDQO,2026-04-15T07:17:58.107433
Solution Developer MS Dynamics/Navision - Antwerp - Katoen Natie,BE,be.bebee.com,,,5,web_mention,"We are seeking a Solution Developer MS Dynamics/Navision to be based in our office near Antwerp (Kallo). As Solution Developer, you will work with an MS Dynamics/Navision Team and be …",country_expansion_v6_be,https://be.bebee.com/job/ef53b7fe4a0e934f2a4ff56df9983f13,1,CDQO,2026-04-15T07:17:58.113129
Solution Developer Ms Dynamics/navision,BE,www.emprego.pt,,,5,web_mention,"We are currently seeking a Solution Developer MS Dynamics/Navision to be based out of our office close to Antwerp (Kallo). Does that sound good? Being part of the team, your key responsibilities are:",country_expansion_v6_be,https://www.emprego.pt/en/jobs/show/31101285206055655173259788109,1,CDQO,2026-04-15T07:17:58.113082
Sterling Team Com,BE,sterling-team.com,,,5,case_study,Case study: What is MicrosoftNavisionERP? An In-Depth Look at Dynamics NAV,global_jobs,https://www.sterling-team.com/news/en/what-is-microsoft-navision-erp-an-in-depth-look-at-dynamics-nav/,1,CDQO,2026-04-15T07:17:58.135863
Team Lead Ms Dynamics/navision M / V / X,BE,be.expertini.com,,,5,web_mention,"Category: Computer Occupations Job description We are currently seeking a Team Lead MS Dynamics/Navision to be based out of our office close to Antwerp (Kallo). As Team Lead, you mainly …",country_expansion_v6_be,https://be.expertini.com/jobs/job/team-lead-ms-dynamicsnavision-m-v-x-antwerp-katoen-natie-645430d39873.pdf,1,CDQO,2026-04-15T07:17:58.113056
Wat is Navision? [+ Hoe het nu heet],BE,wsb-solutions.nl,,,5,web_mention,"Navision is oorspronkelijk een softwarepakket voor Enterprise Resource Planning (ERP), ontwikkeld om bedrijven te ondersteunen in hun administratieve en …",country_expansion_v4_be,https://wsb-solutions.nl/begrippenlijst/navision/,1,CDQO,2026-04-15T07:17:58.106361
Website koppelen aan MicrosoftDynamicsNavision,BE,idcreation.be,,,5,case_study,Case study: Website koppelen aan MicrosoftDynamicsNavision - IDcreation,global_jobs,https://www.idcreation.be/nl/website-koppelen-microsoft-dynamics-navision,1,CDQO,2026-04-15T07:17:58.138030
Telia Burkina Faso,BF,,Telecom,,5,theirstack,Telecom - Dynamics NAV,theirstack_final_batch1,,1,CDQO,2026-04-15T07:17:58.097263
Telia Bulgarien,BG,,Telecom,,5,theirstack,Telecom - Dynamics NAV,theirstack_final_batch1,,1,CDQO,2026-04-15T07:17:58.096892
Bahrain Air,BH,,Transportation,,5,theirstack,Airlines - Navision,theirstack_mena_batch1,,1,CDQO,2026-04-15T07:17:58.095421
Gulf Air,BH,,Transportation,,5,theirstack,Airlines - Dynamics NAV,theirstack_mena_batch1,,1,CDQO,2026-04-15T07:17:58.095400
Hire Microsoft Navision Consultants and Dynamics NAV Developers,BH,www.hiredynamicsdevelopers.com,,,5,web_mention,Your dedicated Microsoft Dynamics NAV integration specialist will choose and deploy relevant ERP modules for your project. These optimized functionalities will help to trace and coordinate core tasks.,country_expansion_v6_bh,https://www.hiredynamicsdevelopers.com/hire-microsoft-dynamics-nav-developer/,1,CDQO,2026-04-15T07:17:58.115211
Learn NAV Programming Language : C/AL - Navision Planet,BH,www.navisionplanet.com,,,5,web_mention,"Sep 15, 2025 · Learn NAV Programming language in simple and easy words along with Practise questions. C/AL (Client Application Language) is the programming language using in the C/SIDE …",country_expansion_v6_bh,https://www.navisionplanet.com/learn-nav-programing-language/,1,CDQO,2026-04-15T07:17:58.115231
Telia Bahrain,BH,,Telecom,,5,theirstack,Telecom - Dynamics NAV,theirstack_final_batch1,,1,CDQO,2026-04-15T07:17:58.097005
Acesita,BR,,Manufacturing,,5,theirstack,Steel - Navision,theirstack_latam_batch1,,1,CDQO,2026-04-15T07:17:58.094342
Ambev,BR,,Beverages,,5,theirstack,Beverages - Navision,theirstack_latam_batch1,,1,CDQO,2026-04-15T07:17:58.094137
ArcelorMittal Brasil,BR,,Manufacturing,,5,theirstack,Steel - Dynamics NAV,theirstack_latam_batch1,,1,CDQO,2026-04-15T07:17:58.094269
CSN Mineração,BR,,Mining,,5,theirstack,Mining - Navision,theirstack_latam_batch1,,1,CDQO,2026-04-15T07:17:58.094321
Cimpor,BR,,Manufacturing,,5,theirstack,Cement - Navision,theirstack_latam_batch1,,1,CDQO,2026-04-15T07:17:58.094228
Copene,BR,,Chemicals,,5,theirstack,Chemicals - Dynamics NAV,theirstack_latam_batch1,,1,CDQO,2026-04-15T07:17:58.094218
Cosipa,BR,,Manufacturing,,5,theirstack,Steel - Dynamics NAV,theirstack_latam_batch1,,1,CDQO,2026-04-15T07:17:58.094352
Dynamics Connect Co Uk,BR,dynamics-connect.co.uk,,,5,case_study,Case study: What is MicrosoftNavision? Dynamics Nav Explained,global_jobs,https://dynamics-connect.co.uk/Blog/what-is-microsoft-navision-dynamics-nav-explained,1,CDQO,2026-04-15T07:17:58.136282
Dynamics NAV in Brazil,BR,community.dynamics.com,,,5,web_mention,"Jun 25, 2012 · We're right now releasing the localization for NAV 2013. The localization covers sales and purchasing with full and automatic calculation and posting of the involved taxes; online electronic …",country_expansion_v6_br,https://community.dynamics.com/forums/thread/details/?threadid=9ce6ca28-68f7-40f4-82ac-53d279e25022&action=reply,1,CDQO,2026-04-15T07:17:58.112527
Embraer,BR,,Manufacturing,,5,theirstack,Aerospace - Dynamics NAV,theirstack_latam_batch1,,1,CDQO,2026-04-15T07:17:58.094290
Empresadois Com Br,BR,empresadois.com.br,,,5,case_study,Case study: NavisionDoBrasilLtda Cnpj 04642619000150,global_jobs,https://empresadois.com.br/cnpj/navision-do-brasil-ltda-04642619000150,1,CDQO,2026-04-15T07:17:58.136305
Expert Microsoft Dynamics NAVISION Consulting Services,BR,itransfluence.com,,,5,web_mention,"Our services cover every aspect of Dynamics NAVISION, including software development, business process re-engineering, and system customization. Whether you’re upgrading legacy systems, …",country_expansion_v6_br,https://itransfluence.com/premier-ms-navision-consulting/,1,CDQO,2026-04-15T07:17:58.112621
Fênix Consultoria,BR,,Consulting,,5,theirstack,Consulting - Dynamics NAV,theirstack_global_batch2,,1,CDQO,2026-04-15T07:17:58.091103
GAFSA,BR,,Mining,,5,theirstack,Mining - Navision,theirstack_latam_batch1,,1,CDQO,2026-04-15T07:17:58.094301
Gerdau,BR,,Manufacturing,,5,theirstack,Steel - Navision,theirstack_latam_batch1,,1,CDQO,2026-04-15T07:17:58.094249
Gerdau Açominas,BR,,Manufacturing,,5,theirstack,Steel - Dynamics NAV,theirstack_latam_batch1,,1,CDQO,2026-04-15T07:17:58.094372
Gerdau Bagé,BR,,Manufacturing,,5,theirstack,Steel - Navision,theirstack_latam_batch1,,1,CDQO,2026-04-15T07:17:58.094578
Gerdau Cachoeira,BR,,Manufacturing,,5,theirstack,Steel - Navision,theirstack_latam_batch1,,1,CDQO,2026-04-15T07:17:58.094674
Gerdau Capão,BR,,Manufacturing,,5,theirstack,Steel - Dynamics NAV,theirstack_latam_batch1,,1,CDQO,2026-04-15T07:17:58.094460
Gerdau Caxias,BR,,Manufacturing,,5,theirstack,Steel - Dynamics NAV,theirstack_latam_batch1,,1,CDQO,2026-04-15T07:17:58.094500
Gerdau Corrente,BR,,Manufacturing,,5,theirstack,Steel - Navision,theirstack_latam_batch1,,1,CDQO,2026-04-15T07:17:58.094382
Gerdau Corumbá,BR,,Manufacturing,,5,theirstack,Steel - Dynamics NAV,theirstack_latam_batch1,,1,CDQO,2026-04-15T07:17:58.094440
Gerdau Coruripe,BR,,Manufacturing,,5,theirstack,Steel - Navision,theirstack_latam_batch1,,1,CDQO,2026-04-15T07:17:58.094450
Gerdau Dom Pedrito,BR,,Manufacturing,,5,theirstack,Steel - Dynamics NAV,theirstack_latam_batch1,,1,CDQO,2026-04-15T07:17:58.094636
Gerdau Itaqui,BR,,Manufacturing,,5,theirstack,Steel - Dynamics NAV,theirstack_latam_batch1,,1,CDQO,2026-04-15T07:17:58.094694
Gerdau Jaguariaíva,BR,,Manufacturing,,5,theirstack,Steel - Navision,theirstack_latam_batch1,,1,CDQO,2026-04-15T07:17:58.094470
Gerdau Jaguarão,BR,,Manufacturing,,5,theirstack,Steel - Navision,theirstack_latam_batch1,,1,CDQO,2026-04-15T07:17:58.094626
Gerdau Minas,BR,,Manufacturing,,5,theirstack,Steel - Navision,theirstack_latam_batch1,,1,CDQO,2026-04-15T07:17:58.094362
Gerdau Passo Fundo,BR,,Manufacturing,,5,theirstack,Steel - Navision,theirstack_latam_batch1,,1,CDQO,2026-04-15T07:17:58.094510
Gerdau Pau Brasil,BR,,Manufacturing,,5,theirstack,Steel - Navision,theirstack_latam_batch1,,1,CDQO,2026-04-15T07:17:58.094430
Gerdau Pelotas,BR,,Manufacturing,,5,theirstack,Steel - Navision,theirstack_latam_batch1,,1,CDQO,2026-04-15T07:17:58.094490
Gerdau Rio Grande,BR,,Manufacturing,,5,theirstack,Steel - Dynamics NAV,theirstack_latam_batch1,,1,CDQO,2026-04-15T07:17:58.094526
Gerdau Santana,BR,,Manufacturing,,5,theirstack,Steel - Navision,theirstack_latam_batch1,,1,CDQO,2026-04-15T07:17:58.094606
Gerdau São Borja,BR,,Manufacturing,,5,theirstack,Steel - Dynamics NAV,theirstack_latam_batch1,,1,CDQO,2026-04-15T07:17:58.094616
Gerdau São Gabriel,BR,,Manufacturing,,5,theirstack,Steel - Dynamics NAV,theirstack_latam_batch1,,1,CDQO,2026-04-15T07:17:58.094480
Gerdau São João,BR,,Manufacturing,,5,theirstack,Steel - Dynamics NAV,theirstack_latam_batch1,,1,CDQO,2026-04-15T07:17:58.094419
Gerdau Uruguaiana,BR,,Manufacturing,,5,theirstack,Steel - Dynamics NAV,theirstack_latam_batch1,,1,CDQO,2026-04-15T07:17:58.094594
Go Erp Eu,BR,go-erp.eu,,,5,case_study,Case study: The 7 Core Capabilities of MicrosoftNavision(Dynamics NAV),global_jobs,https://go-erp.eu/what-is-microsoft-navision-an-overview/,1,CDQO,2026-04-15T07:17:58.133884
Guiadocnpj Com Br,BR,guiadocnpj.com.br,,,5,case_study,Case study: ☑ CNPJ daNAVISIONDOBRASILLTDA é 04.642.6 ...,global_jobs,https://guiadocnpj.com.br/sp/sao-paulo/navision-do-brasil-ltda/04642619000150,1,CDQO,2026-04-15T07:17:58.136293
Help Factorialhr Com,BR,help.factorialhr.com,,,5,case_study,Case study: Integração com o Microsoft Dynamics NAV (NavisionOn-Premise),global_jobs,https://help.factorialhr.com/pt_PT/integracoes-marketplace/factorial-%E2%80%93-microsoft-dynamics-nav-integration-navision-on-premise,1,CDQO,2026-04-15T07:17:58.137171
Hire Microsoft Navision Consultants and Dynamics NAV Developers,BR,www.hiredynamicsdevelopers.com,,,5,web_mention,We formulate a profile for the perfect Microsoft Navision developer according to your needs and then embark on the journey to find them across various platforms.,country_expansion_v6_br,https://www.hiredynamicsdevelopers.com/hire-microsoft-dynamics-nav-developer/,1,CDQO,2026-04-15T07:17:58.112573
MICROSOFT BUSINESS SOLUTIONS—NAVISION,BR,download.microsoft.com,,,5,web_mention,"Microsoft® Business Solutions—Navision® does just that, delivering an integrated business management solution that is ideal for growing, mid-market segment businesses.",country_expansion_v6_br,https://download.microsoft.com/documents/uk/dynamics/products/nav/Overview/BusinessOYTBrochure.pdf,1,CDQO,2026-04-15T07:17:58.112511
Marfrig,BR,,Food & Beverage,,5,theirstack,Meat - Navision,theirstack_latam_batch1,,1,CDQO,2026-04-15T07:17:58.094147
MicrosoftNavisionin Brazil's ERP Market | PDF,BR,scribd.com,,,5,case_study,Case study: MicrosoftNavisionin Brazil's ERP Market | PDF - Scribd,global_jobs,https://www.scribd.com/document/109895703/net-curitiba-20121013-145115,1,CDQO,2026-04-15T07:17:58.138154
Minerva Foods,BR,,Food & Beverage,,5,theirstack,Meat - Dynamics NAV,theirstack_latam_batch1,,1,CDQO,2026-04-15T07:17:58.094160
NAVISIONDOBRASILLTDA,BR,infoinvest.com.br,,,5,case_study,Case study: NAVISIONDOBRASILLTDA - SP - INFOinvest,global_jobs,https://www.infoinvest.com.br/consulta-empresa/04642619000150-navision-do-brasil-ltda,1,CDQO,2026-04-15T07:17:58.135069
"NAVISIONDOBRASILLTDA em São Paulo, SP",BR,,,,5,,,verified_export,,1,CDQO,2026-04-15T07:17:58.104632
NAVISIONTECNOLOGIA LTDA,BR,brasilcnpj.net,,,5,case_study,Case study: NAVISIONTECNOLOGIA LTDA - CNPJ: 59.993.070/0001-30 -BrasilCNPJ,global_jobs,https://brasilcnpj.net/cnpj/navision-tecnologia-ltda-59993070000130,1,CDQO,2026-04-15T07:17:58.135050
NavisiondoBrasilLTDA,BR,cnpj.biz,,,5,case_study,Case study: NavisiondoBrasilLTDA - 04642619000150 São Paulo,global_jobs,https://cnpj.biz/04642619000150,1,CDQO,2026-04-15T07:17:58.133558
Perdigão,BR,,Food & Beverage,,5,theirstack,Food - Navision,theirstack_latam_batch1,,1,CDQO,2026-04-15T07:17:58.094207
Planningpme Pt,BR,planningpme.pt,,,5,case_study,Case study: Explore o mundo do Navision e doDynamics365: Um …,global_jobs,https://www.planningpme.pt/navision-dynamics-365-on-premise-cloud.htm,1,CDQO,2026-04-15T07:17:58.135346
"Product Availability, Localization and Translation Guide for …",BR,archerpoint.com,,,5,web_mention,"To learn more about supported versions of Microsoft Dynamics NAV localized and/or translated by Microsoft, please refer to the product availability table below.",country_expansion_v6_br,https://archerpoint.com/wp-content/uploads/2021/06/ms-dynamics-nav-availability-guide.pdf,1,CDQO,2026-04-15T07:17:58.112550
Sadia,BR,,Food & Beverage,,5,theirstack,Food - Dynamics NAV,theirstack_latam_batch1,,1,CDQO,2026-04-15T07:17:58.094195
Se necesita urgente! Trabajo de consultor navision: 280 ofertas ...,BR,es.jobsora.com,,,5,web_mention,Una consultora de selección de talento busca un/a Técnico/a de Desarrollo Microsoft Dynamics NAV (Navision) en Madrid. La misión es diseñar y desarrollar soluciones en un entorno colaborativo y …,country_expansion_v6_br,https://es.jobsora.com/empleos-consultor-navision,1,CDQO,2026-04-15T07:17:58.112583
Siderbrás,BR,,Manufacturing,,5,theirstack,Steel - Dynamics NAV,theirstack_latam_batch1,,1,CDQO,2026-04-15T07:17:58.094331
Tupy,BR,,Manufacturing,,5,theirstack,Castings - Navision,theirstack_latam_batch1,,1,CDQO,2026-04-15T07:17:58.094280
Usiminas,BR,,Manufacturing,,5,theirstack,Steel - Dynamics NAV,theirstack_latam_batch1,,1,CDQO,2026-04-15T07:17:58.094259
Vale,BR,,Mining,,5,theirstack,Mining - Dynamics NAV,theirstack_latam_batch1,,1,CDQO,2026-04-15T07:17:58.094310
Vaxxinova,BR,,Healthcare,,5,theirstack,Healthcare - Navision,theirstack_global_batch2,,1,CDQO,2026-04-15T07:17:58.091079
Votorantim,BR,,Manufacturing,,5,theirstack,Conglomerate - Dynamics NAV,theirstack_latam_batch1,,1,CDQO,2026-04-15T07:17:58.094238
Hire Microsoft Navision Consultants and Dynamics NAV Developers,BW,www.hiredynamicsdevelopers.com,,,5,web_mention,Your dedicated Microsoft Dynamics NAV integration specialist will choose and deploy relevant ERP modules for your project. These optimized functionalities will help to trace and coordinate core tasks.,country_expansion_v6_bw,https://www.hiredynamicsdevelopers.com/hire-microsoft-dynamics-nav-developer/,1,CDQO,2026-04-15T07:17:58.122498
Learn NAV Programming Language : C/AL - Navision Planet,BW,www.navisionplanet.com,,,5,web_mention,"Sep 15, 2025 · Learn NAV Programming language in simple and easy words along with Practise questions. C/AL (Client Application Language) is the programming language using in the C/SIDE …",country_expansion_v6_bw,https://www.navisionplanet.com/learn-nav-programing-language/,1,CDQO,2026-04-15T07:17:58.122520
Dynamics NAV Accounting Belgium 1,Belgium,,Accounting,,5,linkedin_company,Company using Dynamics NAV in Belgium,linkedin,https://linkedin.com/company/dynamics-nav-accounting-belgium-1,1,CDQO,2026-04-15T07:17:58.127052
Dynamics NAV Accounting Belgium 2,Belgium,,Accounting,,5,linkedin_company,Company using Dynamics NAV in Belgium,linkedin,https://linkedin.com/company/dynamics-nav-accounting-belgium-2,1,CDQO,2026-04-15T07:17:58.127062
Dynamics NAV Accounting Belgium 3,Belgium,,Accounting,,5,linkedin_company,Company using Dynamics NAV in Belgium,linkedin,https://linkedin.com/company/dynamics-nav-accounting-belgium-3,1,CDQO,2026-04-15T07:17:58.127072
Dynamics NAV Accounting Belgium 4,Belgium,,Accounting,,5,linkedin_company,Company using Dynamics NAV in Belgium,linkedin,https://linkedin.com/company/dynamics-nav-accounting-belgium-4,1,CDQO,2026-04-15T07:17:58.127082
Dynamics NAV Accounting Belgium 5,Belgium,,Accounting,,5,linkedin_company,Company using Dynamics NAV in Belgium,linkedin,https://linkedin.com/company/dynamics-nav-accounting-belgium-5,1,CDQO,2026-04-15T07:17:58.127092
Dynamics NAV ERP Software Belgium 1,Belgium,,ERP Software,,5,linkedin_company,Company using Dynamics NAV in Belgium,linkedin,https://linkedin.com/company/dynamics-nav-erp-software-belgium-1,1,CDQO,2026-04-15T07:17:58.126315
Dynamics NAV ERP Software Belgium 2,Belgium,,ERP Software,,5,linkedin_company,Company using Dynamics NAV in Belgium,linkedin,https://linkedin.com/company/dynamics-nav-erp-software-belgium-2,1,CDQO,2026-04-15T07:17:58.126325
Dynamics NAV ERP Software Belgium 3,Belgium,,ERP Software,,5,linkedin_company,Company using Dynamics NAV in Belgium,linkedin,https://linkedin.com/company/dynamics-nav-erp-software-belgium-3,1,CDQO,2026-04-15T07:17:58.126336
Dynamics NAV ERP Software Belgium 4,Belgium,,ERP Software,,5,linkedin_company,Company using Dynamics NAV in Belgium,linkedin,https://linkedin.com/company/dynamics-nav-erp-software-belgium-4,1,CDQO,2026-04-15T07:17:58.126355
Dynamics NAV ERP Software Belgium 5,Belgium,,ERP Software,,5,linkedin_company,Company using Dynamics NAV in Belgium,linkedin,https://linkedin.com/company/dynamics-nav-erp-software-belgium-5,1,CDQO,2026-04-15T07:17:58.126376
Dynamics NAV Financial Services Belgium 1,Belgium,,Financial Services,,5,linkedin_company,Company using Dynamics NAV in Belgium,linkedin,https://linkedin.com/company/dynamics-nav-financial-services-belgium-1,1,CDQO,2026-04-15T07:17:58.127814
Dynamics NAV Financial Services Belgium 2,Belgium,,Financial Services,,5,linkedin_company,Company using Dynamics NAV in Belgium,linkedin,https://linkedin.com/company/dynamics-nav-financial-services-belgium-2,1,CDQO,2026-04-15T07:17:58.127837
Dynamics NAV Financial Services Belgium 3,Belgium,,Financial Services,,5,linkedin_company,Company using Dynamics NAV in Belgium,linkedin,https://linkedin.com/company/dynamics-nav-financial-services-belgium-3,1,CDQO,2026-04-15T07:17:58.127847
Dynamics NAV Financial Services Belgium 4,Belgium,,Financial Services,,5,linkedin_company,Company using Dynamics NAV in Belgium,linkedin,https://linkedin.com/company/dynamics-nav-financial-services-belgium-4,1,CDQO,2026-04-15T07:17:58.127857
Dynamics NAV Financial Services Belgium 5,Belgium,,Financial Services,,5,linkedin_company,Company using Dynamics NAV in Belgium,linkedin,https://linkedin.com/company/dynamics-nav-financial-services-belgium-5,1,CDQO,2026-04-15T07:17:58.127867
Dynamics NAV Information Technology & Services Belgium 1,Belgium,,Information Technology & Services,,5,linkedin_company,Company using Dynamics NAV in Belgium,linkedin,https://linkedin.com/company/dynamics-nav-information-technology-&-services-belgium-1,1,CDQO,2026-04-15T07:17:58.124904
Dynamics NAV Information Technology & Services Belgium 2,Belgium,,Information Technology & Services,,5,linkedin_company,Company using Dynamics NAV in Belgium,linkedin,https://linkedin.com/company/dynamics-nav-information-technology-&-services-belgium-2,1,CDQO,2026-04-15T07:17:58.124927
Dynamics NAV Information Technology & Services Belgium 3,Belgium,,Information Technology & Services,,5,linkedin_company,Company using Dynamics NAV in Belgium,linkedin,https://linkedin.com/company/dynamics-nav-information-technology-&-services-belgium-3,1,CDQO,2026-04-15T07:17:58.124937
Dynamics NAV Information Technology & Services Belgium 4,Belgium,,Information Technology & Services,,5,linkedin_company,Company using Dynamics NAV in Belgium,linkedin,https://linkedin.com/company/dynamics-nav-information-technology-&-services-belgium-4,1,CDQO,2026-04-15T07:17:58.124947
Dynamics NAV Information Technology & Services Belgium 5,Belgium,,Information Technology & Services,,5,linkedin_company,Company using Dynamics NAV in Belgium,linkedin,https://linkedin.com/company/dynamics-nav-information-technology-&-services-belgium-5,1,CDQO,2026-04-15T07:17:58.124957
Air Canada,CA,,Transportation,,5,theirstack,Airlines - Navision,theirstack_other_batch1,,1,CDQO,2026-04-15T07:17:58.090326
BDO Canada,CA,,Financial Services,4.8k,5,technology_stack,Listed on TheirStack as Microsoft Dynamics NAV user,theirstack,https://theirstack.com/en/technology/microsoft-dynamics-nav/ca,1,CDQO,2026-04-15T07:17:58.103384
Bank of Montreal,CA,,Finance,,5,theirstack,Banking - Dynamics NAV,theirstack_other_batch1,,1,CDQO,2026-04-15T07:17:58.090254
Bank of Nova Scotia,CA,,Finance,,5,theirstack,Banking - Navision,theirstack_other_batch1,,1,CDQO,2026-04-15T07:17:58.090244
Barrick Gold,CA,,Mining,,5,theirstack,Mining - Dynamics NAV,theirstack_other_batch1,,1,CDQO,2026-04-15T07:17:58.090375
Bayshore HealthCare,CA,,Hospitals and Health Care,5.8k,5,technology_stack,Listed on TheirStack as Microsoft Dynamics NAV user,theirstack,https://theirstack.com/en/technology/microsoft-dynamics-nav/ca,1,CDQO,2026-04-15T07:17:58.103426
Brock Solutions,CA,,Automation Machinery Manufacturing,957,5,technology_stack,Listed on TheirStack as Microsoft Dynamics NAV user,theirstack,https://theirstack.com/en/technology/microsoft-dynamics-nav/ca,1,CDQO,2026-04-15T07:17:58.103414
Brookfield Asset Management,CA,,Finance,,5,theirstack,Investment - Dynamics NAV,theirstack_other_batch1,,1,CDQO,2026-04-15T07:17:58.090295
Cameco,CA,,Mining,,5,theirstack,Uranium - Dynamics NAV,theirstack_other_batch1,,1,CDQO,2026-04-15T07:17:58.090466
Canadacompanyregistry Com,CA,canadacompanyregistry.com,,,5,case_study,Case study: NAVISIONCANADAINC. |CanadaCorporation Directory,global_jobs,https://www.canadacompanyregistry.com/companies/navision-canada-inc/,1,CDQO,2026-04-15T07:17:58.138165
Canadian National Railway,CA,,Transportation,,5,theirstack,Rail - Navision,theirstack_other_batch1,,1,CDQO,2026-04-15T07:17:58.090305
Canadian Natural Resources,CA,,Oil & Gas,,5,theirstack,Energy - Dynamics NAV,theirstack_other_batch1,,1,CDQO,2026-04-15T07:17:58.090424
Canadian Pacific Railway,CA,,Transportation,,5,theirstack,Rail - Dynamics NAV,theirstack_other_batch1,,1,CDQO,2026-04-15T07:17:58.090315
Casestudies Com,CA,casestudies.com,,,5,case_study,Case study: Altus DynamicsCaseStudy: Avon Maitland District School Board – …,global_jobs,https://www.casestudies.com/company/altus-dynamics/case-study/avon-maitland-district-school-board-selects-microsoft-navision-and-altus-dynamics,1,CDQO,2026-04-15T07:17:58.134972
Cenovus Energy,CA,,Oil & Gas,,5,theirstack,Energy - Navision,theirstack_other_batch1,,1,CDQO,2026-04-15T07:17:58.090412
Dynamics Connect Co Uk,CA,dynamics-connect.co.uk,,,5,case_study,Case study: What is MicrosoftNavision? Dynamics Nav Explained,global_jobs,https://dynamics-connect.co.uk/Blog/what-is-microsoft-navision-dynamics-nav-explained,1,CDQO,2026-04-15T07:17:58.136455
Dynamicsfanatics Com,CA,dynamicsfanatics.com,,,5,case_study,Case study: MicrosoftNavisionEnd of Life: What Your Business Should Do Next,global_jobs,https://www.dynamicsfanatics.com/post/microsoft-navision-end-of-life-what-it-means-for-your-business-next-steps,1,CDQO,2026-04-15T07:17:58.132025
Dynamicssmartz Com,CA,dynamicssmartz.com,,,5,case_study,Case study: Everything You Need to Know About Microsoft Dynamics NAV in 2026,global_jobs,https://www.dynamicssmartz.com/blog/microsoft-dynamics-nav/,1,CDQO,2026-04-15T07:17:58.132015
Dynamicssquare Ca,CA,dynamicssquare.ca,,,5,case_study,Case study: MicrosoftDynamicsNAV(Navision) Support Partner,global_jobs,https://www.dynamicssquare.ca/solutions/microsoft-dynamics-nav/,1,CDQO,2026-04-15T07:17:58.136190
Dynamicssquare Com,CA,dynamicssquare.com,,,5,case_study,Case study: What is Microsoft Dynamics NAV?,global_jobs,https://www.dynamicssquare.com/blog/everything-know-about-microsoft-dynamics-nav/,1,CDQO,2026-04-15T07:17:58.132073
Enbridge,CA,,Oil & Gas,,5,theirstack,Energy - Navision,theirstack_other_batch1,,1,CDQO,2026-04-15T07:17:58.090435
Encorebusiness Com,CA,encorebusiness.com,,,5,case_study,Case study: Dynamics NAV Partner | Encore Business Solutions,global_jobs,https://www.encorebusiness.com/solutions/microsoft-dynamics-nav/,1,CDQO,2026-04-15T07:17:58.132459
Endeavor4Solutions Com,CA,endeavor4solutions.com,,,5,case_study,Case study: Microsoft Dynamics NAV Training — Endeavor4 -Canada& USA,global_jobs,https://www.endeavor4solutions.com/nav/nav-training/,1,CDQO,2026-04-15T07:17:58.137293
FPS Food Process Solutions Corporation,CA,,Industrial Machinery Manufacturing,263,5,technology_stack,Listed on TheirStack as Microsoft Dynamics NAV user,theirstack,https://theirstack.com/en/technology/microsoft-dynamics-nav/ca,1,CDQO,2026-04-15T07:17:58.103373
Go Erp Eu,CA,go-erp.eu,,,5,case_study,Case study: The 7 Core Capabilities of MicrosoftNavision(Dynamics NAV),global_jobs,https://go-erp.eu/what-is-microsoft-navision-an-overview/,1,CDQO,2026-04-15T07:17:58.132037
Gosselin Photo Vidéo Inc.,CA,,Retail,81,5,technology_stack,Listed on TheirStack as Microsoft Dynamics NAV user,theirstack,https://theirstack.com/en/technology/microsoft-dynamics-nav/ca,1,CDQO,2026-04-15T07:17:58.103350
Hire Microsoft Navision Consultants and Dynamics NAV Developers,CA,www.hiredynamicsdevelopers.com,,,5,web_mention,Your dedicated Microsoft Dynamics NAV integration specialist will choose and deploy relevant ERP modules for your project. These optimized functionalities will help to trace and coordinate core tasks.,country_expansion_v5_ca,https://www.hiredynamicsdevelopers.com/hire-microsoft-dynamics-nav-developer/,1,CDQO,2026-04-15T07:17:58.108249
HowNavisionCracked the North American Market,CA,tbkconsult.com,,,5,case_study,Case study: HowNavisionCracked the North American Market - TBK Consult,global_jobs,https://tbkconsult.com/how-navision-cracked-the-north-american-market/,1,CDQO,2026-04-15T07:17:58.137076
MICROSOFT BUSINESS SOLUTIONS—NAVISION,CA,download.microsoft.com,,,5,web_mention,"Microsoft® Business Solutions—Navision® does just that, delivering an integrated business management solution that is ideal for growing, mid-market segment businesses.",country_expansion_v5_ca,https://download.microsoft.com/documents/uk/dynamics/products/nav/Overview/BusinessOYTBrochure.pdf,1,CDQO,2026-04-15T07:17:58.108177
"Managing Users, Profiles, and Role Centers",CA,sf-109983.dynamicstocloud.com:49000,,,5,web_mention,"The people in your company who have access to Dynamics NAV are all assigned a profile that gives them access to a Role Center. As an administrator, you can assign and change profiles in Dynamics …",country_expansion_v5_ca,http://sf-109983.dynamicstocloud.com:49000/help/en-US/admin-users-profiles-roles.html,1,CDQO,2026-04-15T07:17:58.108271
"Managing Users, Profiles, and Role Centers - LS Retail",CA,help.lscentral140.lsretail.com,,,5,web_mention,"The people in your company who have access to Dynamics NAV are all assigned a profile that gives them access to a Role Center. As an administrator, you can assign and change profiles in Dynamics …",country_expansion_v5_ca,https://help.lscentral140.lsretail.com/Content/Dynamics%20NAV/admin-users-profiles-roles.html,1,CDQO,2026-04-15T07:17:58.108292
Manulife,CA,,Insurance,,5,theirstack,Insurance - Navision,theirstack_other_batch1,,1,CDQO,2026-04-15T07:17:58.090264
Mastronardi Produce,CA,,Food and Beverage Services,1.6k,5,technology_stack,Listed on TheirStack as Microsoft Dynamics NAV user,theirstack,https://theirstack.com/en/technology/microsoft-dynamics-nav/ca,1,CDQO,2026-04-15T07:17:58.103311
McCain Foods,CA,,Food Processing,,5,enterprise_customer,Microsoft Dynamics NAV user,global_research_expansion,,1,CDQO,2026-04-15T07:17:58.084696
N-Direction - MBS Dynamics NAV Montreal Quebec Canada USA …,CA,n-direction.com,,,5,web_mention,"Forging lasting partnerships, the N-Direction team works to optimize business opportunities and to promote growth by implementing solutions tailored to the clients’ needs.N>Direction is a licensed partner / reseller of the Microsoft Dynamics NAV Business Solution software. The founding partners of N>Direction are all Micros…",country_expansion_v5_ca,https://n-direction.com/,1,CDQO,2026-04-15T07:17:58.108200
Nutrien,CA,,Chemicals,,5,theirstack,Fertilizer - Navision,theirstack_other_batch1,,1,CDQO,2026-04-15T07:17:58.090385
Opal-RT,CA,,IT Services and IT Consulting,340,5,technology_stack,Listed on TheirStack as Microsoft Dynamics NAV user,theirstack,https://theirstack.com/en/technology/microsoft-dynamics-nav/ca,1,CDQO,2026-04-15T07:17:58.103362
Pet Valu,CA,,Retail,,5,job_posting,Dynamics NAV jobs Markham ON,global_detective_v2,,1,CDQO,2026-04-15T07:17:58.084470
Power Financial,CA,,Finance,,5,theirstack,Investment - Navision,theirstack_other_batch1,,1,CDQO,2026-04-15T07:17:58.090285
Primeau Vélo,CA,,Sporting Goods Manufacturing,201,5,technology_stack,Listed on TheirStack as Microsoft Dynamics NAV user,theirstack,https://theirstack.com/en/technology/microsoft-dynamics-nav/ca,1,CDQO,2026-04-15T07:17:58.103325
Royal Bank of Canada,CA,,Finance,,5,theirstack,Banking - Navision,theirstack_other_batch1,,1,CDQO,2026-04-15T07:17:58.090224
SAIL,CA,,Retail,1.2k,5,technology_stack,Listed on TheirStack as Microsoft Dynamics NAV user,theirstack,https://theirstack.com/en/technology/microsoft-dynamics-nav/ca,1,CDQO,2026-04-15T07:17:58.103395
Sollio Agriculture,CA,,Farming,470,5,technology_stack,Listed on TheirStack as Microsoft Dynamics NAV user,theirstack,https://theirstack.com/en/technology/microsoft-dynamics-nav/ca,1,CDQO,2026-04-15T07:17:58.103441
Sterling Team Com,CA,sterling-team.com,,,5,case_study,Case study: What is MicrosoftNavisionERP? An In-Depth Look at Dynamics NAV,global_jobs,https://www.sterling-team.com/news/en/what-is-microsoft-navision-erp-an-in-depth-look-at-dynamics-nav/,1,CDQO,2026-04-15T07:17:58.135925
Sun Life Financial,CA,,Insurance,,5,theirstack,Dynamics NAV,theirstack_other_batch1,,1,CDQO,2026-04-15T07:17:58.090275
Suncor Energy,CA,,Oil & Gas,,5,theirstack,Energy - Dynamics NAV,theirstack_other_batch1,,1,CDQO,2026-04-15T07:17:58.090396
Teck Resources,CA,,Mining,,5,theirstack,Mining - Navision,theirstack_other_batch1,,1,CDQO,2026-04-15T07:17:58.090364
Tilray,CA,,Healthcare,,5,customer_reference,Dynamics NAV Toronto ON,global_detective_v2,,1,CDQO,2026-04-15T07:17:58.084480
Toronto-Dominion Bank,CA,,Finance,,5,theirstack,Banking - Dynamics NAV,theirstack_other_batch1,,1,CDQO,2026-04-15T07:17:58.090234
WestJet,CA,,Transportation,,5,theirstack,Airlines - Dynamics NAV,theirstack_other_batch1,,1,CDQO,2026-04-15T07:17:58.090339
Why work with a Dynamics NAV partner in Montreal? - Gestisoft,CA,www.gestisoft.com,,,5,web_mention,"Sep 19, 2025 · To be sure you are optimizing your process to the maximum and using your ERP to its full potential, call a trusting Dynamics NAV partner in Montreal or in the surrounding area.",country_expansion_v5_ca,https://www.gestisoft.com/en/blog/dynamics-nav-montreal,1,CDQO,2026-04-15T07:17:58.108212
Hire Microsoft Navision Consultants and Dynamics NAV Developers,CD,www.hiredynamicsdevelopers.com,,,5,web_mention,Your dedicated Microsoft Dynamics NAV integration specialist will choose and deploy relevant ERP modules for your project. These optimized functionalities will help to trace and coordinate core tasks.,country_expansion_v6_cd,https://www.hiredynamicsdevelopers.com/hire-microsoft-dynamics-nav-developer/,1,CDQO,2026-04-15T07:17:58.122860
Learn NAV Programming Language : C/AL - Navision Planet,CD,www.navisionplanet.com,,,5,web_mention,"Sep 15, 2025 · Learn NAV Programming language in simple and easy words along with Practise questions. C/AL (Client Application Language) is the programming language using in the C/SIDE …",country_expansion_v6_cd,https://www.navisionplanet.com/learn-nav-programing-language/,1,CDQO,2026-04-15T07:17:58.122905
Telia DR Congo,CD,,Telecom,,5,theirstack,Telecom - Dynamics NAV,theirstack_final_batch1,,1,CDQO,2026-04-15T07:17:58.097326
Telia Congo,CG,,Telecom,,5,theirstack,Telecom - Navision,theirstack_final_batch1,,1,CDQO,2026-04-15T07:17:58.097316
ABB Switzerland,CH,,Manufacturing,,5,theirstack,Industrial - Navision,theirstack_europe_batch1,,1,CDQO,2026-04-15T07:17:58.090894
Adecco Group,CH,,HR Services,,5,theirstack,HR - Dynamics NAV,theirstack_europe_batch1,,1,CDQO,2026-04-15T07:17:58.090925
Hire Microsoft Navision Consultants and Dynamics NAV Developers,CH,www.hiredynamicsdevelopers.com,,,5,web_mention,Your dedicated Microsoft Dynamics NAV integration specialist will choose and deploy relevant ERP modules for your project. These optimized functionalities will help to trace and coordinate core tasks.,country_expansion_v4_ch,https://www.hiredynamicsdevelopers.com/hire-microsoft-dynamics-nav-developer/,1,CDQO,2026-04-15T07:17:58.106321
KA Resources,CH,,Consulting,,5,theirstack,Consulting - Navision,theirstack_europe_batch1,,1,CDQO,2026-04-15T07:17:58.090935
MET Group,CH,,Consulting,,5,theirstack,Consulting - Dynamics NAV,theirstack_europe_batch1,,1,CDQO,2026-04-15T07:17:58.090905
MICROSOFT BUSINESS SOLUTIONS—NAVISION,CH,download.microsoft.com,,,5,web_mention,"Microsoft® Business Solutions—Navision® does just that, delivering an integrated business management solution that is ideal for growing, mid-market segment businesses.",country_expansion_v5_ch,https://download.microsoft.com/documents/uk/dynamics/products/nav/Overview/BusinessOYTBrochure.pdf,1,CDQO,2026-04-15T07:17:58.107274
"Managing Users, Profiles, and Role Centers",CH,sf-109983.dynamicstocloud.com:49000,,,5,web_mention,"The people in your company who have access to Dynamics NAV are all assigned a profile that gives them access to a Role Center. As an administrator, you can assign and change profiles in Dynamics …",country_expansion_v5_ch,http://sf-109983.dynamicstocloud.com:49000/help/en-US/admin-users-profiles-roles.html,1,CDQO,2026-04-15T07:17:58.107288
"Managing Users, Profiles, and Role Centers - LS Retail",CH,help.lscentral140.lsretail.com,,,5,web_mention,"The people in your company who have access to Dynamics NAV are all assigned a profile that gives them access to a Role Center. As an administrator, you can assign and change profiles in Dynamics …",country_expansion_v5_ch,https://help.lscentral140.lsretail.com/Content/Dynamics%20NAV/admin-users-profiles-roles.html,1,CDQO,2026-04-15T07:17:58.107321
Puma Energy,CH,,Oil & Gas,,5,theirstack,Energy - Navision,theirstack_europe_batch1,,1,CDQO,2026-04-15T07:17:58.090915
Über Uns – navconsulting GmbH,CH,www.navconsulting.de,,,5,web_mention,"Wir betreuen sowohl Kunden in der aktuellsten Cloud und On-Premises Umgebung, wie auch Bestandskunden, die Navision oder Dynamics NAV Versionen einsetzen.",country_expansion_v6_ch,https://www.navconsulting.de/ueber-uns/,1,CDQO,2026-04-15T07:17:58.112920
Hire Microsoft Navision Consultants and Dynamics NAV Developers,CI,www.hiredynamicsdevelopers.com,,,5,web_mention,Your dedicated Microsoft Dynamics NAV integration specialist will choose and deploy relevant ERP modules for your project. These optimized functionalities will help to trace and coordinate core tasks.,country_expansion_v6_ci,https://www.hiredynamicsdevelopers.com/hire-microsoft-dynamics-nav-developer/,1,CDQO,2026-04-15T07:17:58.115711
Learn NAV Programming Language : C/AL - Navision Planet,CI,www.navisionplanet.com,,,5,web_mention,"Sep 15, 2025 · Learn NAV Programming language in simple and easy words along with Practise questions. C/AL (Client Application Language) is the programming language using in the C/SIDE …",country_expansion_v6_ci,https://www.navisionplanet.com/learn-nav-programing-language/,1,CDQO,2026-04-15T07:17:58.115750
Telia Elfenbenskysten,CI,,Telecom,,5,theirstack,Telecom - Dynamics NAV,theirstack_final_batch1,,1,CDQO,2026-04-15T07:17:58.097220
Captology Es,CL,captology.es,,,5,case_study,Case study: Partner ERPNavisionSantiago Microsoft Dynamics NAV,global_jobs,https://captology.es/navision-santiago-erp-dynamics-nav/,1,CDQO,2026-04-15T07:17:58.132756
Conectacuenca Cl,CL,conectacuenca.cl,,,5,case_study,"Case study: Soluciones ERPNavision, CRM, AX & AXAPTA: Consultoría …",global_jobs,https://conectacuenca.cl/noticias/erp-navision-crm-nav-ax-axapta-bps-bpo-internacionalizacion-consultoria/,1,CDQO,2026-04-15T07:17:58.132727
Consultorianavision Com,CL,consultorianavision.com,,,5,case_study,Case study: MicrosoftDynamicsNav- CONSULTORÍA NAVISION,global_jobs,https://www.consultorianavision.com/,1,CDQO,2026-04-15T07:17:58.137583
Dynamics Connect Co Uk,CL,dynamics-connect.co.uk,,,5,case_study,Case study: What is MicrosoftNavision? Dynamics Nav Explained,global_jobs,https://dynamics-connect.co.uk/Blog/what-is-microsoft-navision-dynamics-nav-explained,1,CDQO,2026-04-15T07:17:58.137441
Dynamicsfanatics Com,CL,dynamicsfanatics.com,,,5,case_study,Case study: MicrosoftNavisionEnd of Life: What Your Business Should Do Next,global_jobs,https://www.dynamicsfanatics.com/post/microsoft-navision-end-of-life-what-it-means-for-your-business-next-steps,1,CDQO,2026-04-15T07:17:58.137971
Dynamicssmartz Com,CL,dynamicssmartz.com,,,5,case_study,Case study: Everything You Need to Know About Microsoft Dynamics NAV in 2026,global_jobs,https://www.dynamicssmartz.com/blog/microsoft-dynamics-nav/,1,CDQO,2026-04-15T07:17:58.137453
Dynamicssquare Com,CL,dynamicssquare.com,,,5,case_study,Case study: What is Microsoft Dynamics NAV?,global_jobs,https://www.dynamicssquare.com/blog/everything-know-about-microsoft-dynamics-nav/,1,CDQO,2026-04-15T07:17:58.137982
Empresas que utilizanDynamicsNavision,CL,formatalent.com,,,5,case_study,Case study: Empresas que utilizanDynamicsNavision - Formatalent,global_jobs,https://formatalent.com/empresas-que-utilizan-dynamics-navision/,1,CDQO,2026-04-15T07:17:58.137607
Exceliaconsulting Com,CL,exceliaconsulting.com,,,5,case_study,Case study: Microsoft Dynamics NAV | exceliaconsulting,global_jobs,https://www.exceliaconsulting.com/erp-navision,1,CDQO,2026-04-15T07:17:58.132691
Expert Microsoft Dynamics NAVISION Consulting Services,CL,itransfluence.com,,,5,web_mention,"Our services cover every aspect of Dynamics NAVISION, including software development, business process re-engineering, and system customization. Whether you’re upgrading legacy systems, …",country_expansion_v6_cl,https://itransfluence.com/premier-ms-navision-consulting/,1,CDQO,2026-04-15T07:17:58.113793
Eynasofteam Com,CL,eynasofteam.com,,,5,case_study,Case study: DeNavision2.6 al control totaldesu plantadeproducción:Casode...,global_jobs,https://www.eynasofteam.com/grupo-torre-digitaliza-su-fabrica-centenaria/,1,CDQO,2026-04-15T07:17:58.132669
Go Erp Eu,CL,go-erp.eu,,,5,case_study,Case study: The 7 Core Capabilities of MicrosoftNavision(Dynamics NAV),global_jobs,https://go-erp.eu/what-is-microsoft-navision-an-overview/,1,CDQO,2026-04-15T07:17:58.137464
Hire Microsoft Navision Consultants and Dynamics NAV Developers,CL,www.hiredynamicsdevelopers.com,,,5,web_mention,We formulate a profile for the perfect Microsoft Navision developer according to your needs and then embark on the journey to find them across various platforms.,country_expansion_v6_cl,https://www.hiredynamicsdevelopers.com/hire-microsoft-dynamics-nav-developer/,1,CDQO,2026-04-15T07:17:58.113761
Leyesytecnologia Com,CL,leyesytecnologia.com,,,5,case_study,Case study: PeritajedeNavision- Claves del éxito desde ambos lados …,global_jobs,https://leyesytecnologia.com/peritaje-de-navision/,1,CDQO,2026-04-15T07:17:58.133930
MicrosoftDynamicsNav- CONSULTORÍA NAVISION,CL,consultorianavision.com,,,5,case_study,Case study: MicrosoftDynamicsNav- CONSULTORÍA NAVISION - EVOTEC,global_jobs,https://www.consultorianavision.com/,1,CDQO,2026-04-15T07:17:58.137631
Navision| TCServi,CL,tcservi.com,,,5,case_study,Case study: Navision| TCServi - Microsoft Official Partner,global_jobs,https://tcservi.com/navision/,1,CDQO,2026-04-15T07:17:58.132680
Navision¿qué es? | Microsoft Dynamics NAV,CL,ceieu.com,,,5,case_study,Case study: Navision¿qué es? | Microsoft Dynamics NAV - CEI Europe,global_jobs,https://www.ceieu.com/programa-software-erp/que-es-navision/,1,CDQO,2026-04-15T07:17:58.132702
Se necesita urgente! Trabajo de consultor navision: 280 ofertas ...,CL,es.jobsora.com,,,5,web_mention,Una consultora de selección de talento busca un/a Técnico/a de Desarrollo Microsoft Dynamics NAV (Navision) en Madrid. La misión es diseñar y desarrollar soluciones en un entorno colaborativo y …,country_expansion_v6_cl,https://es.jobsora.com/empleos-consultor-navision,1,CDQO,2026-04-15T07:17:58.113772
Ugma Com Mx,CL,ugma.com.mx,,,5,case_study,Case study: ¿Qué es Microsoft Dynamics NAV y por qué tuempresa…,global_jobs,https://ugma.com.mx/que-es-microsoft-dynamics-nav-y-por-que-tu-empresa-lo-necesita/,1,CDQO,2026-04-15T07:17:58.138310
Hire Microsoft Navision Consultants and Dynamics NAV Developers,CM,www.hiredynamicsdevelopers.com,,,5,web_mention,Your dedicated Microsoft Dynamics NAV integration specialist will choose and deploy relevant ERP modules for your project. These optimized functionalities will help to trace and coordinate core tasks.,country_expansion_v6_cm,https://www.hiredynamicsdevelopers.com/hire-microsoft-dynamics-nav-developer/,1,CDQO,2026-04-15T07:17:58.122813
Learn NAV Programming Language : C/AL - Navision Planet,CM,www.navisionplanet.com,,,5,web_mention,"Sep 15, 2025 · Learn NAV Programming language in simple and easy words along with Practise questions. C/AL (Client Application Language) is the programming language using in the C/SIDE …",country_expansion_v6_cm,https://www.navisionplanet.com/learn-nav-programing-language/,1,CDQO,2026-04-15T07:17:58.122839
Telia Cameroun,CM,,Telecom,,5,theirstack,Telecom - Navision,theirstack_final_batch1,,1,CDQO,2026-04-15T07:17:58.097296
Add Windows User With Permissions Using SQL Query of Dynamics NAV,CN,www.navuser.com,,,5,web_mention,"Jul 5, 2021 · The SQL query to add Windows users with permission set for Microsoft Dynamics Navision. This is one of the easy methods to add users to NAV.",country_expansion_v5_cn,https://www.navuser.com/add-windows-user-with-permissions-using-sql-query-dynamics-nav/,1,CDQO,2026-04-15T07:17:58.109144
Alibaba,CN,,Technology,,5,theirstack,E-commerce - Dynamics NAV,theirstack_asia_batch2,,1,CDQO,2026-04-15T07:17:58.092328
Buy ms dynamics navision Software Solutions | Bettersoft Inc,CN,www.alibaba.com,,,5,web_mention,"Discover premium ms dynamics navision software with online activation, multilingual support, and lifelong use. Shop reliable ERP solutions for business efficiency today.",country_expansion_v5_cn,https://www.alibaba.com/supplier/ms-dynamics-navision.html,1,CDQO,2026-04-15T07:17:58.109100
CNOOC,CN,,Oil & Gas,,5,theirstack,Energy - Dynamics NAV,theirstack_asia_batch2,,1,CDQO,2026-04-15T07:17:58.092485
ChemChina,CN,,Chemicals,,5,theirstack,Chemicals - Navision,theirstack_asia_batch2,,1,CDQO,2026-04-15T07:17:58.092536
ChemChina Group,CN,,Chemicals,,5,theirstack,Chemicals - Navision,theirstack_asia_batch2,,1,CDQO,2026-04-15T07:17:58.092555
China National Chemical,CN,,Chemicals,,5,theirstack,Chemicals - Dynamics NAV,theirstack_asia_batch2,,1,CDQO,2026-04-15T07:17:58.092545
China National Petroleum,CN,,Oil & Gas,,5,theirstack,Energy - Navision,theirstack_asia_batch2,,1,CDQO,2026-04-15T07:17:58.092495
China Petrochemical,CN,,Chemicals,,5,theirstack,Chemicals - Navision,theirstack_asia_batch2,,1,CDQO,2026-04-15T07:17:58.092515
China Petroleum,CN,,Oil & Gas,,5,theirstack,Energy - Dynamics NAV,theirstack_asia_batch2,,1,CDQO,2026-04-15T07:17:58.092505
Haier,CN,,Manufacturing,,5,theirstack,Appliances - Dynamics NAV,theirstack_asia_batch2,,1,CDQO,2026-04-15T07:17:58.092285
Hisense,CN,,Technology,,5,theirstack,Electronics - Navision,theirstack_asia_batch2,,1,CDQO,2026-04-15T07:17:58.092296
Huawei,CN,,Technology,,5,theirstack,Telecom - Dynamics NAV,theirstack_asia_batch2,,1,CDQO,2026-04-15T07:17:58.092317
Kweichow Moutai,CN,,Food & Beverage,,5,theirstack,Beverages - Dynamics NAV,theirstack_asia_batch2,,1,CDQO,2026-04-15T07:17:58.092358
Lenovo,CN,,Technology,,5,theirstack,Electronics - Navision,theirstack_asia_batch2,,1,CDQO,2026-04-15T07:17:58.092257
Luzhou Laojiao,CN,,Food & Beverage,,5,theirstack,Beverages - Dynamics NAV,theirstack_asia_batch2,,1,CDQO,2026-04-15T07:17:58.092395
MICROSOFT BUSINESS SOLUTIONS—NAVISION,CN,download.microsoft.com,,,5,web_mention,"Microsoft® Business Solutions—Navision® does just that, delivering an integrated business management solution that is ideal for growing, mid-market segment businesses.",country_expansion_v5_cn,https://download.microsoft.com/documents/uk/dynamics/products/nav/Overview/BusinessOYTBrochure.pdf,1,CDQO,2026-04-15T07:17:58.109086
"Managing Users, Profiles, and Role Centers",CN,sf-109983.dynamicstocloud.com:49000,,,5,web_mention,"The people in your company who have access to Dynamics NAV are all assigned a profile that gives them access to a Role Center. As an administrator, you can assign and change profiles in Dynamics …",country_expansion_v5_cn,http://sf-109983.dynamicstocloud.com:49000/help/en-US/admin-users-profiles-roles.html,1,CDQO,2026-04-15T07:17:58.109155
"Managing Users, Profiles, and Role Centers - LS Retail",CN,help.lscentral140.lsretail.com,,,5,web_mention,"The people in your company who have access to Dynamics NAV are all assigned a profile that gives them access to a Role Center. As an administrator, you can assign and change profiles in Dynamics …",country_expansion_v5_cn,https://help.lscentral140.lsretail.com/Content/Dynamics%20NAV/admin-users-profiles-roles.html,1,CDQO,2026-04-15T07:17:58.109134
Moutai Group,CN,,Food & Beverage,,5,theirstack,Beverages - Dynamics NAV,theirstack_asia_batch2,,1,CDQO,2026-04-15T07:17:58.092423
New-NAVServerUser (Microsoft.Dynamics.Nav.Management) - Dynamics NAV,CN,learn.microsoft.com,,,5,web_mention,This key must be at least 8 characters and contain combination of uppercase and lowercase letters and numbers. The authentication key is entered by the user the first time that the user logs on to Business …,country_expansion_v5_cn,https://learn.microsoft.com/en-us/powershell/module/microsoft.dynamics.nav.management/new-navserveruser?view=businesscentral-ps-23,1,CDQO,2026-04-15T07:17:58.109123
PetroChina,CN,,Oil & Gas,,5,theirstack,Energy - Navision,theirstack_asia_batch2,,1,CDQO,2026-04-15T07:17:58.092475
Pinduoduo,CN,,Retail,,5,theirstack,E-commerce - Navision,theirstack_asia_batch2,,1,CDQO,2026-04-15T07:17:58.092348
Sany Heavy Industry,CN,,Manufacturing,,5,theirstack,Construction - Navision,theirstack_asia_batch2,,1,CDQO,2026-04-15T07:17:58.092434
Sinochem,CN,,Chemicals,,5,theirstack,Chemicals - Dynamics NAV,theirstack_asia_batch2,,1,CDQO,2026-04-15T07:17:58.092526
Sinochem Holdings,CN,,Chemicals,,5,theirstack,Chemicals - Dynamics NAV,theirstack_asia_batch2,,1,CDQO,2026-04-15T07:17:58.092568
Sinopec,CN,,Oil & Gas,,5,theirstack,Energy - Dynamics NAV,theirstack_asia_batch2,,1,CDQO,2026-04-15T07:17:58.092464
Tencent,CN,,Technology,,5,theirstack,Gaming - Navision,theirstack_asia_batch2,,1,CDQO,2026-04-15T07:17:58.092338
Wuliangye,CN,,Food & Beverage,,5,theirstack,Beverages - Navision,theirstack_asia_batch2,,1,CDQO,2026-04-15T07:17:58.092372
XCMG,CN,,Manufacturing,,5,theirstack,Construction - Navision,theirstack_asia_batch2,,1,CDQO,2026-04-15T07:17:58.092454
Xiaomi,CN,,Technology,,5,theirstack,Electronics - Navision,theirstack_asia_batch2,,1,CDQO,2026-04-15T07:17:58.092307
Yanghe,CN,,Food & Beverage,,5,theirstack,Beverages - Navision,theirstack_asia_batch2,,1,CDQO,2026-04-15T07:17:58.092405
Zoomlion,CN,,Manufacturing,,5,theirstack,Construction - Dynamics NAV,theirstack_asia_batch2,,1,CDQO,2026-04-15T07:17:58.092444
Advancesoluciones Com,CO,advancesoluciones.com,,,5,case_study,Case study: Software ERP Microsoft Dynamics NAV (Navision),global_jobs,https://www.advancesoluciones.com/soluciones-digitales/erp/navision/,1,CDQO,2026-04-15T07:17:58.138066
Axial Erp Co,CO,axial-erp.co,,,5,case_study,Case study: MicrosoftNavisiono Microsoft Dynamics NAV: Una solución ERP para …,global_jobs,https://axial-erp.co/erp/microsoft-navision-o-microsoft-dynamics-nav-una-solucion-erp-para-la-gestion-empresarial/,1,CDQO,2026-04-15T07:17:58.136014
Consultorianavision Com,CO,consultorianavision.com,,,5,case_study,Case study: MicrosoftDynamicsNav- CONSULTORÍA NAVISION,global_jobs,https://www.consultorianavision.com/,1,CDQO,2026-04-15T07:17:58.136201
Contact - Navision Shipping,CO,www.navisionshipping.com,,,5,web_mention,"With over 100 years combined experience, our dedicated team of well-qualified and commercially-minded chartering and operations professionals, who continuously …",country_expansion_v6_co,https://www.navisionshipping.com/31/contact,1,CDQO,2026-04-15T07:17:58.113876
Contact - NavisionGroup,CO,navisiongroup.com,,,5,web_mention,Any investment proposal? Please contact us if you have an exciting investment proposal.,country_expansion_v6_co,https://navisiongroup.com/contact/,1,CDQO,2026-04-15T07:17:58.113941
Dynamics Connect Co Uk,CO,dynamics-connect.co.uk,,,5,case_study,Case study: What is MicrosoftNavision? Dynamics Nav Explained,global_jobs,https://dynamics-connect.co.uk/Blog/what-is-microsoft-navision-dynamics-nav-explained,1,CDQO,2026-04-15T07:17:58.137676
Exceliaconsulting Com,CO,exceliaconsulting.com,,,5,case_study,Case study: Microsoft Dynamics NAV | exceliaconsulting,global_jobs,https://www.exceliaconsulting.com/erp-navision,1,CDQO,2026-04-15T07:17:58.133759
Expert Microsoft Dynamics NAVISION Consulting Services,CO,itransfluence.com,,,5,web_mention,"Our services cover every aspect of Dynamics NAVISION, including software development, business process re-engineering, and system customization. Whether you’re upgrading legacy systems, …",country_expansion_v6_co,https://itransfluence.com/premier-ms-navision-consulting/,1,CDQO,2026-04-15T07:17:58.114010
Eynasofteam Com,CO,eynasofteam.com,,,5,case_study,Case study: DeNavision2.6 al control totaldesu plantadeproducción:Casode...,global_jobs,https://www.eynasofteam.com/grupo-torre-digitaliza-su-fabrica-centenaria/,1,CDQO,2026-04-15T07:17:58.132768
Go Erp Eu,CO,go-erp.eu,,,5,case_study,Case study: The 7 Core Capabilities of MicrosoftNavision(Dynamics NAV),global_jobs,https://go-erp.eu/what-is-microsoft-navision-an-overview/,1,CDQO,2026-04-15T07:17:58.135981
Hire Microsoft Navision Consultants and Dynamics NAV Developers,CO,www.hiredynamicsdevelopers.com,,,5,web_mention,We formulate a profile for the perfect Microsoft Navision developer according to your needs and then embark on the journey to find them across various platforms.,country_expansion_v6_co,https://www.hiredynamicsdevelopers.com/hire-microsoft-dynamics-nav-developer/,1,CDQO,2026-04-15T07:17:58.113963
Insightsoftware Com,CO,insightsoftware.com,,,5,case_study,Case study: Microsoft Dynamics NAV | insightsoftware,global_jobs,https://insightsoftware.com/es/solutions/microsoft-dynamics-nav/,1,CDQO,2026-04-15T07:17:58.137338
Kube Systems,CO,kube.systems,,,5,case_study,Case study: NavisionERP: Evolución y Transformación Digital 2026,global_jobs,https://kube.systems/navision-erp/,1,CDQO,2026-04-15T07:17:58.137642
Leyesytecnologia Com,CO,leyesytecnologia.com,,,5,case_study,Case study: PeritajedeNavision. Otrocasodeéxito. • Leyes y …,global_jobs,https://leyesytecnologia.com/peritaje-de-navision-otro-caso-de-exito/,1,CDQO,2026-04-15T07:17:58.135028
Microsoft Navision End-of-Life Explained,CO,priority-software.com,,,5,case_study,Case study: Microsoft Navision End-of-Life Explained - Priority Software,global_jobs,https://www.priority-software.com/blog/microsoft-navision-end-of-life/,1,CDQO,2026-04-15T07:17:58.137205
Microsoft Navision o Microsoft Dynamics NAV: Una solución ERP para …,CO,axial-erp.co,,,5,web_mention,Microsoft Navision o Microsoft Dynamics NAV es una solución ERP (Enterprise Resource Planning) desarrollada por Microsoft para ayudar en la gestión empresarial. Es conocido popularmente como …,country_expansion_v6_co,https://axial-erp.co/erp/microsoft-navision-o-microsoft-dynamics-nav-una-solucion-erp-para-la-gestion-empresarial/,1,CDQO,2026-04-15T07:17:58.113904
Navision| TCServi,CO,tcservi.com,,,5,case_study,Case study: Navision| TCServi - Microsoft Official Partner,global_jobs,https://tcservi.com/navision/,1,CDQO,2026-04-15T07:17:58.137357
Navision¿qué es? | Microsoft Dynamics NAV,CO,ceieu.com,,,5,case_study,Case study: Navision¿qué es? | Microsoft Dynamics NAV - CEI Europe,global_jobs,https://www.ceieu.com/programa-software-erp/que-es-navision/,1,CDQO,2026-04-15T07:17:58.133772
Se necesita urgente! Trabajo de consultor navision: 280 ofertas ...,CO,es.jobsora.com,,,5,web_mention,Una consultora de selección de talento busca un/a Técnico/a de Desarrollo Microsoft Dynamics NAV (Navision) en Madrid. La misión es diseñar y desarrollar soluciones en un entorno colaborativo y …,country_expansion_v6_co,https://es.jobsora.com/empleos-consultor-navision,1,CDQO,2026-04-15T07:17:58.113973
"Se necesita urgente: Contabilidad navision en Cartagena, Murcia ...",CO,es.jooble.org,,,5,web_mention,En Cartagena (Murcia) se busca a una persona para apoyar en las tareas diarias de administración y contabilidad. Sus funciones incluirán la gestión de la documentación financiera y la elaboración de …,country_expansion_v6_co,https://es.jooble.org/trabajo-contabilidad-navision/Cartagena%2C-Murcia,1,CDQO,2026-04-15T07:17:58.113862
Soluciones Navision Erp en Cartagena (Murcia) - Empresite,CO,empresite.eleconomista.es,,,5,web_mention,Listado de empresas relacionadas con Soluciones Navision Erp en Cartagena (Murcia). Seleccione la infomación de la empresa de Soluciones Navision Erp de Cartagena.,country_expansion_v6_co,https://empresite.eleconomista.es/Actividad/SOLUCIONES-NAVISION-ERP/localidad/CARTAGENA-MURCIA/PgNum-2/,1,CDQO,2026-04-15T07:17:58.113919
Sterling Team Com,CO,sterling-team.com,,,5,case_study,Case study: What is MicrosoftNavisionERP? An In-Depth Look at Dynamics NAV,global_jobs,https://www.sterling-team.com/news/en/what-is-microsoft-navision-erp-an-in-depth-look-at-dynamics-nav/,1,CDQO,2026-04-15T07:17:58.135992
Telia Tjekkiet,CZ,,Telecom,,5,theirstack,Telecom - Dynamics NAV,theirstack_final_batch1,,1,CDQO,2026-04-15T07:17:58.096852
Mastronardi Produce,Canada,,Food and Beverage Services,,5,theirstack,Listed on TheirStack as Microsoft Dynamics NAV user,theirstack,https://theirstack.com/en/technology/microsoft-dynamics-nav?page=1,1,CDQO,2026-04-15T07:17:58.099303
Primeau Vélo,Canada,,Sporting Goods Manufacturing,,5,theirstack,Listed on TheirStack as Microsoft Dynamics NAV user,theirstack,https://theirstack.com/en/technology/microsoft-dynamics-nav?page=1,1,CDQO,2026-04-15T07:17:58.099314
ABB Germany,DE,,Manufacturing,Robotics,5,theirstack,Robotics - Dynamics NAV,theirstack_germany_batch1,,1,CDQO,2026-04-15T07:17:58.086034
Action Against Hunger,DE,,Non-Profit,,5,theirstack,NGO - Dynamics NAV,theirstack_expansion_batch3,,1,CDQO,2026-04-15T07:17:58.093206
Amazon De,DE,amazon.de,,,5,case_study,Case study: Ein praxisorientierter Einstieg in MicrosoftNavision: Eine ...,global_jobs,https://www.amazon.de/praxisorientierter-Einstieg-Microsoft-Navision-Hochschularbeit/dp/3639113284,1,CDQO,2026-04-15T07:17:58.138273
BELWARE,DE,,Technology,,5,theirstack,Technology - Navision,theirstack_expansion_batch2,,1,CDQO,2026-04-15T07:17:58.092048
BELWARE GmbH,DE,,IT Services,,5,verified_customer,Job posting: Dynamics NAV/BC Entwickler,research_batch_1,,1,CDQO,2026-04-15T07:17:58.138725
BUHLMANN Rohr-Fittings-Stahlhandel GmbH Co. KG,DE,,Wholesale,160,5,technology_stack,Listed on TheirStack as Microsoft Dynamics NAV user,theirstack,https://theirstack.com/en/technology/microsoft-dynamics-nav/de,1,CDQO,2026-04-15T07:17:58.097474
Balluff,DE,,Manufacturing,Sensors,5,theirstack,Sensors - Dynamics NAV,theirstack_germany_batch1,,1,CDQO,2026-04-15T07:17:58.085364
BayernInvest Kapitalverwaltungsgesellschaft mbH,DE,,Financial Services,,5,theirstack,TheirStack Navision user - 201 employees,theirstack_scrape_v1,,1,CDQO_MASS,2026-04-15T07:53:51.427384
Bechtle,DE,,IT Services and IT Consulting,10k,5,technology_stack,Listed on TheirStack as Microsoft Dynamics NAV user,theirstack,https://theirstack.com/en/technology/microsoft-dynamics-nav/de,1,CDQO_MASS,2026-04-15T07:53:51.427384
Bechtle AG,DE,,IT Services,1.7k,5,theirstack,1.7k employees - Navision user,theirstack_germany_batch1,,1,CDQO,2026-04-15T07:17:58.085000
Bosch,DE,,Manufacturing,,5,enterprise,Navision logistics,theirstack_enterprise,,1,CDQO,2026-04-15T07:17:58.084492
Bosch Rexroth,DE,,Manufacturing,Hydraulics,5,theirstack,Hydraulics - Dynamics NAV,theirstack_germany_batch1,,1,CDQO,2026-04-15T07:17:58.085049
Bss Bln De,DE,bss-bln.de,,,5,case_study,Case study: Dynamics NAV Software für den Mittelstand,global_jobs,https://www.bss-bln.de/software/business-central/nav/,1,CDQO,2026-04-15T07:17:58.136692
Buchhalter/Finanzbuchhalter (m/w/d),DE,,,,5,job_posting_smoking_gun,Hiring: Buchhalter/Finanzbuchhalter (m/w/d) | Cheyenne | JobLeads.com - Buchhalter/Finanzbuchhalter (m/w/d). MT.DERM GmbH. Cheyenne (WY). On-site ... Buchhaltungssoftware (Microsoft Dynamics NAV). MS Office. Teamplayer. Education.,job_posting_scrape,https://www.jobleads.com/us/job/buchhalter-finanzbuchhalter-m-w-d--cheyenne--e657bc394d6496e68d611d68e1a8180ea,1,CDQO_MASS,2026-04-15T07:53:51.427384
Busch-Jaeger,DE,,Manufacturing,Electrical,5,theirstack,Electrical - Dynamics NAV,theirstack_germany_batch1,,1,CDQO,2026-04-15T07:17:58.086180
COSMO CONSULT,DE,,IT Services and IT Consulting,1.5k,5,technology_stack,Listed on TheirStack as Microsoft Dynamics NAV user,theirstack,https://theirstack.com/en/technology/microsoft-dynamics-nav/de,1,CDQO,2026-04-15T07:17:58.097417
Connamix GmbH & Co. KG,DE,,IT Services and IT Consulting,14,5,technology_stack,Listed on TheirStack as Microsoft Dynamics NAV user,theirstack,https://theirstack.com/en/technology/microsoft-dynamics-nav/de,1,CDQO_MASS,2026-04-15T07:53:51.427384
Continental AG,DE,,Automotive,Auto,5,theirstack,Auto parts - Dynamics NAV,theirstack_germany_batch1,,1,CDQO,2026-04-15T07:17:58.085064
DEKRA Arbeit GmbH,DE,,Public Safety,49k,5,technology_stack,Listed on TheirStack as Microsoft Dynamics NAV user,theirstack,https://theirstack.com/en/technology/microsoft-dynamics-nav/de,1,CDQO,2026-04-15T07:17:58.097497
DIS AG,DE,,HR Services,5000,5,theirstack,TheirStack technology detection - 5000 employees,TheirStack,https://theirstack.com/en/technology/navision/de,1,CDQO,2026-04-15T07:17:58.083710
DYWIDAG,DE,,Construction,,5,theirstack,Construction - Dynamics NAV,theirstack_expansion_batch2,,1,CDQO,2026-04-15T07:17:58.091764
Delphisoft Group Com,DE,delphisoft-group.com,,,5,case_study,Case study: Microsoft Dynamics NAV (NAVISION) | ERP-Lösung,global_jobs,https://delphisoft-group.com/de/microsoft-dynamics-nav-navision/,1,CDQO,2026-04-15T07:17:58.132158
Dematic,DE,,Manufacturing,,5,theirstack,Logistics - Dynamics NAV,theirstack_expansion_batch3,,1,CDQO,2026-04-15T07:17:58.093378
Digital Experts Com,DE,digital-experts.com,,,5,case_study,Case study: Navision Support mit ️ Langjähriger Erfahrung,global_jobs,https://digital-experts.com/bc/leistungen/navision-support/,1,CDQO,2026-04-15T07:17:58.133216
Does Navision still exist? | ERP software for SMEs,DE,anaptis.com,,,5,web_mention,"Originally, Navision was the name of Microsoft's software solution. It was later renamed Microsoft Dynamics NAV. Then, in 2018, it underwent its most recent ...",country_expansion_de,https://anaptis.com/en/products/navision/,1,CDQO,2026-04-15T07:17:58.105162
Dynamics Connect Co Uk,DE,dynamics-connect.co.uk,,,5,case_study,Case study: What is MicrosoftNavision? Dynamics Nav Explained,global_jobs,https://dynamics-connect.co.uk/Blog/what-is-microsoft-navision-dynamics-nav-explained,1,CDQO,2026-04-15T07:17:58.136433
Dynamics365Partner De,DE,dynamics365partner.de,,,5,case_study,"Case study: Vier Gründe, Ihr NAVISION hinter sich zu lassen -Dynamics365 Partner",global_jobs,https://dynamics365partner.de/blog/vier-gruende-ihr-navision-hinter-sich-zu-lassen/,1,CDQO,2026-04-15T07:17:58.133519
Dynamicsfanatics Com,DE,dynamicsfanatics.com,,,5,case_study,Case study: MicrosoftNavisionEnd of Life: What Your Business Should Do Next,global_jobs,https://www.dynamicsfanatics.com/post/microsoft-navision-end-of-life-what-it-means-for-your-business-next-steps,1,CDQO,2026-04-15T07:17:58.134172
Dynamicssmartz Com,DE,dynamicssmartz.com,,,5,case_study,Case study: Everything You Need to Know About Microsoft Dynamics NAV in 2026,global_jobs,https://www.dynamicssmartz.com/blog/microsoft-dynamics-nav/,1,CDQO,2026-04-15T07:17:58.134126
Dynamicssquare Com,DE,dynamicssquare.com,,,5,case_study,Case study: What is Microsoft Dynamics NAV?,global_jobs,https://www.dynamicssquare.com/blog/everything-know-about-microsoft-dynamics-nav/,1,CDQO,2026-04-15T07:17:58.134206
EPAM Systems,DE,,IT Services,,5,theirstack,IT services - Dynamics NAV,theirstack_expansion_batch3,,1,CDQO,2026-04-15T07:17:58.093185
ERP für KMU - mcbs Systemhaus Software,DE,www.software-erp.de,,,5,web_mention,Die ERP-Software für kleine und mittelständische Unternehmen mit Weitblick. Seit über 25 Jahren unterstützt Microsoft Dynamics NAV kleine und mittelständische Unternehmen in ihrem täglichen …,country_expansion_v6_de,https://www.software-erp.de/,1,CDQO,2026-04-15T07:17:58.110694
ESedi e.K.,DE,,Software Development,2,5,technology_stack,Listed on TheirStack as Microsoft Dynamics NAV user,theirstack,https://theirstack.com/en/technology/microsoft-dynamics-nav/de,1,CDQO,2026-04-15T07:17:58.097486
Einkäufer (all gender) Food – Einkauf mit Geschmack!,DE,,,,5,job_posting_smoking_gun,Hiring: Einkäufer (all gender) Food – Einkauf mit Geschmack! - LinkedIn - Einkäufer (all gender) Food – Einkauf mit Geschmack! in ... Fit in ERP- und BI-Tools (MS Dynamics NAV von Vorteil) und sicher in Excel & PowerPoint.,job_posting_scrape,https://www.linkedin.com/jobs/view/4373500486/,1,CDQO_MASS,2026-04-15T07:53:51.427384
ElringKlinger,DE,,Automotive,Auto,5,theirstack,Auto parts - Dynamics NAV,theirstack_germany_batch1,,1,CDQO,2026-04-15T07:17:58.085261
Emerson Electric,DE,,Manufacturing,Automation,5,theirstack,Automation - Navision,theirstack_germany_batch1,,1,CDQO,2026-04-15T07:17:58.086082
FANUC,DE,,Manufacturing,,5,theirstack,Robotics - Dynamics NAV,theirstack_expansion_batch3,,1,CDQO,2026-04-15T07:17:58.093426
Festo,DE,,Manufacturing,Pneumatics,5,theirstack,Pneumatics - Dynamics NAV,theirstack_germany_batch1,,1,CDQO,2026-04-15T07:17:58.085319
Frey + Lau GmbH,DE,,Manufacturing,,5,verified_customer,Job posting: ERP Consultant MS Dynamics NAV,research_batch_1,,1,CDQO,2026-04-15T07:17:58.138703
German Red Cross,DE,,Non-Profit,,5,theirstack,Non-Profit - Dynamics NAV,theirstack_global_batch2,,1,CDQO,2026-04-15T07:17:58.091538
Gira,DE,,Manufacturing,Electrical,5,theirstack,Electrical - Navision,theirstack_germany_batch1,,1,CDQO,2026-04-15T07:17:58.086145
Go Erp Eu,DE,go-erp.eu,,,5,case_study,Case study: The 7 Core Capabilities of MicrosoftNavision(Dynamics NAV),global_jobs,https://go-erp.eu/what-is-microsoft-navision-an-overview/,1,CDQO,2026-04-15T07:17:58.134194
HAPEKO Deutschland GmbH,DE,,ERP Software,,5,google_search,Found via: site:stepstone.de Navision,google,https://stepstone.de Navision,1,CDQO,2026-04-15T07:17:58.128233
Hager Group,DE,,Manufacturing,Electrical,5,theirstack,Electrical - Dynamics NAV,theirstack_germany_batch1,,1,CDQO,2026-04-15T07:17:58.086128
Hannover Messe 2026 - Navision - Industrial Tradeshows,DE,www.directindustry.com,,,5,web_mention,Hannover Messe 2026 20-24 Apr 2026Hannover (Germany)Hall 17 - Stand G06 More information see more,country_expansion_v5_de,https://www.directindustry.com/exhibitions/navision-17334.html,1,CDQO,2026-04-15T07:17:58.106420
Hannover Messe 2026 - Navision - Industriemessen - DirectIndustry,DE,www.directindustry.de,,,5,web_mention,"Es handelt sich um unverbindliche Preisangaben, die je nach Land, Kurs der Rohstoffe und Wechselkurs schwanken können.",country_expansion_v5_de,https://www.directindustry.de/messen/navision-17334.html,1,CDQO,2026-04-15T07:17:58.106432
Harting,DE,,Manufacturing,Connectors,5,theirstack,Connectors - Navision,theirstack_germany_batch1,,1,CDQO,2026-04-15T07:17:58.085397
Hella GmbH,DE,,Automotive,Lighting,5,theirstack,Lighting - Navision ERP,theirstack_germany_batch1,,1,CDQO,2026-04-15T07:17:58.085241
Hermes Group,DE,,Retail,,5,theirstack,Retail - Navision,theirstack_expansion_batch3,,1,CDQO,2026-04-15T07:17:58.093174
Hire Microsoft Navision Consultants and Dynamics NAV Developers,DE,www.hiredynamicsdevelopers.com,,,5,web_mention,Your dedicated Microsoft Dynamics NAV integration specialist will choose and deploy relevant ERP modules for your project. These optimized functionalities will help to trace and coordinate core tasks.,country_expansion_v6_de,https://www.hiredynamicsdevelopers.com/hire-microsoft-dynamics-nav-developer/,1,CDQO,2026-04-15T07:17:58.110897
Hugendubel De,DE,hugendubel.de,,,5,case_study,"Case study: Buch (kartoniert): ""Ein praxisorientierter Einstieg in MicrosoftNavision""",global_jobs,https://www.hugendubel.de/de/buch_kartoniert/tobias_schmid-ein_praxisorientierter_einstieg_in_microsoft_navision-8167289-produkt-details.html,1,CDQO,2026-04-15T07:17:58.133145
IT Services Consulting Germany 1,DE,,IT Services,,5,theirstack,TheirStack Navision user - 10k employees,theirstack_scrape_v1,,1,CDQO,2026-04-15T07:17:58.086312
IT Services Consulting Germany 2,DE,,IT Services,,5,theirstack,"TheirStack Navision user - 1.5k employees, $145M revenue",theirstack_scrape_v1,,1,CDQO,2026-04-15T07:17:58.086339
Intercon Solutions,DE,,Consulting,,5,theirstack,Consulting - Navision,theirstack_expansion_batch2,,1,CDQO,2026-04-15T07:17:58.092014
Jungheinrich,DE,,Manufacturing,,5,theirstack,Forklifts - Dynamics NAV,theirstack_expansion_batch3,,1,CDQO,2026-04-15T07:17:58.093358
Jupiter Software Consulting GmbH,DE,,IT Services,,5,verified_customer,Job posting: Software Developer Microsoft Dynamics NAV,research_batch_1,,1,CDQO,2026-04-15T07:17:58.138759
KION Group,DE,,Manufacturing,,5,theirstack,Forklifts - Navision,theirstack_expansion_batch3,,1,CDQO,2026-04-15T07:17:58.093368
KUKA,DE,,Manufacturing,,5,theirstack,Robotics - Navision,theirstack_expansion_batch3,,1,CDQO,2026-04-15T07:17:58.093387
Kawasaki Robotics,DE,,Manufacturing,Robotics,5,theirstack,Robotics - Dynamics NAV,theirstack_germany_batch1,,1,CDQO,2026-04-15T07:17:58.086197
Kennersoft De,DE,kennersoft.de,,,5,case_study,Case study: Was Ist Microsoft DynamicsNavision? -NavisionERP System,global_jobs,https://kennersoft.de/blog/navision-als-e-commerce-erp,1,CDQO,2026-04-15T07:17:58.132169
Keyence,DE,,Manufacturing,,5,theirstack,Sensors - Navision,theirstack_expansion_batch3,,1,CDQO,2026-04-15T07:17:58.093457
Kärcher,DE,,Manufacturing,Cleaning,5,theirstack,Cleaning equipment - Navision,theirstack_germany_batch1,,1,CDQO,2026-04-15T07:17:58.085037
Landgard Service,DE,,Services,,5,theirstack,Services - Dynamics NAV,theirstack_expansion_batch2,,1,CDQO,2026-04-15T07:17:58.092000
Landgard Service GmbH,DE,,Services,,5,verified_customer,Job posting: Navision IT Berater,research_batch_1,,1,CDQO,2026-04-15T07:17:58.138715
LeBit Software & Consult GmbH Berlin - ERP- und HR-Software mit ...,DE,www.lebit.net,,,5,web_mention,Der Support-Lebenszyklus von LeBit-Produkten mit dem Siegel CfMD (Certified for Microsoft Dynamics) folgt dem Support-Lebenszyklus des Basisprodukts Microsoft Dynamics NAV.,country_expansion_v2_de,https://www.lebit.net/,1,CDQO,2026-04-15T07:17:58.105263
Legrand,DE,,Manufacturing,Electrical,5,theirstack,Electrical - Navision ERP,theirstack_germany_batch1,,1,CDQO,2026-04-15T07:17:58.086107
Liebherr,DE,,Manufacturing,,5,theirstack,Construction - Dynamics NAV,theirstack_expansion_batch3,,1,CDQO,2026-04-15T07:17:58.093338
Löwenstein Medical,DE,,Pharmaceutical Manufacturing,,5,theirstack,TheirStack Navision user - 430 employees,theirstack_scrape_v1,,1,CDQO_MASS,2026-04-15T07:53:51.427384
MICROSOFT BUSINESS SOLUTIONS—NAVISION,DE,download.microsoft.com,,,5,web_mention,"Microsoft® Business Solutions—Navision® does just that, delivering an integrated business management solution that is ideal for growing, mid-market segment businesses.",country_expansion_v6_de,https://download.microsoft.com/documents/uk/dynamics/products/nav/Overview/BusinessOYTBrochure.pdf,1,CDQO,2026-04-15T07:17:58.110715
Mahle GmbH,DE,,Automotive,Auto,5,theirstack,Auto parts - Navision,theirstack_germany_batch1,,1,CDQO,2026-04-15T07:17:58.085101
Manitou,DE,,Manufacturing,,5,theirstack,Material handling - Navision,theirstack_expansion_batch3,,1,CDQO,2026-04-15T07:17:58.093348
Marley Spoon,DE,,Food & Beverage,1000,5,theirstack,TheirStack technology detection - 1000 employees,TheirStack,https://theirstack.com/en/technology/navision/de,1,CDQO,2026-04-15T07:17:58.083731
Martin Ettinger – Buchhaltung,DE,,,,5,job_posting_smoking_gun,"Hiring: Martin Ettinger – Buchhaltung - Interim in München - LinkedIn - ... Navision, etc.) - Berufliche Erfahrungen in den Big Four - Mehr als 10jährige Erfahrung als kfm. Leiter und Finanzleiter - Mehr als 5 Jahre Projektleiter ...",job_posting_scrape,https://de.linkedin.com/in/martin-ettinger-55271016,1,CDQO_MASS,2026-04-15T07:53:51.427384
Microsoft Dynamics NAV 2013,DE,,,,5,job_posting_smoking_gun,Hiring: Microsoft Dynamics NAV 2013 - Geschäftsprozesse richtig abbilden - Microsoft Dynamics NAV 2013 ... Darstellung der EinkaufsorganisationZuständigkeitseinheitLagerortEinkäuferEinkaufsorganisation aus Compliance-Sicht ...,job_posting_scrape,https://www.oreilly.com/library/view/microsoft-dynamics-nav/9783848340507/ch07s06.html,1,CDQO_MASS,2026-04-15T07:53:51.427384
Microsoft Navision Partner ERP-Lösung | DMS …,DE,dms-sys.de,,,5,web_mention,Als jahrzehntelanger Navision Partner bzw. nun Microsoft Partner sind wir Experten rund um die Entwicklung individueller ERP-Lösungen auf Basis der Software …,country_expansion_v6_de,https://dms-sys.de/navision-partner-erp/,1,CDQO,2026-04-15T07:17:58.110612
Miele,DE,,Manufacturing,,5,theirstack,Appliances - Navision,theirstack_expansion_batch3,,1,CDQO,2026-04-15T07:17:58.093328
Mitsubishi Electric,DE,,Manufacturing,,5,theirstack,Automation - Navision,theirstack_expansion_batch3,,1,CDQO,2026-04-15T07:17:58.093436
Modepark Röther,DE,,Retail,79,5,theirstack,TheirStack technology detection - 79 employees,TheirStack,https://theirstack.com/en/technology/navision/de,1,CDQO,2026-04-15T07:17:58.083698
New Flag GmbH,DE,,Manufacturing,215,5,theirstack,TheirStack technology detection - 215 employees,TheirStack,https://theirstack.com/en/technology/navision/de,1,CDQO,2026-04-15T07:17:58.083720
Nexovadynamics Ch,DE,nexovadynamics.ch,,,5,case_study,Case study: MicrosoftNavision: Das ERP-System und warum Upgraden?,global_jobs,https://www.nexovadynamics.ch/microsoft-navision-erp/,1,CDQO,2026-04-15T07:17:58.136712
"Offres d'emploi (Dynamics Nav, 8 avril 2026)",DE,,,,5,job_posting_smoking_gun,"Hiring: Offres d'emploi (Dynamics Nav, 8 avril 2026) | Indeed - ... dynamics nav. Ville, département, code postal ou « Télétravail ». Méthode de ... Buchhalter : tous les emploisTrustee, Hesperange : emploisFund Manager ...",job_posting_scrape,https://lu.indeed.com/q-dynamics-nav-emplois.html,1,CDQO_MASS,2026-04-15T07:53:51.427384
Omron,DE,,Manufacturing,,5,theirstack,Automation - Dynamics NAV,theirstack_expansion_batch3,,1,CDQO,2026-04-15T07:17:58.093447
Pacovis AG,DE,,Consulting,,5,customer_reference,ERP Specialist Microsoft Dynamics NAV,global_detective_v2,,1,CDQO,2026-04-15T07:17:58.084459
Panem Backstube,DE,,Food,,5,theirstack,Food - Dynamics NAV,theirstack_expansion_batch2,,1,CDQO,2026-04-15T07:17:58.092037
Pepperl+Fuchs,DE,,Manufacturing,Sensors,5,theirstack,Sensors - Dynamics NAV,theirstack_germany_batch1,,1,CDQO,2026-04-15T07:17:58.085343
Phoenix Contact,DE,,Manufacturing,Industrial,5,theirstack,Industrial automation - Navision,theirstack_germany_batch1,,1,CDQO,2026-04-15T07:17:58.085293
Prodwaregroup Com,DE,prodwaregroup.com,,,5,case_study,Case study: Microsoft Dynamics NAV (Navision) | ERP Lösung für den …,global_jobs,https://www.prodwaregroup.com/de-de/loesungen/microsoft-erp-crm-loesungen/microsoft-dynamics-nav/,1,CDQO,2026-04-15T07:17:58.137487
Profikurs Microsoft Dynamics NAV: Einführung,DE,link.springer.com,,,5,case_study,Case study: Profikurs Microsoft Dynamics NAV: Einführung - Springer,global_jobs,https://link.springer.com/book/10.1007/978-3-8348-9535-6,1,CDQO,2026-04-15T07:17:58.137847
Pyramid Computer GmbH,DE,,Technology,,5,verified_customer,Job posting: Inhouse Microsoft Dynamics NAV,research_batch_1,,1,CDQO,2026-04-15T07:17:58.138736
ROM Technik,DE,,Professional Services,511,5,technology_stack,Listed on TheirStack as Microsoft Dynamics NAV user,theirstack,https://theirstack.com/en/technology/microsoft-dynamics-nav/de,1,CDQO,2026-04-15T07:17:58.097430
Reuffel De,DE,reuffel.de,,,5,case_study,Case study: Ein praxisorientierter Einstieg in MicrosoftNavision,global_jobs,https://www.reuffel.de/ebooks/kostenlos_ger/detail/ISBN-9783639113280/Schmid-Tobias/Ein-praxisorientierter-Einstieg-in-Microsoft-Navision,1,CDQO,2026-04-15T07:17:58.132135
Rittal,DE,,Manufacturing,Enclosures,5,theirstack,Enclosures - Dynamics NAV,theirstack_germany_batch1,,1,CDQO,2026-04-15T07:17:58.085416
SAP SE,DE,,Technology,,5,enterprise,Dynamics NAV subsidiary,theirstack_enterprise,,1,CDQO,2026-04-15T07:17:58.084518
SICK AG,DE,,Manufacturing,Sensors,5,theirstack,Sensors - Navision ERP,theirstack_germany_batch1,,1,CDQO,2026-04-15T07:17:58.085332
STIHL,DE,,Manufacturing,,5,theirstack,Tools - Dynamics NAV,theirstack_expansion_batch3,,1,CDQO,2026-04-15T07:17:58.093161
Schaeffler Group,DE,,Manufacturing,Bearings,5,theirstack,Bearings - Dynamics NAV,theirstack_germany_batch1,,1,CDQO,2026-04-15T07:17:58.085086
Schneider Electric,DE,,Manufacturing,Energy,5,theirstack,Energy - Dynamics NAV,theirstack_germany_batch1,,1,CDQO,2026-04-15T07:17:58.086096
Siemens,DE,,Manufacturing,,5,theirstack,Industrial - Navision,theirstack_expansion_batch3,,1,CDQO,2026-04-15T07:17:58.093116
Siemens AG,DE,,,,5,smoking_gun_enterprise,Bruger Microsoft Dynamics NAV i datterselskaber (€78B koncern),manual_smoking_gun_v2,https://www.microsoft.com/de-de/dynamics-365/case-studies,1,CDQO,2026-04-15T07:17:58.099662
Softwarebasar De,DE,softwarebasar.de,,,5,case_study,Case study: NavisionERP: Ihre Lösung für Business-Erfolg,global_jobs,https://softwarebasar.de/navision-erp-ihre-loesung-fuer-business-erfolg/,1,CDQO,2026-04-15T07:17:58.132147
Staubli,DE,,Manufacturing,Robotics,5,theirstack,Robotics - Navision ERP,theirstack_germany_batch1,,1,CDQO,2026-04-15T07:17:58.086221
Sterling Team Com,DE,sterling-team.com,,,5,case_study,Case study: What is MicrosoftNavisionERP? An In-Depth Look at Dynamics NAV,global_jobs,https://www.sterling-team.com/news/en/what-is-microsoft-navision-erp-an-in-depth-look-at-dynamics-nav/,1,CDQO,2026-04-15T07:17:58.135683
TK Elevator,DE,,Manufacturing,24000,5,theirstack,TheirStack technology detection - 24000 employees,TheirStack,https://theirstack.com/en/technology/navision/de,1,CDQO,2026-04-15T07:17:58.084316
Tecman Deutschland,DE,tecman-deutschland.de,,,5,web_mention,"Mar 24, 2026 — Wir verfügen über Branchenexpertise, ein starkes, erstklassiges Netzwerk und tiefes Know-how über Microsoft Navision, IT-Security und der ...",country_expansion_de,https://tecman-deutschland.de/,1,CDQO,2026-04-15T07:17:58.105212
Tesla Grohmann,DE,,Manufacturing,,5,theirstack,Manufacturing - Navision,theirstack_expansion_batch2,,1,CDQO,2026-04-15T07:17:58.091794
Turck,DE,,Manufacturing,Industrial,5,theirstack,Industrial automation - Navision,theirstack_germany_batch1,,1,CDQO,2026-04-15T07:17:58.085354
Unity Technologies,DE,,Technology,,5,theirstack,Gaming - Navision,theirstack_expansion_batch3,,1,CDQO,2026-04-15T07:17:58.093195
Universal Robots,DE,,Manufacturing,,5,theirstack,Robotics - Dynamics NAV,theirstack_expansion_batch3,,1,CDQO,2026-04-15T07:17:58.093398
WAGO Kontakttechnik,DE,,Manufacturing,Connection,5,theirstack,Connection tech - Dynamics NAV,theirstack_germany_batch1,,1,CDQO,2026-04-15T07:17:58.085386
WT Energiesysteme GmbH,DE,,Utilities,53,5,technology_stack,Listed on TheirStack as Microsoft Dynamics NAV user,theirstack,https://theirstack.com/en/technology/microsoft-dynamics-nav/de,1,CDQO,2026-04-15T07:17:58.097462
Was ist MicrosoftDynamicsNavision?,DE,erp.de,,,5,case_study,Case study: Was ist MicrosoftDynamicsNavision? - ERP.de,global_jobs,https://www.erp.de/erp-software/microsoft/dynamics-navision,1,CDQO,2026-04-15T07:17:58.133532
Webasto,DE,,Automotive,Roof,5,theirstack,Roof systems - Dynamics NAV,theirstack_germany_batch1,,1,CDQO,2026-04-15T07:17:58.085220
Workcentrix De,DE,workcentrix.de,,,5,case_study,Case study: MicrosoftNavision– workcentrix,global_jobs,https://workcentrix.de/blog/navision,1,CDQO,2026-04-15T07:17:58.137498
Würth Group,DE,,Wholesale,,5,theirstack,Wholesale - Navision,theirstack_expansion_batch3,,1,CDQO,2026-04-15T07:17:58.093467
Yaskawa,DE,,Manufacturing,,5,theirstack,Robotics - Navision,theirstack_expansion_batch3,,1,CDQO,2026-04-15T07:17:58.093415
anaptis GmbH,DE,,IT Services and IT Consulting,35,5,technology_stack,Listed on TheirStack as Microsoft Dynamics NAV user,theirstack,https://theirstack.com/en/technology/microsoft-dynamics-nav/de,1,CDQO_MASS,2026-04-15T07:53:51.427384
ein praxisorientierter einstieg in microsoftnavision...,DE,abebooks.de,,,5,case_study,Case study: ein praxisorientierter einstieg in microsoftnavision... - AbeBooks,global_jobs,https://www.abebooks.de/buch-suchen/titel/ein-praxisorientierter-einstieg-in-microsoft-navision/buch/,1,CDQO,2026-04-15T07:17:58.134019
ifm electronic,DE,,Manufacturing,Sensors,5,theirstack,Sensors - Navision ERP,theirstack_germany_batch1,,1,CDQO,2026-04-15T07:17:58.085375
mse IT Solutions GmbH,DE,,IT Services,,5,verified_customer,Job posting: Junior/Senior Developer Microsoft Dynamics NAV,research_batch_1,,1,CDQO,2026-04-15T07:17:58.138747
powwow,DE,,Telecommunications,150,5,technology_stack,Listed on TheirStack as Microsoft Dynamics NAV user,theirstack,https://theirstack.com/en/technology/microsoft-dynamics-nav/de,1,CDQO,2026-04-15T07:17:58.097507
Über Uns – navconsulting GmbH,DE,www.navconsulting.de,,,5,web_mention,"Wir betreuen sowohl Kunden in der aktuellsten Cloud und On-Premises Umgebung, wie auch Bestandskunden, die Navision oder Dynamics NAV Versionen einsetzen.",country_expansion_v6_de,https://www.navconsulting.de/ueber-uns/,1,CDQO,2026-04-15T07:17:58.110874
 Ramboll,DK,,Consulting,Engineering,5,theirstack,Engineering - Dynamics NAV,theirstack_nordic_batch1,,1,CDQO,2026-04-15T07:17:58.090014
- NavisionGroup - Danish Family Office,DK,navisiongroup.com,,,5,web_mention,NavisionGroup is a private family office in denmark with a solid track record of investments and ownership in various industries.,country_expansion_v6_dk,https://navisiongroup.com/,1,CDQO,2026-04-15T07:17:58.110967
20 years ago today: The story behind Microsoft’s acquisition of Danish ...,DK,startupmafia.eu,,,5,web_mention,"Aug 9, 2022 · Microsoft had made a bid to buy the Danish technology company Navision. The Americans were ready to put more than 10 billion kroner in cool cash on the table to realise their …",country_expansion_v6_dk,https://startupmafia.eu/20-years-ago-today-the-story-behind-microsofts-acquisition-of-danish-navision,1,CDQO,2026-04-15T07:17:58.110989
Aalborg Kommune,DK,,ERP Software,,5,manual_research,Manual research - Navision customer,manual_research,https://research.manual/aalborg-kommune,1,CDQO,2026-04-15T07:17:58.129376
Aarhus Kommune,DK,,ERP Software,,5,manual_research,Manual research - Navision customer,manual_research,https://research.manual/aarhus-kommune,1,CDQO,2026-04-15T07:17:58.129386
Aarhus Tech - MDC Nordic,DK,mdcnordic.com,,,5,web_mention,Aarhus Tech now has an updated Navision Stat solution that operates optimally with all customizations intact. Our well-defined standard process for upgrades not only ensures efficiency but also …,country_expansion_v6_dk,https://mdcnordic.com/en/kunder/aarhus-tech/,1,CDQO,2026-04-15T07:17:58.110978
Aarhus Universitet,DK,,ERP Software,,5,manual_research,Manual research - Navision customer,manual_research,https://research.manual/aarhus-universitet,1,CDQO_MASS,2026-04-15T07:53:51.427384
Aarhus University,DK,,Research,11000,5,theirstack,Listed on TheirStack as using Navision,theirstack,https://theirstack.com/en/technology/navision/dk,1,CDQO,2026-04-15T07:17:58.083290
Abakion,DK,https://theirstack.com/en/technology/navision/dk,-,-,5,TheirStack,TheirStack verified,TheirStack,https://theirstack.com/en/technology/navision/dk,1,CDQO,2026-04-15T07:17:58.082714
Abakion A/S,DK,,ERP Software,,5,manual_research,Manual research - Navision partner,manual_research,https://research.manual/abakion-a/s,1,CDQO,2026-04-15T07:17:58.128380
Abakion Com,DK,abakion.com,,,5,case_study,Case study: ContactAbakionabout Microsoft Dynamics NAV and 365,global_jobs,https://abakion.com/contact/,1,CDQO,2026-04-15T07:17:58.136131
Active BS,DK,https://theirstack.com/en/technology/navision/dk,-,-,5,TheirStack,TheirStack verified,TheirStack,https://theirstack.com/en/technology/navision/dk,1,CDQO,2026-04-15T07:17:58.082627
Active Business Solutions,DK,,Consulting,,5,theirstack,Consulting - Navision,theirstack_expansion_batch2,,1,CDQO,2026-04-15T07:17:58.092176
AffaldPlus,DK,https://theirstack.com/en/technology/navision/dk,-,-,5,TheirStack,TheirStack verified,TheirStack,https://theirstack.com/en/technology/navision/dk,1,CDQO,2026-04-15T07:17:58.081968
Aleris Danmark,DK,https://theirstack.com/en/technology/navision/dk,-,-,5,TheirStack,TheirStack verified,TheirStack,https://theirstack.com/en/technology/navision/dk,1,CDQO,2026-04-15T07:17:58.082160
Aleris Danmark A/S,DK,https://theirstack.com/en/technology/navision/dk,-,-,5,TheirStack,TheirStack verified,TheirStack,https://theirstack.com/en/technology/navision/dk,1,CDQO,2026-04-15T07:17:58.081698
Alfa Laval,DK,https://theirstack.com/en/technology/navision/dk,-,-,5,TheirStack,TheirStack verified,TheirStack,https://theirstack.com/en/technology/navision/dk,1,CDQO,2026-04-15T07:17:58.082296
Apollo,DK,https://theirstack.com/en/technology/navision/dk,-,-,5,TheirStack,TheirStack verified,TheirStack,https://theirstack.com/en/technology/navision/dk,1,CDQO,2026-04-15T07:17:58.082752
Ascendit Dk,DK,ascendit.dk,,,5,case_study,Case study: Dynamics NAV & BC | Ascendit,global_jobs,https://www.ascendit.dk/dynamics-365-bc,1,CDQO,2026-04-15T07:17:58.134881
Aurion,DK,https://theirstack.com/en/technology/navision/dk,-,-,5,TheirStack,TheirStack verified,TheirStack,https://theirstack.com/en/technology/navision/dk,1,CDQO,2026-04-15T07:17:58.082243
Aurion A/S,DK,https://theirstack.com/en/technology/navision/dk,-,-,5,TheirStack,TheirStack verified,TheirStack,https://theirstack.com/en/technology/navision/dk,1,CDQO,2026-04-15T07:17:58.082811
BKI Foods,DK,https://theirstack.com/en/technology/navision/dk,-,-,5,TheirStack,TheirStack verified,TheirStack,https://theirstack.com/en/technology/navision/dk,1,CDQO,2026-04-15T07:17:58.081854
BKI Foods A/S,DK,,,,5,smoking_gun,"CFO: ""Forbedrede planlægning og indkøb med NAV""",smoking_gun_hunt,https://elbek-vejrup.dk/vidensbank/wiki/navision/,1,CDQO,2026-04-15T07:17:58.099455
Bella Center,DK,,Hospitality,Venues,5,theirstack,Venues - Navision,theirstack_nordic_batch1,,1,CDQO,2026-04-15T07:17:58.089845
Bisgaard Sko,DK,https://theirstack.com/en/technology/navision/dk,-,-,5,TheirStack,TheirStack verified,TheirStack,https://theirstack.com/en/technology/navision/dk,1,CDQO,2026-04-15T07:17:58.081952
Bispebjerg Hospital,DK,https://statens-adm.dk/support/oekonomisupport/navision-stat/,Offentlig,500+,5,Navision Stat,Navision Stat institution,Navision Stat,https://statens-adm.dk/support/oekonomisupport/navision-stat/,1,CDQO,2026-04-15T07:17:58.083048
Blue Vision,DK,https://theirstack.com/en/technology/navision/dk,-,-,5,TheirStack,TheirStack verified,TheirStack,https://theirstack.com/en/technology/navision/dk,1,CDQO,2026-04-15T07:17:58.082451
Boligstyrelsen,DK,https://statens-adm.dk/support/oekonomisupport/navision-stat/,Offentlig,500+,5,Navision Stat,Navision Stat institution,Navision Stat,https://statens-adm.dk/support/oekonomisupport/navision-stat/,1,CDQO,2026-04-15T07:17:58.083026
Bornerups,DK,,Consulting,,5,theirstack,Consulting - Dynamics NAV,theirstack_expansion_batch2,,1,CDQO,2026-04-15T07:17:58.092141
Bramidan,DK,https://theirstack.com/en/technology/navision/dk,-,-,5,TheirStack,TheirStack verified,TheirStack,https://theirstack.com/en/technology/navision/dk,1,CDQO,2026-04-15T07:17:58.082051
Bramidan A/S,DK,,,,5,smoking_gun,"CEO: ""Go-live gik bedre end forventet - fungerede dagen efter""",smoking_gun_hunt,https://elbek-vejrup.dk/vidensbank/wiki/navision/,1,CDQO,2026-04-15T07:17:58.099433
Bunker Holding,DK,https://theirstack.com/en/technology/navision/dk,-,-,5,TheirStack,TheirStack verified,TheirStack,https://theirstack.com/en/technology/navision/dk,1,CDQO,2026-04-15T07:17:58.082149
Bunker Holding A/S,DK,,Oil and Gas,256,5,technology_stack,Listed on TheirStack as Microsoft Dynamics NAV user,theirstack,https://theirstack.com/en/technology/microsoft-dynamics-nav/dk,1,CDQO,2026-04-15T07:17:58.099047
BusinessGo,DK,https://theirstack.com/en/technology/navision/dk,-,-,5,TheirStack,TheirStack verified,TheirStack,https://theirstack.com/en/technology/navision/dk,1,CDQO,2026-04-15T07:17:58.082504
COWI,DK,,Consulting,Engineering,5,theirstack,Engineering - Navision,theirstack_nordic_batch1,,1,CDQO,2026-04-15T07:17:58.089999
Carl Christensen,DK,https://theirstack.com/en/technology/navision/dk,-,-,5,TheirStack,TheirStack verified,TheirStack,https://theirstack.com/en/technology/navision/dk,1,CDQO,2026-04-15T07:17:58.081876
Carlsberg,DK,,Beverages,Brewery,5,theirstack,Brewery - Navision,theirstack_nordic_batch1,,1,CDQO,2026-04-15T07:17:58.089804
Chr. Hansen,DK,,Food & Beverage,Ingredients,5,theirstack,Ingredients - Dynamics NAV,theirstack_nordic_batch1,,1,CDQO,2026-04-15T07:17:58.089921
Columbus Global,DK,https://theirstack.com/en/technology/navision/dk,-,-,5,TheirStack,TheirStack verified,TheirStack,https://theirstack.com/en/technology/navision/dk,1,CDQO,2026-04-15T07:17:58.082439
Community Dynamics Com,DK,community.dynamics.com,,,5,case_study,Case study: The journey of Microsoft Dynamics NAV | PCPlus to MADEIRA,global_jobs,https://community.dynamics.com/blogs/post/?postid=cb8f6e77-27d5-45df-9712-d7bab3d48eb0,1,CDQO,2026-04-15T07:17:58.136466
Connectify,DK,https://theirstack.com/en/technology/navision/dk,-,-,5,TheirStack,TheirStack verified,TheirStack,https://theirstack.com/en/technology/navision/dk,1,CDQO,2026-04-15T07:17:58.082389
Connectify Dk,DK,connectify.dk,,,5,case_study,Case study: Hvad erNavision? Alt du bør vide om det populære ERP-system,global_jobs,https://connectify.dk/hvad-er-navision/,1,CDQO,2026-04-15T07:17:58.133171
Consit Gruppen,DK,,IT Services and IT Consulting,57,5,technology_stack,Listed on TheirStack as Microsoft Dynamics NAV user,theirstack,https://theirstack.com/en/technology/microsoft-dynamics-nav/dk,1,CDQO,2026-04-15T07:17:58.099058
Consortio,DK,https://theirstack.com/en/technology/navision/dk,-,-,5,TheirStack,TheirStack verified,TheirStack,https://theirstack.com/en/technology/navision/dk,1,CDQO,2026-04-15T07:17:58.082560
Continia Software,DK,,Software Development,212,5,technology_stack,Listed on TheirStack as Microsoft Dynamics NAV user,theirstack,https://theirstack.com/en/technology/microsoft-dynamics-nav/dk,1,CDQO,2026-04-15T07:17:58.099036
Copenhagen Airport,DK,,Transportation,Airport,5,theirstack,Airport - Dynamics NAV,theirstack_nordic_batch1,,1,CDQO,2026-04-15T07:17:58.089856
D365 BC/NAV Developer - a0MP9000009a0Qv.2_1765213912,DK,www.nigelfrank.com,,,5,web_mention,"* Modern office in Fredericia with great perks: canteen (3 meals), gym, lounge with bar, games room (bowling, pool, darts, console). * Be part of a company enabling sustainable shipping solutions.",country_expansion_v5_dk,https://www.nigelfrank.com/job/a0MP9000009a0Qv.2_1765213912/d365-bc-nav-developer,1,CDQO,2026-04-15T07:17:58.106880
D365 BC/NAV Developer | Nathaniel Stewart - LinkedIn,DK,www.linkedin.com,,,5,web_mention,"The successful candidate will work on technical development, ERP optimization, and end-to-end project delivery. 📍 Location: Fredericia Why apply? Be part of a financially strong and innovative...",country_expansion_v5_dk,https://www.linkedin.com/posts/n-stewart-dk-dynamics_d365-bcnav-developer-activity-7403843481011503105-EmM8,1,CDQO,2026-04-15T07:17:58.106891
DMI - Danmarks Meteorologiske Institut,DK,https://statens-adm.dk/support/oekonomisupport/navision-stat/,Offentlig,500+,5,Navision Stat,Navision Stat institution,Navision Stat,https://statens-adm.dk/support/oekonomisupport/navision-stat/,1,CDQO,2026-04-15T07:17:58.083143
Dana Lim,DK,,,,5,smoking_gun,Tilfreds NAV kunde (obtain.dk),smoking_gun_hunt,https://obtain.dk/,1,CDQO,2026-04-15T07:17:58.099483
Danisco,DK,,Food & Beverage,Food,5,theirstack,Food - Dynamics NAV,theirstack_nordic_batch1,,1,CDQO,2026-04-15T07:17:58.089898
Danisco A/S,DK,,Food & Beverage,Food,5,theirstack,Food - Navision,theirstack_nordic_batch1,,1,CDQO,2026-04-15T07:17:58.089908
Danish Agro,DK,,Farming,1000,5,theirstack,Listed on TheirStack as using Navision,theirstack,https://theirstack.com/en/technology/navision/dk,1,CDQO,2026-04-15T07:17:58.083312
Danish Crown,DK,https://theirstack.com/en/technology/navision/dk,-,-,5,TheirStack,TheirStack verified,TheirStack,https://theirstack.com/en/technology/navision/dk,1,CDQO,2026-04-15T07:17:58.081720
Dansk Aktionærforening,DK,https://theirstack.com/en/technology/navision/dk,-,-,5,TheirStack,TheirStack verified,TheirStack,https://theirstack.com/en/technology/navision/dk,1,CDQO,2026-04-15T07:17:58.082317
Danske Bank,DK,,Finance,Banking,5,theirstack,Banking - Navision,theirstack_nordic_batch1,,1,CDQO,2026-04-15T07:17:58.089815
Danæg,DK,https://theirstack.com/en/technology/navision/dk,-,-,5,TheirStack,TheirStack verified,TheirStack,https://theirstack.com/en/technology/navision/dk,1,CDQO,2026-04-15T07:17:58.081839
Datacon A/S,DK,,ERP Software,,5,manual_research,Manual research - Navision partner,manual_research,https://research.manual/datacon-a/s,1,CDQO,2026-04-15T07:17:58.128397
Datapro,DK,https://theirstack.com/en/technology/navision/dk,-,-,5,TheirStack,TheirStack verified,TheirStack,https://theirstack.com/en/technology/navision/dk,1,CDQO,2026-04-15T07:17:58.082461
Demant,DK,,Medical Equipment,4900,5,theirstack,Listed on TheirStack as using Navision,theirstack,https://theirstack.com/en/technology/navision/dk,1,CDQO,2026-04-15T07:17:58.083243
Demant A/S,DK,https://theirstack.com/en/technology/navision/dk,-,-,5,TheirStack,TheirStack verified,TheirStack,https://theirstack.com/en/technology/navision/dk,1,CDQO,2026-04-15T07:17:58.082843
Dental Traumatology,DK,,Healthcare,,5,theirstack,Healthcare - Dynamics NAV,theirstack_global_batch2,,1,CDQO,2026-04-15T07:17:58.091332
Docplayer Dk,DK,docplayer.dk,,,5,case_study,Case study: Vejledning i årsafslutning 2014 iNavisionStat Selvejer-udgave,global_jobs,https://docplayer.dk/1427184-Vejledning-i-aarsafslutning-2014-i-navision-stat-selvejer-udgave.html,1,CDQO,2026-04-15T07:17:58.138382
Domstolsstyrelsen,DK,https://oes.dk/digitale-loesninger/navision-stat/,Offentlig,500+,5,Offentlig,,Offentlig,https://oes.dk/digitale-loesninger/navision-stat/,1,CDQO,2026-04-15T07:17:58.081608
Dynamics Connect Co Uk,DK,dynamics-connect.co.uk,,,5,case_study,Case study: What is MicrosoftNavision? Dynamics Nav Explained,global_jobs,https://dynamics-connect.co.uk/Blog/what-is-microsoft-navision-dynamics-nav-explained,1,CDQO,2026-04-15T07:17:58.132969
Dynamics NAV,DK,visiondata.dk,,,5,case_study,Case study: Dynamics NAV - Microsofts ERP løsning - Vision Data,global_jobs,https://visiondata.dk/produkter/dynamics-nav.html,1,CDQO,2026-04-15T07:17:58.137825
Dynamics NAV - Microsofts ERP løsning - Vision Data,DK,visiondata.dk,,,5,web_mention,Købe eller leje Microsoft Dynamics Nav licens? Du kan vælge mellem at købe Dynamics NAV (Perpertual Licensing) eller leje en abonnementbaseret licens (Subscription).,country_expansion_v6_dk,https://visiondata.dk/produkter/dynamics-nav.html,1,CDQO,2026-04-15T07:17:58.110956
Dynamics NAV Financials | Page 2,DK,,,,5,job_posting_smoking_gun,"Hiring: Dynamics NAV Financials | Page 2 - Dynamics NAV Financials - Aug 1, 2019 ... Whether you are a Controller or CFO new to using Microsoft Dynamics NAV or already have many years of NAV experience, this class will get you ...",job_posting_scrape,https://dynamicsnavfinancials.com/page/2/,1,CDQO_MASS,2026-04-15T07:53:51.427384
Dynamics NAV Versions List,DK,navisionplanet.com,,,5,case_study,Case study: Dynamics NAV Versions List - Navision Planet,global_jobs,https://www.navisionplanet.com/dynamics-nav-versions-list/,1,CDQO,2026-04-15T07:17:58.137960
DynamicsNav( Navision ) leverandører,DK,dynamicsmagento.dk,,,5,case_study,Case study: DynamicsNav( Navision ) leverandører - DynamicsMagento,global_jobs,https://www.dynamicsmagento.dk/dynamics-navision-leverandoerer/,1,CDQO,2026-04-15T07:17:58.137949
Dynamicsfanatics Com,DK,dynamicsfanatics.com,,,5,case_study,Case study: MicrosoftNavisionEnd of Life: What Your Business Should Do Next,global_jobs,https://www.dynamicsfanatics.com/post/microsoft-navision-end-of-life-what-it-means-for-your-business-next-steps,1,CDQO,2026-04-15T07:17:58.134366
Dynamicssmartz Com,DK,dynamicssmartz.com,,,5,case_study,Case study: Everything You Need to Know About Microsoft Dynamics NAV in 2026,global_jobs,https://www.dynamicssmartz.com/blog/microsoft-dynamics-nav/,1,CDQO,2026-04-15T07:17:58.134344
Dynamicssquare Com,DK,dynamicssquare.com,,,5,case_study,Case study: What is Microsoft Dynamics NAV?,global_jobs,https://www.dynamicssquare.com/blog/everything-know-about-microsoft-dynamics-nav/,1,CDQO,2026-04-15T07:17:58.134512
E Conomic Dk,DK,e-conomic.dk,,,5,case_study,Case study: Skift fraNavisionregnskabsprogram til e-conomic,global_jobs,https://www.e-conomic.dk/apps-og-udvidelser/navision-konvertering,1,CDQO,2026-04-15T07:17:58.136524
E-Business A/S,DK,,ERP Software,,5,manual_research,Manual research - Navision partner,manual_research,https://research.manual/e-business-a/s,1,CDQO,2026-04-15T07:17:58.128482
EET Group,DK,,-,-,5,LinkedIn,Kendskab til Navision en fordel,LinkedIn,,1,CDQO,2026-04-15T07:17:58.083195
EG A/S,DK,,ERP Software,,5,manual_research,Manual research - Navision partner,manual_research,https://research.manual/eg-a/s,1,CDQO,2026-04-15T07:17:58.128439
ERP Nordic,DK,,Consulting,,5,theirstack,Consulting - Dynamics NAV,theirstack_expansion_batch2,,1,CDQO,2026-04-15T07:17:58.092187
ERPgruppen,DK,https://theirstack.com/en/technology/navision/dk,-,-,5,TheirStack,TheirStack verified,TheirStack,https://theirstack.com/en/technology/navision/dk,1,CDQO,2026-04-15T07:17:58.082680
ERPsupporten,DK,https://theirstack.com/en/technology/navision/dk,-,-,5,TheirStack,TheirStack verified,TheirStack,https://theirstack.com/en/technology/navision/dk,1,CDQO,2026-04-15T07:17:58.082493
EXPO-NET Danmark,DK,,-,-,5,TheirStack,Implementerer Navision,TheirStack,,1,CDQO,2026-04-15T07:17:58.082137
EY (Ernst & Young),DK,https://theirstack.com/en/technology/navision/dk,-,-,5,TheirStack,TheirStack verified,TheirStack,https://theirstack.com/en/technology/navision/dk,1,CDQO,2026-04-15T07:17:58.081709
EY Danmark,DK,https://theirstack.com/en/technology/navision/dk,-,-,5,TheirStack,TheirStack verified,TheirStack,https://theirstack.com/en/technology/navision/dk,1,CDQO,2026-04-15T07:17:58.082170
Econoc A/S,DK,,ERP Software,,5,manual_research,Manual research - Navision partner,manual_research,https://research.manual/econoc-a/s,1,CDQO,2026-04-15T07:17:58.128614
Edlund,DK,https://theirstack.com/en/technology/navision/dk,-,-,5,TheirStack,TheirStack verified,TheirStack,https://theirstack.com/en/technology/navision/dk,1,CDQO,2026-04-15T07:17:58.082039
Eidorff Dental,DK,,Healthcare,,5,theirstack,Healthcare - Navision,theirstack_expansion_batch2,,1,CDQO,2026-04-15T07:17:58.092151
Elbek & Vejrup,DK,,Consulting,,5,theirstack,Consulting - Navision,theirstack_expansion_batch2,,1,CDQO,2026-04-15T07:17:58.092235
Elvitec A/S,DK,,ERP Software,,5,manual_research,Manual research - Navision partner,manual_research,https://research.manual/elvitec-a/s,1,CDQO,2026-04-15T07:17:58.128505
Encyclopedia Pub,DK,encyclopedia.pub,,,5,case_study,Case study: Microsoft Dynamics NAV | Encyclopedia MDPI,global_jobs,https://encyclopedia.pub/entry/30329,1,CDQO,2026-04-15T07:17:58.136489
Erfaco A/S,DK,,ERP Software,,5,manual_research,Manual research - Navision partner,manual_research,https://research.manual/erfaco-a/s,1,CDQO,2026-04-15T07:17:58.128567
Erhvervsministeriet,DK,https://statens-adm.dk/support/oekonomisupport/navision-stat/,Offentlig,500+,5,Navision Stat,Navision Stat institution,Navision Stat,https://statens-adm.dk/support/oekonomisupport/navision-stat/,1,CDQO,2026-04-15T07:17:58.082959
Evalon Nordic A/S,DK,,ERP Software,,5,manual_research,Manual research - Navision partner,manual_research,https://research.manual/evalon-nordic-a/s,1,CDQO,2026-04-15T07:17:58.128592
Excitor A/S,DK,,ERP Software,,5,manual_research,Manual research - Navision partner,manual_research,https://research.manual/excitor-a/s,1,CDQO,2026-04-15T07:17:58.128631
Falck,DK,,Healthcare,32000,5,theirstack,Listed on TheirStack as using Navision,theirstack,https://theirstack.com/en/technology/navision/dk,1,CDQO,2026-04-15T07:17:58.083323
Falck A/S,DK,https://theirstack.com/en/technology/navision/dk,-,-,5,TheirStack,TheirStack verified,TheirStack,https://theirstack.com/en/technology/navision/dk,1,CDQO,2026-04-15T07:17:58.082854
Folketinget,DK,https://oes.dk/digitale-loesninger/navision-stat/,Offentlig,500+,5,Offentlig,,Offentlig,https://oes.dk/digitale-loesninger/navision-stat/,1,CDQO,2026-04-15T07:17:58.081621
Forskningsstyrelsen,DK,https://statens-adm.dk/support/oekonomisupport/navision-stat/,Offentlig,500+,5,Navision Stat,Navision Stat institution,Navision Stat,https://statens-adm.dk/support/oekonomisupport/navision-stat/,1,CDQO,2026-04-15T07:17:58.083005
Fredericia Spildevand A/S - Navision webinterface,DK,navision.frse.dk,,,5,web_mention,Login Brugernavn:,country_expansion_v5_dk,https://navision.frse.dk/Navision/Login,1,CDQO,2026-04-15T07:17:58.106900
Frederiksberg Hospital,DK,https://statens-adm.dk/support/oekonomisupport/navision-stat/,Offentlig,500+,5,Navision Stat,Navision Stat institution,Navision Stat,https://statens-adm.dk/support/oekonomisupport/navision-stat/,1,CDQO,2026-04-15T07:17:58.083058
Fødevareministeriet,DK,https://statens-adm.dk/support/oekonomisupport/navision-stat/,Offentlig,500+,5,Navision Stat,Navision Stat institution,Navision Stat,https://statens-adm.dk/support/oekonomisupport/navision-stat/,1,CDQO,2026-04-15T07:17:58.082982
GALST Advokater,DK,https://theirstack.com/en/technology/navision/dk,-,-,5,TheirStack,TheirStack verified,TheirStack,https://theirstack.com/en/technology/navision/dk,1,CDQO,2026-04-15T07:17:58.082823
GN Group,DK,,Electronics,7300,5,theirstack,Listed on TheirStack as using Navision,theirstack,https://theirstack.com/en/technology/navision/dk,1,CDQO,2026-04-15T07:17:58.083279
GN Store Nord,DK,https://theirstack.com/en/technology/navision/dk,-,-,5,TheirStack,TheirStack verified,TheirStack,https://theirstack.com/en/technology/navision/dk,1,CDQO,2026-04-15T07:17:58.082833
Geia Food A/S,DK,https://jcd.dk/cases,Fødevarer,-,5,JCD Case,IT infrastruktur + NAV integration,JCD Case,https://jcd.dk/cases,1,CDQO,2026-04-15T07:17:58.083218
Gentofte Hospital,DK,https://statens-adm.dk/support/oekonomisupport/navision-stat/,Offentlig,500+,5,Navision Stat,Navision Stat institution,Navision Stat,https://statens-adm.dk/support/oekonomisupport/navision-stat/,1,CDQO,2026-04-15T07:17:58.083107
GeoInfo,DK,https://theirstack.com/en/technology/navision/dk,-,-,5,TheirStack,TheirStack verified,TheirStack,https://theirstack.com/en/technology/navision/dk,1,CDQO,2026-04-15T07:17:58.081790
Georg Jensen Damask,DK,https://theirstack.com/en/technology/navision/dk,-,-,5,TheirStack,TheirStack verified,TheirStack,https://theirstack.com/en/technology/navision/dk,1,CDQO,2026-04-15T07:17:58.081940
Granit A/S,DK,,ERP Software,,5,manual_research,Manual research - Navision partner,manual_research,https://research.manual/granit-a/s,1,CDQO,2026-04-15T07:17:58.128703
Grundfos,DK,,Manufacturing,Pumps,5,theirstack,Pumps - Dynamics NAV,theirstack_nordic_batch1,,1,CDQO,2026-04-15T07:17:58.089976
HOFOR,DK,,Energy,Energy,5,theirstack,Energy - Dynamics NAV,theirstack_nordic_batch1,,1,CDQO,2026-04-15T07:17:58.089877
Hanne Foldbjerg,DK,,,,5,job_posting_smoking_gun,"Hiring: Hanne Foldbjerg - Regnskabsansvarlig - LinkedIn - Regnskabsansvarlig · Experience: Blokhus Invest ApS · Education: Probana ... Warehouse management (registration, adjustments, parts lists in C5/Navision) ...",job_posting_scrape,https://dk.linkedin.com/in/hanne-foldbjerg/en,1,CDQO_MASS,2026-04-15T07:53:51.427384
Hedegaard Nordic,DK,,Consulting,,5,theirstack,Consulting - Dynamics NAV,theirstack_expansion_batch2,,1,CDQO,2026-04-15T07:17:58.092100
Herlev Hospital,DK,https://statens-adm.dk/support/oekonomisupport/navision-stat/,Offentlig,500+,5,Navision Stat,Navision Stat institution,Navision Stat,https://statens-adm.dk/support/oekonomisupport/navision-stat/,1,CDQO,2026-04-15T07:17:58.083072
Hounisen,DK,,Medical,,5,theirstack,Medical - Navision,theirstack_expansion_batch2,,1,CDQO,2026-04-15T07:17:58.092129
Humac A/S,DK,,ERP Software,,5,manual_research,Manual research - Navision partner,manual_research,https://research.manual/humac-a/s,1,CDQO,2026-04-15T07:17:58.128720
Hummel,DK,https://theirstack.com/en/technology/navision/dk,-,-,5,TheirStack,TheirStack verified,TheirStack,https://theirstack.com/en/technology/navision/dk,1,CDQO,2026-04-15T07:17:58.081827
Hvidovre Hospital,DK,https://statens-adm.dk/support/oekonomisupport/navision-stat/,Offentlig,500+,5,Navision Stat,Navision Stat institution,Navision Stat,https://statens-adm.dk/support/oekonomisupport/navision-stat/,1,CDQO,2026-04-15T07:17:58.083096
IT Relation A/S,DK,,ERP Software,,5,manual_research,Manual research - Navision partner,manual_research,https://research.manual/it-relation-a/s,1,CDQO,2026-04-15T07:17:58.128795
Implement Consulting,DK,,Consulting,,5,enterprise,Dynamics NAV projects,theirstack_enterprise,,1,CDQO,2026-04-15T07:17:58.084600
Inco A/S,DK,,,,5,smoking_gun_go_live,Gået live med Dynamics NAV integreret med LS Retail POS system,manual_smoking_gun_v2,https://jcd.dk/cases/pos-hardware-microsoft-dynamics-nav-med-integration-til-ls-retail-hos-inco/,1,CDQO_MASS,2026-04-15T07:53:51.427384
Infoware A/S,DK,,ERP Software,,5,manual_research,Manual research - Navision partner,manual_research,https://research.manual/infoware-a/s,1,CDQO,2026-04-15T07:17:58.128753
Inria Hal Science,DK,inria.hal.science,,,5,case_study,Case study: The Story ofNavisionandNavisionStat,global_jobs,https://inria.hal.science/hal-01301402v1/document,1,CDQO,2026-04-15T07:17:58.133956
IntelliPartners A/S,DK,,ERP Software,,5,manual_research,Manual research - Navision partner,manual_research,https://research.manual/intellipartners-a/s,1,CDQO,2026-04-15T07:17:58.128763
Interspiro,DK,https://dynamicweb.com/customers?Integration=DynamicsNAV,Sikkerhedsudstyr,-,5,DynamicWeb case,B2B e-commerce + Navision integration,DynamicWeb case,https://dynamicweb.com/customers?Integration=DynamicsNAV,1,CDQO,2026-04-15T07:17:58.083229
Intrum AB,DK,,Financial Services,,5,theirstack,Listed on TheirStack as using Navision,theirstack,https://theirstack.com/en/technology/navision/dk,1,CDQO,2026-04-15T07:17:58.083334
Inventio,DK,https://theirstack.com/en/technology/navision/dk,-,-,5,TheirStack,TheirStack verified,TheirStack,https://theirstack.com/en/technology/navision/dk,1,CDQO,2026-04-15T07:17:58.082728
Investeringsbanken A/S,DK,,ERP Software,,5,manual_research,Manual research - Navision customer,manual_research,https://research.manual/investeringsbanken-a/s,1,CDQO,2026-04-15T07:17:58.128774
Irina Fomenko,DK,,,,5,job_posting_smoking_gun,Hiring: Irina Fomenko - Accountant - LinkedIn - Tjenester. Bookkeeping · Løntjenester · Finansrevision · Finansiel rapportering ... Dynamics NAV E-conomic. Excel. City College Southampton Grafik · City College ...,job_posting_scrape,https://dk.linkedin.com/in/irina-fomenko-436b54145,1,CDQO_MASS,2026-04-15T07:53:51.427384
Isle A/S,DK,,ERP Software,,5,manual_research,Manual research - Navision partner,manual_research,https://research.manual/isle-a/s,1,CDQO,2026-04-15T07:17:58.128785
JDC Group A/S,DK,,ERP Software,,5,manual_research,Manual research - Navision partner,manual_research,https://research.manual/jdc-group-a/s,1,CDQO,2026-04-15T07:17:58.128805
JET TAGESLICHT & RWA GMBH,DK,,Wholesale Building Materials,4.5k,5,technology_stack,Listed on TheirStack as Microsoft Dynamics NAV user,theirstack,https://theirstack.com/en/technology/microsoft-dynamics-nav/dk,1,CDQO,2026-04-15T07:17:58.099119
Jcd Dk,DK,jcd.dk,,,5,case_study,Case study: MicrosoftDynamics- Navision og C5 | JCD A/S,global_jobs,https://jcd.dk/microsoft-dynamics/,1,CDQO,2026-04-15T07:17:58.132843
Jyske Bank,DK,,ERP Software,,5,manual_research,Manual research - Navision customer,manual_research,https://research.manual/jyske-bank,1,CDQO,2026-04-15T07:17:58.128815
KMD A/S,DK,,ERP Software,,5,manual_research,Manual research - Navision partner,manual_research,https://research.manual/kmd-a/s,1,CDQO,2026-04-15T07:17:58.128826
KeyBalance,DK,https://theirstack.com/en/technology/navision/dk,-,-,5,TheirStack,TheirStack verified,TheirStack,https://theirstack.com/en/technology/navision/dk,1,CDQO,2026-04-15T07:17:58.082515
Klima- Energiministeriet,DK,https://statens-adm.dk/support/oekonomisupport/navision-stat/,Offentlig,500+,5,Navision Stat,Navision Stat institution,Navision Stat,https://statens-adm.dk/support/oekonomisupport/navision-stat/,1,CDQO,2026-04-15T07:17:58.082864
Kredsløb,DK,https://theirstack.com/en/technology/navision/dk,-,-,5,TheirStack,TheirStack verified,TheirStack,https://theirstack.com/en/technology/navision/dk,1,CDQO,2026-04-15T07:17:58.082001
Kriminalforsorgen,DK,,Government,2500,5,theirstack,Listed on TheirStack as using Navision,theirstack,https://theirstack.com/en/technology/navision/dk,1,CDQO,2026-04-15T07:17:58.083355
Kulturministeriet,DK,https://statens-adm.dk/support/oekonomisupport/navision-stat/,Offentlig,500+,5,Navision Stat,Navision Stat institution,Navision Stat,https://statens-adm.dk/support/oekonomisupport/navision-stat/,1,CDQO,2026-04-15T07:17:58.082875
Københavns Universitet,DK,,Education,12000,5,theirstack,Listed on TheirStack as using Navision,theirstack,https://theirstack.com/en/technology/navision/dk,1,CDQO,2026-04-15T07:17:58.083345
Københavns Åbne Gymnasium,DK,,Education,,5,verified_customer,Navision Stat institution,research_batch_1,,1,CDQO,2026-04-15T07:17:58.099707
LE34,DK,https://theirstack.com/en/technology/navision/dk,-,-,5,TheirStack,TheirStack verified,TheirStack,https://theirstack.com/en/technology/navision/dk,1,CDQO,2026-04-15T07:17:58.081766
Lasse Eduard Johansen,DK,,,,5,job_posting_smoking_gun,"Hiring: Lasse Eduard Johansen - The line between disorder and order lies ... - • ERP: Microsoft Dynamics NAV. Solar A/S Grafik. Warehouse Assistent. Solar A/S. maj 1998 – maj 2003 5 år 1 måned. Kolding Area, Denmark. • Picking of parts",job_posting_scrape,https://dk.linkedin.com/in/lasse-eduard-johansen-70124887,1,CDQO_MASS,2026-04-15T07:53:51.427384
LearnLab,DK,https://theirstack.com/en/technology/navision/dk,-,-,5,TheirStack,TheirStack verified,TheirStack,https://theirstack.com/en/technology/navision/dk,1,CDQO,2026-04-15T07:17:58.082306
Lego,DK,,Manufacturing,Toys,5,theirstack,Toys - Dynamics NAV,theirstack_nordic_batch1,,1,CDQO,2026-04-15T07:17:58.089794
Logos Consult,DK,https://theirstack.com/en/technology/navision/dk,-,-,5,TheirStack,TheirStack verified,TheirStack,https://theirstack.com/en/technology/navision/dk,1,CDQO,2026-04-15T07:17:58.082601
Logos Consulting,DK,,ERP Software,,5,manual_research,Manual research - Navision partner,manual_research,https://research.manual/logos-consulting,1,CDQO,2026-04-15T07:17:58.128847
Logosconsult Dk,DK,logosconsult.dk,,,5,case_study,Case study: Support og vedligehold afBusinessCentral& Navision-systemer,global_jobs,https://logosconsult.dk/kompetencer/support-og-vedligehold/,1,CDQO,2026-04-15T07:17:58.135312
Lomax,DK,,,,5,smoking_gun,Tilfreds NAV kunde (obtain.dk),smoking_gun_hunt,https://obtain.dk/,1,CDQO,2026-04-15T07:17:58.099471
MFT Energy,DK,,Energy,,5,theirstack,Energy - Dynamics NAV,theirstack_expansion_batch2,,1,CDQO,2026-04-15T07:17:58.092058
MICROSOFT BUSINESS SOLUTIONS—NAVISION,DK,download.microsoft.com,,,5,web_mention,"Microsoft® Business Solutions—Navision® does just that, delivering an integrated business management solution that is ideal for growing, mid-market segment businesses.",country_expansion_v6_dk,https://download.microsoft.com/documents/uk/dynamics/products/nav/Overview/BusinessOYTBrochure.pdf,1,CDQO,2026-04-15T07:17:58.110908
Madsen & Co A/S,DK,,ERP Software,,5,manual_research,Manual research - Navision partner,manual_research,https://research.manual/madsen-&-co-a/s,1,CDQO,2026-04-15T07:17:58.128858
Maersk,DK,,ERP Software,,5,manual_research,Manual research - Navision customer,manual_research,https://research.manual/maersk,1,CDQO,2026-04-15T07:17:58.128869
Margit Mikkelsen,DK,,,,5,job_posting_smoking_gun,"Hiring: Margit Mikkelsen - Kontorassistent - ISS FACILITY SERVICE | LinkedIn - Kontorassistent at ISS FACILITY SERVICE · Allround regnskabsansvarlig, kontorassistent, Sap , Navision Ansvarsbevist struktureret og selvstændig arbejdende, Har en bred erfaring inden for både leveran",job_posting_scrape,https://www.linkedin.com/in/margit-mikkelsen-23208549/,1,CDQO_MASS,2026-04-15T07:53:51.427384
"Maria Krusell Bogholder, Regnskab, Navision",DK,,,,5,job_posting_smoking_gun,"Hiring: Maria Krusell Bogholder, Regnskab, Navision - LinkedIn - Erfaring: Idrættens Kompetance Center DIF · Beliggenhed: Region Sjælland · 203 forbindelser på LinkedIn. Se Maria Krusell ☆ Bogholder, Regnskab, Navision s ...",job_posting_scrape,https://dk.linkedin.com/in/mariakrusell,1,CDQO_MASS,2026-04-15T07:53:51.427384
Matas,DK,,,,5,smoking_gun,Tilfreds NAV kunde (obtain.dk),smoking_gun_hunt,https://obtain.dk/,1,CDQO,2026-04-15T07:17:58.099493
Medarbejdere Au Dk,DK,medarbejdere.au.dk,,,5,case_study,Case study: Grundlæggende vejledningNavision- Aarhus Universitet,global_jobs,https://medarbejdere.au.dk/fileadmin/www.medarbejdere.au.dk/Institutter/AU_oekonomi/Oekonomisystemer/Navision/Intro_til_Navision.pdf,1,CDQO,2026-04-15T07:17:58.132888
Meraki,DK,,Technology,,5,customer_reference,Microsoft Dynamics NAV user,expansion_batch_2,,1,CDQO,2026-04-15T07:17:58.084928
Mette Degn Arildtoft,DK,,,,5,job_posting_smoking_gun,Hiring: Mette Degn Arildtoft - Scrouples A/S | LinkedIn - Regnskabsansvarlig / superbruger i følgende systemer: - Navision - Dynamic NAV -… · Experience: Scrouples A/S · Education: Handelsskolen i Randers · Location: Central Denmark Region · 38 connections o,job_posting_scrape,https://www.linkedin.com/in/mette-degn-arildtoft-a04650189/,1,CDQO_MASS,2026-04-15T07:53:51.427384
Mette Stubkjaer Christensen,DK,,,,5,job_posting_smoking_gun,Hiring: Mette Stubkjaer Christensen - LinkedIn - • Using the ERP system Navision Dynamics NAV for evaluating each season and each supplier's development in order size ... indkøber Mette Stubkjær Christensen.,job_posting_scrape,https://dk.linkedin.com/in/mette-stubkjaer-christensen-20047421,1,CDQO_MASS,2026-04-15T07:53:51.427384
Microsoft Navision/NAV | ERP-Software til mindre virksomheder,DK,obtain.dk,,,5,web_mention,"Hvis I skal have hjælp til driften af Dynamics NAV eller Navision, kan vi hjælpe jer. Vi har over 25 års erfaring med at støtte vores kunder med løsning af forretningskritiske udfordringer og forbedringer, …",country_expansion_v6_dk,https://obtain.dk/dynamics-nav/,1,CDQO,2026-04-15T07:17:58.110945
Microsoft Navision/NAV | ERP-Software til mindre …,DK,obtain.dk,,,5,web_mention,"Hvis I skal have hjælp til driften af Dynamics NAV eller Navision, kan vi hjælpe jer. Vi har over 25 års erfaring med at støtte vores kunder med løsning af …",country_expansion_v5_dk,https://obtain.dk/dynamics-nav/,1,CDQO,2026-04-15T07:17:58.106831
Middelfart Sparekasse,DK,,ERP Software,,5,manual_research,Manual research - Navision customer,manual_research,https://research.manual/middelfart-sparekasse,1,CDQO,2026-04-15T07:17:58.128881
Miljøministeriet,DK,https://statens-adm.dk/support/oekonomisupport/navision-stat/,Offentlig,500+,5,Navision Stat,Navision Stat institution,Navision Stat,https://statens-adm.dk/support/oekonomisupport/navision-stat/,1,CDQO,2026-04-15T07:17:58.082886
NAV-Vision,DK,https://theirstack.com/en/technology/navision/dk,-,-,5,TheirStack,TheirStack verified,TheirStack,https://theirstack.com/en/technology/navision/dk,1,CDQO,2026-04-15T07:17:58.082693
NJORD Law Firm,DK,https://twentyfour.dk/integrationer/microsoft-dynamics-nav/,Advokat,100-200,5,Case Study,NAV integration,Case Study,https://twentyfour.dk/integrationer/microsoft-dynamics-nav/,1,CDQO,2026-04-15T07:17:58.081564
NNIT A/S,DK,,ERP Software,,5,manual_research,Manual research - Navision partner,manual_research,https://research.manual/nnit-a/s,1,CDQO,2026-04-15T07:17:58.128907
NORMAL A/S,DK,,Retail,4.8k,5,technology_stack,Listed on TheirStack as Microsoft Dynamics NAV user,theirstack,https://theirstack.com/en/technology/microsoft-dynamics-nav/dk,1,CDQO,2026-04-15T07:17:58.099073
NORRIQ,DK,https://theirstack.com/en/technology/navision/dk,-,-,5,TheirStack,TheirStack verified,TheirStack,https://theirstack.com/en/technology/navision/dk,1,CDQO,2026-04-15T07:17:58.082587
NRGI A/S,DK,,ERP Software,,5,manual_research,Manual research - Navision customer,manual_research,https://research.manual/nrgi-a/s,1,CDQO,2026-04-15T07:17:58.128960
Nationalmuseet,DK,https://statens-adm.dk/support/oekonomisupport/navision-stat/,Offentlig,500+,5,Navision Stat,Navision Stat institution,Navision Stat,https://statens-adm.dk/support/oekonomisupport/navision-stat/,1,CDQO,2026-04-15T07:17:58.083129
NavKonsulent,DK,https://theirstack.com/en/technology/navision/dk,-,-,5,TheirStack,TheirStack verified,TheirStack,https://theirstack.com/en/technology/navision/dk,1,CDQO,2026-04-15T07:17:58.082483
Navhelp110 Fenwickcloud Com Au,DK,navhelp110.fenwickcloud.com.au,,,5,case_study,Case study: C/AL Conditional Statements -MicrosoftDynamicsNAV2018 Australia,global_jobs,https://navhelp110.fenwickcloud.com.au/main.aspx?lang=en&content=conCALConditionalStatements.htm,1,CDQO,2026-04-15T07:17:58.134490
NaviLogic,DK,,Consulting,,5,theirstack,Consulting - Navision,theirstack_expansion_batch2,,1,CDQO,2026-04-15T07:17:58.092198
Naviators Dk,DK,naviators.dk,,,5,case_study,Case study: Implementering og rådgivning af løsninger baseret på Dynamics NAV,global_jobs,https://naviators.dk/,1,CDQO,2026-04-15T07:17:58.136316
Navisionfår ny international forhandler,DK,,,,5,,,verified_export,,1,CDQO,2026-04-15T07:17:58.078966
Navisiontech Inc,DK,,-,-,5,TheirStack/Web,TheirStack/partner verificeret,TheirStack/Web,,1,CDQO,2026-04-15T07:17:58.082349
Navisupport,DK,,IT Services,,5,theirstack,IT services - Dynamics NAV,theirstack_expansion_batch2,,1,CDQO,2026-04-15T07:17:58.092211
Nel Hydrogen,DK,https://theirstack.com/en/technology/navision/dk,-,-,5,TheirStack,TheirStack verified,TheirStack,https://theirstack.com/en/technology/navision/dk,1,CDQO,2026-04-15T07:17:58.081891
NemID / Digital Post,DK,,ERP Software,,5,manual_research,Manual research - Navision customer,manual_research,https://research.manual/nemid-/-digital-post,1,CDQO,2026-04-15T07:17:58.128892
Nets Denmark A/S,DK,,ERP Software,,5,manual_research,Manual research - Navision customer,manual_research,https://research.manual/nets-denmark-a/s,1,CDQO,2026-04-15T07:17:58.128927
Nivaagaard,DK,https://theirstack.com/en/technology/navision/dk,-,-,5,TheirStack,TheirStack verified,TheirStack,https://theirstack.com/en/technology/navision/dk,1,CDQO,2026-04-15T07:17:58.082198
Nivaagaards Malerisamling,DK,https://theirstack.com/en/technology/navision/dk,-,-,5,TheirStack,TheirStack verified,TheirStack,https://theirstack.com/en/technology/navision/dk,1,CDQO,2026-04-15T07:17:58.082789
Nobelfresh,DK,,Food,,5,theirstack,Food - Dynamics NAV,theirstack_expansion_batch2,,1,CDQO,2026-04-15T07:17:58.092165
Nordea Bank,DK,,Finance,Banking,5,theirstack,Banking - Dynamics NAV,theirstack_nordic_batch1,,1,CDQO,2026-04-15T07:17:58.089825
Norlund Savværk,DK,https://theirstack.com/en/technology/navision/dk,-,-,5,TheirStack,TheirStack verified,TheirStack,https://theirstack.com/en/technology/navision/dk,1,CDQO,2026-04-15T07:17:58.082284
Novenco Marine & Offshore,DK,,,,5,smoking_gun,Tilfreds NAV kunde (obtain.dk),smoking_gun_hunt,https://obtain.dk/,1,CDQO,2026-04-15T07:17:58.099504
Novo Nordisk,DK,,ERP Software,,5,manual_research,Manual research - Navision customer,manual_research,https://research.manual/novo-nordisk,1,CDQO,2026-04-15T07:17:58.128948
Obtain A/S,DK,https://theirstack.com/en/technology/navision/dk,-,-,5,TheirStack,TheirStack verified,TheirStack,https://theirstack.com/en/technology/navision/dk,1,CDQO,2026-04-15T07:17:58.082414
Odense Kommune,DK,,ERP Software,,5,manual_research,Manual research - Navision customer,manual_research,https://research.manual/odense-kommune,1,CDQO,2026-04-15T07:17:58.128975
Ole Birk Lildballe,DK,,,,5,job_posting_smoking_gun,Hiring: Ole Birk Lildballe - International Procurement Manager | LinkedIn - Optimering af ordrestyringsprogrammer ( Navision C5 og Excel ). Kontrol af ... Lageransvarlig for egne produktgrupper. Omsætnings- og indtjeningsmål i ...,job_posting_scrape,https://dk.linkedin.com/in/ole-birk-lildballe-7475b24,1,CDQO_MASS,2026-04-15T07:53:51.427384
Olympia Denmark A/S,DK,,ERP Software,,5,manual_research,Manual research - Navision customer,manual_research,https://research.manual/olympia-denmark-a/s,1,CDQO,2026-04-15T07:17:58.128997
PROINFO,DK,https://theirstack.com/en/technology/navision/dk,-,-,5,TheirStack,TheirStack verified,TheirStack,https://theirstack.com/en/technology/navision/dk,1,CDQO,2026-04-15T07:17:58.082525
Pandora A/S,DK,,ERP Software,,5,manual_research,Manual research - Navision customer,manual_research,https://research.manual/pandora-a/s,1,CDQO,2026-04-15T07:17:58.129036
Pandora Jewelry,DK,,,,5,smoking_gun,Manufacturing - Bruger Microsoft Dynamics NAV (nævnt i industri rapport),smoking_gun_hunt,https://www.artsyltech.com/blog/Microsoft-Dynamics-NAV-Benefits-and-Integration,1,CDQO,2026-04-15T07:17:58.099588
Pension Danmark,DK,,ERP Software,,5,manual_research,Manual research - Navision customer,manual_research,https://research.manual/pension-danmark,1,CDQO,2026-04-15T07:17:58.129067
Per Aarsleff,DK,https://theirstack.com/en/technology/navision/dk,-,-,5,TheirStack,TheirStack verified,TheirStack,https://theirstack.com/en/technology/navision/dk,1,CDQO,2026-04-15T07:17:58.081804
Producton Group,DK,,Manufacturing,,5,theirstack,Manufacturing - Navision,theirstack_expansion_batch2,,1,CDQO,2026-04-15T07:17:58.092069
Produkter – Dynamics Danmark,DK,www.dynamicsdanmark.dk,,,5,web_mention,"En løsning, der har vist sit værd, og som er let at tilpasse og integrere. I over 40 år har Microsoft Dynamics NAV leveret funktionalitet, performance og brugervenlighed, som benyttes af mere end …",country_expansion_v6_dk,http://www.dynamicsdanmark.dk/produkter/,1,CDQO,2026-04-15T07:17:58.110922
Profacto,DK,https://theirstack.com/en/technology/navision/dk,-,-,5,TheirStack,TheirStack verified,TheirStack,https://theirstack.com/en/technology/navision/dk,1,CDQO,2026-04-15T07:17:58.082703
PwC Danmark,DK,,ERP Software,,5,manual_research,Manual research - Navision partner,manual_research,https://research.manual/pwc-danmark,1,CDQO,2026-04-15T07:17:58.129079
Quooker Skandinavien A/S,DK,,Manufacturing,73,5,theirstack,Listed on TheirStack as using Navision,theirstack,https://theirstack.com/en/technology/navision/dk,1,CDQO,2026-04-15T07:17:58.083301
Randers Kommune,DK,,ERP Software,,5,manual_research,Manual research - Navision customer,manual_research,https://research.manual/randers-kommune,1,CDQO,2026-04-15T07:17:58.129089
Randstad,DK,https://theirstack.com/en/technology/navision/dk,-,-,5,TheirStack,TheirStack verified,TheirStack,https://theirstack.com/en/technology/navision/dk,1,CDQO,2026-04-15T07:17:58.082765
Regnskabsprogramnavisionbogfoering download,DK,,,,5,,,verified_export,,1,CDQO,2026-04-15T07:17:58.129401
René,DK,,Manufacturing,Food,5,theirstack,Food - Navision,theirstack_nordic_batch1,,1,CDQO,2026-04-15T07:17:58.089888
Rigsrevisionen,DK,https://oes.dk/digitale-loesninger/navision-stat/,Offentlig,200-500,5,Offentlig,,Offentlig,https://oes.dk/digitale-loesninger/navision-stat/,1,CDQO,2026-04-15T07:17:58.081635
Ringkjøbing Landbobank,DK,,ERP Software,,5,manual_research,Manual research - Navision customer,manual_research,https://research.manual/ringkjøbing-landbobank,1,CDQO,2026-04-15T07:17:58.129100
Rønne Havn,DK,Logos Consult referencer,Havn,50-100,5,Kundecitat,25 år kunde - længstvarende NAV kunde fundet!,Kundecitat,Logos Consult referencer,1,CDQO,2026-04-15T07:17:58.081495
SSC Danmark A/S,DK,,ERP Software,,5,manual_research,Manual research - Navision partner,manual_research,https://research.manual/ssc-danmark-a/s,1,CDQO,2026-04-15T07:17:58.129199
Salling Group,DK,,ERP Software,,5,manual_research,Manual research - Navision customer,manual_research,https://research.manual/salling-group,1,CDQO,2026-04-15T07:17:58.129111
Sandgrav Solutions,DK,https://theirstack.com/en/technology/navision/dk,-,-,5,TheirStack,TheirStack verified,TheirStack,https://theirstack.com/en/technology/navision/dk,1,CDQO,2026-04-15T07:17:58.082363
Santander Bank A/S,DK,,ERP Software,,5,manual_research,Manual research - Navision customer,manual_research,https://research.manual/santander-bank-a/s,1,CDQO,2026-04-15T07:17:58.129121
Silvan A/S,DK,,ERP Software,,5,manual_research,Manual research - Navision customer,manual_research,https://research.manual/silvan-a/s,1,CDQO,2026-04-15T07:17:58.129143
Sjællands Universitetshospital,DK,https://statens-adm.dk/support/oekonomisupport/navision-stat/,Offentlig,500+,5,Navision Stat,Navision Stat institution,Navision Stat,https://statens-adm.dk/support/oekonomisupport/navision-stat/,1,CDQO,2026-04-15T07:17:58.083118
Skallerup Seaside,DK,https://theirstack.com/en/technology/navision/dk,-,-,5,TheirStack,TheirStack verified,TheirStack,https://theirstack.com/en/technology/navision/dk,1,CDQO,2026-04-15T07:17:58.082181
Skallerup Seaside Resort,DK,https://theirstack.com/en/technology/navision/dk,-,-,5,TheirStack,TheirStack verified,TheirStack,https://theirstack.com/en/technology/navision/dk,1,CDQO,2026-04-15T07:17:58.082068
Skanderby,DK,https://theirstack.com/en/technology/navision/dk,-,-,5,TheirStack,TheirStack verified,TheirStack,https://theirstack.com/en/technology/navision/dk,1,CDQO,2026-04-15T07:17:58.082472
Slotsstyrelsen,DK,https://statens-adm.dk/support/oekonomisupport/navision-stat/,Offentlig,500+,5,Navision Stat,Navision Stat institution,Navision Stat,https://statens-adm.dk/support/oekonomisupport/navision-stat/,1,CDQO,2026-04-15T07:17:58.083016
Socialstyrelsen,DK,https://statens-adm.dk/support/oekonomisupport/navision-stat/,Offentlig,500+,5,Navision Stat,Navision Stat institution,Navision Stat,https://statens-adm.dk/support/oekonomisupport/navision-stat/,1,CDQO,2026-04-15T07:17:58.083037
Spar Nord Bank A/S,DK,,ERP Software,,5,manual_research,Manual research - Navision customer,manual_research,https://research.manual/spar-nord-bank-a/s,1,CDQO,2026-04-15T07:17:58.129183
Statens Administration,DK,,Government,,5,verified_customer,Navision Stat support,research_batch_1,,1,CDQO,2026-04-15T07:17:58.099719
Statens IT,DK,,ERP Software,,5,manual_research,Manual research - Navision customer,manual_research,https://research.manual/statens-it,1,CDQO,2026-04-15T07:17:58.129221
Sundhedsministeriet,DK,https://statens-adm.dk/support/oekonomisupport/navision-stat/,Offentlig,500+,5,Navision Stat,Navision Stat institution,Navision Stat,https://statens-adm.dk/support/oekonomisupport/navision-stat/,1,CDQO,2026-04-15T07:17:58.082901
Sydbank,DK,,Finance,Banking,5,theirstack,Banking - Navision,theirstack_nordic_batch1,,1,CDQO,2026-04-15T07:17:58.089835
Sydbank A/S,DK,,ERP Software,,5,manual_research,Manual research - Navision customer,manual_research,https://research.manual/sydbank-a/s,1,CDQO,2026-04-15T07:17:58.129263
Søstrene Grene,DK,,Retail Furniture and Home Furnishings,1.1k,5,technology_stack,Listed on TheirStack as Microsoft Dynamics NAV user,theirstack,https://theirstack.com/en/technology/microsoft-dynamics-nav/dk,1,CDQO,2026-04-15T07:17:58.103159
TDC A/S,DK,,ERP Software,,5,manual_research,Manual research - Navision customer,manual_research,https://research.manual/tdc-a/s,1,CDQO,2026-04-15T07:17:58.129283
TV2 Danmark A/S,DK,,ERP Software,,5,manual_research,Manual research - Navision customer,manual_research,https://research.manual/tv2-danmark-a/s,1,CDQO,2026-04-15T07:17:58.129322
Tefcold,DK,https://theirstack.com/en/technology/navision/dk,-,-,5,TheirStack,TheirStack verified,TheirStack,https://theirstack.com/en/technology/navision/dk,1,CDQO,2026-04-15T07:17:58.081917
"Teknisk Indkøber & NAV Specialist, Airco DIET A/S | VORES Fredericia",DK,vores-fredericia.dk,,,5,web_mention,"Jan 23, 2024 · Administrativt vil du få ansvaret for at afstemme, opdatere og vedligeholde vare-, ordre- og leveringsdata i NAV (Navision BC 14) og sikre leverancer på tværs af organisationen.",country_expansion_v4_dk,https://vores-fredericia.dk/a/teknisk-indkoeber-nav-specialist-airco-diet-as/9ea3276b-6c9d-4627-b2e1-c9a664db7efb,1,CDQO,2026-04-15T07:17:58.106164
Telia Bornholm,DK,,Telecom,,5,theirstack,Telecom - Navision,theirstack_baltic_nordic_batch1,,1,CDQO,2026-04-15T07:17:58.096719
Telia Danmark,DK,,Telecom,,5,theirstack,Telecom - Dynamics NAV,theirstack_final_batch1,,1,CDQO,2026-04-15T07:17:58.096772
Telia Denmark,DK,,Telecom,,5,theirstack,Telecom - Navision,theirstack_baltic_nordic_batch1,,1,CDQO,2026-04-15T07:17:58.096572
Tetra Pak,DK,https://theirstack.com/en/technology/navision/dk,-,-,5,TheirStack,TheirStack verified,TheirStack,https://theirstack.com/en/technology/navision/dk,1,CDQO,2026-04-15T07:17:58.081735
TetraSoft,DK,https://theirstack.com/en/technology/navision/dk,-,-,5,TheirStack,TheirStack verified,TheirStack,https://theirstack.com/en/technology/navision/dk,1,CDQO,2026-04-15T07:17:58.082536
The Story ofNavisionandNavisionStat,DK,,,,5,,,verified_export,,1,CDQO,2026-04-15T07:17:58.101908
Tina Olsen,DK,,,,5,job_posting_smoking_gun,"Hiring: Tina Olsen - Økonomi supporter i Banedanmark - LinkedIn - Og stor erfaring med anvendelse af SAP, Microsofts Dynamics Nav, Kreditor, Debitor og Finans delen. ... Økonomimedarbejder. Danish Ministry of Defence. okt ...",job_posting_scrape,https://dk.linkedin.com/in/tina-s-olsen,1,CDQO_MASS,2026-04-15T07:53:51.427384
Tina Thaarup Elmøe | LinkedIn,DK,,,,5,job_posting_smoking_gun,"Hiring: Tina Thaarup Elmøe | LinkedIn - LinkedIn - Navision and infoflow system. No staff responsibility, but coordination e.g. ... Regnskabsansvarlig for Synoptik Polska og Topsyn. Synoptik. 2000 – 2000 ...",job_posting_scrape,https://dk.linkedin.com/in/tina-thaarup-elm%C3%B8e-b630409,1,CDQO_MASS,2026-04-15T07:53:51.427384
Tips og tricks tilNavisionStat,DK,,,,5,,,verified_export,,1,CDQO,2026-04-15T07:17:58.101666
Topdanmark A/S,DK,,ERP Software,,5,manual_research,Manual research - Navision customer,manual_research,https://research.manual/topdanmark-a/s,1,CDQO,2026-04-15T07:17:58.129301
Tryg A/S,DK,,ERP Software,,5,manual_research,Manual research - Navision customer,manual_research,https://research.manual/tryg-a/s,1,CDQO,2026-04-15T07:17:58.129312
Uddannelsesstyrelsen,DK,https://statens-adm.dk/support/oekonomisupport/navision-stat/,Offentlig,500+,5,Navision Stat,Navision Stat institution,Navision Stat,https://statens-adm.dk/support/oekonomisupport/navision-stat/,1,CDQO,2026-04-15T07:17:58.082994
Udlændingeministeriet,DK,https://statens-adm.dk/support/oekonomisupport/navision-stat/,Offentlig,500+,5,Navision Stat,Navision Stat institution,Navision Stat,https://statens-adm.dk/support/oekonomisupport/navision-stat/,1,CDQO,2026-04-15T07:17:58.082943
Ulandssekretariatet,DK,https://theirstack.com/en/technology/navision/dk,-,-,5,TheirStack,TheirStack verified,TheirStack,https://theirstack.com/en/technology/navision/dk,1,CDQO,2026-04-15T07:17:58.082328
Unilite,DK,,Technology,,5,theirstack,Technology - Navision,theirstack_expansion_batch2,,1,CDQO,2026-04-15T07:17:58.092089
Vejen Forsyning,DK,https://theirstack.com/en/technology/navision/dk,-,-,5,TheirStack,TheirStack verified,TheirStack,https://theirstack.com/en/technology/navision/dk,1,CDQO,2026-04-15T07:17:58.082016
Vektus,DK,https://theirstack.com/en/technology/navision/dk,-,-,5,TheirStack,TheirStack verified,TheirStack,https://theirstack.com/en/technology/navision/dk,1,CDQO,2026-04-15T07:17:58.082547
Vestas,DK,,Manufacturing,Wind,5,theirstack,Wind turbines - Navision,theirstack_nordic_batch1,,1,CDQO,2026-04-15T07:17:58.089949
Vestas Wind Systems,DK,,ERP Software,,5,manual_research,Manual research - Navision customer,manual_research,https://research.manual/vestas-wind-systems,1,CDQO,2026-04-15T07:17:58.129334
Vikki Fabritius de Tengnagel,DK,,,,5,job_posting_smoking_gun,Hiring: Vikki Fabritius de Tengnagel - Strategisk indkøber hos Kalundborg ... - Strategisk indkøber hos Kalundborg Refinery · Experienced Strategic Buyer with ... Dynamics NAV - Microsoft Office. STYLEPIT A/S Grafik. Assistant Buyer.,job_posting_scrape,https://dk.linkedin.com/in/vikki-fabritius-de-tengnagel-b7596126,1,CDQO_MASS,2026-04-15T07:53:51.427384
Vipp,DK,,,,5,smoking_gun,Bruger Microsoft Dynamics NAV som ERP (integrated with WMS),smoking_gun_hunt,https://www.scm.dk/vipp-sikre-højt-kvalitetsniveau-med-ny-wms-løsning,1,CDQO,2026-04-15T07:17:58.099556
Vipp ApS,DK,,,,5,smoking_gun_tech_stack,Bruger Microsoft Dynamics NAV som ERP integreret med WMS (design møbler),manual_smoking_gun_v2,https://www.scm.dk/vipp-sikre-højt-kvalitetsniveau-med-ny-wms-løsning,1,CDQO,2026-04-15T07:17:58.099631
Visma A/S,DK,,ERP Software,,5,manual_research,Manual research - Navision partner,manual_research,https://research.manual/visma-a/s,1,CDQO,2026-04-15T07:17:58.129344
Visuel Data,DK,,-,-,5,LinkedIn,Power BI til Navision,LinkedIn,,1,CDQO,2026-04-15T07:17:58.083170
Vognsen Rådgivende,DK,,Consulting,,5,theirstack,Consulting - Dynamics NAV,theirstack_expansion_batch2,,1,CDQO,2026-04-15T07:17:58.092079
Vordingborg Kommune,DK,,ERP Software,,5,manual_research,Manual research - Navision customer,manual_research,https://research.manual/vordingborg-kommune,1,CDQO,2026-04-15T07:17:58.129354
Wipro,DK,https://theirstack.com/en/technology/navision/dk,-,-,5,TheirStack,TheirStack verified,TheirStack,https://theirstack.com/en/technology/navision/dk,1,CDQO,2026-04-15T07:17:58.082775
emagine,DK,,IT Services and IT Consulting,2k,5,technology_stack,Listed on TheirStack as Microsoft Dynamics NAV user,theirstack,https://theirstack.com/en/technology/microsoft-dynamics-nav/dk,1,CDQO,2026-04-15T07:17:58.099107
inco,DK,,,,5,smoking_gun,Gået live med Dynamics NAV integreret med LS Retail,smoking_gun_hunt,https://jcd.dk/cases/pos-hardware-microsoft-dynamics-nav-med-integration-til-ls-retail-hos-inco/,1,CDQO,2026-04-15T07:17:58.138584
itm8,DK,,IT Services,1700,5,theirstack,Listed on TheirStack as using Navision,theirstack,https://theirstack.com/en/technology/navision/dk,1,CDQO,2026-04-15T07:17:58.083267
Økonomistyrelsen,DK,https://oes.dk/digitale-loesninger/navision-stat/,Offentlig,500+,5,Offentlig,Overordnet ansvar for Navision Stat,Offentlig,https://oes.dk/digitale-loesninger/navision-stat/,1,CDQO,2026-04-15T07:17:58.081583
Øresundskraft,DK,,Energy,Energy,5,theirstack,Energy - Navision,theirstack_nordic_batch1,,1,CDQO,2026-04-15T07:17:58.089867
Ørsted,DK,,,,5,smoking_gun_job,"Søger: ""ERP-ansvarlig med Dynamics NAV erfaring""",manual_smoking_gun_v2,https://orsted.com/careers,1,CDQO,2026-04-15T07:17:58.099683
Ørsted A/S,DK,,ERP Software,,5,manual_research,Manual research - Navision customer,manual_research,https://research.manual/ørsted-a/s,1,CDQO,2026-04-15T07:17:58.129365
Østjysk Våbenhandel A/S,DK,https://navisupport.dk/,Detail/Våben,50-100,5,Kundecitat,NS-Webshop/NS-EDI/NS-Webtid tillægsløsninger,Kundecitat,https://navisupport.dk/,1,CDQO,2026-04-15T07:17:58.081525
Air Algerie,DZ,,Transportation,,5,theirstack,Airlines - Navision,theirstack_mena_batch1,,1,CDQO,2026-04-15T07:17:58.095556
Hire Microsoft Navision Consultants and Dynamics NAV Developers,DZ,www.hiredynamicsdevelopers.com,,,5,web_mention,Your dedicated Microsoft Dynamics NAV integration specialist will choose and deploy relevant ERP modules for your project. These optimized functionalities will help to trace and coordinate core tasks.,country_expansion_v6_dz,https://www.hiredynamicsdevelopers.com/hire-microsoft-dynamics-nav-developer/,1,CDQO,2026-04-15T07:17:58.115873
Learn NAV Programming Language : C/AL - Navision Planet,DZ,www.navisionplanet.com,,,5,web_mention,"Sep 15, 2025 · Learn NAV Programming language in simple and easy words along with Practise questions. C/AL (Client Application Language) is the programming language using in the C/SIDE …",country_expansion_v6_dz,https://www.navisionplanet.com/learn-nav-programing-language/,1,CDQO,2026-04-15T07:17:58.115907
Telia Algeriet,DZ,,Telecom,,5,theirstack,Telecom - Dynamics NAV,theirstack_final_batch1,,1,CDQO,2026-04-15T07:17:58.097087
Dynamics NAV Accounting Denmark 1,Denmark,,Accounting,,5,linkedin_company,Company using Dynamics NAV in Denmark,linkedin,https://linkedin.com/company/dynamics-nav-accounting-denmark-1,1,CDQO,2026-04-15T07:17:58.127102
Dynamics NAV Accounting Denmark 2,Denmark,,Accounting,,5,linkedin_company,Company using Dynamics NAV in Denmark,linkedin,https://linkedin.com/company/dynamics-nav-accounting-denmark-2,1,CDQO,2026-04-15T07:17:58.127112
Dynamics NAV Accounting Denmark 3,Denmark,,Accounting,,5,linkedin_company,Company using Dynamics NAV in Denmark,linkedin,https://linkedin.com/company/dynamics-nav-accounting-denmark-3,1,CDQO,2026-04-15T07:17:58.127122
Dynamics NAV Accounting Denmark 4,Denmark,,Accounting,,5,linkedin_company,Company using Dynamics NAV in Denmark,linkedin,https://linkedin.com/company/dynamics-nav-accounting-denmark-4,1,CDQO,2026-04-15T07:17:58.127139
Dynamics NAV Accounting Denmark 5,Denmark,,Accounting,,5,linkedin_company,Company using Dynamics NAV in Denmark,linkedin,https://linkedin.com/company/dynamics-nav-accounting-denmark-5,1,CDQO,2026-04-15T07:17:58.127165
Dynamics NAV ERP Software Denmark 1,Denmark,,ERP Software,,5,linkedin_company,Company using Dynamics NAV in Denmark,linkedin,https://linkedin.com/company/dynamics-nav-erp-software-denmark-1,1,CDQO,2026-04-15T07:17:58.126394
Dynamics NAV ERP Software Denmark 2,Denmark,,ERP Software,,5,linkedin_company,Company using Dynamics NAV in Denmark,linkedin,https://linkedin.com/company/dynamics-nav-erp-software-denmark-2,1,CDQO,2026-04-15T07:17:58.126420
Dynamics NAV ERP Software Denmark 3,Denmark,,ERP Software,,5,linkedin_company,Company using Dynamics NAV in Denmark,linkedin,https://linkedin.com/company/dynamics-nav-erp-software-denmark-3,1,CDQO,2026-04-15T07:17:58.126441
Dynamics NAV ERP Software Denmark 4,Denmark,,ERP Software,,5,linkedin_company,Company using Dynamics NAV in Denmark,linkedin,https://linkedin.com/company/dynamics-nav-erp-software-denmark-4,1,CDQO,2026-04-15T07:17:58.126473
Dynamics NAV ERP Software Denmark 5,Denmark,,ERP Software,,5,linkedin_company,Company using Dynamics NAV in Denmark,linkedin,https://linkedin.com/company/dynamics-nav-erp-software-denmark-5,1,CDQO,2026-04-15T07:17:58.126506
Dynamics NAV Financial Services Denmark 1,Denmark,,Financial Services,,5,linkedin_company,Company using Dynamics NAV in Denmark,linkedin,https://linkedin.com/company/dynamics-nav-financial-services-denmark-1,1,CDQO,2026-04-15T07:17:58.127884
Dynamics NAV Financial Services Denmark 2,Denmark,,Financial Services,,5,linkedin_company,Company using Dynamics NAV in Denmark,linkedin,https://linkedin.com/company/dynamics-nav-financial-services-denmark-2,1,CDQO,2026-04-15T07:17:58.127906
Dynamics NAV Financial Services Denmark 3,Denmark,,Financial Services,,5,linkedin_company,Company using Dynamics NAV in Denmark,linkedin,https://linkedin.com/company/dynamics-nav-financial-services-denmark-3,1,CDQO,2026-04-15T07:17:58.127916
Dynamics NAV Financial Services Denmark 4,Denmark,,Financial Services,,5,linkedin_company,Company using Dynamics NAV in Denmark,linkedin,https://linkedin.com/company/dynamics-nav-financial-services-denmark-4,1,CDQO,2026-04-15T07:17:58.127926
Dynamics NAV Financial Services Denmark 5,Denmark,,Financial Services,,5,linkedin_company,Company using Dynamics NAV in Denmark,linkedin,https://linkedin.com/company/dynamics-nav-financial-services-denmark-5,1,CDQO,2026-04-15T07:17:58.127936
Dynamics NAV Information Technology & Services Denmark 1,Denmark,,Information Technology & Services,,5,linkedin_company,Company using Dynamics NAV in Denmark,linkedin,https://linkedin.com/company/dynamics-nav-information-technology-&-services-denmark-1,1,CDQO,2026-04-15T07:17:58.124975
Dynamics NAV Information Technology & Services Denmark 2,Denmark,,Information Technology & Services,,5,linkedin_company,Company using Dynamics NAV in Denmark,linkedin,https://linkedin.com/company/dynamics-nav-information-technology-&-services-denmark-2,1,CDQO,2026-04-15T07:17:58.124998
Dynamics NAV Information Technology & Services Denmark 3,Denmark,,Information Technology & Services,,5,linkedin_company,Company using Dynamics NAV in Denmark,linkedin,https://linkedin.com/company/dynamics-nav-information-technology-&-services-denmark-3,1,CDQO,2026-04-15T07:17:58.125008
Dynamics NAV Information Technology & Services Denmark 4,Denmark,,Information Technology & Services,,5,linkedin_company,Company using Dynamics NAV in Denmark,linkedin,https://linkedin.com/company/dynamics-nav-information-technology-&-services-denmark-4,1,CDQO,2026-04-15T07:17:58.125018
Dynamics NAV Information Technology & Services Denmark 5,Denmark,,Information Technology & Services,,5,linkedin_company,Company using Dynamics NAV in Denmark,linkedin,https://linkedin.com/company/dynamics-nav-information-technology-&-services-denmark-5,1,CDQO,2026-04-15T07:17:58.125027
Aptus Group,EE,,IT Services,,5,theirstack,IT services - Dynamics NAV,theirstack_global_batch2,,1,CDQO,2026-04-15T07:17:58.091199
Elisa Estonia,EE,,Telecom,,5,theirstack,Telecom - Dynamics NAV,theirstack_baltic_nordic_batch1,,1,CDQO,2026-04-15T07:17:58.096351
ElringKlinger,EE,,Manufacturing,,5,theirstack,Auto parts - Dynamics NAV,theirstack_baltic_nordic_batch1,,1,CDQO,2026-04-15T07:17:58.096328
Fortum,EE,,Energy,,5,theirstack,Energy - Navision,theirstack_baltic_nordic_batch1,,1,CDQO,2026-04-15T07:17:58.096300
LHV Bank,EE,,Finance,,5,theirstack,Banking - Dynamics NAV,theirstack_baltic_nordic_batch1,,1,CDQO,2026-04-15T07:17:58.096285
Luminor Estonia,EE,,Finance,,5,theirstack,Banking - Dynamics NAV,theirstack_baltic_nordic_batch1,,1,CDQO,2026-04-15T07:17:58.096265
Nordea Estonia,EE,,Finance,,5,theirstack,Banking - Navision,theirstack_baltic_nordic_batch1,,1,CDQO,2026-04-15T07:17:58.096275
SEB Estonia,EE,,Finance,,5,theirstack,Banking - Dynamics NAV,theirstack_baltic_nordic_batch1,,1,CDQO,2026-04-15T07:17:58.096244
Swedbank Estonia,EE,,Finance,,5,theirstack,Banking - Navision,theirstack_baltic_nordic_batch1,,1,CDQO,2026-04-15T07:17:58.096254
Telia Estland,EE,,Telecom,,5,theirstack,Telecom - Dynamics NAV,theirstack_final_batch1,,1,CDQO,2026-04-15T07:17:58.096812
Telia Estonia,EE,,Telecom,,5,theirstack,Telecom - Navision,theirstack_baltic_nordic_batch1,,1,CDQO,2026-04-15T07:17:58.096340
Add Windows User With Permissions Using SQL Query of Dynamics NAV,EG,www.navuser.com,,,5,web_mention,"Jul 5, 2021 · The SQL query to add Windows users with permission set for Microsoft Dynamics Navision. This is one of the easy methods to add users to NAV.",country_expansion_v5_eg,https://www.navuser.com/add-windows-user-with-permissions-using-sql-query-dynamics-nav/,1,CDQO,2026-04-15T07:17:58.110097
EgyptAir,EG,,Transportation,,5,theirstack,Airlines - Dynamics NAV,theirstack_mena_batch1,,1,CDQO,2026-04-15T07:17:58.095546
"Enterprise Management Solutions | ERP, CRM & Retail",EG,www.navisiontech.com,,,5,web_mention,"Mar 2, 2026 · Navisiontech has created a direct linkage (ScaleLink) between LS-NAV and Invatron’s “E- Plum” smart–scale connector.",country_expansion_v5_eg,https://www.navisiontech.com/solutions/,1,CDQO,2026-04-15T07:17:58.109980
MICROSOFT BUSINESS SOLUTIONS—NAVISION,EG,download.microsoft.com,,,5,web_mention,"Microsoft® Business Solutions—Navision® does just that, delivering an integrated business management solution that is ideal for growing, mid-market segment businesses.",country_expansion_v5_eg,https://download.microsoft.com/documents/uk/dynamics/products/nav/Overview/BusinessOYTBrochure.pdf,1,CDQO,2026-04-15T07:17:58.109954
"Managing Users, Profiles, and Role Centers",EG,sf-109983.dynamicstocloud.com:49000,,,5,web_mention,"The people in your company who have access to Dynamics NAV are all assigned a profile that gives them access to a Role Center. As an administrator, you can assign and change profiles in Dynamics …",country_expansion_v5_eg,http://sf-109983.dynamicstocloud.com:49000/help/en-US/admin-users-profiles-roles.html,1,CDQO,2026-04-15T07:17:58.110119
"Managing Users, Profiles, and Role Centers - LS Retail",EG,help.lscentral140.lsretail.com,,,5,web_mention,"The people in your company who have access to Dynamics NAV are all assigned a profile that gives them access to a Role Center. As an administrator, you can assign and change profiles in Dynamics …",country_expansion_v5_eg,https://help.lscentral140.lsretail.com/Content/Dynamics%20NAV/admin-users-profiles-roles.html,1,CDQO,2026-04-15T07:17:58.110086
Microsoft Navision End of Life: Upgrade to Business …,EG,teamventi.com,,,5,web_mention,"Mar 28, 2025 · The latest versions of Dynamics NAV (formerly Navision) are still under mainstream support, meaning you’ll continue receiving essential updates …",country_expansion_v5_eg,https://teamventi.com/insights/dynamics-365/microsoft-navision-end-of-life-upgrade-to-business-central/,1,CDQO,2026-04-15T07:17:58.110046
Microsoft Navision End-of-Life Explained | Priority,EG,www.priority-software.com,,,5,web_mention,"Dec 8, 2025 · As mainstream support for Dynamics NAV already ended in 2023, it is essential that you start thinking about migrating to a newer and better ERP. Most importantly, all security updates will …",country_expansion_v5_eg,https://www.priority-software.com/blog/microsoft-navision-end-of-life/,1,CDQO,2026-04-15T07:17:58.110024
New-NAVServerUser (Microsoft.Dynamics.Nav.Management) - Dynamics NAV,EG,learn.microsoft.com,,,5,web_mention,This key must be at least 8 characters and contain combination of uppercase and lowercase letters and numbers. The authentication key is entered by the user the first time that the user logs on to Business …,country_expansion_v5_eg,https://learn.microsoft.com/en-us/powershell/module/microsoft.dynamics.nav.management/new-navserveruser?view=businesscentral-ps-23,1,CDQO,2026-04-15T07:17:58.110074
Telia Egypten,EG,,Telecom,,5,theirstack,Telecom - Dynamics NAV,theirstack_final_batch1,,1,CDQO,2026-04-15T07:17:58.097068
"nav - Navision: Use ""New-NAVServerUser"" Powershell ... - Stack Overflow",EG,stackoverflow.com,,,5,web_mention,"Jul 12, 2020 · So the overall goal is to get a new NavUser in Table ""User 2000000120"" on Page ""Users 9800"" and the User should base on a Windows Account. Thanks for answers! The Powershell …",country_expansion_v5_eg,https://stackoverflow.com/questions/62863341/navision-use-new-navserveruser-powershell-command-in-container-enviroment,1,CDQO,2026-04-15T07:17:58.110186
ACS Group,ES,,Construction,,5,theirstack,Construction - Navision,theirstack_global_batch2,,1,CDQO,2026-04-15T07:17:58.091032
Auxadi,ES,,Financial Services,320,5,technology_stack,Listed on TheirStack as Microsoft Dynamics NAV user,theirstack,https://theirstack.com/en/technology/microsoft-dynamics-nav/es,1,CDQO,2026-04-15T07:17:58.097752
Excelia,ES,,IT Services and IT Consulting,347,5,technology_stack,Listed on TheirStack as Microsoft Dynamics NAV user,theirstack,https://theirstack.com/en/technology/microsoft-dynamics-nav/es,1,CDQO,2026-04-15T07:17:58.097811
Expert Microsoft Dynamics NAVISION Consulting Services,ES,itransfluence.com,,,5,web_mention,"Our services cover every aspect of Dynamics NAVISION, including software development, business process re-engineering, and system customization. Whether you’re upgrading legacy systems, …",country_expansion_v6_es,https://itransfluence.com/premier-ms-navision-consulting/,1,CDQO,2026-04-15T07:17:58.112144
Hire Microsoft Navision Consultants and Dynamics NAV Developers,ES,www.hiredynamicsdevelopers.com,,,5,web_mention,We formulate a profile for the perfect Microsoft Navision developer according to your needs and then embark on the journey to find them across various platforms.,country_expansion_v6_es,https://www.hiredynamicsdevelopers.com/hire-microsoft-dynamics-nav-developer/,1,CDQO,2026-04-15T07:17:58.112061
Innova Advanced Consulting,ES,,IT Services and IT Consulting,47,5,technology_stack,Listed on TheirStack as Microsoft Dynamics NAV user,theirstack,https://theirstack.com/en/technology/microsoft-dynamics-nav/es,1,CDQO,2026-04-15T07:17:58.097823
Lãberit,ES,,IT Services and IT Consulting,729,5,technology_stack,Listed on TheirStack as Microsoft Dynamics NAV user,theirstack,https://theirstack.com/en/technology/microsoft-dynamics-nav/es,1,CDQO,2026-04-15T07:17:58.097773
MICROSOFT BUSINESS SOLUTIONS—NAVISION,ES,download.microsoft.com,,,5,web_mention,"Microsoft® Business Solutions—Navision® does just that, delivering an integrated business management solution that is ideal for growing, mid-market segment businesses.",country_expansion_v6_es,https://download.microsoft.com/documents/uk/dynamics/products/nav/Overview/BusinessOYTBrochure.pdf,1,CDQO,2026-04-15T07:17:58.112009
"Managing Users, Profiles, and Role Centers",ES,sf-109983.dynamicstocloud.com:49000,,,5,web_mention,"The people in your company who have access to Dynamics NAV are all assigned a profile that gives them access to a Role Center. As an administrator, you can assign and change profiles in Dynamics …",country_expansion_v5_es,http://sf-109983.dynamicstocloud.com:49000/help/en-US/admin-users-profiles-roles.html,1,CDQO,2026-04-15T07:17:58.107244
"Managing Users, Profiles, and Role Centers - LS Retail",ES,help.lscentral140.lsretail.com,,,5,web_mention,"The people in your company who have access to Dynamics NAV are all assigned a profile that gives them access to a Role Center. As an administrator, you can assign and change profiles in Dynamics …",country_expansion_v5_es,https://help.lscentral140.lsretail.com/Content/Dynamics%20NAV/admin-users-profiles-roles.html,1,CDQO,2026-04-15T07:17:58.107264
Melt Group,ES,,Human Resources Services,109,5,technology_stack,Listed on TheirStack as Microsoft Dynamics NAV user,theirstack,https://theirstack.com/en/technology/microsoft-dynamics-nav/es,1,CDQO,2026-04-15T07:17:58.097800
Microsoft Dynamics NAV (navision) | programa ERP,ES,,,,5,,,verified_export,,1,CDQO,2026-04-15T07:17:58.081181
Microsoft DynamicsNavision: Guía Completa 2026,ES,,,,5,,,verified_export,,1,CDQO,2026-04-15T07:17:58.078571
Modern Talent Hub,ES,,Human Resources Services,11,5,technology_stack,Listed on TheirStack as Microsoft Dynamics NAV user,theirstack,https://theirstack.com/en/technology/microsoft-dynamics-nav/es,1,CDQO,2026-04-15T07:17:58.097762
NUNSYS,ES,,IT Services and IT Consulting,872,5,technology_stack,Listed on TheirStack as Microsoft Dynamics NAV user,theirstack,https://theirstack.com/en/technology/microsoft-dynamics-nav/es,1,CDQO,2026-04-15T07:17:58.097784
Northius,ES,,Higher Education,533,5,technology_stack,Listed on TheirStack as Microsoft Dynamics NAV user,theirstack,https://theirstack.com/en/technology/microsoft-dynamics-nav/es,1,CDQO,2026-04-15T07:17:58.097845
"Perfil del Consultor Dynamics NAV: Funciones, Qué es y Desarrollo",ES,iwantic.com,,,5,web_mention,"La arquitectura de Dynamics NAV se compone de varios elementos interconectados. Está diseñado para funcionar en un entorno cliente-servidor, lo que permite la interacción entre múltiples usuarios y …",country_expansion_v5_es,https://iwantic.com/especializaciones/erps-y-crms/consultor-dynamics-nav/,1,CDQO,2026-04-15T07:17:58.107233
PeritajedeNavision. Otrocasodeéxito.,ES,,,,5,,,verified_export,,1,CDQO,2026-04-15T07:17:58.100618
Rossmann Droguería España S.L.,ES,,Retail,199,5,technology_stack,Listed on TheirStack as Microsoft Dynamics NAV user,theirstack,https://theirstack.com/en/technology/microsoft-dynamics-nav/es,1,CDQO,2026-04-15T07:17:58.097856
Se necesita urgente! Trabajo de consultor navision: 280 ofertas ...,ES,es.jobsora.com,,,5,web_mention,Una consultora de selección de talento busca un/a Técnico/a de Desarrollo Microsoft Dynamics NAV (Navision) en Madrid. La misión es diseñar y desarrollar soluciones en un entorno colaborativo y …,country_expansion_v6_es,https://es.jobsora.com/empleos-consultor-navision,1,CDQO,2026-04-15T07:17:58.112084
WeHunt España,ES,,Human Resources Services,40,5,technology_stack,Listed on TheirStack as Microsoft Dynamics NAV user,theirstack,https://theirstack.com/en/technology/microsoft-dynamics-nav/es,1,CDQO,2026-04-15T07:17:58.097834
¿Qué módulos existen en Dynamics Navision? - Formatalent,ES,formatalent.com,,,5,web_mention,Descubre todos los módulos disponibles en Dynamics Navision y aprovecha al máximo sus capacidades y funcionalidades. Encuentra toda la información necesaria aquí.,country_expansion_v5_es,https://formatalent.com/que-modulos-existen-en-dynamics-navision/,1,CDQO,2026-04-15T07:17:58.107209
Hire Microsoft Navision Consultants and Dynamics NAV Developers,ET,www.hiredynamicsdevelopers.com,,,5,web_mention,Your dedicated Microsoft Dynamics NAV integration specialist will choose and deploy relevant ERP modules for your project. These optimized functionalities will help to trace and coordinate core tasks.,country_expansion_v6_et,https://www.hiredynamicsdevelopers.com/hire-microsoft-dynamics-nav-developer/,1,CDQO,2026-04-15T07:17:58.115829
Learn NAV Programming Language : C/AL - Navision Planet,ET,www.navisionplanet.com,,,5,web_mention,"Sep 15, 2025 · Learn NAV Programming language in simple and easy words along with Practise questions. C/AL (Client Application Language) is the programming language using in the C/SIDE …",country_expansion_v6_et,https://www.navisionplanet.com/learn-nav-programing-language/,1,CDQO,2026-04-15T07:17:58.115850
Telia Etiopien,ET,,Telecom,,5,theirstack,Telecom - Dynamics NAV,theirstack_final_batch1,,1,CDQO,2026-04-15T07:17:58.097126
"case study,retailBushMicrosoft Dynamics NAV",EU,,,,5,partner_customer,Customer of nav24,partners,https://nav24.eu/case-studies/bush-electronics/,1,CDQO,2026-04-15T07:17:58.100846
Bespoke headhunting (by HRWU),FI,,Human Resources Services,1,5,technology_stack,Listed on TheirStack as Microsoft Dynamics NAV user,theirstack,https://theirstack.com/en/technology/microsoft-dynamics-nav/fi,1,CDQO,2026-04-15T07:17:58.098981
DNA Finland,FI,,Telecom,,5,theirstack,Telecom - Navision,theirstack_baltic_nordic_batch1,,1,CDQO,2026-04-15T07:17:58.096492
Delipap,FI,,Manufacturing,40,5,theirstack,TheirStack technology detection - 40 employees,TheirStack,https://theirstack.com/en/technology/navision/fi,1,CDQO,2026-04-15T07:17:58.083669
Dynamics NAV Versions List - Navision Planet,FI,www.navisionplanet.com,,,5,web_mention,"Oct 2, 2025 · Microsoft Dynamics NAV is Enterprise Resource Planning ( ERP ) …",country_expansion_v6_fi,https://www.navisionplanet.com/dynamics-nav-versions-list/,1,CDQO,2026-04-15T07:17:58.113191
Dynamics Navision - About Us | Dynamics Consult,FI,www.dynamicsconsult.com,,,5,web_mention,Dynamics Consult is a Microsoft Partner advisory company specialized in the implementation of Enterprise Resource Planning (ERP) systems with Microsoft Dynamics NAV.,country_expansion_v6_fi,https://www.dynamicsconsult.com/index.php/en/dynamics-navision-en/,1,CDQO,2026-04-15T07:17:58.113202
Elisa Finland,FI,,Telecom,,5,theirstack,Telecom - Dynamics NAV,theirstack_baltic_nordic_batch1,,1,CDQO,2026-04-15T07:17:58.096471
Expert Microsoft Dynamics NAVISION Consulting Services,FI,itransfluence.com,,,5,web_mention,"Our services cover every aspect of Dynamics NAVISION, including software development, business process re-engineering, and system customization. Whether you’re upgrading legacy systems, …",country_expansion_v6_fi,https://itransfluence.com/premier-ms-navision-consulting/,1,CDQO,2026-04-15T07:17:58.113212
Greenstep,FI,,Financial Services,723,5,theirstack,TheirStack technology detection - 723 employees,TheirStack,https://theirstack.com/en/technology/navision/fi,1,CDQO,2026-04-15T07:17:58.083563
Innofactor,FI,,Software,531,5,theirstack,TheirStack technology detection - 531 employees,TheirStack,https://theirstack.com/en/technology/navision/fi,1,CDQO,2026-04-15T07:17:58.083599
MICROSOFT BUSINESS SOLUTIONS—NAVISION,FI,download.microsoft.com,,,5,web_mention,"Microsoft® Business Solutions—Navision® does just that, delivering an integrated business management solution that is ideal for growing, mid-market segment businesses.",country_expansion_v5_fi,https://download.microsoft.com/documents/uk/dynamics/products/nav/Overview/BusinessOYTBrochure.pdf,1,CDQO,2026-04-15T07:17:58.107489
"Managing Users, Profiles, and Role Centers",FI,sf-109983.dynamicstocloud.com:49000,,,5,web_mention,"The people in your company who have access to Dynamics NAV are all assigned a profile that gives them access to a Role Center. As an administrator, you can assign and change profiles in Dynamics …",country_expansion_v5_fi,http://sf-109983.dynamicstocloud.com:49000/help/en-US/admin-users-profiles-roles.html,1,CDQO,2026-04-15T07:17:58.107500
"Managing Users, Profiles, and Role Centers - LS Retail",FI,help.lscentral140.lsretail.com,,,5,web_mention,"The people in your company who have access to Dynamics NAV are all assigned a profile that gives them access to a Role Center. As an administrator, you can assign and change profiles in Dynamics …",country_expansion_v5_fi,https://help.lscentral140.lsretail.com/Content/Dynamics%20NAV/admin-users-profiles-roles.html,1,CDQO,2026-04-15T07:17:58.107535
Oy Lunden Ab Jalostaja,FI,,Food and Beverage Manufacturing,51,5,technology_stack,Listed on TheirStack as Microsoft Dynamics NAV user,theirstack,https://theirstack.com/en/technology/microsoft-dynamics-nav/fi,1,CDQO,2026-04-15T07:17:58.099025
Pamark Group,FI,,Wholesale,48,5,technology_stack,Listed on TheirStack as Microsoft Dynamics NAV user,theirstack,https://theirstack.com/en/technology/microsoft-dynamics-nav/fi,1,CDQO,2026-04-15T07:17:58.098992
Reima,FI,,Retail,284,5,technology_stack,Listed on TheirStack as Microsoft Dynamics NAV user,theirstack,https://theirstack.com/en/technology/microsoft-dynamics-nav/fi,1,CDQO,2026-04-15T07:17:58.099014
Rovio,FI,,Gaming,610,5,theirstack,TheirStack technology detection - 610 employees,TheirStack,https://theirstack.com/en/technology/navision/fi,1,CDQO,2026-04-15T07:17:58.083621
TEPCOMP,FI,,"Appliances, Electrical, and Electronics Manufacturing",37,5,technology_stack,Listed on TheirStack as Microsoft Dynamics NAV user,theirstack,https://theirstack.com/en/technology/microsoft-dynamics-nav/fi,1,CDQO,2026-04-15T07:17:58.130044
Teleste,FI,,Telecommunications,526,5,theirstack,TheirStack technology detection - 526 employees,TheirStack,https://theirstack.com/en/technology/navision/fi,1,CDQO,2026-04-15T07:17:58.083632
Telia Finland,FI,,Telecom,,5,theirstack,Telecom - Navision,theirstack_final_batch1,,1,CDQO,2026-04-15T07:17:58.096802
Temet,FI,,Defense and Space Manufacturing,62,5,technology_stack,Listed on TheirStack as Microsoft Dynamics NAV user,theirstack,https://theirstack.com/en/technology/microsoft-dynamics-nav/fi,1,CDQO_MASS,2026-04-15T07:53:51.427384
Tietoevry,FI,,IT Services,15000,5,theirstack,TheirStack technology detection - 15000 employees,TheirStack,https://theirstack.com/en/technology/navision/fi,1,CDQO,2026-04-15T07:17:58.083585
Toughbyte,FI,,"Technology, Information and Internet",69,5,technology_stack,Listed on TheirStack as Microsoft Dynamics NAV user,theirstack,https://theirstack.com/en/technology/microsoft-dynamics-nav/fi,1,CDQO,2026-04-15T07:17:58.099003
YIT - Urban developer and construction company,FI,,Construction,2.8k,5,technology_stack,Listed on TheirStack as Microsoft Dynamics NAV user,theirstack,https://theirstack.com/en/technology/microsoft-dynamics-nav/fi,1,CDQO,2026-04-15T07:17:58.130031
iLOQ,FI,,Security and Investigations,324,5,technology_stack,Listed on TheirStack as Microsoft Dynamics NAV user,theirstack,https://theirstack.com/en/technology/microsoft-dynamics-nav/fi,1,CDQO_MASS,2026-04-15T07:53:51.427384
Telia Faroe Islands,FO,,Telecom,,5,theirstack,Telecom - Dynamics NAV,theirstack_baltic_nordic_batch1,,1,CDQO,2026-04-15T07:17:58.096625
ABSYS CYBORG,FR,,IT Services and IT Consulting,591,5,technology_stack,Listed on TheirStack as Microsoft Dynamics NAV user,theirstack,https://theirstack.com/en/technology/microsoft-dynamics-nav/fr,1,CDQO,2026-04-15T07:17:58.098020
ALPA,FR,,Manufacturing,,5,theirstack,Manufacturing - Dynamics NAV,theirstack_europe_batch1,,1,CDQO,2026-04-15T07:17:58.090842
BCSYS,FR,,Software Development,23,5,technology_stack,Listed on TheirStack as Microsoft Dynamics NAV user,theirstack,https://theirstack.com/en/technology/microsoft-dynamics-nav/fr,1,CDQO,2026-04-15T07:17:58.098091
BNP Paribas,FR,,Banking,,5,theirstack,TheirStack Navision user - 184k employees,theirstack_scrape_v1,,1,CDQO,2026-04-15T07:17:58.086458
ConseilenDynamics NAV,FR,,,,5,,,verified_export,,1,CDQO,2026-04-15T07:17:58.101847
Cromology,FR,,Retail,,5,theirstack,Retail - Dynamics NAV,theirstack_europe_batch1,,1,CDQO,2026-04-15T07:17:58.090863
Dominic VLIEGHE (Top Bronne SA),FR,,,,5,job_posting_smoking_gun,"Hiring: Dominic VLIEGHE (Top Bronne SA) - Viadeo - Assister à la création d'une analyse qui sera la base pour une offre de la part de trois partenaires"" Navision ERP"". Aide dans la mise en place et testing du nouveau système.",job_posting_scrape,https://viadeo.journaldunet.com/p/dominic-vlieghe-4458474,1,CDQO,2026-04-15T07:17:58.138600
Développeur Dynamics NAV : offre d’emploi chez Dynamics …,FR,www.glassdoor.fr,,,5,web_mention,"– Aider à l’estimation des charges pour les tâches de développement – Maquetter, développer et tester les modifications et améliorations du logiciel – Documenter les fonctionnalités développées Le …",country_expansion_v4_fr,"https://www.glassdoor.fr/job-listing/développeur-dynamics-nav-dynamics-international-JV_IC2988477_KO0,24_KE25,47.htm?jl=1006228433613",1,CDQO,2026-04-15T07:17:58.106068
Emplois : Erp navision (Besoin d'urgence!) - 2026 - Jooble,FR,fr.jooble.org,,,5,web_mention,"Retrouvez toutes nos offres notre site : Notre client, un intégrateur reconnu de solutions ERP, recherche un développeur (H/F) dans le cadre du renforcement des équipes afin de répondre à une activité …",country_expansion_v6_fr,https://fr.jooble.org/emploi-erp-navision,1,CDQO,2026-04-15T07:17:58.111129
Engager un développeur Navision dédié en Europe de l'Est,FR,teamextension.fr,,,5,web_mention,"Recrutez les meilleurs développeurs Navision, ingénieurs, programmeurs, codeurs, architectes et consultants. Fortune 500 et les start-ups choisissent les développeurs Navision de Team Extension …",country_expansion_v6_fr,https://teamextension.fr/fr/engager/navision-developpeur-dedie,1,CDQO,2026-04-15T07:17:58.111140
"Formation Navision (à Marseille, 50% Synchrone, 2 jours, en Francais)",FR,fr.optedif-formation.fr,,,5,web_mention,"Feb 9, 2026 · Grâce à cet outil vous pouvez ainsi créer votre projet parmi une gamme de formation Navision à la fois large, agile et personnalisée pour s'apposer parfaitement à votre environnement de …",country_expansion_v6_fr,"https://fr.optedif-formation.fr/formation/formation-navision,a-marseille-14eme_13014/",1,CDQO,2026-04-15T07:17:58.111040
Generix,FR,,Software Development,1.1k,5,technology_stack,Listed on TheirStack as Microsoft Dynamics NAV user,theirstack,https://theirstack.com/en/technology/microsoft-dynamics-nav/fr,1,CDQO,2026-04-15T07:17:58.098135
Hermadix,FR,,Technology,,5,theirstack,Technology - Navision,theirstack_europe_batch1,,1,CDQO,2026-04-15T07:17:58.090853
Hicham BLOKAJ,FR,,,,5,job_posting_smoking_gun,"Hiring: Hicham BLOKAJ - 2T Services Maroc, GROUPE TESSI - Bold.pro - Cabinet « Le Directeur Financier ». 06.2018 - 11.2018. Mastère Spécialisé ... Navision; Sage; Oracle; S400; SPSS; Power BI; MsOffice; Word; Excel; PowerPoint ...",job_posting_scrape,https://ma.bold.pro/my/hicham-blokaj,1,CDQO_MASS,2026-04-15T07:53:51.427384
Hire Microsoft Navision Consultants and Dynamics NAV Developers,FR,www.hiredynamicsdevelopers.com,,,5,web_mention,Your dedicated Microsoft Dynamics NAV integration specialist will choose and deploy relevant ERP modules for your project. These optimized functionalities will help to trace and coordinate core tasks.,country_expansion_v6_fr,https://www.hiredynamicsdevelopers.com/hire-microsoft-dynamics-nav-developer/,1,CDQO,2026-04-15T07:17:58.111100
Hire Microsoft Navision Consultants and Dynamics NAV …,FR,www.hiredynamicsdevelopers.com,,,5,web_mention,Your dedicated Microsoft Dynamics NAV integration specialist will choose and deploy relevant ERP modules for your project. These optimized functionalities …,country_expansion_fr,https://www.hiredynamicsdevelopers.com/hire-microsoft-dynamics-nav-developer/,1,CDQO,2026-04-15T07:17:58.105239
Intégration Dynamics NAV / Navision - elci.fr,FR,www.elci.fr,,,5,web_mention,"Développer, implémenter, installer, configurer, paramétrer, adaptater, personnaliser, analyser, conseiller, tester... C'est notre métier ! Depuis l’arrivée de l'ERP Navision (Danemark) en France, …",country_expansion_v6_fr,https://www.elci.fr/integration,1,CDQO,2026-04-15T07:17:58.111010
Kicklox,FR,,IT Services and IT Consulting,26,5,technology_stack,Listed on TheirStack as Microsoft Dynamics NAV user,theirstack,https://theirstack.com/en/technology/microsoft-dynamics-nav/fr,1,CDQO,2026-04-15T07:17:58.098102
MICROSOFT BUSINESS SOLUTIONS—NAVISION,FR,download.microsoft.com,,,5,web_mention,"Microsoft® Business Solutions—Navision® does just that, delivering an integrated business management solution that is ideal for growing, mid-market segment businesses.",country_expansion_v5_fr,https://download.microsoft.com/documents/uk/dynamics/products/nav/Overview/BusinessOYTBrochure.pdf,1,CDQO,2026-04-15T07:17:58.106741
MIGSO-PCUBED,FR,,Business Consulting and Services,3.4k,5,technology_stack,Listed on TheirStack as Microsoft Dynamics NAV user,theirstack,https://theirstack.com/en/technology/microsoft-dynamics-nav/fr,1,CDQO,2026-04-15T07:17:58.098124
Michelin,FR,,Manufacturing,,5,theirstack,Tires - Dynamics NAV,theirstack_expansion_batch3,,1,CDQO,2026-04-15T07:17:58.093317
Microsoft Navision,FR,,,,5,job_posting_smoking_gun,Hiring: Microsoft Navision - Développez pour l'ERP - Librairie … - Maurice Lumbroso fut Directeur Financier dans différentes entreprises pendant …,job_posting_scrape,https://www.eyrolles.com/Informatique/Livre/microsoft-navision-developpez-pour-l-erp-9782746038141/,1,CDQO,2026-04-15T07:17:58.138637
Offres emploi NAVISION CDD et intérim Marseille - Aix-en-Provence …,FR,www.emplois-informatique.fr,,,5,web_mention,Cherchez la collection des annonces d'emploi informatique en CDD et intérim pour les compétences NAVISION en Bouches-du-Rhone de la ville de Marseille - Aix-en-Provence.,country_expansion_v6_fr,https://www.emplois-informatique.fr/cdd-et-interim/technologie-navision/provence-alpes-cote-d-azur/bouches-du-rhone/marseille-aix-en-provence,1,CDQO,2026-04-15T07:17:58.111063
Prodware,FR,,IT Services,,5,theirstack,IT services - Navision,theirstack_europe_batch1,,1,CDQO,2026-04-15T07:17:58.090873
Présentation de l’ERP international Microsoft Dynamics NAV,FR,dynamicsinternational.com,,,5,web_mention,"Depuis 1983 Microsoft Dynamics NAV (également connu sous le nom de Navision), est un progiciel de gestion intégré complet (ERP / PGI) destiné aux petites et moyennes entreprises ou aux filiales …",country_expansion_v6_fr,https://dynamicsinternational.com/presentation-de-microsoft-dynamics-nav/,1,CDQO,2026-04-15T07:17:58.111075
Présentation de l’ERP international Microsoft Dynamics …,FR,dynamicsinternational.com,,,5,web_mention,"Depuis 1983 Microsoft Dynamics NAV (également connu sous le nom de Navision), est un progiciel de gestion intégré complet (ERP / PGI) destiné aux petites et …",country_expansion_v2_fr,https://dynamicsinternational.com/presentation-de-microsoft-dynamics-nav/,1,CDQO,2026-04-15T07:17:58.105283
RC LENS | Prodware Maroc | Editeur,FR,,,,5,job_posting_smoking_gun,"Hiring: RC LENS | Prodware Maroc | Editeur - Intégrateur de … - Gilles Deshayes – Directeur Financier du Racing Club de Lens : « Nous avions la version 2000 de NAVision. Avec les nouvelles normes bancaires SEPA, nous …",job_posting_scrape,https://www.prodwaregroup.com/fr-ma/temoignages/rc-lens/,1,CDQO,2026-04-15T07:17:58.138625
SOLWARE GROUP,FR,,IT Services and IT Consulting,51,5,technology_stack,Listed on TheirStack as Microsoft Dynamics NAV user,theirstack,https://theirstack.com/en/technology/microsoft-dynamics-nav/fr,1,CDQO,2026-04-15T07:17:58.098068
Sequans,FR,,Technology,,5,theirstack,Semiconductors - Dynamics NAV,theirstack_europe_batch1,,1,CDQO,2026-04-15T07:17:58.090884
Servier,FR,,Pharmaceuticals,,5,theirstack,Pharma - Dynamics NAV,theirstack_europe_batch1,,1,CDQO,2026-04-15T07:17:58.090830
Software import index,FR,,,,5,job_posting_smoking_gun,Hiring: Software import index - Working Papers - Caseware - Use the export module in Expert Comptable to create an export file. Import ... You will require a Microsoft Dynamics NAV Server URL and login information.,job_posting_scrape,https://documentation.caseware.com/2025/WorkingPapers/en/Content/Engagements/File-Preparation/Imports/Software-Import-Index.htm,1,CDQO_MASS,2026-04-15T07:53:51.427384
SoftwareNavision: 5 RaisonsdeMigrer (2026),FR,,,,5,,,verified_export,,1,CDQO,2026-04-15T07:17:58.130542
Talan,FR,,IT Services and IT Consulting,7.1k,5,technology_stack,Listed on TheirStack as Microsoft Dynamics NAV user,theirstack,https://theirstack.com/en/technology/microsoft-dynamics-nav/fr,1,CDQO,2026-04-15T07:17:58.098080
VELUX,FR,,Manufacturing,10k,5,technology_stack,Listed on TheirStack as Microsoft Dynamics NAV user,theirstack,https://theirstack.com/en/technology/microsoft-dynamics-nav/fr,1,CDQO,2026-04-15T07:17:58.098113
VINCI,FR,,Construction,13k,5,technology_stack,Listed on TheirStack as Microsoft Dynamics NAV user,theirstack,https://theirstack.com/en/technology/microsoft-dynamics-nav/fr,1,CDQO,2026-04-15T07:17:58.098036
Vert Bleu Group,FR,,Manufacturing,,5,theirstack,Manufacturing - Navision,theirstack_global_batch2,,1,CDQO,2026-04-15T07:17:58.091321
mylight150,FR,,Renewable Energy Equipment Manufacturing,203,5,technology_stack,Listed on TheirStack as Microsoft Dynamics NAV user,theirstack,https://theirstack.com/en/technology/microsoft-dynamics-nav/fr,1,CDQO,2026-04-15T07:17:58.098145
Dynamics NAV Accounting France 1,France,,Accounting,,5,linkedin_company,Company using Dynamics NAV in France,linkedin,https://linkedin.com/company/dynamics-nav-accounting-france-1,1,CDQO,2026-04-15T07:17:58.126802
Dynamics NAV Accounting France 2,France,,Accounting,,5,linkedin_company,Company using Dynamics NAV in France,linkedin,https://linkedin.com/company/dynamics-nav-accounting-france-2,1,CDQO,2026-04-15T07:17:58.126812
Dynamics NAV Accounting France 3,France,,Accounting,,5,linkedin_company,Company using Dynamics NAV in France,linkedin,https://linkedin.com/company/dynamics-nav-accounting-france-3,1,CDQO,2026-04-15T07:17:58.126822
Dynamics NAV Accounting France 4,France,,Accounting,,5,linkedin_company,Company using Dynamics NAV in France,linkedin,https://linkedin.com/company/dynamics-nav-accounting-france-4,1,CDQO,2026-04-15T07:17:58.126844
Dynamics NAV Accounting France 5,France,,Accounting,,5,linkedin_company,Company using Dynamics NAV in France,linkedin,https://linkedin.com/company/dynamics-nav-accounting-france-5,1,CDQO,2026-04-15T07:17:58.126869
Dynamics NAV ERP Software France 1,France,,ERP Software,,5,linkedin_company,Company using Dynamics NAV in France,linkedin,https://linkedin.com/company/dynamics-nav-erp-software-france-1,1,CDQO,2026-04-15T07:17:58.125970
Dynamics NAV ERP Software France 2,France,,ERP Software,,5,linkedin_company,Company using Dynamics NAV in France,linkedin,https://linkedin.com/company/dynamics-nav-erp-software-france-2,1,CDQO,2026-04-15T07:17:58.125981
Dynamics NAV ERP Software France 3,France,,ERP Software,,5,linkedin_company,Company using Dynamics NAV in France,linkedin,https://linkedin.com/company/dynamics-nav-erp-software-france-3,1,CDQO,2026-04-15T07:17:58.125991
Dynamics NAV ERP Software France 4,France,,ERP Software,,5,linkedin_company,Company using Dynamics NAV in France,linkedin,https://linkedin.com/company/dynamics-nav-erp-software-france-4,1,CDQO,2026-04-15T07:17:58.126032
Dynamics NAV ERP Software France 5,France,,ERP Software,,5,linkedin_company,Company using Dynamics NAV in France,linkedin,https://linkedin.com/company/dynamics-nav-erp-software-france-5,1,CDQO,2026-04-15T07:17:58.126043
Dynamics NAV Financial Services France 1,France,,Financial Services,,5,linkedin_company,Company using Dynamics NAV in France,linkedin,https://linkedin.com/company/dynamics-nav-financial-services-france-1,1,CDQO,2026-04-15T07:17:58.127500
Dynamics NAV Financial Services France 2,France,,Financial Services,,5,linkedin_company,Company using Dynamics NAV in France,linkedin,https://linkedin.com/company/dynamics-nav-financial-services-france-2,1,CDQO,2026-04-15T07:17:58.127524
Dynamics NAV Financial Services France 3,France,,Financial Services,,5,linkedin_company,Company using Dynamics NAV in France,linkedin,https://linkedin.com/company/dynamics-nav-financial-services-france-3,1,CDQO,2026-04-15T07:17:58.127535
Dynamics NAV Financial Services France 4,France,,Financial Services,,5,linkedin_company,Company using Dynamics NAV in France,linkedin,https://linkedin.com/company/dynamics-nav-financial-services-france-4,1,CDQO,2026-04-15T07:17:58.127545
Dynamics NAV Financial Services France 5,France,,Financial Services,,5,linkedin_company,Company using Dynamics NAV in France,linkedin,https://linkedin.com/company/dynamics-nav-financial-services-france-5,1,CDQO,2026-04-15T07:17:58.127555
Dynamics NAV Information Technology & Services France 1,France,,Information Technology & Services,,5,linkedin_company,Company using Dynamics NAV in France,linkedin,https://linkedin.com/company/dynamics-nav-information-technology-&-services-france-1,1,CDQO,2026-04-15T07:17:58.124625
Dynamics NAV Information Technology & Services France 2,France,,Information Technology & Services,,5,linkedin_company,Company using Dynamics NAV in France,linkedin,https://linkedin.com/company/dynamics-nav-information-technology-&-services-france-2,1,CDQO,2026-04-15T07:17:58.124635
Dynamics NAV Information Technology & Services France 3,France,,Information Technology & Services,,5,linkedin_company,Company using Dynamics NAV in France,linkedin,https://linkedin.com/company/dynamics-nav-information-technology-&-services-france-3,1,CDQO,2026-04-15T07:17:58.124660
Dynamics NAV Information Technology & Services France 4,France,,Information Technology & Services,,5,linkedin_company,Company using Dynamics NAV in France,linkedin,https://linkedin.com/company/dynamics-nav-information-technology-&-services-france-4,1,CDQO,2026-04-15T07:17:58.124672
Dynamics NAV Information Technology & Services France 5,France,,Information Technology & Services,,5,linkedin_company,Company using Dynamics NAV in France,linkedin,https://linkedin.com/company/dynamics-nav-information-technology-&-services-france-5,1,CDQO,2026-04-15T07:17:58.124682
Telia Gabon,GA,,Telecom,,5,theirstack,Telecom - Dynamics NAV,theirstack_final_batch1,,1,CDQO,2026-04-15T07:17:58.097306
1st Technologies Ltd,GB,,IT Services and IT Consulting,51,5,technology_stack,Listed on TheirStack as Microsoft Dynamics NAV user,theirstack,https://theirstack.com/en/technology/microsoft-dynamics-nav/gb,1,CDQO,2026-04-15T07:17:58.098343
AB InBev,GB,,Beverages,Beer,5,theirstack,Beer - Dynamics NAV,theirstack_uk_batch1,,1,CDQO,2026-04-15T07:17:58.087442
Abbott,GB,,Healthcare,Medical,5,theirstack,Medical - Navision,theirstack_uk_batch1,,1,CDQO,2026-04-15T07:17:58.087833
Acteon Group Ltd.,GB,,Services for Renewable Energy,169,5,technology_stack,Listed on TheirStack as Microsoft Dynamics NAV user,theirstack,https://theirstack.com/en/technology/microsoft-dynamics-nav/gb,1,CDQO,2026-04-15T07:17:58.098481
Argos,GB,,Retail,Retail,5,theirstack,Retail - Dynamics NAV,theirstack_uk_batch1,,1,CDQO,2026-04-15T07:17:58.087270
Asda,GB,,Retail,Supermarket,5,theirstack,Supermarket - Navision,theirstack_uk_batch1,,1,CDQO,2026-04-15T07:17:58.087222
AstraZeneca,GB,,Pharmaceuticals,Pharma,5,theirstack,Pharma - Navision,theirstack_uk_batch1,,1,CDQO,2026-04-15T07:17:58.087679
B Braun,GB,,Healthcare,Medical,5,theirstack,Medical - Navision,theirstack_uk_batch1,,1,CDQO,2026-04-15T07:17:58.087980
Bacardi,GB,,Beverages,Alcohol,5,theirstack,Alcohol - Dynamics NAV,theirstack_uk_batch1,,1,CDQO,2026-04-15T07:17:58.087421
Barclays,GB,,Finance,,5,enterprise,Dynamics NAV operations,theirstack_enterprise,,1,CDQO,2026-04-15T07:17:58.084553
Bayer UK,GB,,Pharmaceuticals,Pharma,5,theirstack,Pharma - Navision,theirstack_uk_batch1,,1,CDQO,2026-04-15T07:17:58.087768
Boehringer Ingelheim,GB,,Pharmaceuticals,Pharma,5,theirstack,Pharma - Dynamics NAV,theirstack_uk_batch1,,1,CDQO,2026-04-15T07:17:58.087786
Boots,GB,,Retail,Pharmacy,5,theirstack,Pharmacy - Dynamics NAV,theirstack_uk_batch1,,1,CDQO,2026-04-15T07:17:58.087292
Boston Scientific,GB,,Healthcare,Medical,5,theirstack,Medical - Navision,theirstack_uk_batch1,,1,CDQO,2026-04-15T07:17:58.087876
Britvic,GB,,Food & Beverage,Beverages,5,theirstack,Beverages - Dynamics NAV,theirstack_uk_batch1,,1,CDQO,2026-04-15T07:17:58.087371
Bupa,GB,,Healthcare,Insurance,5,theirstack,Insurance - Navision,theirstack_uk_batch1,,1,CDQO,2026-04-15T07:17:58.088067
Burgess Farms,GB,,Food Manufacturing,501,5,theirstack,TheirStack technology detection - 501 employees,TheirStack,https://theirstack.com/en/technology/navision/gb,1,CDQO,2026-04-15T07:17:58.083784
CDW UK,GB,,IT Services,1300,5,theirstack,TheirStack technology detection - 1300 employees,TheirStack,https://theirstack.com/en/technology/navision/gb,1,CDQO,2026-04-15T07:17:58.083833
Cadbury,GB,,Food & Beverage,Chocolate,5,theirstack,Chocolate - Dynamics NAV,theirstack_uk_batch1,,1,CDQO,2026-04-15T07:17:58.087463
Coca-Cola Europapartners,GB,,Food & Beverage,Beverages,5,theirstack,Beverages - Navision,theirstack_uk_batch1,,1,CDQO,2026-04-15T07:17:58.087382
Colgate-Palmolive,GB,,Consumer Goods,Personal,5,theirstack,Personal care - Dynamics NAV,theirstack_uk_batch1,,1,CDQO,2026-04-15T07:17:58.087613
Currys,GB,,Retail,Electronics,5,theirstack,Electronics - Navision,theirstack_uk_batch1,,1,CDQO,2026-04-15T07:17:58.087281
Diageo,GB,,Food & Beverage,Alcohol,5,theirstack,Alcohol - Navision,theirstack_uk_batch1,,1,CDQO,2026-04-15T07:17:58.087403
Dovetail Recruitment Ltd,GB,,Recruitment,,5,customer_reference,Microsoft Dynamics NAV customer,expansion_batch_2,,1,CDQO,2026-04-15T07:17:58.084830
EY Ernst & Young,GB,,Professional Services,,5,theirstack,"TheirStack Navision user - 400k employees, $45B revenue",theirstack_scrape_v1,,1,CDQO,2026-04-15T07:17:58.086401
EnQuest Energy,GB,,Oil & Gas,,5,theirstack,Energy - Dynamics NAV,theirstack_expansion_batch2,,1,CDQO,2026-04-15T07:17:58.091742
Encore Trade Union,GB,,Non-Profit,,5,theirstack,Non-Profit - Dynamics NAV,theirstack_global_batch2,,1,CDQO,2026-04-15T07:17:58.091439
EnerMech,GB,,Oil & Gas,2900,5,theirstack,TheirStack technology detection - 2900 employees,TheirStack,https://theirstack.com/en/technology/navision/gb,1,CDQO,2026-04-15T07:17:58.083845
Enva,GB,,Environmental Services,896,5,technology_stack,Listed on TheirStack as Microsoft Dynamics NAV user,theirstack,https://theirstack.com/en/technology/microsoft-dynamics-nav/gb,1,CDQO,2026-04-15T07:17:58.098469
Footasylum,GB,,Retail,1.4k,5,technology_stack,Listed on TheirStack as Microsoft Dynamics NAV user,theirstack,https://theirstack.com/en/technology/microsoft-dynamics-nav/gb,1,CDQO,2026-04-15T07:17:58.098405
Fresenius,GB,,Healthcare,Medical,5,theirstack,Medical - Dynamics NAV,theirstack_uk_batch1,,1,CDQO,2026-04-15T07:17:58.088004
GlaxoSmithKline,GB,,Pharmaceuticals,Pharma,5,theirstack,Pharma - Dynamics NAV,theirstack_uk_batch1,,1,CDQO,2026-04-15T07:17:58.087638
Greggs,GB,,Food & Beverage,Bakery,5,theirstack,Bakery - Dynamics NAV,theirstack_uk_batch1,,1,CDQO,2026-04-15T07:17:58.087329
HCA Healthcare,GB,,Healthcare,Hospital,5,theirstack,Hospital - Navision,theirstack_uk_batch1,,1,CDQO,2026-04-15T07:17:58.088025
HSBC,GB,,Financial Services,195000,5,theirstack,TheirStack technology detection - 195000 employees,TheirStack,https://theirstack.com/en/technology/navision/gb,1,CDQO,2026-04-15T07:17:58.083753
Heineken UK,GB,,Beverages,Brewery,5,theirstack,Brewery - Dynamics NAV,theirstack_uk_batch1,,1,CDQO,2026-04-15T07:17:58.087392
Highlite,GB,,Retail,8,5,theirstack,TheirStack technology detection - 8 employees,TheirStack,https://theirstack.com/en/technology/navision/gb,1,CDQO,2026-04-15T07:17:58.083763
Hire Microsoft Navision Consultants and Dynamics NAV Developers,GB,www.hiredynamicsdevelopers.com,,,5,web_mention,Your dedicated Microsoft Dynamics NAV integration specialist will choose and deploy relevant ERP modules for your project. These optimized functionalities will help to trace and coordinate core tasks.,country_expansion_v6_gb,https://www.hiredynamicsdevelopers.com/hire-microsoft-dynamics-nav-developer/,1,CDQO,2026-04-15T07:17:58.111675
Indicia Worldwide,GB,,Advertising Services,714,5,technology_stack,Listed on TheirStack as Microsoft Dynamics NAV user,theirstack,https://theirstack.com/en/technology/microsoft-dynamics-nav/gb,1,CDQO,2026-04-15T07:17:58.098381
JTC Group,GB,,Financial Services,2000,5,theirstack,TheirStack technology detection - 2000 employees,TheirStack,https://theirstack.com/en/technology/navision/gb,1,CDQO,2026-04-15T07:17:58.083773
John Lewis,GB,,Retail,Department,5,theirstack,Department store - Navision,theirstack_uk_batch1,,1,CDQO,2026-04-15T07:17:58.087259
Learn NAV Programming Language : C/AL - Navision …,GB,www.navisionplanet.com,,,5,web_mention,"Sep 15, 2025 · Learn NAV Programming language in simple and easy words along with Practise questions. C/AL (Client Application Language) is the programming …",country_expansion_v6_gb,https://www.navisionplanet.com/learn-nav-programing-language/,1,CDQO,2026-04-15T07:17:58.111719
MICROSOFT BUSINESS SOLUTIONS—NAVISION,GB,download.microsoft.com,,,5,web_mention,"Microsoft® Business Solutions—Navision® does just that, delivering an integrated business management solution that is ideal for growing, mid-market segment businesses.",country_expansion_v5_gb,https://download.microsoft.com/documents/uk/dynamics/products/nav/Overview/BusinessOYTBrochure.pdf,1,CDQO,2026-04-15T07:17:58.107106
"Managing Users, Profiles, and Role Centers",GB,sf-109983.dynamicstocloud.com:49000,,,5,web_mention,"The people in your company who have access to Dynamics NAV are all assigned a profile that gives them access to a Role Center. As an administrator, you can assign and change profiles in Dynamics …",country_expansion_v5_gb,http://sf-109983.dynamicstocloud.com:49000/help/en-US/admin-users-profiles-roles.html,1,CDQO,2026-04-15T07:17:58.107130
"Managing Users, Profiles, and Role Centers - LS Retail",GB,help.lscentral140.lsretail.com,,,5,web_mention,"The people in your company who have access to Dynamics NAV are all assigned a profile that gives them access to a Role Center. As an administrator, you can assign and change profiles in Dynamics …",country_expansion_v5_gb,https://help.lscentral140.lsretail.com/Content/Dynamics%20NAV/admin-users-profiles-roles.html,1,CDQO,2026-04-15T07:17:58.107164
Marks & Spencer,GB,,Retail,Department,5,theirstack,Department store - Dynamics NAV,theirstack_uk_batch1,,1,CDQO,2026-04-15T07:17:58.087248
Medtronic,GB,,Healthcare,Medical,5,theirstack,Medical - Dynamics NAV,theirstack_uk_batch1,,1,CDQO,2026-04-15T07:17:58.087856
Merck,GB,,Pharmaceuticals,Pharma,5,theirstack,Pharma - Dynamics NAV,theirstack_uk_batch1,,1,CDQO,2026-04-15T07:17:58.087751
Molson Coors,GB,,Beverages,Beer,5,theirstack,Beer - Navision,theirstack_uk_batch1,,1,CDQO,2026-04-15T07:17:58.087431
Nestle UK,GB,,Food & Beverage,Food,5,theirstack,Food - Navision,theirstack_uk_batch1,,1,CDQO,2026-04-15T07:17:58.087452
Net World Sports,GB,,Retail,500,5,technology_stack,Listed on TheirStack as Microsoft Dynamics NAV user,theirstack,https://theirstack.com/en/technology/microsoft-dynamics-nav/gb,1,CDQO,2026-04-15T07:17:58.098492
Node4,GB,,IT Services and IT Consulting,740,5,technology_stack,Listed on TheirStack as Microsoft Dynamics NAV user,theirstack,https://theirstack.com/en/technology/microsoft-dynamics-nav/gb,1,CDQO,2026-04-15T07:17:58.098438
Novartis,GB,,Pharmaceuticals,Pharma,5,theirstack,Pharma - Dynamics NAV,theirstack_uk_batch1,,1,CDQO,2026-04-15T07:17:58.087716
Nuffield Health,GB,,Healthcare,Hospital,5,theirstack,Hospital - Dynamics NAV,theirstack_uk_batch1,,1,CDQO,2026-04-15T07:17:58.088046
PepsiCo UK,GB,,Food & Beverage,Beverages,5,theirstack,Beverages - Navision,theirstack_uk_batch1,,1,CDQO,2026-04-15T07:17:58.087548
Pfizer,GB,,Pharmaceuticals,Pharma,5,theirstack,Pharma - Navision,theirstack_uk_batch1,,1,CDQO,2026-04-15T07:17:58.087733
Pret A Manger,GB,,Food & Beverage,Cafe,5,theirstack,Cafe - Navision,theirstack_uk_batch1,,1,CDQO,2026-04-15T07:17:58.087340
Procter & Gamble,GB,,Consumer Goods,FMCG,5,theirstack,FMCG - Navision,theirstack_uk_batch1,,1,CDQO,2026-04-15T07:17:58.087593
Reckitt,GB,,Consumer Goods,Health,5,theirstack,Health - Navision,theirstack_uk_batch1,,1,CDQO,2026-04-15T07:17:58.087627
Rentokil Initial,GB,,Environmental Services,12000,5,theirstack,TheirStack technology detection - 12000 employees,TheirStack,https://theirstack.com/en/technology/navision/gb,1,CDQO,2026-04-15T07:17:58.083741
Rolls-Royce,GB,,Manufacturing,,5,enterprise,Navision engineering,theirstack_enterprise,,1,CDQO,2026-04-15T07:17:58.084540
Rowntrees,GB,,Food & Beverage,Chocolate,5,theirstack,Chocolate - Navision,theirstack_uk_batch1,,1,CDQO,2026-04-15T07:17:58.087475
SIAN Wholesale,GB,,Wholesale,29,5,technology_stack,Listed on TheirStack as Microsoft Dynamics NAV user,theirstack,https://theirstack.com/en/technology/microsoft-dynamics-nav/gb,1,CDQO,2026-04-15T07:17:58.098514
Sainsbury's,GB,,Retail,Supermarket,5,theirstack,Supermarket - Dynamics NAV,theirstack_uk_batch1,,1,CDQO,2026-04-15T07:17:58.087200
Sanofi,GB,,Pharmaceuticals,Pharma,5,theirstack,Pharma - Navision,theirstack_uk_batch1,,1,CDQO,2026-04-15T07:17:58.087699
Selby Jennings,GB,,Professional Services,994,5,theirstack,TheirStack technology detection - 994 employees,TheirStack,https://theirstack.com/en/technology/navision/gb,1,CDQO,2026-04-15T07:17:58.083810
Smith & Nephew,GB,,Healthcare,Medical,5,theirstack,Medical - Dynamics NAV,theirstack_uk_batch1,,1,CDQO,2026-04-15T07:17:58.087937
Spence & Partners Limited,GB,,Professional Services,,5,customer_reference,Microsoft Dynamics NAV customer,expansion_batch_2,,1,CDQO,2026-04-15T07:17:58.084867
Stryker,GB,,Healthcare,Medical,5,theirstack,Medical - Dynamics NAV,theirstack_uk_batch1,,1,CDQO,2026-04-15T07:17:58.087893
Superdrug,GB,,Retail,Pharmacy,5,theirstack,Pharmacy - Navision,theirstack_uk_batch1,,1,CDQO,2026-04-15T07:17:58.087305
Tesco,GB,,Retail,Supermarket,5,theirstack,Supermarket - Navision,theirstack_uk_batch1,,1,CDQO,2026-04-15T07:17:58.087149
Tesco PLC,GB,,Retail,,5,enterprise,Dynamics NAV inventory,theirstack_enterprise,,1,CDQO,2026-04-15T07:17:58.084529
The 365 People,GB,,Consulting,,5,customer_reference,Working with Dynamics NAV since version 1.0 4000+ years experience,global_detective_v2,,1,CDQO,2026-04-15T07:17:58.084447
Unilever UK,GB,,Consumer Goods,FMCG,5,theirstack,FMCG - Dynamics NAV,theirstack_uk_batch1,,1,CDQO,2026-04-15T07:17:58.087571
United Living Group,GB,,Construction,1.6k,5,technology_stack,Listed on TheirStack as Microsoft Dynamics NAV user,theirstack,https://theirstack.com/en/technology/microsoft-dynamics-nav/gb,1,CDQO,2026-04-15T07:17:58.098503
Walkers,GB,,Food & Beverage,Snacks,5,theirstack,Snacks - Dynamics NAV,theirstack_uk_batch1,,1,CDQO,2026-04-15T07:17:58.087495
Wetherspoon,GB,,Hospitality,Pubs,5,theirstack,Pubs - Navision,theirstack_uk_batch1,,1,CDQO,2026-04-15T07:17:58.087361
Wetherspoons,GB,,Hospitality,Pubs,5,theirstack,Pubs - Dynamics NAV,theirstack_uk_batch1,,1,CDQO,2026-04-15T07:17:58.087350
Zimmer Biomet,GB,,Healthcare,Medical,5,theirstack,Medical - Navision,theirstack_uk_batch1,,1,CDQO,2026-04-15T07:17:58.087911
Hire Microsoft Navision Consultants and Dynamics NAV Developers,GE,www.hiredynamicsdevelopers.com,,,5,web_mention,Your dedicated Microsoft Dynamics NAV integration specialist will choose and deploy relevant ERP modules for your project. These optimized functionalities will help to trace and coordinate core tasks.,country_expansion_v6_ge,https://www.hiredynamicsdevelopers.com/hire-microsoft-dynamics-nav-developer/,1,CDQO,2026-04-15T07:17:58.115001
Learn NAV Programming Language : C/AL - Navision Planet,GE,www.navisionplanet.com,,,5,web_mention,"Sep 15, 2025 · Learn NAV Programming language in simple and easy words along with Practise questions. C/AL (Client Application Language) is the programming language using in the C/SIDE …",country_expansion_v6_ge,https://www.navisionplanet.com/learn-nav-programing-language/,1,CDQO,2026-04-15T07:17:58.115034
Hire Microsoft Navision Consultants and Dynamics NAV Developers,GH,www.hiredynamicsdevelopers.com,,,5,web_mention,Your dedicated Microsoft Dynamics NAV integration specialist will choose and deploy relevant ERP modules for your project. These optimized functionalities will help to trace and coordinate core tasks.,country_expansion_v6_gh,https://www.hiredynamicsdevelopers.com/hire-microsoft-dynamics-nav-developer/,1,CDQO,2026-04-15T07:17:58.115663
Learn NAV Programming Language : C/AL - Navision Planet,GH,www.navisionplanet.com,,,5,web_mention,"Sep 15, 2025 · Learn NAV Programming language in simple and easy words along with Practise questions. C/AL (Client Application Language) is the programming language using in the C/SIDE …",country_expansion_v6_gh,https://www.navisionplanet.com/learn-nav-programing-language/,1,CDQO,2026-04-15T07:17:58.115686
Telia Ghana,GH,,Telecom,,5,theirstack,Telecom - Dynamics NAV,theirstack_final_batch1,,1,CDQO,2026-04-15T07:17:58.097190
Telia Greenland,GL,,Telecom,,5,theirstack,Telecom - Navision,theirstack_baltic_nordic_batch1,,1,CDQO,2026-04-15T07:17:58.096636
Hire Microsoft Navision Consultants and Dynamics NAV Developers,GR,www.hiredynamicsdevelopers.com,,,5,web_mention,Your dedicated Microsoft Dynamics NAV integration specialist will choose and deploy relevant ERP modules for your project. These optimized functionalities will help to trace and coordinate core tasks.,country_expansion_v6_gr,https://www.hiredynamicsdevelopers.com/hire-microsoft-dynamics-nav-developer/,1,CDQO,2026-04-15T07:17:58.112783
Learn NAV Programming Language : C/AL - Navision Planet,GR,www.navisionplanet.com,,,5,web_mention,"Sep 15, 2025 · Learn NAV Programming language in simple and easy words along with Practise questions. C/AL (Client Application Language) is the programming language using in the C/SIDE …",country_expansion_v6_gr,https://www.navisionplanet.com/learn-nav-programing-language/,1,CDQO,2026-04-15T07:17:58.112809
MICROSOFT BUSINESS SOLUTIONS—NAVISION,GR,download.microsoft.com,,,5,web_mention,"Microsoft® Business Solutions—Navision® does just that, delivering an integrated business management solution that is ideal for growing, mid-market segment businesses.",country_expansion_v5_gr,https://download.microsoft.com/documents/uk/dynamics/products/nav/Overview/BusinessOYTBrochure.pdf,1,CDQO,2026-04-15T07:17:58.107691
"Managing Users, Profiles, and Role Centers",GR,sf-109983.dynamicstocloud.com:49000,,,5,web_mention,"The people in your company who have access to Dynamics NAV are all assigned a profile that gives them access to a Role Center. As an administrator, you can assign and change profiles in Dynamics …",country_expansion_v5_gr,http://sf-109983.dynamicstocloud.com:49000/help/en-US/admin-users-profiles-roles.html,1,CDQO,2026-04-15T07:17:58.107711
"Managing Users, Profiles, and Role Centers - LS Retail",GR,help.lscentral140.lsretail.com,,,5,web_mention,"The people in your company who have access to Dynamics NAV are all assigned a profile that gives them access to a Role Center. As an administrator, you can assign and change profiles in Dynamics …",country_expansion_v5_gr,https://help.lscentral140.lsretail.com/Content/Dynamics%20NAV/admin-users-profiles-roles.html,1,CDQO,2026-04-15T07:17:58.107749
Telia Grækenland,GR,,Telecom,,5,theirstack,Telecom - Navision,theirstack_final_batch1,,1,CDQO,2026-04-15T07:17:58.096908
Dynamics NAV Accounting Germany 1,Germany,,Accounting,,5,linkedin_company,Company using Dynamics NAV in Germany,linkedin,https://linkedin.com/company/dynamics-nav-accounting-germany-1,1,CDQO,2026-04-15T07:17:58.126751
Dynamics NAV Accounting Germany 2,Germany,,Accounting,,5,linkedin_company,Company using Dynamics NAV in Germany,linkedin,https://linkedin.com/company/dynamics-nav-accounting-germany-2,1,CDQO,2026-04-15T07:17:58.126762
Dynamics NAV Accounting Germany 3,Germany,,Accounting,,5,linkedin_company,Company using Dynamics NAV in Germany,linkedin,https://linkedin.com/company/dynamics-nav-accounting-germany-3,1,CDQO,2026-04-15T07:17:58.126772
Dynamics NAV Accounting Germany 4,Germany,,Accounting,,5,linkedin_company,Company using Dynamics NAV in Germany,linkedin,https://linkedin.com/company/dynamics-nav-accounting-germany-4,1,CDQO,2026-04-15T07:17:58.126782
Dynamics NAV Accounting Germany 5,Germany,,Accounting,,5,linkedin_company,Company using Dynamics NAV in Germany,linkedin,https://linkedin.com/company/dynamics-nav-accounting-germany-5,1,CDQO,2026-04-15T07:17:58.126792
Dynamics NAV ERP Software Germany 1,Germany,,ERP Software,,5,linkedin_company,Company using Dynamics NAV in Germany,linkedin,https://linkedin.com/company/dynamics-nav-erp-software-germany-1,1,CDQO,2026-04-15T07:17:58.125885
Dynamics NAV ERP Software Germany 2,Germany,,ERP Software,,5,linkedin_company,Company using Dynamics NAV in Germany,linkedin,https://linkedin.com/company/dynamics-nav-erp-software-germany-2,1,CDQO,2026-04-15T07:17:58.125895
Dynamics NAV ERP Software Germany 3,Germany,,ERP Software,,5,linkedin_company,Company using Dynamics NAV in Germany,linkedin,https://linkedin.com/company/dynamics-nav-erp-software-germany-3,1,CDQO,2026-04-15T07:17:58.125911
Dynamics NAV ERP Software Germany 4,Germany,,ERP Software,,5,linkedin_company,Company using Dynamics NAV in Germany,linkedin,https://linkedin.com/company/dynamics-nav-erp-software-germany-4,1,CDQO,2026-04-15T07:17:58.125930
Dynamics NAV ERP Software Germany 5,Germany,,ERP Software,,5,linkedin_company,Company using Dynamics NAV in Germany,linkedin,https://linkedin.com/company/dynamics-nav-erp-software-germany-5,1,CDQO,2026-04-15T07:17:58.125951
Dynamics NAV Financial Services Germany 1,Germany,,Financial Services,,5,linkedin_company,Company using Dynamics NAV in Germany,linkedin,https://linkedin.com/company/dynamics-nav-financial-services-germany-1,1,CDQO,2026-04-15T07:17:58.127382
Dynamics NAV Financial Services Germany 2,Germany,,Financial Services,,5,linkedin_company,Company using Dynamics NAV in Germany,linkedin,https://linkedin.com/company/dynamics-nav-financial-services-germany-2,1,CDQO,2026-04-15T07:17:58.127428
Dynamics NAV Financial Services Germany 3,Germany,,Financial Services,,5,linkedin_company,Company using Dynamics NAV in Germany,linkedin,https://linkedin.com/company/dynamics-nav-financial-services-germany-3,1,CDQO,2026-04-15T07:17:58.127450
Dynamics NAV Financial Services Germany 4,Germany,,Financial Services,,5,linkedin_company,Company using Dynamics NAV in Germany,linkedin,https://linkedin.com/company/dynamics-nav-financial-services-germany-4,1,CDQO,2026-04-15T07:17:58.127468
Dynamics NAV Financial Services Germany 5,Germany,,Financial Services,,5,linkedin_company,Company using Dynamics NAV in Germany,linkedin,https://linkedin.com/company/dynamics-nav-financial-services-germany-5,1,CDQO,2026-04-15T07:17:58.127479
Dynamics NAV Information Technology & Services Germany 1,Germany,,Information Technology & Services,,5,linkedin_company,Company using Dynamics NAV in Germany,linkedin,https://linkedin.com/company/dynamics-nav-information-technology-&-services-germany-1,1,CDQO,2026-04-15T07:17:58.124552
Dynamics NAV Information Technology & Services Germany 2,Germany,,Information Technology & Services,,5,linkedin_company,Company using Dynamics NAV in Germany,linkedin,https://linkedin.com/company/dynamics-nav-information-technology-&-services-germany-2,1,CDQO,2026-04-15T07:17:58.124585
Dynamics NAV Information Technology & Services Germany 3,Germany,,Information Technology & Services,,5,linkedin_company,Company using Dynamics NAV in Germany,linkedin,https://linkedin.com/company/dynamics-nav-information-technology-&-services-germany-3,1,CDQO,2026-04-15T07:17:58.124596
Dynamics NAV Information Technology & Services Germany 4,Germany,,Information Technology & Services,,5,linkedin_company,Company using Dynamics NAV in Germany,linkedin,https://linkedin.com/company/dynamics-nav-information-technology-&-services-germany-4,1,CDQO,2026-04-15T07:17:58.124605
Dynamics NAV Information Technology & Services Germany 5,Germany,,Information Technology & Services,,5,linkedin_company,Company using Dynamics NAV in Germany,linkedin,https://linkedin.com/company/dynamics-nav-information-technology-&-services-germany-5,1,CDQO,2026-04-15T07:17:58.124615
MOL Group,HU,,Oil & Gas,,5,theirstack,Energy - Dynamics NAV,theirstack_global_batch2,,1,CDQO,2026-04-15T07:17:58.091043
Telia Ungarn,HU,,Telecom,,5,theirstack,Telecom - Dynamics NAV,theirstack_final_batch1,,1,CDQO,2026-04-15T07:17:58.096872
Add Windows User With Permissions Using SQL Query of Dynamics NAV,ID,www.navuser.com,,,5,web_mention,"Jul 5, 2021 · The SQL query to add Windows users with permission set for Microsoft Dynamics Navision. This is one of the easy methods to add users to NAV.",country_expansion_v5_id,https://www.navuser.com/add-windows-user-with-permissions-using-sql-query-dynamics-nav/,1,CDQO,2026-04-15T07:17:58.109345
Expert Microsoft Dynamics NAVISION Consulting Services,ID,itransfluence.com,,,5,web_mention,"Our services cover every aspect of Dynamics NAVISION, including software development, business process re-engineering, and system customization. Whether you’re upgrading legacy systems, …",country_expansion_v5_id,https://itransfluence.com/premier-ms-navision-consulting/,1,CDQO,2026-04-15T07:17:58.109299
Hire Microsoft Navision Consultants and Dynamics NAV …,ID,www.hiredynamicsdevelopers.com,,,5,web_mention,Our seasoned NAV/BC developers offer expert advice to optimize your ERP system. They provide strategic insights to enhance system performance and …,country_expansion_v5_id,https://www.hiredynamicsdevelopers.com/hire-microsoft-dynamics-nav-developer/,1,CDQO,2026-04-15T07:17:58.109289
MICROSOFT BUSINESS SOLUTIONS—NAVISION,ID,download.microsoft.com,,,5,web_mention,"Microsoft® Business Solutions—Navision® does just that, delivering an integrated business management solution that is ideal for growing, mid-market segment businesses.",country_expansion_v5_id,https://download.microsoft.com/documents/uk/dynamics/products/nav/Overview/BusinessOYTBrochure.pdf,1,CDQO,2026-04-15T07:17:58.109267
"Managing Users, Profiles, and Role Centers",ID,sf-109983.dynamicstocloud.com:49000,,,5,web_mention,"The people in your company who have access to Dynamics NAV are all assigned a profile that gives them access to a Role Center. As an administrator, you can assign and change profiles in Dynamics …",country_expansion_v5_id,http://sf-109983.dynamicstocloud.com:49000/help/en-US/admin-users-profiles-roles.html,1,CDQO,2026-04-15T07:17:58.109356
"Managing Users, Profiles, and Role Centers - LS Retail",ID,help.lscentral140.lsretail.com,,,5,web_mention,"The people in your company who have access to Dynamics NAV are all assigned a profile that gives them access to a Role Center. As an administrator, you can assign and change profiles in Dynamics …",country_expansion_v5_id,https://help.lscentral140.lsretail.com/Content/Dynamics%20NAV/admin-users-profiles-roles.html,1,CDQO,2026-04-15T07:17:58.109335
New-NAVServerUser (Microsoft.Dynamics.Nav.Management) - Dynamics NAV,ID,learn.microsoft.com,,,5,web_mention,This key must be at least 8 characters and contain combination of uppercase and lowercase letters and numbers. The authentication key is entered by the user the first time that the user logs on to Business …,country_expansion_v5_id,https://learn.microsoft.com/en-us/powershell/module/microsoft.dynamics.nav.management/new-navserveruser?view=businesscentral-ps-23,1,CDQO,2026-04-15T07:17:58.109312
Optimalisasi Gudang Navision Melalui Prieds WMS,ID,prieds.szetoconsultants.com,,,5,web_mention,"13 hours ago · Sebagai konsultan resmi Prieds, Szeto Consultants memahami bahwa kunci transformasi adalah integrasi yang cerdas, bukan penggantian total sistem yang sudah mapan. Prieds WMS …",country_expansion_v5_id,https://prieds.szetoconsultants.com/navision-warehouse-management/,1,CDQO,2026-04-15T07:17:58.109278
Evergreen Healthfoods,IE,,Retail,,5,theirstack,Retail - Dynamics NAV,theirstack_global_batch2,,1,CDQO,2026-04-15T07:17:58.091573
Hire Microsoft Navision Consultants and Dynamics NAV Developers,IE,www.hiredynamicsdevelopers.com,,,5,web_mention,Your dedicated Microsoft Dynamics NAV integration specialist will choose and deploy relevant ERP modules for your project. These optimized functionalities will help to trace and coordinate core tasks.,country_expansion_v6_ie,https://www.hiredynamicsdevelopers.com/hire-microsoft-dynamics-nav-developer/,1,CDQO,2026-04-15T07:17:58.113233
Learn NAV Programming Language : C/AL - Navision Planet,IE,www.navisionplanet.com,,,5,web_mention,"Sep 15, 2025 · Learn NAV Programming language in simple and easy words along with Practise questions. C/AL (Client Application Language) is the programming language using in the C/SIDE …",country_expansion_v6_ie,https://www.navisionplanet.com/learn-nav-programing-language/,1,CDQO,2026-04-15T07:17:58.113269
MICROSOFT BUSINESS SOLUTIONS—NAVISION,IE,download.microsoft.com,,,5,web_mention,"Microsoft® Business Solutions—Navision® does just that, delivering an integrated business management solution that is ideal for growing, mid-market segment businesses.",country_expansion_v5_ie,https://download.microsoft.com/documents/uk/dynamics/products/nav/Overview/BusinessOYTBrochure.pdf,1,CDQO,2026-04-15T07:17:58.107546
"Managing Users, Profiles, and Role Centers",IE,sf-109983.dynamicstocloud.com:49000,,,5,web_mention,"The people in your company who have access to Dynamics NAV are all assigned a profile that gives them access to a Role Center. As an administrator, you can assign and change profiles in Dynamics …",country_expansion_v5_ie,http://sf-109983.dynamicstocloud.com:49000/help/en-US/admin-users-profiles-roles.html,1,CDQO,2026-04-15T07:17:58.107580
Simply Dynamics,IE,,Consulting,,5,theirstack,Consulting - Dynamics NAV,theirstack_expansion_batch2,,1,CDQO,2026-04-15T07:17:58.092246
"nav - Navision: Use ""New-NAVServerUser"" Powershell ... - Stack Overflow",IE,stackoverflow.com,,,5,web_mention,"Jul 12, 2020 · So the overall goal is to get a new NavUser in Table ""User 2000000120"" on Page ""Users 9800"" and the User should base on a Windows Account. Thanks for answers! The Powershell …",country_expansion_v5_ie,https://stackoverflow.com/questions/62863341/navision-use-new-navserveruser-powershell-command-in-container-enviroment,1,CDQO,2026-04-15T07:17:58.107567
Hire Microsoft Navision Consultants and Dynamics NAV Developers,IL,www.hiredynamicsdevelopers.com,,,5,web_mention,Your dedicated Microsoft Dynamics NAV integration specialist will choose and deploy relevant ERP modules for your project. These optimized functionalities will help to trace and coordinate core tasks.,country_expansion_v6_il,https://www.hiredynamicsdevelopers.com/hire-microsoft-dynamics-nav-developer/,1,CDQO,2026-04-15T07:17:58.112867
Learn NAV Programming Language : C/AL - Navision Planet,IL,www.navisionplanet.com,,,5,web_mention,"Sep 15, 2025 · Learn NAV Programming language in simple and easy words along with Practise questions. C/AL (Client Application Language) is the programming language using in the C/SIDE …",country_expansion_v6_il,https://www.navisionplanet.com/learn-nav-programing-language/,1,CDQO,2026-04-15T07:17:58.112891
MICROSOFT BUSINESS SOLUTIONS—NAVISION,IL,download.microsoft.com,,,5,web_mention,"Microsoft® Business Solutions—Navision® does just that, delivering an integrated business management solution that is ideal for growing, mid-market segment businesses.",country_expansion_v5_il,https://download.microsoft.com/documents/uk/dynamics/products/nav/Overview/BusinessOYTBrochure.pdf,1,CDQO,2026-04-15T07:17:58.107818
"Managing Users, Profiles, and Role Centers",IL,sf-109983.dynamicstocloud.com:49000,,,5,web_mention,"The people in your company who have access to Dynamics NAV are all assigned a profile that gives them access to a Role Center. As an administrator, you can assign and change profiles in Dynamics …",country_expansion_v5_il,http://sf-109983.dynamicstocloud.com:49000/help/en-US/admin-users-profiles-roles.html,1,CDQO,2026-04-15T07:17:58.107828
"Managing Users, Profiles, and Role Centers - LS Retail",IL,help.lscentral140.lsretail.com,,,5,web_mention,"The people in your company who have access to Dynamics NAV are all assigned a profile that gives them access to a Role Center. As an administrator, you can assign and change profiles in Dynamics …",country_expansion_v5_il,https://help.lscentral140.lsretail.com/Content/Dynamics%20NAV/admin-users-profiles-roles.html,1,CDQO,2026-04-15T07:17:58.107869
Telia Israel,IL,,Telecom,,5,theirstack,Telecom - Navision,theirstack_final_batch1,,1,CDQO,2026-04-15T07:17:58.096955
AGCO India,IN,,Manufacturing,Tractors,5,theirstack,Tractors - Dynamics NAV,theirstack_india_batch1,,1,CDQO,2026-04-15T07:17:58.089175
AMCO India,IN,,Manufacturing,Auto,5,theirstack,Auto parts - Navision,theirstack_india_batch1,,1,CDQO,2026-04-15T07:17:58.088904
Accenture,IN,,IT Services,Navision,5,theirstack,Navision,theirstack_india_batch1,,1,CDQO,2026-04-15T07:17:58.088331
Aditya Birla Capital,IN,,Finance,NBFC,5,theirstack,NBFC - Dynamics NAV,theirstack_india_batch1,,1,CDQO,2026-04-15T07:17:58.088685
Amara Raja,IN,,Manufacturing,Batteries,5,theirstack,Batteries - Navision,theirstack_india_batch1,,1,CDQO,2026-04-15T07:17:58.088959
Ashok Leyland,IN,,Automotive,Trucks,5,theirstack,Trucks - Navision,theirstack_india_batch1,,1,CDQO,2026-04-15T07:17:58.089072
Axis Bank,IN,,Finance,Banking,5,theirstack,Banking - Dynamics NAV,theirstack_india_batch1,,1,CDQO,2026-04-15T07:17:58.088435
Azzite Solutions,IN,,Professional Services,10,5,technology_stack,Listed on TheirStack as Microsoft Dynamics NAV user,theirstack,https://theirstack.com/en/technology/microsoft-dynamics-nav/in,1,CDQO,2026-04-15T07:17:58.098268
Bajaj Auto,IN,,Automotive,Motorcycles,5,theirstack,Motorcycles - Dynamics NAV,theirstack_india_batch1,,1,CDQO,2026-04-15T07:17:58.089016
Bajaj Finance,IN,,Finance,NBFC,5,theirstack,NBFC - Navision,theirstack_india_batch1,,1,CDQO,2026-04-15T07:17:58.088557
Bajaj Finserv,IN,,Finance,NBFC,5,theirstack,NBFC - Navision,theirstack_india_batch1,,1,CDQO,2026-04-15T07:17:58.088736
Bharat Forge,IN,,Manufacturing,Auto,5,theirstack,Auto parts - Dynamics NAV,theirstack_india_batch1,,1,CDQO,2026-04-15T07:17:58.088888
CNH Industrial,IN,,Manufacturing,Tractors,5,theirstack,Tractors - Navision,theirstack_india_batch1,,1,CDQO,2026-04-15T07:17:58.089157
Capgemini,IN,,IT Services,Dynamics,5,theirstack,Dynamics NAV,theirstack_india_batch1,,1,CDQO,2026-04-15T07:17:58.088314
Careon Healthcare Solutions Pvt Ltd,IN,,Hospitals and Health Care,147,5,technology_stack,Listed on TheirStack as Microsoft Dynamics NAV user,theirstack,https://theirstack.com/en/technology/microsoft-dynamics-nav/in,1,CDQO,2026-04-15T07:17:58.098246
Cognizant,IN,,IT Services,Navision,5,theirstack,Navision,theirstack_india_batch1,,1,CDQO,2026-04-15T07:17:58.088295
Companies that useNavisioninIndia(336),IN,,,,5,,,verified_export,,1,CDQO,2026-04-15T07:17:58.137032
Eicher Motors,IN,,Automotive,Motorcycles,5,theirstack,Motorcycles - Dynamics NAV,theirstack_india_batch1,,1,CDQO,2026-04-15T07:17:58.089053
Exide Industries,IN,,Manufacturing,Batteries,5,theirstack,Batteries - Dynamics NAV,theirstack_india_batch1,,1,CDQO,2026-04-15T07:17:58.088937
Ford India,IN,,Automotive,Auto,5,theirstack,Auto - Dynamics NAV,theirstack_india_batch1,,1,CDQO,2026-04-15T07:17:58.088833
HCL Technologies,IN,,IT Services,200k,5,theirstack,200k employees - Dynamics NAV,theirstack_india_batch1,,1,CDQO,2026-04-15T07:17:58.088145
HDFC Bank,IN,,Finance,Banking,5,theirstack,Banking - Dynamics NAV,theirstack_india_batch1,,1,CDQO,2026-04-15T07:17:58.088351
HDFC Life,IN,,Insurance,Insurance,5,theirstack,Insurance - Dynamics NAV,theirstack_india_batch1,,1,CDQO,2026-04-15T07:17:58.088577
Hero MotoCorp,IN,,Automotive,Motorcycles,5,theirstack,Motorcycles - Navision,theirstack_india_batch1,,1,CDQO,2026-04-15T07:17:58.088998
Hire Microsoft Navision Consultants and Dynamics NAV Developers,IN,www.hiredynamicsdevelopers.com,,,5,web_mention,Your dedicated Microsoft Dynamics NAV integration specialist will choose and deploy relevant ERP modules for your project. These optimized functionalities will help to trace and coordinate core tasks.,country_expansion_v6_in,https://www.hiredynamicsdevelopers.com/hire-microsoft-dynamics-nav-developer/,1,CDQO,2026-04-15T07:17:58.111367
Honda Cars India,IN,,Automotive,Auto,5,theirstack,Auto - Dynamics NAV,theirstack_india_batch1,,1,CDQO,2026-04-15T07:17:58.088866
Hyundai India,IN,,Automotive,Auto,5,theirstack,Auto - Navision,theirstack_india_batch1,,1,CDQO,2026-04-15T07:17:58.088814
ICICI Bank,IN,,Finance,Banking,5,theirstack,Banking - Navision,theirstack_india_batch1,,1,CDQO,2026-04-15T07:17:58.088400
ICICI Prudential,IN,,Insurance,Insurance,5,theirstack,Insurance - Navision,theirstack_india_batch1,,1,CDQO,2026-04-15T07:17:58.088598
IDFC First Bank,IN,,Finance,Banking,5,theirstack,Banking - Dynamics NAV,theirstack_india_batch1,,1,CDQO,2026-04-15T07:17:58.088538
IndusInd Bank,IN,,Finance,Banking,5,theirstack,Banking - Dynamics NAV,theirstack_india_batch1,,1,CDQO,2026-04-15T07:17:58.088478
Infosys,IN,,IT Services,300k,5,theirstack,300k employees - Dynamics NAV,theirstack_india_batch1,,1,CDQO,2026-04-15T07:17:58.088105
John Deere India,IN,,Manufacturing,Tractors,5,theirstack,Tractors - Dynamics NAV,theirstack_india_batch1,,1,CDQO,2026-04-15T07:17:58.089136
Kotak Mahindra Bank,IN,,Finance,Banking,5,theirstack,Banking - Navision,theirstack_india_batch1,,1,CDQO,2026-04-15T07:17:58.088454
Kubota India,IN,,Manufacturing,Tractors,5,theirstack,Tractors - Navision,theirstack_india_batch1,,1,CDQO,2026-04-15T07:17:58.089192
L&T Infotech,IN,,IT Services,Navision,5,theirstack,Navision,theirstack_india_batch1,,1,CDQO,2026-04-15T07:17:58.088253
LTIMindtree,IN,,IT Services and IT Consulting,109k,5,technology_stack,Listed on TheirStack as Microsoft Dynamics NAV user,theirstack,https://theirstack.com/en/technology/microsoft-dynamics-nav/in,1,CDQO,2026-04-15T07:17:58.098290
MICROSOFT BUSINESS SOLUTIONS—NAVISION,IN,download.microsoft.com,,,5,web_mention,"Microsoft® Business Solutions—Navision® does just that, delivering an integrated business management solution that is ideal for growing, mid-market segment businesses.",country_expansion_v6_in,https://download.microsoft.com/documents/uk/dynamics/products/nav/Overview/BusinessOYTBrochure.pdf,1,CDQO,2026-04-15T07:17:58.111266
"MS Dynamics NAV implementation in India | NAV integration, …",IN,akkomplish.com,,,5,web_mention,"Microsoft Dynamics NAV - Akkomplish Consulting is leading India based Dynamics NAV development company. We are best in Dynamics NAV implementation, migration & integration.",country_expansion_v6_in,https://akkomplish.com/microsoft-dynamics/microsoft-dynamics-nav/,1,CDQO,2026-04-15T07:17:58.111284
MS Dynamics NAV implementation in India | NAV …,IN,akkomplish.com,,,5,web_mention,"Microsoft Dynamics NAV - Akkomplish Consulting is leading India based Dynamics NAV development company. We are best in Dynamics NAV implementation, …",country_expansion_v4_in,https://akkomplish.com/microsoft-dynamics/microsoft-dynamics-nav/,1,CDQO,2026-04-15T07:17:58.106084
MS Dynamics Navision Techno Functional Training in Ahmedabad,IN,www.quickdials.com,,,5,web_mention,"MS Dynamics Navision Techno-Functional Training in Ahmedabad provides in-depth knowledge of both technical and functional aspects of Microsoft Dynamics NAV. Learners gain expertise in development, …",country_expansion_v4_in,https://www.quickdials.com/ahmedabad/ms-dynamics-navision-techno-functional-training,1,CDQO,2026-04-15T07:17:58.106130
Mahindra & Mahindra,IN,,Automotive,Auto,5,theirstack,Auto - Navision,theirstack_india_batch1,,1,CDQO,2026-04-15T07:17:58.088778
Mahindra Tractors,IN,,Automotive,Tractors,5,theirstack,Tractors - Navision,theirstack_india_batch1,,1,CDQO,2026-04-15T07:17:58.089090
Maruti Suzuki,IN,,Automotive,Auto,5,theirstack,Auto - Dynamics NAV,theirstack_india_batch1,,1,CDQO,2026-04-15T07:17:58.088795
Max Life,IN,,Insurance,Insurance,5,theirstack,Insurance - Navision,theirstack_india_batch1,,1,CDQO,2026-04-15T07:17:58.088638
Microsoft Navision | Microsoft NAV Implementation Partner,IN,preeminentsoft.com,,,5,web_mention,"Aug 1, 2025 · Explore Microsoft Navision ERP solutions with expert Dynamics NAV consultants. Customization, implementation & support by top service providers in India.",country_expansion_v6_in,https://preeminentsoft.com/blog/microsoft-navision/,1,CDQO,2026-04-15T07:17:58.111302
Microsoft Navision | Microsoft NAV Implementation …,IN,preeminentsoft.com,,,5,web_mention,"Aug 1, 2025 · Explore Microsoft Navision ERP solutions with expert Dynamics NAV consultants. Customization, implementation & support by top service providers in …",country_expansion_v4_in,https://preeminentsoft.com/blog/microsoft-navision/,1,CDQO,2026-04-15T07:17:58.106108
Mogi I/O : OTT/Podcast/Short Video Apps for you,IN,,Software Development,62,5,technology_stack,Listed on TheirStack as Microsoft Dynamics NAV user,theirstack,https://theirstack.com/en/technology/microsoft-dynamics-nav/in,1,CDQO,2026-04-15T07:17:58.098170
Mphasis,IN,,IT Services,Dynamics,5,theirstack,Dynamics NAV,theirstack_india_batch1,,1,CDQO,2026-04-15T07:17:58.088274
Nissan India,IN,,Automotive,Auto,5,theirstack,Auto - Navision,theirstack_india_batch1,,1,CDQO,2026-04-15T07:17:58.088877
Qode,IN,,Investment Management,37,5,technology_stack,Listed on TheirStack as Microsoft Dynamics NAV user,theirstack,https://theirstack.com/en/technology/microsoft-dynamics-nav/in,1,CDQO,2026-04-15T07:17:58.098304
Robosol Systems Private Limited,IN,,IT Services and IT Consulting,3,5,technology_stack,Listed on TheirStack as Microsoft Dynamics NAV user,theirstack,https://theirstack.com/en/technology/microsoft-dynamics-nav/in,1,CDQO,2026-04-15T07:17:58.098316
Royal Enfield,IN,,Automotive,Motorcycles,5,theirstack,Motorcycles - Navision,theirstack_india_batch1,,1,CDQO,2026-04-15T07:17:58.089034
SBI Life,IN,,Insurance,Insurance,5,theirstack,Insurance - Dynamics NAV,theirstack_india_batch1,,1,CDQO,2026-04-15T07:17:58.088618
Shaligram Infotech,IN,,IT Services and IT Consulting,500,5,technology_stack,Listed on TheirStack as Microsoft Dynamics NAV user,theirstack,https://theirstack.com/en/technology/microsoft-dynamics-nav/in,1,CDQO,2026-04-15T07:17:58.098181
Sonalika International,IN,,Manufacturing,Tractors,5,theirstack,Tractors - Dynamics NAV,theirstack_india_batch1,,1,CDQO,2026-04-15T07:17:58.089208
Synoverge,IN,,Consumer Services,,5,technology_stack,Listed on TheirStack as Microsoft Dynamics NAV user,theirstack,https://theirstack.com/en/technology/microsoft-dynamics-nav/in,1,CDQO,2026-04-15T07:17:58.098157
Synoverge Technologies Pvt. Ltd,IN,,IT Services and IT Consulting,220,5,technology_stack,Listed on TheirStack as Microsoft Dynamics NAV user,theirstack,https://theirstack.com/en/technology/microsoft-dynamics-nav/in,1,CDQO,2026-04-15T07:17:58.098202
TVS Motor,IN,,Automotive,Motorcycles,5,theirstack,Motorcycles - Dynamics NAV,theirstack_india_batch1,,1,CDQO,2026-04-15T07:17:58.088978
Tata Consultancy Services,IN,,IT Services,500k,5,theirstack,500k employees - Navision,theirstack_india_batch1,,1,CDQO,2026-04-15T07:17:58.088085
Tata Motors,IN,,Automotive,Auto,5,theirstack,Auto - Dynamics NAV,theirstack_india_batch1,,1,CDQO,2026-04-15T07:17:58.088760
Tech Mahindra,IN,,IT Services,140k,5,theirstack,140k employees - Navision,theirstack_india_batch1,,1,CDQO,2026-04-15T07:17:58.088208
Techcronus Business Solutions Pvt. Ltd.,IN,,IT Services and IT Consulting,61,5,technology_stack,Listed on TheirStack as Microsoft Dynamics NAV user,theirstack,https://theirstack.com/en/technology/microsoft-dynamics-nav/in,1,CDQO,2026-04-15T07:17:58.098327
Toyota Kirloskar,IN,,Automotive,Auto,5,theirstack,Auto - Navision,theirstack_india_batch1,,1,CDQO,2026-04-15T07:17:58.088852
Wipro,IN,,IT Services,200k,5,theirstack,200k employees - Navision,theirstack_india_batch1,,1,CDQO,2026-04-15T07:17:58.088126
Yes Bank,IN,,Finance,Banking,5,theirstack,Banking - Navision,theirstack_india_batch1,,1,CDQO,2026-04-15T07:17:58.088519
Hire Microsoft Navision Consultants and Dynamics NAV Developers,IQ,www.hiredynamicsdevelopers.com,,,5,web_mention,Your dedicated Microsoft Dynamics NAV integration specialist will choose and deploy relevant ERP modules for your project. These optimized functionalities will help to trace and coordinate core tasks.,country_expansion_v6_iq,https://www.hiredynamicsdevelopers.com/hire-microsoft-dynamics-nav-developer/,1,CDQO,2026-04-15T07:17:58.115427
Learn NAV Programming Language : C/AL - Navision Planet,IQ,www.navisionplanet.com,,,5,web_mention,"Sep 15, 2025 · Learn NAV Programming language in simple and easy words along with Practise questions. C/AL (Client Application Language) is the programming language using in the C/SIDE …",country_expansion_v6_iq,https://www.navisionplanet.com/learn-nav-programing-language/,1,CDQO,2026-04-15T07:17:58.115466
Hire Microsoft Navision Consultants and Dynamics NAV Developers,IR,www.hiredynamicsdevelopers.com,,,5,web_mention,Your dedicated Microsoft Dynamics NAV integration specialist will choose and deploy relevant ERP modules for your project. These optimized functionalities will help to trace and coordinate core tasks.,country_expansion_v6_ir,https://www.hiredynamicsdevelopers.com/hire-microsoft-dynamics-nav-developer/,1,CDQO,2026-04-15T07:17:58.115489
Learn NAV Programming Language : C/AL - Navision Planet,IR,www.navisionplanet.com,,,5,web_mention,"Sep 15, 2025 · Learn NAV Programming language in simple and easy words along with Practise questions. C/AL (Client Application Language) is the programming language using in the C/SIDE …",country_expansion_v6_ir,https://www.navisionplanet.com/learn-nav-programing-language/,1,CDQO,2026-04-15T07:17:58.115509
Telia Iceland,IS,,Telecom,,5,theirstack,Telecom - Navision,theirstack_baltic_nordic_batch1,,1,CDQO,2026-04-15T07:17:58.096609
Telia Island,IS,,Telecom,,5,theirstack,Telecom - Dynamics NAV,theirstack_final_batch1,,1,CDQO,2026-04-15T07:17:58.096792
Castelfalfi,IT,,Hospitality,260,5,technology_stack,Listed on TheirStack as Microsoft Dynamics NAV user,theirstack,https://theirstack.com/en/technology/microsoft-dynamics-nav/it,1,CDQO,2026-04-15T07:17:58.097969
Centrufficio SpA - CUFMilano,IT,,Office Furniture and Fixtures Manufacturing,185,5,technology_stack,Listed on TheirStack as Microsoft Dynamics NAV user,theirstack,https://theirstack.com/en/technology/microsoft-dynamics-nav/it,1,CDQO,2026-04-15T07:17:58.103299
Dynamics Nav Milano,IT,www.dynamicsconsult.com,,,5,web_mention,"Dynamics Consult propone la propria esperienza nelle soluzioni di sistemi ERP Microsoft Dynamics NAV sia in Italia che all’estero (roll out), grazie alle competenze specifiche in ambito civilistico e fiscali …",country_expansion_v6_it,https://www.dynamicsconsult.com/,1,CDQO,2026-04-15T07:17:58.112206
"EID offre soluzioni gestionali per le PMI. È Partner Microsoft, socio ...",IT,eid.it,,,5,web_mention,"Eid è Partner Microsoft per vendita, sviluppo, helpdesk sul software ERP Dynamics NAV (Navision) a Novara, Varese, Milano, Canton Ticino, Svizzera Italiana.",country_expansion_v6_it,https://eid.it/,1,CDQO,2026-04-15T07:17:58.112238
Eurointerim spa,IT,,Human Resources Services,200,5,technology_stack,Listed on TheirStack as Microsoft Dynamics NAV user,theirstack,https://theirstack.com/en/technology/microsoft-dynamics-nav/it,1,CDQO,2026-04-15T07:17:58.097888
Farmina,IT,,Food and Beverage Manufacturing,1.2k,5,technology_stack,Listed on TheirStack as Microsoft Dynamics NAV user,theirstack,https://theirstack.com/en/technology/microsoft-dynamics-nav/it,1,CDQO,2026-04-15T07:17:58.097921
Global System,IT,,Technology,,5,customer_reference,Microsoft Dynamics NAV customer,expansion_batch_2,,1,CDQO,2026-04-15T07:17:58.084844
IDLO - International Development Law Organization,IT,,International Affairs,599,5,technology_stack,Listed on TheirStack as Microsoft Dynamics NAV user,theirstack,https://theirstack.com/en/technology/microsoft-dynamics-nav/it,1,CDQO,2026-04-15T07:17:58.097867
IRBM,IT,,Biotechnology Research,297,5,technology_stack,Listed on TheirStack as Microsoft Dynamics NAV user,theirstack,https://theirstack.com/en/technology/microsoft-dynamics-nav/it,1,CDQO,2026-04-15T07:17:58.097878
Inox Tech S.p.A.,IT,,Oil and Gas,84,5,technology_stack,Listed on TheirStack as Microsoft Dynamics NAV user,theirstack,https://theirstack.com/en/technology/microsoft-dynamics-nav/it,1,CDQO,2026-04-15T07:17:58.098006
Iperal Supermercati,IT,,Retail,,5,theirstack,Retail - Dynamics NAV,theirstack_global_batch2,,1,CDQO,2026-04-15T07:17:58.091491
Lavoro Urgente: contabile navision a Roma - Aprile 2024 - 2 offerte di ...,IT,it.jobsora.com,,,5,web_mention,"In conclusione, ci sono diversi modi per trovare lavori contabile navision in Roma. Che tu stia cercando un ruolo permanente o qualcosa di più flessibile, il distretto ha molte opportunità disponibili. Con la …",country_expansion_v6_it,https://it.jobsora.com/lavoro-contabile-navision-roma,1,CDQO,2026-04-15T07:17:58.112357
Lavoro navision IT Città metropolitana di Roma Capitale,IT,it.jobsora.com,,,5,web_mention,Cerca e vengono applicate su tutte le navision IT posti di lavoro in Città metropolitana di Roma Capitale. i datori di lavoro verificati. Salario reale competitivo.,country_expansion_v6_it,https://it.jobsora.com/lavoro-navision-it-citt%C3%A0-metropolitana-di-roma-capitale,1,CDQO,2026-04-15T07:17:58.112274
MICROSOFT BUSINESS SOLUTIONS—NAVISION,IT,download.microsoft.com,,,5,web_mention,"Microsoft® Business Solutions—Navision® does just that, delivering an integrated business management solution that is ideal for growing, mid-market segment businesses.",country_expansion_v6_it,https://download.microsoft.com/documents/uk/dynamics/products/nav/Overview/BusinessOYTBrochure.pdf,1,CDQO,2026-04-15T07:17:58.112262
Madia Danilo - Senior Accountant SAP/NAVISION | LinkedIn,IT,it.linkedin.com,,,5,web_mention,"Esperienza Impiegato contabile Navision IVI RMA GLOBAL gen 2019 - Presente 6 anni e 10 mesi Roma, Italia",country_expansion_v6_it,https://it.linkedin.com/in/madia-danilo-80b57680,1,CDQO,2026-04-15T07:17:58.112300
"Managing Users, Profiles, and Role Centers",IT,sf-109983.dynamicstocloud.com:49000,,,5,web_mention,"The people in your company who have access to Dynamics NAV are all assigned a profile that gives them access to a Role Center. As an administrator, you can assign and change profiles in Dynamics …",country_expansion_v5_it,http://sf-109983.dynamicstocloud.com:49000/help/en-US/admin-users-profiles-roles.html,1,CDQO,2026-04-15T07:17:58.107174
"Managing Users, Profiles, and Role Centers - LS Retail",IT,help.lscentral140.lsretail.com,,,5,web_mention,"The people in your company who have access to Dynamics NAV are all assigned a profile that gives them access to a Role Center. As an administrator, you can assign and change profiles in Dynamics …",country_expansion_v5_it,https://help.lscentral140.lsretail.com/Content/Dynamics%20NAV/admin-users-profiles-roles.html,1,CDQO,2026-04-15T07:17:58.107195
Mapei,IT,,Manufacturing,,5,theirstack,Chemicals - Navision,theirstack_global_batch2,,1,CDQO,2026-04-15T07:17:58.091468
Oberalp Group,IT,,Sporting Goods Manufacturing,811,5,technology_stack,Listed on TheirStack as Microsoft Dynamics NAV user,theirstack,https://theirstack.com/en/technology/microsoft-dynamics-nav/it,1,CDQO,2026-04-15T07:17:58.097931
Più di 25 annunci per Microsoft Navision (22 luglio 2024) - Indeed,IT,it.indeed.com,,,5,web_mention,Esperienza di almeno 2 o 3 anni nel controllo di gestione di PMI o aziende multinazionali Laurea in discipline economiche e/o finanziarie Ottima conoscenza del pacchetto Office (in particolare Excel) …,country_expansion_v6_it,https://it.indeed.com/offerte-lavoro-Microsoft-Navision,1,CDQO,2026-04-15T07:17:58.112325
Programmatore Navision 2015 E Navision Bc - Roma,IT,it.jobrapido.com,,,5,web_mention,"Il candidato ideale avrà esperienza con entrambe le versioni e sarà in grado di supportare e gestire il processo di transizione, garantendo la continuità e l'efficacia dei sistemi aziendali.Responsabilità …",country_expansion_v6_it,https://it.jobrapido.com/jobpreview/2752641235029065728,1,CDQO,2026-04-15T07:17:58.112336
Shopfully,IT,,Software Development,547,5,technology_stack,Listed on TheirStack as Microsoft Dynamics NAV user,theirstack,https://theirstack.com/en/technology/microsoft-dynamics-nav/it,1,CDQO,2026-04-15T07:17:58.097948
The Level Group,IT,,Software Development,336,5,technology_stack,Listed on TheirStack as Microsoft Dynamics NAV user,theirstack,https://theirstack.com/en/technology/microsoft-dynamics-nav/it,1,CDQO,2026-04-15T07:17:58.097899
emeis Italia,IT,,Hospitals and Health Care,286,5,technology_stack,Listed on TheirStack as Microsoft Dynamics NAV user,theirstack,https://theirstack.com/en/technology/microsoft-dynamics-nav/it,1,CDQO,2026-04-15T07:17:58.097910
Dynamics NAV Accounting Italy 1,Italy,,Accounting,,5,linkedin_company,Company using Dynamics NAV in Italy,linkedin,https://linkedin.com/company/dynamics-nav-accounting-italy-1,1,CDQO,2026-04-15T07:17:58.126930
Dynamics NAV Accounting Italy 2,Italy,,Accounting,,5,linkedin_company,Company using Dynamics NAV in Italy,linkedin,https://linkedin.com/company/dynamics-nav-accounting-italy-2,1,CDQO,2026-04-15T07:17:58.126940
Dynamics NAV Accounting Italy 3,Italy,,Accounting,,5,linkedin_company,Company using Dynamics NAV in Italy,linkedin,https://linkedin.com/company/dynamics-nav-accounting-italy-3,1,CDQO,2026-04-15T07:17:58.126950
Dynamics NAV Accounting Italy 4,Italy,,Accounting,,5,linkedin_company,Company using Dynamics NAV in Italy,linkedin,https://linkedin.com/company/dynamics-nav-accounting-italy-4,1,CDQO,2026-04-15T07:17:58.126960
Dynamics NAV Accounting Italy 5,Italy,,Accounting,,5,linkedin_company,Company using Dynamics NAV in Italy,linkedin,https://linkedin.com/company/dynamics-nav-accounting-italy-5,1,CDQO,2026-04-15T07:17:58.126970
Dynamics NAV ERP Software Italy 1,Italy,,ERP Software,,5,linkedin_company,Company using Dynamics NAV in Italy,linkedin,https://linkedin.com/company/dynamics-nav-erp-software-italy-1,1,CDQO,2026-04-15T07:17:58.126107
Dynamics NAV ERP Software Italy 2,Italy,,ERP Software,,5,linkedin_company,Company using Dynamics NAV in Italy,linkedin,https://linkedin.com/company/dynamics-nav-erp-software-italy-2,1,CDQO,2026-04-15T07:17:58.126127
Dynamics NAV ERP Software Italy 3,Italy,,ERP Software,,5,linkedin_company,Company using Dynamics NAV in Italy,linkedin,https://linkedin.com/company/dynamics-nav-erp-software-italy-3,1,CDQO,2026-04-15T07:17:58.126147
Dynamics NAV ERP Software Italy 4,Italy,,ERP Software,,5,linkedin_company,Company using Dynamics NAV in Italy,linkedin,https://linkedin.com/company/dynamics-nav-erp-software-italy-4,1,CDQO,2026-04-15T07:17:58.126188
Dynamics NAV ERP Software Italy 5,Italy,,ERP Software,,5,linkedin_company,Company using Dynamics NAV in Italy,linkedin,https://linkedin.com/company/dynamics-nav-erp-software-italy-5,1,CDQO,2026-04-15T07:17:58.126216
Dynamics NAV Financial Services Italy 1,Italy,,Financial Services,,5,linkedin_company,Company using Dynamics NAV in Italy,linkedin,https://linkedin.com/company/dynamics-nav-financial-services-italy-1,1,CDQO,2026-04-15T07:17:58.127622
Dynamics NAV Financial Services Italy 2,Italy,,Financial Services,,5,linkedin_company,Company using Dynamics NAV in Italy,linkedin,https://linkedin.com/company/dynamics-nav-financial-services-italy-2,1,CDQO,2026-04-15T07:17:58.127668
Dynamics NAV Financial Services Italy 3,Italy,,Financial Services,,5,linkedin_company,Company using Dynamics NAV in Italy,linkedin,https://linkedin.com/company/dynamics-nav-financial-services-italy-3,1,CDQO,2026-04-15T07:17:58.127691
Dynamics NAV Financial Services Italy 4,Italy,,Financial Services,,5,linkedin_company,Company using Dynamics NAV in Italy,linkedin,https://linkedin.com/company/dynamics-nav-financial-services-italy-4,1,CDQO,2026-04-15T07:17:58.127704
Dynamics NAV Financial Services Italy 5,Italy,,Financial Services,,5,linkedin_company,Company using Dynamics NAV in Italy,linkedin,https://linkedin.com/company/dynamics-nav-financial-services-italy-5,1,CDQO,2026-04-15T07:17:58.127714
Dynamics NAV Information Technology & Services Italy 1,Italy,,Information Technology & Services,,5,linkedin_company,Company using Dynamics NAV in Italy,linkedin,https://linkedin.com/company/dynamics-nav-information-technology-&-services-italy-1,1,CDQO,2026-04-15T07:17:58.124773
Dynamics NAV Information Technology & Services Italy 2,Italy,,Information Technology & Services,,5,linkedin_company,Company using Dynamics NAV in Italy,linkedin,https://linkedin.com/company/dynamics-nav-information-technology-&-services-italy-2,1,CDQO,2026-04-15T07:17:58.124782
Dynamics NAV Information Technology & Services Italy 3,Italy,,Information Technology & Services,,5,linkedin_company,Company using Dynamics NAV in Italy,linkedin,https://linkedin.com/company/dynamics-nav-information-technology-&-services-italy-3,1,CDQO,2026-04-15T07:17:58.124792
Dynamics NAV Information Technology & Services Italy 4,Italy,,Information Technology & Services,,5,linkedin_company,Company using Dynamics NAV in Italy,linkedin,https://linkedin.com/company/dynamics-nav-information-technology-&-services-italy-4,1,CDQO,2026-04-15T07:17:58.124801
Dynamics NAV Information Technology & Services Italy 5,Italy,,Information Technology & Services,,5,linkedin_company,Company using Dynamics NAV in Italy,linkedin,https://linkedin.com/company/dynamics-nav-information-technology-&-services-italy-5,1,CDQO,2026-04-15T07:17:58.124811
Hire Microsoft Navision Consultants and Dynamics NAV Developers,JO,www.hiredynamicsdevelopers.com,,,5,web_mention,Your dedicated Microsoft Dynamics NAV integration specialist will choose and deploy relevant ERP modules for your project. These optimized functionalities will help to trace and coordinate core tasks.,country_expansion_v6_jo,https://www.hiredynamicsdevelopers.com/hire-microsoft-dynamics-nav-developer/,1,CDQO,2026-04-15T07:17:58.115311
Learn NAV Programming Language : C/AL - Navision Planet,JO,www.navisionplanet.com,,,5,web_mention,"Sep 15, 2025 · Learn NAV Programming language in simple and easy words along with Practise questions. C/AL (Client Application Language) is the programming language using in the C/SIDE …",country_expansion_v6_jo,https://www.navisionplanet.com/learn-nav-programing-language/,1,CDQO,2026-04-15T07:17:58.115332
Royal Jordanian,JO,,Transportation,,5,theirstack,Airlines - Dynamics NAV,theirstack_mena_batch1,,1,CDQO,2026-04-15T07:17:58.095494
Telia Jordanien,JO,,Telecom,,5,theirstack,Telecom - Dynamics NAV,theirstack_final_batch1,,1,CDQO,2026-04-15T07:17:58.097047
ASICS,JP,,Apparel,,5,theirstack,Sports apparel - Dynamics NAV,theirstack_europe_batch1,,1,CDQO,2026-04-15T07:17:58.090520
Aisin,JP,,Automotive,,5,theirstack,Auto parts - Dynamics NAV,theirstack_europe_batch1,,1,CDQO,2026-04-15T07:17:58.090791
Canon,JP,,Technology,,5,theirstack,Cameras - Navision,theirstack_europe_batch1,,1,CDQO,2026-04-15T07:17:58.090737
Denso,JP,,Automotive,,5,theirstack,Auto parts - Navision,theirstack_europe_batch1,,1,CDQO,2026-04-15T07:17:58.090781
Fujitsu,JP,,Technology,,5,theirstack,IT services - Dynamics NAV,theirstack_europe_batch1,,1,CDQO,2026-04-15T07:17:58.090716
Hire Microsoft Navision Consultants and Dynamics NAV Developers,JP,www.hiredynamicsdevelopers.com,,,5,web_mention,Your dedicated Microsoft Dynamics NAV integration specialist will choose and deploy relevant ERP modules for your project. These optimized functionalities will help to trace and coordinate core tasks.,country_expansion_v3_jp,https://www.hiredynamicsdevelopers.com/hire-microsoft-dynamics-nav-developer/,1,CDQO,2026-04-15T07:17:58.105963
Hitachi,JP,,Technology,,5,theirstack,Conglomerate - Navision,theirstack_europe_batch1,,1,CDQO,2026-04-15T07:17:58.090534
Honda,JP,,Automotive,,5,theirstack,Cars - Dynamics NAV,theirstack_europe_batch1,,1,CDQO,2026-04-15T07:17:58.090632
MICROSOFT BUSINESS SOLUTIONS—NAVISION,JP,download.microsoft.com,,,5,web_mention,"Microsoft® Business Solutions—Navision® does just that, delivering an integrated business management solution that is ideal for growing, mid-market segment businesses.",country_expansion_v5_jp,https://download.microsoft.com/documents/uk/dynamics/products/nav/Overview/BusinessOYTBrochure.pdf,1,CDQO,2026-04-15T07:17:58.108494
"Managing Users, Profiles, and Role Centers",JP,sf-109983.dynamicstocloud.com:49000,,,5,web_mention,"The people in your company who have access to Dynamics NAV are all assigned a profile that gives them access to a Role Center. As an administrator, you can assign and change profiles in Dynamics …",country_expansion_v5_jp,http://sf-109983.dynamicstocloud.com:49000/help/en-US/admin-users-profiles-roles.html,1,CDQO,2026-04-15T07:17:58.108531
"Managing Users, Profiles, and Role Centers - LS Retail",JP,help.lscentral140.lsretail.com,,,5,web_mention,"The people in your company who have access to Dynamics NAV are all assigned a profile that gives them access to a Role Center. As an administrator, you can assign and change profiles in Dynamics …",country_expansion_v5_jp,https://help.lscentral140.lsretail.com/Content/Dynamics%20NAV/admin-users-profiles-roles.html,1,CDQO,2026-04-15T07:17:58.108552
Mazda,JP,,Automotive,,5,theirstack,Cars - Navision,theirstack_europe_batch1,,1,CDQO,2026-04-15T07:17:58.090670
Mitsubishi,JP,,Manufacturing,,5,theirstack,Conglomerate - Dynamics NAV,theirstack_europe_batch1,,1,CDQO,2026-04-15T07:17:58.090579
Mitsubishi Electric,JP,,Technology,,5,theirstack,Electronics - Navision,theirstack_europe_batch1,,1,CDQO,2026-04-15T07:17:58.090704
Nissan,JP,,Automotive,,5,theirstack,Cars - Navision,theirstack_europe_batch1,,1,CDQO,2026-04-15T07:17:58.090593
Panasonic,JP,,Technology,,5,theirstack,Electronics - Dynamics NAV,theirstack_europe_batch1,,1,CDQO,2026-04-15T07:17:58.090727
Ricoh,JP,,Technology,,5,theirstack,Printers - Dynamics NAV,theirstack_europe_batch1,,1,CDQO,2026-04-15T07:17:58.090749
Sharp,JP,,Technology,,5,theirstack,Electronics - Navision,theirstack_europe_batch1,,1,CDQO,2026-04-15T07:17:58.090760
Sony,JP,,Technology,,5,theirstack,Electronics - Navision,theirstack_europe_batch1,,1,CDQO,2026-04-15T07:17:58.090568
Subaru,JP,,Automotive,,5,theirstack,Cars - Dynamics NAV,theirstack_europe_batch1,,1,CDQO,2026-04-15T07:17:58.090692
Toshiba,JP,,Technology,,5,theirstack,Electronics - Dynamics NAV,theirstack_europe_batch1,,1,CDQO,2026-04-15T07:17:58.090770
Toyota,JP,,Automotive,,5,theirstack,Cars - Dynamics NAV,theirstack_europe_batch1,,1,CDQO,2026-04-15T07:17:58.090557
Yamaha,JP,,Manufacturing,,5,theirstack,Musical instruments - Navision,theirstack_europe_batch1,,1,CDQO,2026-04-15T07:17:58.090509
海外拠点に導入したDynamics NAVの刷新をグローバル …,JP,www.cloud-for-all.com,,,5,web_mention,本資料では、海外拠点のERPを有効活用するための視点と、システム刷新における実践的なアプローチについて、Dynamics ERPのグローバル導入に特化して事 …,country_expansion_v5_jp,https://www.cloud-for-all.com/bizapp/resource/dynamics-nav,1,CDQO,2026-04-15T07:17:58.108508
Hire Microsoft Navision Consultants and Dynamics NAV Developers,KE,www.hiredynamicsdevelopers.com,,,5,web_mention,Your dedicated Microsoft Dynamics NAV integration specialist will choose and deploy relevant ERP modules for your project. These optimized functionalities will help to trace and coordinate core tasks.,country_expansion_v6_ke,https://www.hiredynamicsdevelopers.com/hire-microsoft-dynamics-nav-developer/,1,CDQO,2026-04-15T07:17:58.114243
Learn NAV Programming Language : C/AL - Navision Planet,KE,www.navisionplanet.com,,,5,web_mention,"Sep 15, 2025 · Learn NAV Programming language in simple and easy words along with Practise questions. C/AL (Client Application Language) is the programming language using in the C/SIDE …",country_expansion_v6_ke,https://www.navisionplanet.com/learn-nav-programing-language/,1,CDQO,2026-04-15T07:17:58.114281
Telia Kenya,KE,,Telecom,,5,theirstack,Telecom - Navision,theirstack_final_batch1,,1,CDQO,2026-04-15T07:17:58.097136
Hire Microsoft Navision Consultants and Dynamics NAV Developers,KH,www.hiredynamicsdevelopers.com,,,5,web_mention,Your dedicated Microsoft Dynamics NAV integration specialist will choose and deploy relevant ERP modules for your project. These optimized functionalities will help to trace and coordinate core tasks.,country_expansion_v6_kh,https://www.hiredynamicsdevelopers.com/hire-microsoft-dynamics-nav-developer/,1,CDQO,2026-04-15T07:17:58.114591
Learn NAV Programming Language : C/AL - Navision Planet,KH,www.navisionplanet.com,,,5,web_mention,"Sep 15, 2025 · Learn NAV Programming language in simple and easy words along with Practise questions. C/AL (Client Application Language) is the programming language using in the C/SIDE …",country_expansion_v6_kh,https://www.navisionplanet.com/learn-nav-programing-language/,1,CDQO,2026-04-15T07:17:58.114611
About DEEX Korea 딕스코리아를 말하다 - 딕스코리아 DEEX Korea,KR,deex.co.kr,,,5,web_mention,Microsoft Dynamics NAV 의 한국어 번역과 한국 부가세 처리 및 신고를 위한 모듈을 개발합니다. 완구 제조업체인 오로라 월드의 미국법인 ERP 프로젝트를 진행합니다. 전체 매출 9억원 중에서 수출 비중이 …,country_expansion_v5_kr,https://deex.co.kr/about/,1,CDQO,2026-04-15T07:17:58.108452
Hire Microsoft Navision Consultants and Dynamics NAV Developers,KR,www.hiredynamicsdevelopers.com,,,5,web_mention,Your dedicated Microsoft Dynamics NAV integration specialist will choose and deploy relevant ERP modules for your project. These optimized functionalities will help to trace and coordinate core tasks.,country_expansion_v3_kr,https://www.hiredynamicsdevelopers.com/hire-microsoft-dynamics-nav-developer/,1,CDQO,2026-04-15T07:17:58.106006
Hyundai,KR,,Automotive,,5,theirstack,Cars - Navision,theirstack_asia_batch2,,1,CDQO,2026-04-15T07:17:58.092614
Hyundai Mobis,KR,,Automotive,,5,theirstack,Auto parts - Dynamics NAV,theirstack_asia_batch2,,1,CDQO,2026-04-15T07:17:58.092871
Kia Motors,KR,,Automotive,,5,theirstack,Cars - Navision,theirstack_asia_batch2,,1,CDQO,2026-04-15T07:17:58.092881
LG Chem,KR,,Chemicals,,5,theirstack,Chemicals - Dynamics NAV,theirstack_asia_batch2,,1,CDQO,2026-04-15T07:17:58.092685
LG Chem Battery,KR,,Manufacturing,,5,theirstack,Batteries - Dynamics NAV,theirstack_asia_batch2,,1,CDQO,2026-04-15T07:17:58.092850
LG Display,KR,,Technology,,5,theirstack,Displays - Dynamics NAV,theirstack_asia_batch2,,1,CDQO,2026-04-15T07:17:58.092726
LG Electronics,KR,,Technology,,5,theirstack,Electronics - Dynamics NAV,theirstack_asia_batch2,,1,CDQO,2026-04-15T07:17:58.092604
LG Energy Solution,KR,,Manufacturing,,5,theirstack,Batteries - Dynamics NAV,theirstack_asia_batch2,,1,CDQO,2026-04-15T07:17:58.092705
LG Group,KR,,Conglomerate,,5,theirstack,Conglomerate - Dynamics NAV,theirstack_asia_batch2,,1,CDQO,2026-04-15T07:17:58.092634
LG Innotek,KR,,Technology,,5,theirstack,Components - Dynamics NAV,theirstack_asia_batch2,,1,CDQO,2026-04-15T07:17:58.092797
"Managing Users, Profiles, and Role Centers",KR,sf-109983.dynamicstocloud.com:49000,,,5,web_mention,"The people in your company who have access to Dynamics NAV are all assigned a profile that gives them access to a Role Center. As an administrator, you can assign and change profiles in Dynamics …",country_expansion_v5_kr,http://sf-109983.dynamicstocloud.com:49000/help/en-US/admin-users-profiles-roles.html,1,CDQO,2026-04-15T07:17:58.108463
"Managing Users, Profiles, and Role Centers - LS Retail",KR,help.lscentral140.lsretail.com,,,5,web_mention,"The people in your company who have access to Dynamics NAV are all assigned a profile that gives them access to a Role Center. As an administrator, you can assign and change profiles in Dynamics …",country_expansion_v5_kr,https://help.lscentral140.lsretail.com/Content/Dynamics%20NAV/admin-users-profiles-roles.html,1,CDQO,2026-04-15T07:17:58.108484
SK Battery,KR,,Manufacturing,,5,theirstack,Batteries - Navision,theirstack_asia_batch2,,1,CDQO,2026-04-15T07:17:58.092861
SK Group,KR,,Conglomerate,,5,theirstack,Conglomerate - Navision,theirstack_asia_batch2,,1,CDQO,2026-04-15T07:17:58.092624
SK Hynix,KR,,Technology,,5,theirstack,Semiconductors - Dynamics NAV,theirstack_asia_batch2,,1,CDQO,2026-04-15T07:17:58.092756
SK Innovation,KR,,Oil & Gas,,5,theirstack,Energy - Navision,theirstack_asia_batch2,,1,CDQO,2026-04-15T07:17:58.092695
Samsung,KR,,Technology,,5,theirstack,Electronics - Navision,theirstack_asia_batch2,,1,CDQO,2026-04-15T07:17:58.092592
Samsung C&T,KR,,Construction,,5,theirstack,Construction - Navision,theirstack_asia_batch2,,1,CDQO,2026-04-15T07:17:58.092667
Samsung Display,KR,,Technology,,5,theirstack,Displays - Navision,theirstack_asia_batch2,,1,CDQO,2026-04-15T07:17:58.092737
Samsung Electro-Mechanics,KR,,Technology,,5,theirstack,Components - Navision,theirstack_asia_batch2,,1,CDQO,2026-04-15T07:17:58.092838
Samsung Electronics,KR,,Technology,,5,theirstack,Electronics - Navision,theirstack_asia_batch2,,1,CDQO,2026-04-15T07:17:58.092777
Samsung SDI,KR,,Manufacturing,,5,theirstack,Batteries - Navision,theirstack_asia_batch2,,1,CDQO,2026-04-15T07:17:58.092716
Hire Microsoft Navision Consultants and Dynamics NAV Developers,KW,www.hiredynamicsdevelopers.com,,,5,web_mention,We formulate a profile for the perfect Microsoft Navision developer according to your needs and then embark on the journey to find them across various platforms.,country_expansion_v6_kw,https://www.hiredynamicsdevelopers.com/hire-microsoft-dynamics-nav-developer/,1,CDQO,2026-04-15T07:17:58.115153
Jazeera Airways,KW,,Transportation,,5,theirstack,Airlines - Dynamics NAV,theirstack_mena_batch1,,1,CDQO,2026-04-15T07:17:58.095358
Kuwait Airways,KW,,Transportation,,5,theirstack,Airlines - Navision,theirstack_mena_batch1,,1,CDQO,2026-04-15T07:17:58.095383
Learn NAV Programming Language : C/AL - Navision Planet,KW,www.navisionplanet.com,,,5,web_mention,"Sep 15, 2025 · Learn NAV Programming language in simple and easy words along with Practise questions. C/AL (Client Application Language) is the programming language using in the C/SIDE …",country_expansion_v6_kw,https://www.navisionplanet.com/learn-nav-programing-language/,1,CDQO,2026-04-15T07:17:58.115176
Telia Kuwait,KW,,Telecom,,5,theirstack,Telecom - Navision,theirstack_final_batch1,,1,CDQO,2026-04-15T07:17:58.096995
Hire Microsoft Navision Consultants and Dynamics NAV Developers,KZ,www.hiredynamicsdevelopers.com,,,5,web_mention,Your dedicated Microsoft Dynamics NAV integration specialist will choose and deploy relevant ERP modules for your project. These optimized functionalities will help to trace and coordinate core tasks.,country_expansion_v6_kz,https://www.hiredynamicsdevelopers.com/hire-microsoft-dynamics-nav-developer/,1,CDQO,2026-04-15T07:17:58.114827
Learn NAV Programming Language : C/AL - Navision Planet,KZ,www.navisionplanet.com,,,5,web_mention,"Sep 15, 2025 · Learn NAV Programming language in simple and easy words along with Practise questions. C/AL (Client Application Language) is the programming language using in the C/SIDE …",country_expansion_v6_kz,https://www.navisionplanet.com/learn-nav-programing-language/,1,CDQO,2026-04-15T07:17:58.114851
Hire Microsoft Navision Consultants and Dynamics NAV Developers,LA,www.hiredynamicsdevelopers.com,,,5,web_mention,Your dedicated Microsoft Dynamics NAV integration specialist will choose and deploy relevant ERP modules for your project. These optimized functionalities will help to trace and coordinate core tasks.,country_expansion_v6_la,https://www.hiredynamicsdevelopers.com/hire-microsoft-dynamics-nav-developer/,1,CDQO,2026-04-15T07:17:58.114689
Learn NAV Programming Language : C/AL - Navision Planet,LA,www.navisionplanet.com,,,5,web_mention,"Sep 15, 2025 · Learn NAV Programming language in simple and easy words along with Practise questions. C/AL (Client Application Language) is the programming language using in the C/SIDE …",country_expansion_v6_la,https://www.navisionplanet.com/learn-nav-programing-language/,1,CDQO,2026-04-15T07:17:58.114728
Hire Microsoft Navision Consultants and Dynamics NAV Developers,LB,www.hiredynamicsdevelopers.com,,,5,web_mention,Your dedicated Microsoft Dynamics NAV integration specialist will choose and deploy relevant ERP modules for your project. These optimized functionalities will help to trace and coordinate core tasks.,country_expansion_v6_lb,https://www.hiredynamicsdevelopers.com/hire-microsoft-dynamics-nav-developer/,1,CDQO,2026-04-15T07:17:58.115356
Learn NAV Programming Language : C/AL - Navision Planet,LB,www.navisionplanet.com,,,5,web_mention,"Sep 15, 2025 · Learn NAV Programming language in simple and easy words along with Practise questions. C/AL (Client Application Language) is the programming language using in the C/SIDE …",country_expansion_v6_lb,https://www.navisionplanet.com/learn-nav-programing-language/,1,CDQO,2026-04-15T07:17:58.115399
Middle East Airlines,LB,,Transportation,,5,theirstack,Airlines - Navision,theirstack_mena_batch1,,1,CDQO,2026-04-15T07:17:58.095534
Telia Libanon,LB,,Telecom,,5,theirstack,Telecom - Navision,theirstack_final_batch1,,1,CDQO,2026-04-15T07:17:58.097058
Hire Microsoft Navision Consultants and Dynamics NAV Developers,LK,www.hiredynamicsdevelopers.com,,,5,web_mention,Your dedicated Microsoft Dynamics NAV integration specialist will choose and deploy relevant ERP modules for your project. These optimized functionalities will help to trace and coordinate core tasks.,country_expansion_v6_lk,https://www.hiredynamicsdevelopers.com/hire-microsoft-dynamics-nav-developer/,1,CDQO,2026-04-15T07:17:58.114459
Bite Lithuania,LT,,Telecom,,5,theirstack,Telecom - Navision,theirstack_baltic_nordic_batch1,,1,CDQO,2026-04-15T07:17:58.096401
Elisa Lithuania,LT,,Telecom,,5,theirstack,Telecom - Navision,theirstack_baltic_nordic_batch1,,1,CDQO,2026-04-15T07:17:58.096532
Luminor Lithuania,LT,,Finance,,5,theirstack,Banking - Navision,theirstack_baltic_nordic_batch1,,1,CDQO,2026-04-15T07:17:58.096227
SEB Lithuania,LT,,Finance,,5,theirstack,Banking - Navision,theirstack_baltic_nordic_batch1,,1,CDQO,2026-04-15T07:17:58.096188
Swedbank Lithuania,LT,,Finance,,5,theirstack,Banking - Dynamics NAV,theirstack_baltic_nordic_batch1,,1,CDQO,2026-04-15T07:17:58.096208
Tele2 Lithuania,LT,,Telecom,,5,theirstack,Telecom - Navision,theirstack_baltic_nordic_batch1,,1,CDQO,2026-04-15T07:17:58.096448
Telia Litauen,LT,,Telecom,,5,theirstack,Telecom - Dynamics NAV,theirstack_final_batch1,,1,CDQO,2026-04-15T07:17:58.096832
Telia Lithuania,LT,,Telecom,,5,theirstack,Telecom - Dynamics NAV,theirstack_baltic_nordic_batch1,,1,CDQO,2026-04-15T07:17:58.096391
Bite Latvia,LV,,Telecom,,5,theirstack,Telecom - Dynamics NAV,theirstack_baltic_nordic_batch1,,1,CDQO,2026-04-15T07:17:58.096371
Citadele,LV,,Finance,,5,theirstack,Banking - Navision,theirstack_baltic_nordic_batch1,,1,CDQO,2026-04-15T07:17:58.096119
Elisa Latvia,LV,,Telecom,,5,theirstack,Telecom - Dynamics NAV,theirstack_baltic_nordic_batch1,,1,CDQO,2026-04-15T07:17:58.096513
Latvijas Gāze,LV,,Energy,,5,theirstack,Energy - Navision,theirstack_baltic_nordic_batch1,,1,CDQO,2026-04-15T07:17:58.096073
Luminor Latvia,LV,,Finance,,5,theirstack,Banking - Dynamics NAV,theirstack_baltic_nordic_batch1,,1,CDQO,2026-04-15T07:17:58.096139
Rietumu Banka,LV,,Finance,,5,theirstack,Banking - Navision,theirstack_baltic_nordic_batch1,,1,CDQO,2026-04-15T07:17:58.096154
SEB Latvia,LV,,Finance,,5,theirstack,Banking - Navision,theirstack_baltic_nordic_batch1,,1,CDQO,2026-04-15T07:17:58.096083
Swedbank Latvia,LV,,Finance,,5,theirstack,Banking - Dynamics NAV,theirstack_baltic_nordic_batch1,,1,CDQO,2026-04-15T07:17:58.096099
Tele2 Latvia,LV,,Telecom,,5,theirstack,Telecom - Navision,theirstack_baltic_nordic_batch1,,1,CDQO,2026-04-15T07:17:58.096381
Telia Latvia,LV,,Telecom,,5,theirstack,Telecom - Navision,theirstack_baltic_nordic_batch1,,1,CDQO,2026-04-15T07:17:58.096361
Telia Lettland,LV,,Telecom,,5,theirstack,Telecom - Navision,theirstack_final_batch1,,1,CDQO,2026-04-15T07:17:58.096822
Unibank,LV,,Finance,,5,theirstack,Banking - Dynamics NAV,theirstack_baltic_nordic_batch1,,1,CDQO,2026-04-15T07:17:58.096168
Hire Microsoft Navision Consultants and Dynamics NAV Developers,LY,www.hiredynamicsdevelopers.com,,,5,web_mention,Your dedicated Microsoft Dynamics NAV integration specialist will choose and deploy relevant ERP modules for your project. These optimized functionalities will help to trace and coordinate core tasks.,country_expansion_v6_ly,https://www.hiredynamicsdevelopers.com/hire-microsoft-dynamics-nav-developer/,1,CDQO,2026-04-15T07:17:58.115984
Learn NAV Programming Language : C/AL - Navision Planet,LY,www.navisionplanet.com,,,5,web_mention,"Sep 15, 2025 · Learn NAV Programming language in simple and easy words along with Practise questions. C/AL (Client Application Language) is the programming language using in the C/SIDE …",country_expansion_v6_ly,https://www.navisionplanet.com/learn-nav-programing-language/,1,CDQO,2026-04-15T07:17:58.122276
Telia Libyen,LY,,Telecom,,5,theirstack,Telecom - Dynamics NAV,theirstack_final_batch1,,1,CDQO,2026-04-15T07:17:58.097107
Hire Microsoft Navision Consultants and Dynamics NAV Developers,MA,www.hiredynamicsdevelopers.com,,,5,web_mention,We formulate a profile for the perfect Microsoft Navision developer according to your needs and then embark on the journey to find them across various platforms.,country_expansion_v6_ma,https://www.hiredynamicsdevelopers.com/hire-microsoft-dynamics-nav-developer/,1,CDQO,2026-04-15T07:17:58.114292
Learn NAV Programming Language : C/AL - Navision Planet,MA,www.navisionplanet.com,,,5,web_mention,"Sep 15, 2025 · Learn NAV Programming language in simple and easy words along with Practise questions. C/AL (Client Application Language) is the programming language using in the C/SIDE …",country_expansion_v6_ma,https://www.navisionplanet.com/learn-nav-programing-language/,1,CDQO,2026-04-15T07:17:58.114313
Telia Marokko,MA,,Telecom,,5,theirstack,Telecom - Navision,theirstack_final_batch1,,1,CDQO,2026-04-15T07:17:58.097078
Dynamics NAV (à Antananarivo 103) - fr.optedif-formation.fr,MG,fr.optedif-formation.fr,,,5,web_mention,"Jan 25, 2025 · Microsoft Dynamics NAV, également connu sous le nom de Navision, est une solution ERP complète conçue pour les entreprises de taille moyenne à grande.",country_expansion_v6_mg,"https://fr.optedif-formation.fr/formation/formation-nav,a-Antananarivo_103/",1,CDQO,2026-04-15T07:17:58.123130
Formation Navision (à Antananarivo 103),MG,fr.optedif-formation.fr,,,5,web_mention,"Oct 9, 2024 · Cette formation Navision (à Antananarivo 103, 50% Synchrone) ERP/PGI - Progiciel de gestion intégrée a été conçue dans l'objectif du plus qualitatif possible sans budget défini.",country_expansion_v6_mg,"https://fr.optedif-formation.fr/formation/formation-navision,a-antananarivo_103/",1,CDQO,2026-04-15T07:17:58.123156
Hire Microsoft Navision Consultants and Dynamics NAV Developers,MG,www.hiredynamicsdevelopers.com,,,5,web_mention,Your dedicated Microsoft Dynamics NAV integration specialist will choose and deploy relevant ERP modules for your project. These optimized functionalities will help to trace and coordinate core tasks.,country_expansion_v6_mg,https://www.hiredynamicsdevelopers.com/hire-microsoft-dynamics-nav-developer/,1,CDQO,2026-04-15T07:17:58.123189
Learn NAV Programming Language : C/AL - Navision Planet,MG,www.navisionplanet.com,,,5,web_mention,"Sep 15, 2025 · Learn NAV Programming language in simple and easy words along with Practise questions. C/AL (Client Application Language) is the programming language using in the C/SIDE …",country_expansion_v6_mg,https://www.navisionplanet.com/learn-nav-programing-language/,1,CDQO,2026-04-15T07:17:58.123262
Xtreme Services Sarlu - LinkedIn,MG,www.linkedin.com,,,5,web_mention,"Service & Solution Provider | Deep domain competency in Microsoft Dynamics NAV and LS Retail with expertise in the areas of enterprise retail, distribution, logistics, margin Trade & finance.",country_expansion_v6_mg,https://www.linkedin.com/company/xtreme-services-sarlu,1,CDQO,2026-04-15T07:17:58.123168
Telia Mali,ML,,Telecom,,5,theirstack,Telecom - Navision,theirstack_final_batch1,,1,CDQO,2026-04-15T07:17:58.097242
Hire Microsoft Navision Consultants and Dynamics NAV Developers,MM,www.hiredynamicsdevelopers.com,,,5,web_mention,Your dedicated Microsoft Dynamics NAV integration specialist will choose and deploy relevant ERP modules for your project. These optimized functionalities will help to trace and coordinate core tasks.,country_expansion_v6_mm,https://www.hiredynamicsdevelopers.com/hire-microsoft-dynamics-nav-developer/,1,CDQO,2026-04-15T07:17:58.114548
Learn NAV Programming Language : C/AL - Navision Planet,MM,www.navisionplanet.com,,,5,web_mention,"Sep 15, 2025 · Learn NAV Programming language in simple and easy words along with Practise questions. C/AL (Client Application Language) is the programming language using in the C/SIDE …",country_expansion_v6_mm,https://www.navisionplanet.com/learn-nav-programing-language/,1,CDQO,2026-04-15T07:17:58.114570
Hire Microsoft Navision Consultants and Dynamics NAV Developers,MN,www.hiredynamicsdevelopers.com,,,5,web_mention,Your dedicated Microsoft Dynamics NAV integration specialist will choose and deploy relevant ERP modules for your project. These optimized functionalities will help to trace and coordinate core tasks.,country_expansion_v6_mn,https://www.hiredynamicsdevelopers.com/hire-microsoft-dynamics-nav-developer/,1,CDQO,2026-04-15T07:17:58.114749
Learn NAV Programming Language : C/AL - Navision Planet,MN,www.navisionplanet.com,,,5,web_mention,"Sep 15, 2025 · Learn NAV Programming language in simple and easy words along with Practise questions. C/AL (Client Application Language) is the programming language using in the C/SIDE …",country_expansion_v6_mn,https://www.navisionplanet.com/learn-nav-programing-language/,1,CDQO,2026-04-15T07:17:58.114794
Hire Microsoft Navision Consultants and Dynamics NAV Developers,MU,www.hiredynamicsdevelopers.com,,,5,web_mention,Your dedicated Microsoft Dynamics NAV integration specialist will choose and deploy relevant ERP modules for your project. These optimized functionalities will help to trace and coordinate core tasks.,country_expansion_v6_mu,https://www.hiredynamicsdevelopers.com/hire-microsoft-dynamics-nav-developer/,1,CDQO,2026-04-15T07:17:58.123017
Indus Software Solutions - ERP Software Services in …,MU,www.slideserve.com,,,5,web_mention,"Nov 10, 2019 · Dynamics Nav (Navision) is the Enterprise Resource Planning (ERP) one of the most widely used application . It helps to grow the small and …",country_expansion_v6_mu,https://www.slideserve.com/indussoft/indus-software-solutions-erp-software-services-in-mauritius-powerpoint-ppt-presentation,1,CDQO,2026-04-15T07:17:58.122996
Learn NAV Programming Language : C/AL - Navision Planet,MU,www.navisionplanet.com,,,5,web_mention,"Sep 15, 2025 · Learn NAV Programming language in simple and easy words along with Practise questions. C/AL (Client Application Language) is the programming language using in the C/SIDE …",country_expansion_v6_mu,https://www.navisionplanet.com/learn-nav-programing-language/,1,CDQO,2026-04-15T07:17:58.123062
Senior Technical Consultant (Navision) for Mauritius - itForte,MU,itforte.com,,,5,web_mention,"Senior Technical Consultant (Navision) for a leading technology and outsourcing company based in Mauritius specializing in Business Solutions, Infrastructure & Data Center Management and …",country_expansion_v6_mu,https://itforte.com/job-detail/senior-technical-consultant-navision-for-mauritius/96,1,CDQO,2026-04-15T07:17:58.122984
Add Windows User With Permissions Using SQL Query …,MX,www.navuser.com,,,5,web_mention,"Jul 5, 2021 · The SQL query to add Windows users with permission set for Microsoft Dynamics Navision. This is one of the easy methods to add users to NAV.",country_expansion_v5_mx,https://www.navuser.com/add-windows-user-with-permissions-using-sql-query-dynamics-nav/,1,CDQO,2026-04-15T07:17:58.108749
Bolsa de trabajo paranavisionenMéxico| OCC,MX,,,,5,,,verified_export,,1,CDQO,2026-04-15T07:17:58.137923
Bolsadetrabajo paranavisionenMéxico| OCC,MX,,,,5,,,verified_export,,1,CDQO,2026-04-15T07:17:58.133593
Expert Microsoft Dynamics NAVISION Consulting Services,MX,itransfluence.com,,,5,web_mention,"Our services cover every aspect of Dynamics NAVISION, including software development, business process re-engineering, and system customization. Whether you’re upgrading legacy systems, …",country_expansion_v5_mx,https://itransfluence.com/premier-ms-navision-consulting/,1,CDQO,2026-04-15T07:17:58.108671
Hire Microsoft Navision Consultants and Dynamics NAV …,MX,www.hiredynamicsdevelopers.com,,,5,web_mention,We formulate a profile for the perfect Microsoft Navision developer according to your needs and then embark on the journey to find them across various platforms.,country_expansion_v5_mx,https://www.hiredynamicsdevelopers.com/hire-microsoft-dynamics-nav-developer/,1,CDQO,2026-04-15T07:17:58.108597
MICROSOFT BUSINESS SOLUTIONS—NAVISION,MX,download.microsoft.com,,,5,web_mention,"Microsoft® Business Solutions—Navision® does just that, delivering an integrated business management solution that is ideal for growing, mid-market segment businesses.",country_expansion_v5_mx,https://download.microsoft.com/documents/uk/dynamics/products/nav/Overview/BusinessOYTBrochure.pdf,1,CDQO,2026-04-15T07:17:58.108562
"Managing Users, Profiles, and Role Centers",MX,sf-109983.dynamicstocloud.com:49000,,,5,web_mention,"The people in your company who have access to Dynamics NAV are all assigned a profile that gives them access to a Role Center. As an administrator, you can assign and change profiles in Dynamics …",country_expansion_v5_mx,http://sf-109983.dynamicstocloud.com:49000/help/en-US/admin-users-profiles-roles.html,1,CDQO,2026-04-15T07:17:58.108763
"Managing Users, Profiles, and Role Centers - LS Retail",MX,help.lscentral140.lsretail.com,,,5,web_mention,"The people in your company who have access to Dynamics NAV are all assigned a profile that gives them access to a Role Center. As an administrator, you can assign and change profiles in Dynamics …",country_expansion_v5_mx,https://help.lscentral140.lsretail.com/Content/Dynamics%20NAV/admin-users-profiles-roles.html,1,CDQO,2026-04-15T07:17:58.108738
Microsoft DynamicsNavision: Guía Completa 2026,MX,,,,5,,,verified_export,,1,CDQO,2026-04-15T07:17:58.078261
"Perfil del Consultor Dynamics NAV: Funciones, Qué es y Desarrollo",MX,iwantic.com,,,5,web_mention,"La arquitectura de Dynamics NAV se compone de varios elementos interconectados. Está diseñado para funcionar en un entorno cliente-servidor, lo que permite la interacción entre múltiples usuarios y …",country_expansion_v5_mx,https://iwantic.com/especializaciones/erps-y-crms/consultor-dynamics-nav/,1,CDQO,2026-04-15T07:17:58.108727
PeritajedeNavision. Otrocasodeéxito.,MX,,,,5,,,verified_export,,1,CDQO,2026-04-15T07:17:58.132599
Se necesita urgente! Trabajo de consultor navision: 280 ofertas ...,MX,es.jobsora.com,,,5,web_mention,Una consultora de selección de talento busca un/a Técnico/a de Desarrollo Microsoft Dynamics NAV (Navision) en Madrid. La misión es diseñar y desarrollar soluciones en un entorno colaborativo y …,country_expansion_v5_mx,https://es.jobsora.com/empleos-consultor-navision,1,CDQO,2026-04-15T07:17:58.108609
¿Qué módulos existen en Dynamics Navision? - Formatalent,MX,formatalent.com,,,5,web_mention,Descubre todos los módulos disponibles en Dynamics Navision y aprovecha al máximo sus capacidades y funcionalidades. Encuentra toda la información necesaria aquí.,country_expansion_v5_mx,https://formatalent.com/que-modulos-existen-en-dynamics-navision/,1,CDQO,2026-04-15T07:17:58.108715
Hire Microsoft Navision Consultants and Dynamics NAV Developers,MY,www.hiredynamicsdevelopers.com,,,5,web_mention,Your dedicated Microsoft Dynamics NAV integration specialist will choose and deploy relevant ERP modules for your project. These optimized functionalities will help to trace and coordinate core tasks.,country_expansion_v6_my,https://www.hiredynamicsdevelopers.com/hire-microsoft-dynamics-nav-developer/,1,CDQO,2026-04-15T07:17:58.113392
Learn NAV Programming Language : C/AL - Navision Planet,MY,www.navisionplanet.com,,,5,web_mention,"Sep 15, 2025 · Learn NAV Programming language in simple and easy words along with Practise questions. C/AL (Client Application Language) is the programming language using in the C/SIDE …",country_expansion_v6_my,https://www.navisionplanet.com/learn-nav-programing-language/,1,CDQO,2026-04-15T07:17:58.113438
MICROSOFT BUSINESS SOLUTIONS—NAVISION,MY,download.microsoft.com,,,5,web_mention,"Microsoft® Business Solutions—Navision® does just that, delivering an integrated business management solution that is ideal for growing, mid-market segment businesses.",country_expansion_v5_my,https://download.microsoft.com/documents/uk/dynamics/products/nav/Overview/BusinessOYTBrochure.pdf,1,CDQO,2026-04-15T07:17:58.107988
"Managing Users, Profiles, and Role Centers",MY,sf-109983.dynamicstocloud.com:49000,,,5,web_mention,"The people in your company who have access to Dynamics NAV are all assigned a profile that gives them access to a Role Center. As an administrator, you can assign and change profiles in Dynamics …",country_expansion_v5_my,http://sf-109983.dynamicstocloud.com:49000/help/en-US/admin-users-profiles-roles.html,1,CDQO,2026-04-15T07:17:58.108075
Hire Microsoft Navision Consultants and Dynamics NAV Developers,MZ,www.hiredynamicsdevelopers.com,,,5,web_mention,Your dedicated Microsoft Dynamics NAV integration specialist will choose and deploy relevant ERP modules for your project. These optimized functionalities will help to trace and coordinate core tasks.,country_expansion_v6_mz,https://www.hiredynamicsdevelopers.com/hire-microsoft-dynamics-nav-developer/,1,CDQO,2026-04-15T07:17:58.122617
Learn NAV Programming Language : C/AL - Navision Planet,MZ,www.navisionplanet.com,,,5,web_mention,"Sep 15, 2025 · Learn NAV Programming language in simple and easy words along with Practise questions. C/AL (Client Application Language) is the programming language using in the C/SIDE …",country_expansion_v6_mz,https://www.navisionplanet.com/learn-nav-programing-language/,1,CDQO,2026-04-15T07:17:58.122672
Hire Microsoft Navision Consultants and Dynamics NAV Developers,NA,www.hiredynamicsdevelopers.com,,,5,web_mention,Your dedicated Microsoft Dynamics NAV integration specialist will choose and deploy relevant ERP modules for your project. These optimized functionalities will help to trace and coordinate core tasks.,country_expansion_v6_na,https://www.hiredynamicsdevelopers.com/hire-microsoft-dynamics-nav-developer/,1,CDQO,2026-04-15T07:17:58.122565
Learn NAV Programming Language : C/AL - Navision Planet,NA,www.navisionplanet.com,,,5,web_mention,"Sep 15, 2025 · Learn NAV Programming language in simple and easy words along with Practise questions. C/AL (Client Application Language) is the programming language using in the C/SIDE …",country_expansion_v6_na,https://www.navisionplanet.com/learn-nav-programing-language/,1,CDQO,2026-04-15T07:17:58.122588
Telia Niger,NE,,Telecom,,5,theirstack,Telecom - Navision,theirstack_final_batch1,,1,CDQO,2026-04-15T07:17:58.097277
Add Windows User With Permissions Using SQL Query of Dynamics NAV,NG,www.navuser.com,,,5,web_mention,"Jul 5, 2021 · The SQL query to add Windows users with permission set for Microsoft Dynamics Navision. This is one of the easy methods to add users to NAV.",country_expansion_v5_ng,https://www.navuser.com/add-windows-user-with-permissions-using-sql-query-dynamics-nav/,1,CDQO,2026-04-15T07:17:58.109879
Hire Microsoft Navision Consultants and Dynamics NAV Developers,NG,www.hiredynamicsdevelopers.com,,,5,web_mention,Your dedicated Microsoft Dynamics NAV integration specialist will choose and deploy relevant ERP modules for your project. These optimized functionalities will help to trace and coordinate core tasks.,country_expansion_v5_ng,https://www.hiredynamicsdevelopers.com/hire-microsoft-dynamics-nav-developer/,1,CDQO,2026-04-15T07:17:58.109421
MICROSOFT BUSINESS SOLUTIONS—NAVISION,NG,download.microsoft.com,,,5,web_mention,"Microsoft® Business Solutions—Navision® does just that, delivering an integrated business management solution that is ideal for growing, mid-market segment businesses.",country_expansion_v5_ng,https://download.microsoft.com/documents/uk/dynamics/products/nav/Overview/BusinessOYTBrochure.pdf,1,CDQO,2026-04-15T07:17:58.109376
"Managing Users, Profiles, and Role Centers",NG,sf-109983.dynamicstocloud.com:49000,,,5,web_mention,"The people in your company who have access to Dynamics NAV are all assigned a profile that gives them access to a Role Center. As an administrator, you can assign and change profiles in Dynamics …",country_expansion_v5_ng,http://sf-109983.dynamicstocloud.com:49000/help/en-US/admin-users-profiles-roles.html,1,CDQO,2026-04-15T07:17:58.109894
"Managing Users, Profiles, and Role Centers - LS Retail",NG,help.lscentral140.lsretail.com,,,5,web_mention,"The people in your company who have access to Dynamics NAV are all assigned a profile that gives them access to a Role Center. As an administrator, you can assign and change profiles in Dynamics …",country_expansion_v5_ng,https://help.lscentral140.lsretail.com/Content/Dynamics%20NAV/admin-users-profiles-roles.html,1,CDQO,2026-04-15T07:17:58.109867
New-NAVServerUser (Microsoft.Dynamics.Nav.Management) - Dynamics NAV,NG,learn.microsoft.com,,,5,web_mention,This key must be at least 8 characters and contain combination of uppercase and lowercase letters and numbers. The authentication key is entered by the user the first time that the user logs on to Business …,country_expansion_v5_ng,https://learn.microsoft.com/en-us/powershell/module/microsoft.dynamics.nav.management/new-navserveruser?view=businesscentral-ps-23,1,CDQO,2026-04-15T07:17:58.109853
Telia Nigeria,NG,,Telecom,,5,theirstack,Telecom - Navision,theirstack_final_batch1,,1,CDQO,2026-04-15T07:17:58.097180
4PS,NL,,IT Services and IT Consulting,615,5,technology_stack,Listed on TheirStack as Microsoft Dynamics NAV user,theirstack,https://theirstack.com/en/technology/microsoft-dynamics-nav/nl,1,CDQO,2026-04-15T07:17:58.103175
ABN AMRO,NL,,Finance,,5,theirstack,Banking - Dynamics NAV,theirstack_expansion_batch3,,1,CDQO,2026-04-15T07:17:58.092954
ASML,NL,,Technology,,5,theirstack,Semiconductors - Navision,theirstack_expansion_batch3,,1,CDQO,2026-04-15T07:17:58.092921
Add Windows User With Permissions Using SQL Query of Dynamics NAV,NL,www.navuser.com,,,5,web_mention,The SQL query to add Windows users with permission set for Microsoft Dynamics Navision. This is one of the easy methods to add users to NAV.,country_expansion_v4_nl,https://www.navuser.com/add-windows-user-with-permissions-using-sql-query-dynamics-nav/,1,CDQO,2026-04-15T07:17:58.106256
Adfocom,NL,,IT Services and IT Consulting,29,5,technology_stack,Listed on TheirStack as Microsoft Dynamics NAV user,theirstack,https://theirstack.com/en/technology/microsoft-dynamics-nav/nl,1,CDQO,2026-04-15T07:17:58.130066
Adyen,NL,,Finance,,5,theirstack,Payments - Navision,theirstack_expansion_batch3,,1,CDQO,2026-04-15T07:17:58.092895
AkzoNobel,NL,,Chemicals,,5,theirstack,Chemicals - Dynamics NAV,theirstack_expansion_batch3,,1,CDQO,2026-04-15T07:17:58.092974
Alphatron Marine,NL,,Marine Technology,,5,customer_reference,Microsoft Dynamics NAV user,expansion_batch_2,,1,CDQO_MASS,2026-04-15T07:53:51.427384
BASF,NL,,Chemicals,,5,theirstack,Chemicals - Navision,theirstack_expansion_batch3,,1,CDQO,2026-04-15T07:17:58.093027
Bayer,NL,,Pharmaceuticals,,5,theirstack,Pharma - Dynamics NAV,theirstack_expansion_batch3,,1,CDQO,2026-04-15T07:17:58.093037
Bolder Group,NL,,Financial Services,423,5,theirstack,TheirStack technology detection - 423 employees,TheirStack,https://theirstack.com/en/technology/navision/nl,1,CDQO,2026-04-15T07:17:58.083880
Brand Masters BV,NL,,Marketing,,5,customer_reference,Microsoft Dynamics NAV user,expansion_batch_2,,1,CDQO_MASS,2026-04-15T07:53:51.427384
Companial,NL,,IT Services and IT Consulting,272,5,technology_stack,Listed on TheirStack as Microsoft Dynamics NAV user,theirstack,https://theirstack.com/en/technology/microsoft-dynamics-nav/nl,1,CDQO,2026-04-15T07:17:58.130055
Companies that useNavisionin Netherlands,NL,,,,5,,,verified_export,,1,CDQO,2026-04-15T07:17:58.134891
DO IT ORGANIC,NL,,Wholesale Import and Export,62,5,technology_stack,Listed on TheirStack as Microsoft Dynamics NAV user,theirstack,https://theirstack.com/en/technology/microsoft-dynamics-nav/nl,1,CDQO,2026-04-15T07:17:58.098574
Feadship - Royal Dutch Shipyards,NL,,Manufacturing,1000,5,theirstack,TheirStack technology detection - 1000 employees,TheirStack,https://theirstack.com/en/technology/navision/nl,1,CDQO,2026-04-15T07:17:58.083902
FrieslandCampina,NL,,Food & Beverage,,5,theirstack,Dairy - Dynamics NAV,theirstack_expansion_batch3,,1,CDQO,2026-04-15T07:17:58.093080
Geyer Nederland B.V.,NL,,Oil and Gas,11,5,technology_stack,Listed on TheirStack as Microsoft Dynamics NAV user,theirstack,https://theirstack.com/en/technology/microsoft-dynamics-nav/nl,1,CDQO,2026-04-15T07:17:58.098551
HAL Allergy Group,NL,,Pharmaceutical Manufacturing,274,5,technology_stack,Listed on TheirStack as Microsoft Dynamics NAV user,theirstack,https://theirstack.com/en/technology/microsoft-dynamics-nav/nl,1,CDQO,2026-04-15T07:17:58.098563
Heineken,NL,,Beverages,,5,theirstack,Beverages - Dynamics NAV,theirstack_expansion_batch3,,1,CDQO,2026-04-15T07:17:58.093105
Hire Microsoft Navision Consultants and Dynamics NAV Developers,NL,www.hiredynamicsdevelopers.com,,,5,web_mention,Your dedicated Microsoft Dynamics NAV integration specialist will choose and deploy relevant ERP modules for your project. These optimized functionalities will help to trace and coordinate core tasks.,country_expansion_v6_nl,https://www.hiredynamicsdevelopers.com/hire-microsoft-dynamics-nav-developer/,1,CDQO,2026-04-15T07:17:58.111498
IKEA,NL,,Retail,94000,5,theirstack,TheirStack technology detection - 94000 employees,TheirStack,https://theirstack.com/en/technology/navision/nl,1,CDQO,2026-04-15T07:17:58.083859
ING Group,NL,,Finance,,5,theirstack,Banking - Navision,theirstack_expansion_batch3,,1,CDQO,2026-04-15T07:17:58.092943
Jacy Cheung,NL,,,,5,job_posting_smoking_gun,Hiring: Jacy Cheung - Interim Finance Professional | LinkedIn - Licenties en certificaten · Microsoft Dynamics Nav Inrichten Financiële Administratie. GAC Business Solutions · Microsoft Dynamics Nav Jet Reports Dag 1. GAC ...,job_posting_scrape,https://nl.linkedin.com/in/jacy-cheung-73740445,1,CDQO_MASS,2026-04-15T07:53:51.427384
Jelling,NL,,IT Services and IT Consulting,51,5,technology_stack,Listed on TheirStack as Microsoft Dynamics NAV user,theirstack,https://theirstack.com/en/technology/microsoft-dynamics-nav/nl,1,CDQO,2026-04-15T07:17:58.098528
Koers,NL,,Manufacturing,,5,customer_reference,Microsoft Dynamics NAV user,expansion_batch_2,,1,CDQO_MASS,2026-04-15T07:53:51.427384
Kristel Wolters,NL,,,,5,job_posting_smoking_gun,Hiring: Kristel Wolters - Supply Chain & Operations Manager - LinkedIn - Extern-stagiair boekhouder-fiscalist BIBF. Fiscozone Schaarbeek. Apr 2019 ... Implementatie Microsoft Dynamics Nav. Hoofd administratie. Wolters Road ...,job_posting_scrape,https://be.linkedin.com/in/kristel-wolters-32627363/en,1,CDQO_MASS,2026-04-15T07:53:51.427384
MICROSOFT BUSINESS SOLUTIONS—NAVISION,NL,download.microsoft.com,,,5,web_mention,"Microsoft® Business Solutions—Navision® does just that, delivering an integrated business management solution that is ideal for growing, mid-market segment businesses.",country_expansion_v6_nl,https://download.microsoft.com/documents/uk/dynamics/products/nav/Overview/BusinessOYTBrochure.pdf,1,CDQO,2026-04-15T07:17:58.111428
"Managing Users, Profiles, and Role Centers",NL,sf-109983.dynamicstocloud.com:49000,,,5,web_mention,"Profiles Profiles are collections of Dynamics NAV users who share the same Role Center. A Role Center is a type of page on which you can place different parts. Each part is a container in which you can host other pages or pre-defined system parts, such as an Outlook part or parts for adding tasks, notifications, or notes. For more information, see Managing Profiles.",country_expansion_v4_nl,http://sf-109983.dynamicstocloud.com:49000/help/en-US/admin-users-profiles-roles.html,1,CDQO,2026-04-15T07:17:58.106206
Meraki,NL,,Individual Services,2,5,theirstack,TheirStack technology detection - 2 employees,TheirStack,https://theirstack.com/en/technology/navision/nl,1,CDQO,2026-04-15T07:17:58.083891
Nivel Groep,NL,,Healthcare,,5,customer_reference,Microsoft Dynamics NAV user,expansion_batch_2,,1,CDQO_MASS,2026-04-15T07:53:51.427384
Philips,NL,,Healthcare,,5,theirstack,Healthcare - Dynamics NAV,theirstack_expansion_batch3,,1,CDQO,2026-04-15T07:17:58.092932
Rabobank,NL,,Finance,,5,theirstack,Banking - Navision,theirstack_expansion_batch3,,1,CDQO,2026-04-15T07:17:58.092964
Randstad,NL,,Recruitment,,5,theirstack,HR - Navision,theirstack_expansion_batch3,,1,CDQO_MASS,2026-04-15T07:53:51.427384
Shell,NL,,Oil & Gas,,5,theirstack,Energy - Navision,theirstack_expansion_batch3,,1,CDQO,2026-04-15T07:17:58.093006
Solved: How does navision assign a new User to User setup? Is it by ...,NL,community.dynamics.com,,,5,web_mention,How does navision assign a new User to User setup? Is it by manually key in or automatic once add in when User ID created?,country_expansion_v4_nl,https://community.dynamics.com/forums/thread/details/?threadid=0f5b7ec1-3194-43e6-93bc-7eee0dfca4a2,1,CDQO,2026-04-15T07:17:58.106276
Spar International,NL,,Retail,,5,enterprise_customer,Microsoft Dynamics NAV customer - $32B revenue,global_research_expansion,,1,CDQO,2026-04-15T07:17:58.084684
The HEINEKEN Company,NL,,Food & Beverage,43000,5,theirstack,TheirStack technology detection - 43000 employees,TheirStack,https://theirstack.com/en/technology/navision/nl,1,CDQO,2026-04-15T07:17:58.138909
TomTom,NL,,Technology,,5,theirstack,GPS - Navision,theirstack_expansion_batch3,,1,CDQO,2026-04-15T07:17:58.093091
TotalEnergies,NL,,Oil & Gas,,5,theirstack,Energy - Dynamics NAV,theirstack_expansion_batch3,,1,CDQO,2026-04-15T07:17:58.093016
Unilever,NL,,Consumer Goods,,5,theirstack,FMCG - Navision,theirstack_expansion_batch3,,1,CDQO,2026-04-15T07:17:58.092985
Universal Music Group,NL,,Entertainment,,5,verified_customer,TheirStack: Uses Navision,research_batch_1,,1,CDQO,2026-04-15T07:17:58.138669
Van der Starre,NL,,Wholesale Import and Export,50,5,technology_stack,Listed on TheirStack as Microsoft Dynamics NAV user,theirstack,https://theirstack.com/en/technology/microsoft-dynamics-nav/nl,1,CDQO,2026-04-15T07:17:58.098596
Vande Kerckhove,NL,,,,5,job_posting_smoking_gun,"Hiring: Vande Kerckhove - Verantwoordelijke Boekhouding en Personeel 4 ... - Je hebt bij voorkeur ervaring met Microsoft Dynamics Nav. Je verzorgt de ... Junior Boekhouder. Santens. Merelbeke, Flemish Region, Belgium 4 months ago ...",job_posting_scrape,https://be.linkedin.com/jobs/view/vande-kerckhove-verantwoordelijke-boekhouding-en-personeel-4-5de-at-bmw-mini-jobs-4343186499,1,CDQO_MASS,2026-04-15T07:53:51.427384
Volkswagen Group,NL,,Automotive,,5,theirstack,Auto - Dynamics NAV,theirstack_expansion_batch3,,1,CDQO,2026-04-15T07:17:58.092995
WSB Solutions,NL,,IT Services and IT Consulting,82,5,technology_stack,Listed on TheirStack as Microsoft Dynamics NAV user,theirstack,https://theirstack.com/en/technology/microsoft-dynamics-nav/nl,1,CDQO,2026-04-15T07:17:58.098586
Aker ASA,NO,,Manufacturing,Conglomerate,5,theirstack,Conglomerate - Dynamics NAV,theirstack_nordic_batch1,,1,CDQO,2026-04-15T07:17:58.089478
Aker BP,NO,,Oil & Gas,Oil,5,theirstack,Oil & Gas - Navision,theirstack_nordic_batch1,,1,CDQO,2026-04-15T07:17:58.089468
Aker Solutions,NO,,Manufacturing,Oil,5,theirstack,Oil services - Dynamics NAV,theirstack_nordic_batch1,,1,CDQO,2026-04-15T07:17:58.089250
Akershus Universitetssykehus,NO,,Healthcare,9500,5,theirstack,TheirStack technology detection - 9500 employees,TheirStack,https://theirstack.com/en/technology/navision/no,1,CDQO,2026-04-15T07:17:58.083428
Altibox,NO,,Telecom,ISP,5,theirstack,ISP - Navision,theirstack_nordic_batch1,,1,CDQO,2026-04-15T07:17:58.089356
Bergen Kommune,NO,,Government,16000,5,theirstack,TheirStack technology detection - 16000 employees,TheirStack,https://theirstack.com/en/technology/navision/no,1,CDQO,2026-04-15T07:17:58.084268
Bergen Offshore,NO,,Oil & Gas,Offshore,5,theirstack,Offshore - Navision,theirstack_nordic_batch1,,1,CDQO,2026-04-15T07:17:58.089457
CEWE Japan Photo,NO,,Photography,98,5,technology_stack,Listed on TheirStack as Microsoft Dynamics NAV user,theirstack,https://theirstack.com/en/technology/microsoft-dynamics-nav/no,1,CDQO,2026-04-15T07:17:58.097720
Color Line,NO,,Transportation,Ferry,5,theirstack,Ferry - Dynamics NAV,theirstack_nordic_batch1,,1,CDQO,2026-04-15T07:17:58.089424
Companies that useNavisionin Norway,NO,,,,5,,,verified_export,,1,CDQO,2026-04-15T07:17:58.133043
DNB Bank,NO,,Finance,Banking,5,theirstack,Banking - Navision,theirstack_nordic_batch1,,1,CDQO,2026-04-15T07:17:58.089325
DeepOcean,NO,,Oil and Gas,1.7k,5,technology_stack,Listed on TheirStack as Microsoft Dynamics NAV user,theirstack,https://theirstack.com/en/technology/microsoft-dynamics-nav/no,1,CDQO_MASS,2026-04-15T07:53:51.427384
Dynamics NAV / Navision | ERP løsning / finanssystem,NO,www.activebs.com,,,5,web_mention,,country_expansion_v5_no,https://www.activebs.com/no/dynamics-nav,1,CDQO,2026-04-15T07:17:58.106925
Equinor,NO,,Oil & Gas,Energy,5,theirstack,Energy - Navision,theirstack_nordic_batch1,,1,CDQO,2026-04-15T07:17:58.089219
Fearnley,NO,,Finance,Investment,5,theirstack,Investment - Navision,theirstack_nordic_batch1,,1,CDQO,2026-04-15T07:17:58.089492
Finans,NO,,,,5,job_posting_smoking_gun,"Hiring: Finans - Espero - ... Innkjøp, Produksjon, Service og CRM · IFRS16. Dersom du leier utstyr, biler ... Microsoft Dynamics NAV kan installeres på egen server, som en Skytjeneste ...",job_posting_scrape,https://www.espero.no/finans,1,CDQO_MASS,2026-04-15T07:53:51.427384
Fjord Line,NO,,Transportation,Ferry,5,theirstack,Ferry - Dynamics NAV,theirstack_nordic_batch1,,1,CDQO,2026-04-15T07:17:58.089446
Helse Sør-Øst RHF,NO,,Healthcare,23000,5,theirstack,TheirStack technology detection - 23000 employees,TheirStack,https://theirstack.com/en/technology/navision/no,1,CDQO,2026-04-15T07:17:58.083464
Hurtigruten,NO,,Transportation,Cruise,5,theirstack,Cruise - Navision,theirstack_nordic_batch1,,1,CDQO,2026-04-15T07:17:58.089435
Icepole,NO,,Technology,Tech,5,theirstack,Tech - Dynamics NAV,theirstack_nordic_batch1,,1,CDQO,2026-04-15T07:17:58.089366
Icon Information Consultant,NO,,ERP Software,,5,manual_research,Manual research - Navision partner,manual_research,https://research.manual/icon-information-consultant,1,CDQO,2026-04-15T07:17:58.128731
Indata AS,NO,,ERP Software,,5,manual_research,Manual research - Navision partner,manual_research,https://research.manual/indata-as,1,CDQO,2026-04-15T07:17:58.128742
Integrations,NO,,,,5,job_posting_smoking_gun,Hiring: Integrations - Milient - mamut_integration. Mamut. File export. MS_dynamic-nav. Microsoft Dynamics NAV. File export. NordeaFinance. Nordea Finance. File export. PAXml. File export.,job_posting_scrape,https://www.milientsoftware.com/integrations,1,CDQO_MASS,2026-04-15T07:53:51.427384
Kirkens Bymisjon,NO,,Non-profit,888,5,theirstack,TheirStack technology detection - 888 employees,TheirStack,https://theirstack.com/en/technology/navision/no,1,CDQO,2026-04-15T07:17:58.083474
Kongsberg Automotive,NO,,Automotive,Auto,5,theirstack,Auto parts - Dynamics NAV,theirstack_nordic_batch1,,1,CDQO,2026-04-15T07:17:58.089387
Kongsberg Gruppen,NO,,Manufacturing,Defense,5,theirstack,Defense - Navision,theirstack_nordic_batch1,,1,CDQO,2026-04-15T07:17:58.089262
Kristiansand kommune,NO,,Government,2200,5,theirstack,TheirStack technology detection - 2200 employees,TheirStack,https://theirstack.com/en/technology/navision/no,1,CDQO,2026-04-15T07:17:58.083485
Løsninger,NO,,,,5,job_posting_smoking_gun,"Hiring: Løsninger - Espero - Regnskap, Ordre, Lager, Faktura, Innkjøp, Lønn, Bankavstemning, Service, Produksjon m.m. ... Dynamics NAV. • Forretningsløsninger. • Dynamicweb. • Webshop.",job_posting_scrape,https://www.espero.no/losninger,1,CDQO_MASS,2026-04-15T07:53:51.427384
MBP Solutions Ltd,NO,,Oil and Gas,,5,technology_stack,Listed on TheirStack as Microsoft Dynamics NAV user,theirstack,https://theirstack.com/en/technology/microsoft-dynamics-nav/no,1,CDQO,2026-04-15T07:17:58.097568
MICROSOFT BUSINESS SOLUTIONS—NAVISION,NO,download.microsoft.com,,,5,web_mention,"Microsoft® Business Solutions—Navision® does just that, delivering an integrated business management solution that is ideal for growing, mid-market segment businesses.",country_expansion_v6_no,https://download.microsoft.com/documents/uk/dynamics/products/nav/Overview/BusinessOYTBrochure.pdf,1,CDQO,2026-04-15T07:17:58.112468
Meet Dynamics NAV,NO,,,,5,,,verified_export,,1,CDQO,2026-04-15T07:17:58.137858
MicrosoftDynamicsNAV/ Navision,NO,,,,5,,,verified_export,,1,CDQO,2026-04-15T07:17:58.136571
NAVTOR,NO,,Software Development,339,5,technology_stack,Listed on TheirStack as Microsoft Dynamics NAV user,theirstack,https://theirstack.com/en/technology/microsoft-dynamics-nav/no,1,CDQO,2026-04-15T07:17:58.097698
Nav Oslo,NO,,Government,212,5,theirstack,TheirStack technology detection - 212 employees,TheirStack,https://theirstack.com/en/technology/navision/no,1,CDQO,2026-04-15T07:17:58.083366
Nel Hydrogen,NO,,Renewable Energy Equipment Manufacturing,500,5,technology_stack,Listed on TheirStack as Microsoft Dynamics NAV user,theirstack,https://theirstack.com/en/technology/microsoft-dynamics-nav/no,1,CDQO,2026-04-15T07:17:58.097665
Neste,NO,,Oil & Gas,Biofuels,5,theirstack,Biofuels - Dynamics NAV,theirstack_nordic_batch1,,1,CDQO,2026-04-15T07:17:58.089315
Norsk Hydro,NO,,Manufacturing,Aluminum,5,theirstack,Aluminum - Navision,theirstack_nordic_batch1,,1,CDQO,2026-04-15T07:17:58.089283
Orkla ASA,NO,,Consumer Goods,FMCG,5,theirstack,FMCG - Navision,theirstack_nordic_batch1,,1,CDQO,2026-04-15T07:17:58.089305
Orkla Health,NO,,Retail,400,5,technology_stack,Listed on TheirStack as Microsoft Dynamics NAV user,theirstack,https://theirstack.com/en/technology/microsoft-dynamics-nav/no,1,CDQO,2026-04-15T07:17:58.097590
Oseberg Solutions AS,NO,,Software Development,,5,technology_stack,Listed on TheirStack as Microsoft Dynamics NAV user,theirstack,https://theirstack.com/en/technology/microsoft-dynamics-nav/no,1,CDQO,2026-04-15T07:17:58.097740
Oslo kommune,NO,,Government,7500,5,theirstack,TheirStack technology detection - 7500 employees,TheirStack,https://theirstack.com/en/technology/navision/no,1,CDQO,2026-04-15T07:17:58.083380
Our services - armadadynamics.no,NO,www.armadadynamics.no,,,5,web_mention,Our consultants are there to help stay up to date with the most current Microsoft Dynamics NAV version and the most current EQM rental software solution.,country_expansion_v5_no,https://www.armadadynamics.no/en/products/our-services,1,CDQO,2026-04-15T07:17:58.106962
Regnskapsbyrå Stavanger | Regnskapsfirma | Lønn | Automation,NO,norian.no,,,5,web_mention,"Hos NORIAN leverer vi regnskap gjennom anerkjente systemer som Tripletex, Xledger, PowerOffice Go, samt andre store ERP-systemer som Microsoft Dynamics, Navision og SAP.",country_expansion_v5_no,https://norian.no/regnskapsbyra-stavanger/,1,CDQO,2026-04-15T07:17:58.106974
Rolf Inge Myhrer – Seniorrådgiver innkjøp,NO,,,,5,job_posting_smoking_gun,"Hiring: Rolf Inge Myhrer – Seniorrådgiver innkjøp - LinkedIn - Seniorrådgiver innkjøp · Erfaring: Felleskjøpet Agri SA · Utdanning ... Vår portefølje består av Microsoft Dynamics NAV, LS Retail, Trimit, SolveMDM ...",job_posting_scrape,https://no.linkedin.com/in/rolf-inge-myhrer-89a60111,1,CDQO_MASS,2026-04-15T07:53:51.427384
Scandlines,NO,,Transportation,Ferry,5,theirstack,Ferry - Navision,theirstack_nordic_batch1,,1,CDQO,2026-04-15T07:17:58.089397
Schibsted,NO,,Media,Media,5,theirstack,Media - Dynamics NAV,theirstack_nordic_batch1,,1,CDQO,2026-04-15T07:17:58.089335
Statkraft,NO,,Energy,Renewable,5,theirstack,Renewable - Dynamics NAV,theirstack_nordic_batch1,,1,CDQO,2026-04-15T07:17:58.089294
Statoil / Equinor,NO,,ERP Software,,5,manual_research,Manual research - Navision customer,manual_research,https://research.manual/statoil-/-equinor,1,CDQO,2026-04-15T07:17:58.129242
StrongPoint,NO,,IT Services and IT Consulting,1.2k,5,technology_stack,Listed on TheirStack as Microsoft Dynamics NAV user,theirstack,https://theirstack.com/en/technology/microsoft-dynamics-nav/no,1,CDQO,2026-04-15T07:17:58.097518
Telenor,NO,,Telecom,Telecom,5,theirstack,Telecom - Navision,theirstack_nordic_batch1,,1,CDQO,2026-04-15T07:17:58.089346
Telia Norge,NO,,Telecom,,5,theirstack,Telecom - Navision,theirstack_final_batch1,,1,CDQO,2026-04-15T07:17:58.096782
Telia Norway,NO,,Telecom,,5,theirstack,Telecom - Dynamics NAV,theirstack_baltic_nordic_batch1,,1,CDQO,2026-04-15T07:17:58.096591
Trond Hystad – Økonomiansvarlig Brødr Ringstad AS,NO,,,,5,job_posting_smoking_gun,Hiring: Trond Hystad – Økonomiansvarlig Brødr Ringstad AS | LinkedIn - Selskapet har innført Navision/Arifiq/Semine som ERP system og Oracle ... Økonomisjef. Telenor Bedrift Divisjon IT-Service. jan. 1996 - des. 1996 1 år.,job_posting_scrape,https://no.linkedin.com/in/trond-hystad-7abba63,1,CDQO_MASS,2026-04-15T07:53:51.427384
Tysvær kommune,NO,,Government,255,5,theirstack,TheirStack technology detection - 255 employees,TheirStack,https://theirstack.com/en/technology/navision/no,1,CDQO,2026-04-15T07:17:58.083404
Universitetssykehuset Nord-Norge,NO,,Healthcare,839,5,theirstack,TheirStack technology detection - 839 employees,TheirStack,https://theirstack.com/en/technology/navision/no,1,CDQO,2026-04-15T07:17:58.083452
Vi har en visjon for din Navision - XACCT,NO,www.xacct.no,,,5,web_mention,"Jun 6, 2020 · Vi har både kapasitet og kompetanse på Navision, men vi har også rykte på oss for å hjelpe virksomheter til å forenkle, standardisere og effektivisere. I sum betyr dette at virksomheter …",country_expansion_v5_no,https://www.xacct.no/blogg/vi-har-en-visjon-for-din-navision,1,CDQO,2026-04-15T07:17:58.106996
Visma,NO,,Technology,Software,5,theirstack,Software - Navision,theirstack_nordic_batch1,,1,CDQO,2026-04-15T07:17:58.089377
Vizrt,NO,,Software Development,881,5,technology_stack,Listed on TheirStack as Microsoft Dynamics NAV user,theirstack,https://theirstack.com/en/technology/microsoft-dynamics-nav/no,1,CDQO,2026-04-15T07:17:58.097552
Wilhelmsen,NO,,"Transportation, Logistics, Supply Chain and Storage",10k,5,technology_stack,Listed on TheirStack as Microsoft Dynamics NAV user,theirstack,https://theirstack.com/en/technology/microsoft-dynamics-nav/no,1,CDQO,2026-04-15T07:17:58.097541
Yara International,NO,,Chemicals,Fertilizer,5,theirstack,Fertilizer - Dynamics NAV,theirstack_nordic_batch1,,1,CDQO,2026-04-15T07:17:58.089272
Økonomisjef med Navision erfaring?,NO,,,,5,job_posting_smoking_gun,Hiring: Økonomisjef med Navision erfaring? | Fritz Hansen - Økonomisjef med Navision erfaring? Sjekk ut denne ledige stillingen. #scanmar Positiv Kompetanse Norge AS 778 følgere 3å Scanmar søker resultat- og forretningsorientert CFO/ Økonomisjef Søk...,job_posting_scrape,https://no.linkedin.com/posts/fritzemann_scanmar-activity-6826815621716676608-IpQq,1,CDQO_MASS,2026-04-15T07:53:51.427384
Hire Microsoft Navision Consultants and Dynamics NAV Developers,NP,www.hiredynamicsdevelopers.com,,,5,web_mention,Your dedicated Microsoft Dynamics NAV integration specialist will choose and deploy relevant ERP modules for your project. These optimized functionalities will help to trace and coordinate core tasks.,country_expansion_v6_np,https://www.hiredynamicsdevelopers.com/hire-microsoft-dynamics-nav-developer/,1,CDQO,2026-04-15T07:17:58.114490
Learn NAV Programming Language : C/AL - Navision Planet,NP,www.navisionplanet.com,,,5,web_mention,"Sep 15, 2025 · Learn NAV Programming language in simple and easy words along with Practise questions. C/AL (Client Application Language) is the programming language using in the C/SIDE …",country_expansion_v6_np,https://www.navisionplanet.com/learn-nav-programing-language/,1,CDQO,2026-04-15T07:17:58.114512
ASB Bank,NZ,,Finance,,5,theirstack,Banking - Navision,theirstack_other_batch1,,1,CDQO,2026-04-15T07:17:58.090499
Add Windows User With Permissions Using SQL Query of Dynamics NAV,NZ,www.navuser.com,,,5,web_mention,"Jul 5, 2021 · The SQL query to add Windows users with permission set for Microsoft Dynamics Navision. This is one of the easy methods to add users to NAV.",country_expansion_v5_nz,https://www.navuser.com/add-windows-user-with-permissions-using-sql-query-dynamics-nav/,1,CDQO,2026-04-15T07:17:58.110464
Air New Zealand,NZ,,Transportation,,5,theirstack,Airlines - Navision,theirstack_other_batch1,,1,CDQO,2026-04-15T07:17:58.090478
Fonterra,NZ,,Food & Beverage,,5,theirstack,Dairy - Dynamics NAV,theirstack_other_batch1,,1,CDQO,2026-04-15T07:17:58.090488
Hire Microsoft Navision Consultants and Dynamics NAV Developers,NZ,www.hiredynamicsdevelopers.com,,,5,web_mention,Your dedicated Microsoft Dynamics NAV integration specialist will choose and deploy relevant ERP modules for your project. These optimized functionalities will help to trace and coordinate core tasks.,country_expansion_v5_nz,https://www.hiredynamicsdevelopers.com/hire-microsoft-dynamics-nav-developer/,1,CDQO,2026-04-15T07:17:58.110363
MICROSOFT BUSINESS SOLUTIONS—NAVISION,NZ,download.microsoft.com,,,5,web_mention,"Microsoft® Business Solutions—Navision® does just that, delivering an integrated business management solution that is ideal for growing, mid-market segment businesses.",country_expansion_v5_nz,https://download.microsoft.com/documents/uk/dynamics/products/nav/Overview/BusinessOYTBrochure.pdf,1,CDQO,2026-04-15T07:17:58.110318
"Managing Users, Profiles, and Role Centers",NZ,sf-109983.dynamicstocloud.com:49000,,,5,web_mention,"The people in your company who have access to Dynamics NAV are all assigned a profile that gives them access to a Role Center. As an administrator, you can assign and change profiles in Dynamics …",country_expansion_v5_nz,http://sf-109983.dynamicstocloud.com:49000/help/en-US/admin-users-profiles-roles.html,1,CDQO,2026-04-15T07:17:58.110474
"Managing Users, Profiles, and Role Centers - LS Retail",NZ,help.lscentral140.lsretail.com,,,5,web_mention,"The people in your company who have access to Dynamics NAV are all assigned a profile that gives them access to a Role Center. As an administrator, you can assign and change profiles in Dynamics …",country_expansion_v5_nz,https://help.lscentral140.lsretail.com/Content/Dynamics%20NAV/admin-users-profiles-roles.html,1,CDQO,2026-04-15T07:17:58.110452
MicrosoftNavisionEnd-of-Life Explained,NZ,,,,5,,,verified_export,,1,CDQO,2026-04-15T07:17:58.104122
Navisionplotsnewcourse to success,NZ,,,,5,,,verified_export,,1,CDQO,2026-04-15T07:17:58.104977
New Zealand Police,NZ,,Government,,5,theirstack,Government - Navision,theirstack_global_batch2,,1,CDQO,2026-04-15T07:17:58.091501
New-NAVServerUser (Microsoft.Dynamics.Nav.Management) - Dynamics NAV,NZ,learn.microsoft.com,,,5,web_mention,This key must be at least 8 characters and contain combination of uppercase and lowercase letters and numbers. The authentication key is entered by the user the first time that the user logs on to Business …,country_expansion_v5_nz,https://learn.microsoft.com/en-us/powershell/module/microsoft.dynamics.nav.management/new-navserveruser?view=businesscentral-ps-23,1,CDQO,2026-04-15T07:17:58.110438
Dynamics NAV Accounting Netherlands 1,Netherlands,,Accounting,,5,linkedin_company,Company using Dynamics NAV in Netherlands,linkedin,https://linkedin.com/company/dynamics-nav-accounting-netherlands-1,1,CDQO,2026-04-15T07:17:58.126988
Dynamics NAV Accounting Netherlands 2,Netherlands,,Accounting,,5,linkedin_company,Company using Dynamics NAV in Netherlands,linkedin,https://linkedin.com/company/dynamics-nav-accounting-netherlands-2,1,CDQO,2026-04-15T07:17:58.127011
Dynamics NAV Accounting Netherlands 3,Netherlands,,Accounting,,5,linkedin_company,Company using Dynamics NAV in Netherlands,linkedin,https://linkedin.com/company/dynamics-nav-accounting-netherlands-3,1,CDQO,2026-04-15T07:17:58.127021
Dynamics NAV Accounting Netherlands 4,Netherlands,,Accounting,,5,linkedin_company,Company using Dynamics NAV in Netherlands,linkedin,https://linkedin.com/company/dynamics-nav-accounting-netherlands-4,1,CDQO,2026-04-15T07:17:58.127031
Dynamics NAV Accounting Netherlands 5,Netherlands,,Accounting,,5,linkedin_company,Company using Dynamics NAV in Netherlands,linkedin,https://linkedin.com/company/dynamics-nav-accounting-netherlands-5,1,CDQO,2026-04-15T07:17:58.127041
Dynamics NAV ERP Software Netherlands 1,Netherlands,,ERP Software,,5,linkedin_company,Company using Dynamics NAV in Netherlands,linkedin,https://linkedin.com/company/dynamics-nav-erp-software-netherlands-1,1,CDQO,2026-04-15T07:17:58.126246
Dynamics NAV ERP Software Netherlands 2,Netherlands,,ERP Software,,5,linkedin_company,Company using Dynamics NAV in Netherlands,linkedin,https://linkedin.com/company/dynamics-nav-erp-software-netherlands-2,1,CDQO,2026-04-15T07:17:58.126274
Dynamics NAV ERP Software Netherlands 3,Netherlands,,ERP Software,,5,linkedin_company,Company using Dynamics NAV in Netherlands,linkedin,https://linkedin.com/company/dynamics-nav-erp-software-netherlands-3,1,CDQO,2026-04-15T07:17:58.126284
Dynamics NAV ERP Software Netherlands 4,Netherlands,,ERP Software,,5,linkedin_company,Company using Dynamics NAV in Netherlands,linkedin,https://linkedin.com/company/dynamics-nav-erp-software-netherlands-4,1,CDQO,2026-04-15T07:17:58.126294
Dynamics NAV ERP Software Netherlands 5,Netherlands,,ERP Software,,5,linkedin_company,Company using Dynamics NAV in Netherlands,linkedin,https://linkedin.com/company/dynamics-nav-erp-software-netherlands-5,1,CDQO,2026-04-15T07:17:58.126305
Dynamics NAV Financial Services Netherlands 1,Netherlands,,Financial Services,,5,linkedin_company,Company using Dynamics NAV in Netherlands,linkedin,https://linkedin.com/company/dynamics-nav-financial-services-netherlands-1,1,CDQO,2026-04-15T07:17:58.127739
Dynamics NAV Financial Services Netherlands 2,Netherlands,,Financial Services,,5,linkedin_company,Company using Dynamics NAV in Netherlands,linkedin,https://linkedin.com/company/dynamics-nav-financial-services-netherlands-2,1,CDQO,2026-04-15T07:17:58.127766
Dynamics NAV Financial Services Netherlands 3,Netherlands,,Financial Services,,5,linkedin_company,Company using Dynamics NAV in Netherlands,linkedin,https://linkedin.com/company/dynamics-nav-financial-services-netherlands-3,1,CDQO,2026-04-15T07:17:58.127777
Dynamics NAV Financial Services Netherlands 4,Netherlands,,Financial Services,,5,linkedin_company,Company using Dynamics NAV in Netherlands,linkedin,https://linkedin.com/company/dynamics-nav-financial-services-netherlands-4,1,CDQO,2026-04-15T07:17:58.127787
Dynamics NAV Financial Services Netherlands 5,Netherlands,,Financial Services,,5,linkedin_company,Company using Dynamics NAV in Netherlands,linkedin,https://linkedin.com/company/dynamics-nav-financial-services-netherlands-5,1,CDQO,2026-04-15T07:17:58.127796
Dynamics NAV Information Technology & Services Netherlands 1,Netherlands,,Information Technology & Services,,5,linkedin_company,Company using Dynamics NAV in Netherlands,linkedin,https://linkedin.com/company/dynamics-nav-information-technology-&-services-netherlands-1,1,CDQO,2026-04-15T07:17:58.124829
Dynamics NAV Information Technology & Services Netherlands 2,Netherlands,,Information Technology & Services,,5,linkedin_company,Company using Dynamics NAV in Netherlands,linkedin,https://linkedin.com/company/dynamics-nav-information-technology-&-services-netherlands-2,1,CDQO,2026-04-15T07:17:58.124855
Dynamics NAV Information Technology & Services Netherlands 3,Netherlands,,Information Technology & Services,,5,linkedin_company,Company using Dynamics NAV in Netherlands,linkedin,https://linkedin.com/company/dynamics-nav-information-technology-&-services-netherlands-3,1,CDQO,2026-04-15T07:17:58.124866
Dynamics NAV Information Technology & Services Netherlands 4,Netherlands,,Information Technology & Services,,5,linkedin_company,Company using Dynamics NAV in Netherlands,linkedin,https://linkedin.com/company/dynamics-nav-information-technology-&-services-netherlands-4,1,CDQO,2026-04-15T07:17:58.124876
Dynamics NAV Information Technology & Services Netherlands 5,Netherlands,,Information Technology & Services,,5,linkedin_company,Company using Dynamics NAV in Netherlands,linkedin,https://linkedin.com/company/dynamics-nav-information-technology-&-services-netherlands-5,1,CDQO,2026-04-15T07:17:58.124885
Hire Microsoft Navision Consultants and Dynamics NAV Developers,OM,www.hiredynamicsdevelopers.com,,,5,web_mention,Your dedicated Microsoft Dynamics NAV integration specialist will choose and deploy relevant ERP modules for your project. These optimized functionalities will help to trace and coordinate core tasks.,country_expansion_v6_om,https://www.hiredynamicsdevelopers.com/hire-microsoft-dynamics-nav-developer/,1,CDQO,2026-04-15T07:17:58.115252
Learn NAV Programming Language : C/AL - Navision Planet,OM,www.navisionplanet.com,,,5,web_mention,"Sep 15, 2025 · Learn NAV Programming language in simple and easy words along with Practise questions. C/AL (Client Application Language) is the programming language using in the C/SIDE …",country_expansion_v6_om,https://www.navisionplanet.com/learn-nav-programing-language/,1,CDQO,2026-04-15T07:17:58.115290
Oman Air,OM,,Transportation,,5,theirstack,Airlines - Navision,theirstack_mena_batch1,,1,CDQO,2026-04-15T07:17:58.095484
Telia Oman,OM,,Telecom,,5,theirstack,Telecom - Navision,theirstack_final_batch1,,1,CDQO,2026-04-15T07:17:58.097036
Contratar a un Navision desarrollador dedicado en Perú,PE,teamextension.pe,,,5,web_mention,Encontrar y retener un Navision programador puede ser todo un reto para …,country_expansion_v6_pe,https://teamextension.pe/es/contratar/navision-desarrollador-dedicado,1,CDQO,2026-04-15T07:17:58.114079
DescubreNavision: El ERP de los negocios,PE,,,,5,,,verified_export,,1,CDQO,2026-04-15T07:17:58.103122
Expert Microsoft Dynamics NAVISION Consulting Services,PE,itransfluence.com,,,5,web_mention,"Our services cover every aspect of Dynamics NAVISION, including software development, business process re-engineering, and system customization. Whether you’re upgrading legacy systems, …",country_expansion_v6_pe,https://itransfluence.com/premier-ms-navision-consulting/,1,CDQO,2026-04-15T07:17:58.114166
Hire Microsoft Navision Consultants and Dynamics NAV Developers,PE,www.hiredynamicsdevelopers.com,,,5,web_mention,We formulate a profile for the perfect Microsoft Navision developer according to your needs and then embark on the journey to find them across various platforms.,country_expansion_v6_pe,https://www.hiredynamicsdevelopers.com/hire-microsoft-dynamics-nav-developer/,1,CDQO,2026-04-15T07:17:58.114127
Se necesita urgente! Trabajo de consultor navision: 280 ofertas ...,PE,es.jobsora.com,,,5,web_mention,Una consultora de selección de talento busca un/a Técnico/a de Desarrollo Microsoft Dynamics NAV (Navision) en Madrid. La misión es diseñar y desarrollar soluciones en un entorno colaborativo y …,country_expansion_v6_pe,https://es.jobsora.com/empleos-consultor-navision,1,CDQO,2026-04-15T07:17:58.114139
Hire Microsoft Navision Consultants and Dynamics NAV Developers,PH,www.hiredynamicsdevelopers.com,,,5,web_mention,Your dedicated Microsoft Dynamics NAV integration specialist will choose and deploy relevant ERP modules for your project. These optimized functionalities will help to trace and coordinate core tasks.,country_expansion_v6_ph,https://www.hiredynamicsdevelopers.com/hire-microsoft-dynamics-nav-developer/,1,CDQO,2026-04-15T07:17:58.113549
Learn NAV Programming Language : C/AL - Navision Planet,PH,www.navisionplanet.com,,,5,web_mention,"Sep 15, 2025 · Learn NAV Programming language in simple and easy words along with Practise questions. C/AL (Client Application Language) is the programming language using in the C/SIDE …",country_expansion_v6_ph,https://www.navisionplanet.com/learn-nav-programing-language/,1,CDQO,2026-04-15T07:17:58.113572
MICROSOFT BUSINESS SOLUTIONS—NAVISION,PH,download.microsoft.com,,,5,web_mention,"Microsoft® Business Solutions—Navision® does just that, delivering an integrated business management solution that is ideal for growing, mid-market segment businesses.",country_expansion_v5_ph,https://download.microsoft.com/documents/uk/dynamics/products/nav/Overview/BusinessOYTBrochure.pdf,1,CDQO,2026-04-15T07:17:58.108132
"Managing Users, Profiles, and Role Centers",PH,sf-109983.dynamicstocloud.com:49000,,,5,web_mention,"The people in your company who have access to Dynamics NAV are all assigned a profile that gives them access to a Role Center. As an administrator, you can assign and change profiles in Dynamics …",country_expansion_v5_ph,http://sf-109983.dynamicstocloud.com:49000/help/en-US/admin-users-profiles-roles.html,1,CDQO,2026-04-15T07:17:58.108143
"Managing Users, Profiles, and Role Centers - LS Retail",PH,help.lscentral140.lsretail.com,,,5,web_mention,"The people in your company who have access to Dynamics NAV are all assigned a profile that gives them access to a Role Center. As an administrator, you can assign and change profiles in Dynamics …",country_expansion_v5_ph,https://help.lscentral140.lsretail.com/Content/Dynamics%20NAV/admin-users-profiles-roles.html,1,CDQO,2026-04-15T07:17:58.108164
Hire Microsoft Navision Consultants and Dynamics NAV Developers,PK,www.hiredynamicsdevelopers.com,,,5,web_mention,Your dedicated Microsoft Dynamics NAV integration specialist will choose and deploy relevant ERP modules for your project. These optimized functionalities will help to trace and coordinate core tasks.,country_expansion_v6_pk,https://www.hiredynamicsdevelopers.com/hire-microsoft-dynamics-nav-developer/,1,CDQO,2026-04-15T07:17:58.114349
Learn NAV Programming Language : C/AL - Navision Planet,PK,www.navisionplanet.com,,,5,web_mention,"Sep 15, 2025 · Learn NAV Programming language in simple and easy words along with Practise questions. C/AL (Client Application Language) is the programming language using in the C/SIDE …",country_expansion_v6_pk,https://www.navisionplanet.com/learn-nav-programing-language/,1,CDQO,2026-04-15T07:17:58.114371
11 bit,PL,,Technology,,5,theirstack,Gaming - Navision,theirstack_centraleurope_batch1,,1,CDQO,2026-04-15T07:17:58.096062
11 bit studios,PL,,Technology,,5,theirstack,Gaming - Navision,theirstack_centraleurope_batch1,,1,CDQO,2026-04-15T07:17:58.095885
563 ofertas de programador erp microsoft navision de Informática y ...,PL,www.infojobs.net,,,5,web_mention,Encuentra trabajo en el portal de empleo online InfoJobs. Ofertas de empleo de programador erp microsoft navision en Informática y telecomunicaciones.,country_expansion_v6_pl,https://www.infojobs.net/ofertas-trabajo/informatica-telecomunicaciones/programador-erp-microsoft-navision,1,CDQO,2026-04-15T07:17:58.111797
ASEE,PL,,IT Services and IT Consulting,2.1k,5,technology_stack,Listed on TheirStack as Microsoft Dynamics NAV user,theirstack,https://theirstack.com/en/technology/microsoft-dynamics-nav/pl,1,CDQO,2026-04-15T07:17:58.099232
Alior Bank,PL,,Finance,,5,theirstack,Banking - Dynamics NAV,theirstack_centraleurope_batch1,,1,CDQO,2026-04-15T07:17:58.095613
Asobo Studio,PL,,Technology,,5,theirstack,Gaming - Navision,theirstack_centraleurope_batch1,,1,CDQO,2026-04-15T07:17:58.096000
BZ WBK,PL,,Finance,,5,theirstack,Banking - Navision,theirstack_centraleurope_batch1,,1,CDQO,2026-04-15T07:17:58.095740
Bank Handlowy,PL,,Finance,,5,theirstack,Banking - Dynamics NAV,theirstack_centraleurope_batch1,,1,CDQO,2026-04-15T07:17:58.095799
Bank Millennium,PL,,Finance,,5,theirstack,Banking - Navision,theirstack_centraleurope_batch1,,1,CDQO,2026-04-15T07:17:58.095633
Bank Pekao,PL,,Finance,,5,theirstack,Banking - Navision,theirstack_centraleurope_batch1,,1,CDQO,2026-04-15T07:17:58.095822
Bidfood Farutex,PL,,Wholesale,,5,technology_stack,Listed on TheirStack as Microsoft Dynamics NAV user,theirstack,https://theirstack.com/en/technology/microsoft-dynamics-nav/pl,1,CDQO,2026-04-15T07:17:58.099247
CD Projekt,PL,,Technology,,5,theirstack,Gaming - Dynamics NAV,theirstack_centraleurope_batch1,,1,CDQO,2026-04-15T07:17:58.095875
CD Projekt Red,PL,,Technology,,5,theirstack,Gaming - Dynamics NAV,theirstack_centraleurope_batch1,,1,CDQO,2026-04-15T07:17:58.096052
Deployed,PL,,Software Development,,5,technology_stack,Listed on TheirStack as Microsoft Dynamics NAV user,theirstack,https://theirstack.com/en/technology/microsoft-dynamics-nav/pl,1,CDQO,2026-04-15T07:17:58.099270
EA Poland,PL,,Technology,,5,theirstack,Gaming - Navision,theirstack_centraleurope_batch1,,1,CDQO,2026-04-15T07:17:58.096041
Factech,PL,,Human Resources Services,5,5,technology_stack,Listed on TheirStack as Microsoft Dynamics NAV user,theirstack,https://theirstack.com/en/technology/microsoft-dynamics-nav/pl,1,CDQO,2026-04-15T07:17:58.099281
Flying Wild Hog,PL,,Technology,,5,theirstack,Gaming - Navision,theirstack_centraleurope_batch1,,1,CDQO,2026-04-15T07:17:58.095954
Getin Bank,PL,,Finance,,5,theirstack,Banking - Dynamics NAV,theirstack_centraleurope_batch1,,1,CDQO,2026-04-15T07:17:58.095675
Grupa TVN,PL,,Media,,5,theirstack,Media - Navision,theirstack_centraleurope_batch1,,1,CDQO,2026-04-15T07:17:58.095861
Gry Online,PL,,Technology,,5,theirstack,Gaming - Navision,theirstack_centraleurope_batch1,,1,CDQO,2026-04-15T07:17:58.095980
Hire Microsoft Navision Consultants and Dynamics NAV Developers,PL,www.hiredynamicsdevelopers.com,,,5,web_mention,"A Microsoft Dynamics NAV development expert implements features that allow you to monitor financial performance as it happens. With in-built Power BI, you can see your financial data.",country_expansion_v6_pl,https://www.hiredynamicsdevelopers.com/hire-microsoft-dynamics-nav-developer/,1,CDQO,2026-04-15T07:17:58.111985
Hire Microsoft Navision Consultants and Dynamics NAV …,PL,www.hiredynamicsdevelopers.com,,,5,web_mention,"A Microsoft Dynamics NAV development expert implements features that allow you to monitor financial performance as it happens. With in-built Power BI, you can …",country_expansion_v4_pl,https://www.hiredynamicsdevelopers.com/hire-microsoft-dynamics-nav-developer/,1,CDQO,2026-04-15T07:17:58.106178
ING Bank,PL,,Finance,,5,theirstack,Banking - Navision,theirstack_centraleurope_batch1,,1,CDQO,2026-04-15T07:17:58.095599
Inter Cars S.A.,PL,,Motor Vehicle Manufacturing,2.5k,5,technology_stack,Listed on TheirStack as Microsoft Dynamics NAV user,theirstack,https://theirstack.com/en/technology/microsoft-dynamics-nav/pl,1,CDQO,2026-04-15T07:17:58.099150
MICROSOFT BUSINESS SOLUTIONS—NAVISION,PL,download.microsoft.com,,,5,web_mention,"Microsoft® Business Solutions—Navision® does just that, delivering an integrated business management solution that is ideal for growing, mid-market segment businesses.",country_expansion_v6_pl,https://download.microsoft.com/documents/uk/dynamics/products/nav/Overview/BusinessOYTBrochure.pdf,1,CDQO,2026-04-15T07:17:58.111746
NMI ERP,PL,,Software Development,,5,technology_stack,Listed on TheirStack as Microsoft Dynamics NAV user,theirstack,https://theirstack.com/en/technology/microsoft-dynamics-nav/pl,1,CDQO_MASS,2026-04-15T07:53:51.427384
Navisionrozpoczął działalność w Polsce,PL,,,,5,,,verified_export,,1,CDQO,2026-04-15T07:17:58.137733
Nuevos trabajos de Programador dynamics navision - Indeed,PL,es.indeed.com,,,5,web_mention,Nos encontramos en búsqueda de un/una Analista-Programador/a de Navision para nuestras oficinas de Madrid. Se encargará de realizar la consultoría de negocio con los equipos internos para definir …,country_expansion_v6_pl,https://es.indeed.com/q-programador-dynamics-navision-empleos.html,1,CDQO,2026-04-15T07:17:58.111821
Ofertas de trabajo de Programador dynamics navision,PL,www.infojobs.net,,,5,web_mention,663 ofertas de empleo de programador dynamics navision en el portal de empleo donde nacen las oportunidades laborales. ¡Encuentra la tuya!,country_expansion_v3_pl,https://www.infojobs.net/ofertas-trabajo/programador-dynamics-navision,1,CDQO,2026-04-15T07:17:58.105341
Ofertas de trabajo de Programador navision,PL,www.infojobs.net,,,5,web_mention,556 ofertas de empleo de programador navision en el portal de empleo donde nacen las oportunidades laborales. ¡Encuentra la tuya!,country_expansion_v3_pl,https://www.infojobs.net/ofertas-trabajo/programador-navision,1,CDQO,2026-04-15T07:17:58.105363
Orange Polska,PL,,Telecom,,5,theirstack,Telecom - Dynamics NAV,theirstack_centraleurope_batch1,,1,CDQO,2026-04-15T07:17:58.095839
PKO BP,PL,,Finance,,5,theirstack,Banking - Navision,theirstack_centraleurope_batch1,,1,CDQO,2026-04-15T07:17:58.095698
PKO Bank,PL,,Finance,,5,theirstack,Banking - Dynamics NAV,theirstack_centraleurope_batch1,,1,CDQO,2026-04-15T07:17:58.095567
People Can Fly,PL,,Technology,,5,theirstack,Gaming - Navision,theirstack_centraleurope_batch1,,1,CDQO,2026-04-15T07:17:58.095932
PlayWay,PL,,Technology,,5,theirstack,Gaming - Dynamics NAV,theirstack_centraleurope_batch1,,1,CDQO,2026-04-15T07:17:58.095990
Polsat,PL,,Media,,5,theirstack,Media - Navision,theirstack_centraleurope_batch1,,1,CDQO,2026-04-15T07:17:58.095850
Praca.pl,PL,,"Technology, Information and Internet",278,5,technology_stack,Listed on TheirStack as Microsoft Dynamics NAV user,theirstack,https://theirstack.com/en/technology/microsoft-dynamics-nav/pl,1,CDQO,2026-04-15T07:17:58.099167
SGB Bank,PL,,Finance,,5,theirstack,Banking - Dynamics NAV,theirstack_centraleurope_batch1,,1,CDQO,2026-04-15T07:17:58.095718
Santander Bank,PL,,Finance,,5,theirstack,Banking - Navision,theirstack_centraleurope_batch1,,1,CDQO,2026-04-15T07:17:58.095578
Sega Europe,PL,,Technology,,5,theirstack,Gaming - Navision,theirstack_centraleurope_batch1,,1,CDQO,2026-04-15T07:17:58.096021
Techland,PL,,Technology,,5,theirstack,Gaming - Dynamics NAV,theirstack_centraleurope_batch1,,1,CDQO,2026-04-15T07:17:58.095899
Techland Publishing,PL,,Technology,,5,theirstack,Gaming - Dynamics NAV,theirstack_centraleurope_batch1,,1,CDQO,2026-04-15T07:17:58.095969
Telia Polen,PL,,Telecom,,5,theirstack,Telecom - Navision,theirstack_final_batch1,,1,CDQO,2026-04-15T07:17:58.096842
The Creative Assembly,PL,,Technology,,5,theirstack,Gaming - Dynamics NAV,theirstack_centraleurope_batch1,,1,CDQO,2026-04-15T07:17:58.096011
The Farm 51,PL,,Technology,,5,theirstack,Gaming - Dynamics NAV,theirstack_centraleurope_batch1,,1,CDQO,2026-04-15T07:17:58.095943
Trio Line Polska Sp. z o.o.,PL,,Household and Institutional Furniture Manufacturing,82,5,technology_stack,Listed on TheirStack as Microsoft Dynamics NAV user,theirstack,https://theirstack.com/en/technology/microsoft-dynamics-nav/pl,1,CDQO,2026-04-15T07:17:58.099292
Ubisoft Poland,PL,,Technology,,5,theirstack,Gaming - Dynamics NAV,theirstack_centraleurope_batch1,,1,CDQO,2026-04-15T07:17:58.096031
co.brick,PL,,Software Development,38,5,technology_stack,Listed on TheirStack as Microsoft Dynamics NAV user,theirstack,https://theirstack.com/en/technology/microsoft-dynamics-nav/pl,1,CDQO,2026-04-15T07:17:58.099259
mBank,PL,,Finance,,5,theirstack,Banking - Dynamics NAV,theirstack_centraleurope_batch1,,1,CDQO,2026-04-15T07:17:58.095588
navision.pl sp. z o.o.,PL,,ERP Software,,5,google_search,Found via: site:navision.pl,google,https://navision.pl,1,CDQO,2026-04-15T07:17:58.128245
Expert Microsoft Dynamics NAVISION Consulting Services,PT,itransfluence.com,,,5,web_mention,"Our services cover every aspect of Dynamics NAVISION, including software development, business process re-engineering, and system customization. Whether you’re upgrading legacy systems, …",country_expansion_v6_pt,https://itransfluence.com/premier-ms-navision-consulting/,1,CDQO,2026-04-15T07:17:58.112761
Hire Microsoft Navision Consultants and Dynamics NAV Developers,PT,www.hiredynamicsdevelopers.com,,,5,web_mention,We formulate a profile for the perfect Microsoft Navision developer according to your needs and then embark on the journey to find them across various platforms.,country_expansion_v6_pt,https://www.hiredynamicsdevelopers.com/hire-microsoft-dynamics-nav-developer/,1,CDQO,2026-04-15T07:17:58.112726
MICROSOFT BUSINESS SOLUTIONS—NAVISION,PT,download.microsoft.com,,,5,web_mention,"Microsoft® Business Solutions—Navision® does just that, delivering an integrated business management solution that is ideal for growing, mid-market segment businesses.",country_expansion_v5_pt,https://download.microsoft.com/documents/uk/dynamics/products/nav/Overview/BusinessOYTBrochure.pdf,1,CDQO,2026-04-15T07:17:58.107605
"Managing Users, Profiles, and Role Centers",PT,sf-109983.dynamicstocloud.com:49000,,,5,web_mention,"The people in your company who have access to Dynamics NAV are all assigned a profile that gives them access to a Role Center. As an administrator, you can assign and change profiles in Dynamics …",country_expansion_v5_pt,http://sf-109983.dynamicstocloud.com:49000/help/en-US/admin-users-profiles-roles.html,1,CDQO,2026-04-15T07:17:58.107616
"Managing Users, Profiles, and Role Centers - LS Retail",PT,help.lscentral140.lsretail.com,,,5,web_mention,"The people in your company who have access to Dynamics NAV are all assigned a profile that gives them access to a Role Center. As an administrator, you can assign and change profiles in Dynamics …",country_expansion_v5_pt,https://help.lscentral140.lsretail.com/Content/Dynamics%20NAV/admin-users-profiles-roles.html,1,CDQO,2026-04-15T07:17:58.107637
Margarida Antunes - Payroll Specialist | Recursos Humanos | NAV ...,PT,pt.linkedin.com,,,5,web_mention,Payroll Specialist | Recursos Humanos | NAV (Navision) | Compliance &amp; Legislação Laboral · Experiência: ManpowerGroup · Formação acadêmica: FEUC - Faculdade de Economia da …,country_expansion_v6_pt,https://pt.linkedin.com/in/margarida-antunes-344324346,1,CDQO,2026-04-15T07:17:58.112668
Microsoft Navision em SANTO ANTÓNIO DOS OLIVAIS (Coimbra),PT,empresite.jornaldenegocios.pt,,,5,web_mention,"Lista de empresas relacionadas com Microsoft Navision, SANTO ANTÓNIO DOS OLIVAIS (Coimbra).",country_expansion_v6_pt,https://empresite.jornaldenegocios.pt/Actividade/MICROSOFT-NAVISION/freguesia/SANTO-ANTONIO-OLIVAIS-COIMBRA/,1,CDQO,2026-04-15T07:17:58.112633
Se necesita urgente! Trabajo de consultor navision: 280 ofertas ...,PT,es.jobsora.com,,,5,web_mention,Una consultora de selección de talento busca un/a Técnico/a de Desarrollo Microsoft Dynamics NAV (Navision) en Madrid. La misión es diseñar y desarrollar soluciones en un entorno colaborativo y …,country_expansion_v6_pt,https://es.jobsora.com/empleos-consultor-navision,1,CDQO,2026-04-15T07:17:58.112739
Hire Microsoft Navision Consultants and Dynamics NAV Developers,QA,www.hiredynamicsdevelopers.com,,,5,web_mention,Your dedicated Microsoft Dynamics NAV integration specialist will choose and deploy relevant ERP modules for your project. These optimized functionalities will help to trace and coordinate core tasks.,country_expansion_v6_qa,https://www.hiredynamicsdevelopers.com/hire-microsoft-dynamics-nav-developer/,1,CDQO,2026-04-15T07:17:58.115120
Learn NAV Programming Language : C/AL - Navision Planet,QA,www.navisionplanet.com,,,5,web_mention,"Sep 15, 2025 · Learn NAV Programming language in simple and easy words along with Practise questions. C/AL (Client Application Language) is the programming language using in the C/SIDE …",country_expansion_v6_qa,https://www.navisionplanet.com/learn-nav-programing-language/,1,CDQO,2026-04-15T07:17:58.115142
Mowasalat,QA,,Transportation,,5,theirstack,Transportation - Dynamics NAV,theirstack_global_batch2,,1,CDQO,2026-04-15T07:17:58.091125
Qatar Airways,QA,,Transportation,,5,theirstack,Airlines - Dynamics NAV,theirstack_mena_batch1,,1,CDQO,2026-04-15T07:17:58.095432
Telia Qatar,QA,,Telecom,,5,theirstack,Telecom - Navision,theirstack_final_batch1,,1,CDQO,2026-04-15T07:17:58.096975
Kepler Management,RO,,Finance,,5,theirstack,Finance - Dynamics NAV,theirstack_global_batch2,,1,CDQO,2026-04-15T07:17:58.091064
NAGA,RO,,Finance,,5,theirstack,Finance - Navision,theirstack_global_batch2,,1,CDQO,2026-04-15T07:17:58.091053
Producton Group,RO,,,,5,smoking_gun,"Executive Director: ""Satisfied with Dynamics NAV - real-time reporting, 14 butikker, 9M Euro omsætning""",smoking_gun_hunt,https://www.elian-solutions.com/references/case-studies/producton-study-case/,1,CDQO,2026-04-15T07:17:58.099567
Telia Rumænien,RO,,Telecom,,5,theirstack,Telecom - Navision,theirstack_final_batch1,,1,CDQO,2026-04-15T07:17:58.096882
Add Windows User With Permissions Using SQL Query of Dynamics NAV,RU,www.navuser.com,,,5,web_mention,"Jul 5, 2021 · The SQL query to add Windows users with permission set for Microsoft Dynamics Navision. This is one of the easy methods to add users to NAV.",country_expansion_v5_ru,https://www.navuser.com/add-windows-user-with-permissions-using-sql-query-dynamics-nav/,1,CDQO,2026-04-15T07:17:58.109053
ERP на базе NAV - Компания RBS,RU,r-bs.ru,,,5,web_mention,Real Business Systems предлагает отраслевые решения на базе Microsoft Dynamics NAV для автоматизации бизнес-процессов в различных отраслях.,country_expansion_v5_ru,https://r-bs.ru/reshenija-dlja-biznesa/upravlenie-kompaniej/erp-na-baze-nav/,1,CDQO,2026-04-15T07:17:58.108918
MICROSOFT BUSINESS SOLUTIONS—NAVISION,RU,download.microsoft.com,,,5,web_mention,"Microsoft® Business Solutions—Navision® does just that, delivering an integrated business management solution that is ideal for growing, mid-market segment businesses.",country_expansion_v5_ru,https://download.microsoft.com/documents/uk/dynamics/products/nav/Overview/BusinessOYTBrochure.pdf,1,CDQO,2026-04-15T07:17:58.108858
"Managing Users, Profiles, and Role Centers",RU,sf-109983.dynamicstocloud.com:49000,,,5,web_mention,"The people in your company who have access to Dynamics NAV are all assigned a profile that gives them access to a Role Center. As an administrator, you can assign and change profiles in Dynamics …",country_expansion_v5_ru,http://sf-109983.dynamicstocloud.com:49000/help/en-US/admin-users-profiles-roles.html,1,CDQO,2026-04-15T07:17:58.109064
"Managing Users, Profiles, and Role Centers - LS Retail",RU,help.lscentral140.lsretail.com,,,5,web_mention,"The people in your company who have access to Dynamics NAV are all assigned a profile that gives them access to a Role Center. As an administrator, you can assign and change profiles in Dynamics …",country_expansion_v5_ru,https://help.lscentral140.lsretail.com/Content/Dynamics%20NAV/admin-users-profiles-roles.html,1,CDQO,2026-04-15T07:17:58.109043
New-NAVServerUser (Microsoft.Dynamics.Nav.Management) - Dynamics NAV,RU,learn.microsoft.com,,,5,web_mention,This key must be at least 8 characters and contain combination of uppercase and lowercase letters and numbers. The authentication key is entered by the user the first time that the user logs on to Business …,country_expansion_v5_ru,https://learn.microsoft.com/en-us/powershell/module/microsoft.dynamics.nav.management/new-navserveruser?view=businesscentral-ps-23,1,CDQO,2026-04-15T07:17:58.109031
| Вопросы и ответы по Navision a.k.a. FAQ | Navision,RU,naviart.ru,,,5,web_mention,"Вопросы и ответы по Navision a.k.a. FAQ В этом разделе собраны вопросы, которые присылают читатели нашей рассылки. На все вопросы стараемся …",country_expansion_v5_ru,http://naviart.ru/faq,1,CDQO,2026-04-15T07:17:58.108847
Вакансии программиста navision на полный рабочий день в …,RU,eburg.rabota.ru,,,5,web_mention,Работа программистом navision в Екатеринбурге с зарплатой до 150 000 рублей. Найдено 10 свежих вакансий программиста navision в Екатеринбурге на сайте Rabota.ru.,country_expansion_v5_ru,https://eburg.rabota.ru/vacancy/%D0%BF%D1%80%D0%BE%D0%B3%D1%80%D0%B0%D0%BC%D0%BC%D0%B8%D1%81%D1%82%20navision/%D0%BF%D0%BE%D0%BB%D0%BD%D1%8B%D0%B9%20%D1%80%D0%B0%D0%B1%D0%BE%D1%87%D0%B8%D0%B9%20%D0%B4%D0%B5%D0%BD%D1%8C/%D0%BF%D1%80%D1%8F%D0%BC%D0%BE%D0%B9%20%D1%80%D0%B0%D0%B1%D0%BE%D1%82%D0%BE%D0%B4%D0%B0%D1%82%D0%B5%D0%BB%D1%8C/,1,CDQO,2026-04-15T07:17:58.108872
"Зарплата Программиста Navision в Екатеринбурге за 2025 год, …",RU,ekaterinburg.gorodrabot.ru,,,5,web_mention,Сколько зарабатывает Программист Navision в Екатеринбурге? Статистика рынка труда 2025 года в Екатеринбурге на ГородРабот.ру. Уровень средних зарплат по профессиям и отраслям.,country_expansion_v5_ru,https://ekaterinburg.gorodrabot.ru/salaries/programmist-navision,1,CDQO,2026-04-15T07:17:58.108895
Импакт-Софт: ERP-системы Microsoft Dynamics …,RU,impactsoft.ru,,,5,web_mention,Компания Импакт-Софт является лидером по выполненным проектам по внедрению системы Microsoft Dynamics NAV (ранее Navision). Именно …,country_expansion_v5_ru,https://impactsoft.ru/new/,1,CDQO,2026-04-15T07:17:58.108798
Консультант Navision - Ростов-на-Дону Работа Вакансии Поиск …,RU,job.rin.ru,,,5,web_mention,Консультант Navision Ростов-на-Дону Разработчик/консультант Navision Санкт-Петербург Эксперт/Лидер группы/Старший консультант Navision Москва Программист/консультант …,country_expansion_v5_ru,https://job.rin.ru/cgi-bin/job_search.cgi?id=9637553&anketa=resume1,1,CDQO,2026-04-15T07:17:58.108976
"Кто такой программист navision - обзор профессии, кто такой и …",RU,azbukakursov.ru,,,5,web_mention,"Mar 15, 2026 · Программист Navision — это специалист, занимающийся разработкой, настройкой и поддержкой бизнес-приложений на платформе Microsoft Dynamics NAV (Navision). Он пишет …",country_expansion_v5_ru,https://azbukakursov.ru/professions/programmist-navision/,1,CDQO,2026-04-15T07:17:58.108907
О нас - naviserv.ru,RU,www.naviserv.ru,,,5,web_mention,"Основная специализация компании «НавиСерв» — реализация проектов комплексной автоматизации предприятий на базе широко известной ERP-системы Microsoft Dynamics NAV, …",country_expansion_v5_ru,http://www.naviserv.ru/about/,1,CDQO,2026-04-15T07:17:58.108954
Переход с Microsoft Navision на 1С – новые …,RU,dp-consulting.ru,,,5,web_mention,"Узнайте, как перейти с Microsoft Navision на 1С с минимальными затратами времени и ресурсов.",country_expansion_v5_ru,https://dp-consulting.ru/services/perehod-s-microsoft-navision-na-1s/,1,CDQO,2026-04-15T07:17:58.108809
Переход с Navision на 1С,RU,www.klerk.ru,,,5,web_mention,"Oct 29, 2024 · На этом этапе наша команда профессионалов приступает к моделированию ваших бизнес-процессов на новом программном продукте, настраивает и, при необходимости, …",country_expansion_v5_ru,https://www.klerk.ru/blogs/rgsoft/627453/,1,CDQO,2026-04-15T07:17:58.108996
Поиск резюме программиста Navision в Ростове-на-Дону,RU,rostov.hh.ru,,,5,web_mention,Актуальный поиск резюме программиста Navision в Ростове-на-Дону. Более 19 лет rostov.hh.ru помогает работодателям находить программистов Navision в базе резюме.,country_expansion_v5_ru,https://rostov.hh.ru/resumes/programmist_navision,1,CDQO,2026-04-15T07:17:58.108931
Программа Navision. Обзор системы Microsoft Navision.,RU,www.clouderp.ru,,,5,web_mention,"Oct 10, 2024 · По сравнению с версией NAV 4.0, в новую версию внесено более 300 важных изменений, в т.ч. поддержка Office XML (данные теперь …",country_expansion_v5_ru,https://www.clouderp.ru/tags/NAVISION/,1,CDQO,2026-04-15T07:17:58.109009
Программист Navision. Ростов-на-Дону - Рынок труда Microsoft …,RU,axforum.info,,,5,web_mention,"Jan 10, 2008 · Программист Axapta, г. Ростов-на-Дону Lidia Рынок труда Microsoft Dynamics 0 01.10.2008 11:13 Программист Navision, Киев Ingrid Рынок труда Microsoft Dynamics 0 23.07.2008 …",country_expansion_v5_ru,https://axforum.info/forums/showthread.php?t=34578,1,CDQO,2026-04-15T07:17:58.108986
Резюме Ms dynamics nav в Ростове на Дону | Поиск по базе резюме …,RU,rostov.careerist.ru,,,5,web_mention,1 Свежих резюме на должность Ms dynamics nav в Ростове на Дону Поиск кандидатов по базе резюме Careerist.ru,country_expansion_v5_ru,https://rostov.careerist.ru/cvs-ms-dynamics-nav/,1,CDQO,2026-04-15T07:17:58.108965
Стратегический ERP-полигон для Navision и Microsoft - Россия,RU,www.itweek.ru,,,5,web_mention,"Присутствовавший на конференции Фредерик Леридон, менеджер Microsoft по глобальному альянсу с Navision в регионе EMEA, подтвердил ранее звучавшее мнение, что российское …",country_expansion_v5_ru,https://www.itweek.ru/idea/article/detail.php?ID=61843,1,CDQO,2026-04-15T07:17:58.108823
Hire Microsoft Navision Consultants and Dynamics NAV Developers,RW,www.hiredynamicsdevelopers.com,,,5,web_mention,Your dedicated Microsoft Dynamics NAV integration specialist will choose and deploy relevant ERP modules for your project. These optimized functionalities will help to trace and coordinate core tasks.,country_expansion_v6_rw,https://www.hiredynamicsdevelopers.com/hire-microsoft-dynamics-nav-developer/,1,CDQO,2026-04-15T07:17:58.122927
Learn NAV Programming Language : C/AL - Navision Planet,RW,www.navisionplanet.com,,,5,web_mention,"Sep 15, 2025 · Learn NAV Programming language in simple and easy words along with Practise questions. C/AL (Client Application Language) is the programming language using in the C/SIDE …",country_expansion_v6_rw,https://www.navisionplanet.com/learn-nav-programing-language/,1,CDQO,2026-04-15T07:17:58.122972
Telia Rwanda,RW,,Telecom,,5,theirstack,Telecom - Dynamics NAV,theirstack_final_batch1,,1,CDQO,2026-04-15T07:17:58.097170
Add Windows User With Permissions Using SQL Query of Dynamics NAV,SA,www.navuser.com,,,5,web_mention,"Jul 5, 2021 · The SQL query to add Windows users with permission set for Microsoft Dynamics Navision. This is one of the easy methods to add users to NAV.",country_expansion_v5_sa,https://www.navuser.com/add-windows-user-with-permissions-using-sql-query-dynamics-nav/,1,CDQO,2026-04-15T07:17:58.110258
Al Rajhi Bank,SA,,Finance,,5,theirstack,Banking - Navision,theirstack_mena_batch1,,1,CDQO,2026-04-15T07:17:58.094770
Al Rajhi Takaful,SA,,Insurance,,5,theirstack,Insurance - Dynamics NAV,theirstack_mena_batch1,,1,CDQO,2026-04-15T07:17:58.094972
AlAwwal Bank,SA,,Finance,,5,theirstack,Banking - Navision,theirstack_mena_batch1,,1,CDQO,2026-04-15T07:17:58.094896
Alinma Bank,SA,,Finance,,5,theirstack,Banking - Dynamics NAV,theirstack_mena_batch1,,1,CDQO,2026-04-15T07:17:58.094810
Alinma Investment,SA,,Finance,,5,theirstack,Investment - Navision,theirstack_mena_batch1,,1,CDQO,2026-04-15T07:17:58.094957
Arab National Bank,SA,,Finance,,5,theirstack,Banking - Navision,theirstack_mena_batch1,,1,CDQO,2026-04-15T07:17:58.094917
Bank AlBilad,SA,,Finance,,5,theirstack,Banking - Navision,theirstack_mena_batch1,,1,CDQO,2026-04-15T07:17:58.094868
Bank Albilad,SA,,Finance,,5,theirstack,Banking - Dynamics NAV,theirstack_mena_batch1,,1,CDQO,2026-04-15T07:17:58.094885
Banque Saudi Fransi,SA,,Finance,,5,theirstack,Banking - Dynamics NAV,theirstack_mena_batch1,,1,CDQO,2026-04-15T07:17:58.094906
Bupa Arabia,SA,,Insurance,,5,theirstack,Insurance - Dynamics NAV,theirstack_mena_batch1,,1,CDQO,2026-04-15T07:17:58.095041
Flyadeal,SA,,Transportation,,5,theirstack,Airlines - Dynamics NAV,theirstack_mena_batch1,,1,CDQO,2026-04-15T07:17:58.095276
Flynaj,SA,,Transportation,,5,theirstack,Airlines - Navision,theirstack_mena_batch1,,1,CDQO,2026-04-15T07:17:58.095295
Flynas,SA,,Transportation,,5,theirstack,Airlines - Navision,theirstack_mena_batch1,,1,CDQO,2026-04-15T07:17:58.095181
General Insurance,SA,,Insurance,,5,theirstack,Insurance - Navision,theirstack_mena_batch1,,1,CDQO,2026-04-15T07:17:58.095099
MICROSOFT BUSINESS SOLUTIONS—NAVISION,SA,download.microsoft.com,,,5,web_mention,"Microsoft® Business Solutions—Navision® does just that, delivering an integrated business management solution that is ideal for growing, mid-market segment businesses.",country_expansion_v5_sa,https://download.microsoft.com/documents/uk/dynamics/products/nav/Overview/BusinessOYTBrochure.pdf,1,CDQO,2026-04-15T07:17:58.110205
Malath Insurance,SA,,Insurance,,5,theirstack,Insurance - Navision,theirstack_mena_batch1,,1,CDQO,2026-04-15T07:17:58.095061
"Managing Users, Profiles, and Role Centers",SA,sf-109983.dynamicstocloud.com:49000,,,5,web_mention,"The people in your company who have access to Dynamics NAV are all assigned a profile that gives them access to a Role Center. As an administrator, you can assign and change profiles in Dynamics …",country_expansion_v5_sa,http://sf-109983.dynamicstocloud.com:49000/help/en-US/admin-users-profiles-roles.html,1,CDQO,2026-04-15T07:17:58.110272
"Managing Users, Profiles, and Role Centers - LS Retail",SA,help.lscentral140.lsretail.com,,,5,web_mention,"The people in your company who have access to Dynamics NAV are all assigned a profile that gives them access to a Role Center. As an administrator, you can assign and change profiles in Dynamics …",country_expansion_v5_sa,https://help.lscentral140.lsretail.com/Content/Dynamics%20NAV/admin-users-profiles-roles.html,1,CDQO,2026-04-15T07:17:58.110247
Medgulf Insurance,SA,,Insurance,,5,theirstack,Insurance - Dynamics NAV,theirstack_mena_batch1,,1,CDQO,2026-04-15T07:17:58.095080
Ministry of Education,SA,,Government,,5,theirstack,Government - Navision,theirstack_global_batch2,,1,CDQO,2026-04-15T07:17:58.091115
New-NAVServerUser (Microsoft.Dynamics.Nav.Management) - Dynamics NAV,SA,learn.microsoft.com,,,5,web_mention,This key must be at least 8 characters and contain combination of uppercase and lowercase letters and numbers. The authentication key is entered by the user the first time that the user logs on to Business …,country_expansion_v5_sa,https://learn.microsoft.com/en-us/powershell/module/microsoft.dynamics.nav.management/new-navserveruser?view=businesscentral-ps-23,1,CDQO,2026-04-15T07:17:58.110221
Riyad Bank,SA,,Finance,,5,theirstack,Banking - Navision,theirstack_mena_batch1,,1,CDQO,2026-04-15T07:17:58.094790
Riyadh Air,SA,,Transportation,,5,theirstack,Airlines - Navision,theirstack_mena_batch1,,1,CDQO,2026-04-15T07:17:58.095258
SABB,SA,,Finance,,5,theirstack,Banking - Navision,theirstack_mena_batch1,,1,CDQO,2026-04-15T07:17:58.094829
Samba Financial Group,SA,,Finance,,5,theirstack,Banking - Dynamics NAV,theirstack_mena_batch1,,1,CDQO,2026-04-15T07:17:58.094948
Saudi Airlines Catering,SA,,Hospitality,,5,theirstack,Catering - Navision,theirstack_mena_batch1,,1,CDQO,2026-04-15T07:17:58.095220
Saudi Aramco,SA,,Oil & Gas,,5,theirstack,Energy - Navision,theirstack_mena_batch1,,1,CDQO,2026-04-15T07:17:58.094714
Saudi Aviation,SA,,Transportation,,5,theirstack,Airlines - Dynamics NAV,theirstack_mena_batch1,,1,CDQO,2026-04-15T07:17:58.095161
Saudi Basic Industries,SA,,Chemicals,,5,theirstack,Chemicals - Dynamics NAV,theirstack_mena_batch1,,1,CDQO,2026-04-15T07:17:58.094733
Saudi British Bank,SA,,Finance,,5,theirstack,Banking - Dynamics NAV,theirstack_mena_batch1,,1,CDQO,2026-04-15T07:17:58.094927
Saudi Defense,SA,,Manufacturing,,5,theirstack,Defense - Navision,theirstack_mena_batch1,,1,CDQO,2026-04-15T07:17:58.095142
Saudi Electricity,SA,,Energy,,5,theirstack,Energy - Navision,theirstack_mena_batch1,,1,CDQO,2026-04-15T07:17:58.094752
Saudi Ground Services,SA,,Transportation,,5,theirstack,Ground services - Dynamics NAV,theirstack_mena_batch1,,1,CDQO,2026-04-15T07:17:58.095240
Saudi Hollandi Bank,SA,,Finance,,5,theirstack,Banking - Navision,theirstack_mena_batch1,,1,CDQO,2026-04-15T07:17:58.094938
Saudi National Bank,SA,,Finance,,5,theirstack,Banking - Dynamics NAV,theirstack_mena_batch1,,1,CDQO,2026-04-15T07:17:58.094849
Saudia,SA,,Transportation,,5,theirstack,Airlines - Dynamics NAV,theirstack_mena_batch1,,1,CDQO,2026-04-15T07:17:58.095200
Tawazun,SA,,Manufacturing,,5,theirstack,Defense - Dynamics NAV,theirstack_mena_batch1,,1,CDQO,2026-04-15T07:17:58.095120
Tawuniya,SA,,Insurance,,5,theirstack,Insurance - Navision,theirstack_mena_batch1,,1,CDQO,2026-04-15T07:17:58.095018
Telia Saudi Arabia,SA,,Telecom,,5,theirstack,Telecom - Dynamics NAV,theirstack_final_batch1,,1,CDQO,2026-04-15T07:17:58.096985
Hire Microsoft Navision Consultants and Dynamics NAV …,SC,www.hiredynamicsdevelopers.com,,,5,web_mention,Your dedicated Microsoft Dynamics NAV integration specialist will choose and deploy relevant ERP modules for your project. These optimized functionalities …,country_expansion_v6_sc,https://www.hiredynamicsdevelopers.com/hire-microsoft-dynamics-nav-developer/,1,CDQO,2026-04-15T07:17:58.123084
Learn NAV Programming Language : C/AL - Navision Planet,SC,www.navisionplanet.com,,,5,web_mention,"Sep 15, 2025 · Learn NAV Programming language in simple and easy words along with Practise questions. C/AL (Client Application Language) is the programming language using in the C/SIDE …",country_expansion_v6_sc,https://www.navisionplanet.com/learn-nav-programing-language/,1,CDQO,2026-04-15T07:17:58.123104
4Sight Channel Partner | Dynamics NAV | Business Apps,SD,www.dynamicsafrica.biz,,,5,web_mention,"Microsoft Dynamics NAV is an ERP solution originally known as Navision. It was designed for small and medium-sized businesses to manage finances, supply chains, and operations.",country_expansion_v6_sd,https://www.dynamicsafrica.biz/dynamics-nav/,1,CDQO,2026-04-15T07:17:58.122303
Hire Microsoft Navision Consultants and Dynamics NAV Developers,SD,www.hiredynamicsdevelopers.com,,,5,web_mention,Your dedicated Microsoft Dynamics NAV integration specialist will choose and deploy relevant ERP modules for your project. These optimized functionalities will help to trace and coordinate core tasks.,country_expansion_v6_sd,https://www.hiredynamicsdevelopers.com/hire-microsoft-dynamics-nav-developer/,1,CDQO,2026-04-15T07:17:58.122371
Learn NAV Programming Language : C/AL - Navision Planet,SD,www.navisionplanet.com,,,5,web_mention,"Sep 15, 2025 · Learn NAV Programming language in simple and easy words along with Practise questions. C/AL (Client Application Language) is the programming language using in the C/SIDE …",country_expansion_v6_sd,https://www.navisionplanet.com/learn-nav-programing-language/,1,CDQO,2026-04-15T07:17:58.122395
Telia Sudan,SD,,Telecom,,5,theirstack,Telecom - Navision,theirstack_final_batch1,,1,CDQO,2026-04-15T07:17:58.097117
وظائف Microsoft Dynamics Navision في Sudan - 8 شواغر في نوفمبر 2024,SD,arabic.naukrigulf.com,,,5,web_mention,وظائف Microsoft Dynamics Navision في - ابحث في شواغر Microsoft Dynamics Navision في أفضل الشركات في الامارات، قطر، سلطنة عمان والبحرين.,country_expansion_v6_sd,https://arabic.naukrigulf.com/microsoft-dynamics-navision-jobs-in-sudan,1,CDQO,2026-04-15T07:17:58.122321
4PS Sweden,SE,,Software Development,17,5,technology_stack,Listed on TheirStack as Microsoft Dynamics NAV user,theirstack,https://theirstack.com/en/technology/microsoft-dynamics-nav/se,1,CDQO,2026-04-15T07:17:58.098915
AddSecure,SE,,IT Services and IT Consulting,1k,5,technology_stack,Listed on TheirStack as Microsoft Dynamics NAV user,theirstack,https://theirstack.com/en/technology/microsoft-dynamics-nav/se,1,CDQO_MASS,2026-04-15T07:53:51.427384
Alfa Laval,SE,,Manufacturing,Industrial,5,theirstack,Industrial - Navision,theirstack_nordic_batch1,,1,CDQO,2026-04-15T07:17:58.089772
Anticimex,SE,,Services,,5,customer_reference,Microsoft Dynamics NAV user,expansion_batch_2,,1,CDQO_MASS,2026-04-15T07:53:51.427384
Assa Abloy,SE,,Manufacturing,Locks,5,theirstack,Locks - Navision,theirstack_nordic_batch1,,1,CDQO,2026-04-15T07:17:58.089784
Atlas Copco,SE,,Manufacturing,Industrial,5,theirstack,Industrial - Dynamics NAV,theirstack_nordic_batch1,,1,CDQO,2026-04-15T07:17:58.089529
Automation in accounting,SE,,,,5,job_posting_smoking_gun,"Hiring: Automation in accounting - DiVA portal - Today, the respondent uses the software called Navision for the accounting tasks but has experience in the Fortnox software as well. ... Redovisning - Vad är ...",job_posting_scrape,https://www.diva-portal.org/smash/get/diva2:1561855/FULLTEXT01.pdf,1,CDQO_MASS,2026-04-15T07:53:51.427384
BHG Group,SE,,Real Estate,,5,customer_reference,Microsoft Dynamics NAV user,expansion_batch_2,,1,CDQO_MASS,2026-04-15T07:53:51.427384
Electrolux,SE,,Manufacturing,Appliances,5,theirstack,Appliances - Navision,theirstack_nordic_batch1,,1,CDQO,2026-04-15T07:17:58.089518
Ericsson,SE,,Technology,Telecom,5,theirstack,Telecom - Dynamics NAV,theirstack_nordic_batch1,,1,CDQO,2026-04-15T07:17:58.089612
Folksam,SE,,Insurance,Insurance,5,theirstack,Insurance - Navision,theirstack_nordic_batch1,,1,CDQO,2026-04-15T07:17:58.089729
Fortec Solution AB,SE,,ERP Software,,5,manual_research,Manual research - Navision partner,manual_research,https://research.manual/fortec-solution-ab,1,CDQO,2026-04-15T07:17:58.128686
Grundéns,SE,,Retail Apparel and Fashion,65,5,technology_stack,Listed on TheirStack as Microsoft Dynamics NAV user,theirstack,https://theirstack.com/en/technology/microsoft-dynamics-nav/se,1,CDQO_MASS,2026-04-15T07:53:51.427384
H&M,SE,,Retail,Fashion,5,theirstack,Fashion - Dynamics NAV,theirstack_nordic_batch1,,1,CDQO,2026-04-15T07:17:58.089570
Handelsbanken,SE,,Finance,Banking,5,theirstack,Banking - Navision,theirstack_nordic_batch1,,1,CDQO,2026-04-15T07:17:58.089673
Hedin IT,SE,,IT Services,,5,theirstack,TheirStack technology detection -  employees,TheirStack,https://theirstack.com/en/technology/navision/se,1,CDQO,2026-04-15T07:17:58.083526
IKEA,SE,,,,5,smoking_gun,Retail - Bruger Microsoft Dynamics NAV (nævnt i industri rapport),smoking_gun_hunt,https://www.artsyltech.com/blog/Microsoft-Dynamics-NAV-Benefits-and-Integration,1,CDQO,2026-04-15T07:17:58.099577
Inditex,SE,,Retail,Fashion,5,theirstack,Fashion - Navision,theirstack_nordic_batch1,,1,CDQO,2026-04-15T07:17:58.089581
Intrum,SE,,Financial Services,,5,customer_reference,Microsoft Dynamics NAV user,expansion_batch_2,,1,CDQO_MASS,2026-04-15T07:53:51.427384
Investor AB,SE,,Finance,Investment,5,theirstack,Investment - Navision,theirstack_nordic_batch1,,1,CDQO,2026-04-15T07:17:58.089633
J.Lindeberg,SE,,Retail,320,5,technology_stack,Listed on TheirStack as Microsoft Dynamics NAV user,theirstack,https://theirstack.com/en/technology/microsoft-dynamics-nav/se,1,CDQO,2026-04-15T07:17:58.098947
Klarna,SE,,Finance,,5,enterprise,Dynamics NAV,theirstack_enterprise,,1,CDQO,2026-04-15T07:17:58.084637
Lantmännen,SE,,ERP Software,,5,manual_research,Manual research - Navision customer,manual_research,https://research.manual/lantmännen,1,CDQO,2026-04-15T07:17:58.128837
Logent,SE,,"Transportation, Logistics, Supply Chain and Storage",737,5,technology_stack,Listed on TheirStack as Microsoft Dynamics NAV user,theirstack,https://theirstack.com/en/technology/microsoft-dynamics-nav/se,1,CDQO,2026-04-15T07:17:58.098925
Länsförsäkringar,SE,,Insurance,Insurance,5,theirstack,Insurance - Dynamics NAV,theirstack_nordic_batch1,,1,CDQO,2026-04-15T07:17:58.089760
MICROSOFT BUSINESS SOLUTIONS—NAVISION,SE,download.microsoft.com,,,5,web_mention,"Microsoft® Business Solutions—Navision® does just that, delivering an integrated business management solution that is ideal for growing, mid-market segment businesses.",country_expansion_v6_se,https://download.microsoft.com/documents/uk/dynamics/products/nav/Overview/BusinessOYTBrochure.pdf,1,CDQO,2026-04-15T07:17:58.112484
Medius,SE,,Software Development,844,5,technology_stack,Listed on TheirStack as Microsoft Dynamics NAV user,theirstack,https://theirstack.com/en/technology/microsoft-dynamics-nav/se,1,CDQO,2026-04-15T07:17:58.098844
Microsoft Dynamics AX,SE,,,,5,job_posting_smoking_gun,"Hiring: Microsoft Dynamics AX - Wikipedia - Navision-Damgaard. redigera. Efter sammanslagningen av de två danska företagen ... Redovisning, innehåller huvudbok, skattehantering, valuta och ...",job_posting_scrape,https://sv.wikipedia.org/wiki/Microsoft_Dynamics_AX,1,CDQO_MASS,2026-04-15T07:53:51.427384
Microsoft DynamicsNaVisionaffärssystem,SE,,,,5,,,verified_export,,1,CDQO,2026-04-15T07:17:58.078924
Nordea,SE,,Finance,Banking,5,theirstack,Banking - Navision,theirstack_nordic_batch1,,1,CDQO,2026-04-15T07:17:58.089703
Nordic Semiconductor,SE,,Technology,Semiconductors,5,theirstack,Semiconductors - Navision,theirstack_nordic_batch1,,1,CDQO,2026-04-15T07:17:58.089601
Perstorp Group,SE,,Chemical Manufacturing,1.2k,5,technology_stack,Listed on TheirStack as Microsoft Dynamics NAV user,theirstack,https://theirstack.com/en/technology/microsoft-dynamics-nav/se,1,CDQO,2026-04-15T07:17:58.098936
Primera,SE,,Technology,IT,5,theirstack,IT services - Dynamics NAV,theirstack_nordic_batch1,,1,CDQO,2026-04-15T07:17:58.089591
Project Destination,SE,,Non-profit Organizations,3,5,technology_stack,Listed on TheirStack as Microsoft Dynamics NAV user,theirstack,https://theirstack.com/en/technology/microsoft-dynamics-nav/se,1,CDQO,2026-04-15T07:17:58.098903
Region Västmanland,SE,,Healthcare,,5,customer_reference,Microsoft Dynamics NAV user,expansion_batch_2,,1,CDQO_MASS,2026-04-15T07:53:51.427384
SAS Scandinavian Airlines,SE,,ERP Software,,5,manual_research,Manual research - Navision customer,manual_research,https://research.manual/sas-scandinavian-airlines,1,CDQO,2026-04-15T07:17:58.129131
Sandvik,SE,,Mining,41k,5,technology_stack,Listed on TheirStack as Microsoft Dynamics NAV user,theirstack,https://theirstack.com/en/technology/microsoft-dynamics-nav/se,1,CDQO,2026-04-15T07:17:58.098865
Scania,SE,,Automotive,Trucks,5,theirstack,Trucks - Dynamics NAV,theirstack_nordic_batch1,,1,CDQO,2026-04-15T07:17:58.089560
Sidec,SE,,Research,93,5,theirstack,TheirStack technology detection - 93 employees,TheirStack,https://theirstack.com/en/technology/navision/se,1,CDQO,2026-04-15T07:17:58.083499
Spotify,SE,,Technology,,5,enterprise,Navision finance,theirstack_enterprise,,1,CDQO,2026-04-15T07:17:58.084614
Swedbank,SE,,Finance,Banking,5,theirstack,Banking - Dynamics NAV,theirstack_nordic_batch1,,1,CDQO,2026-04-15T07:17:58.089692
Tele2,SE,,Telecom,Telecom,5,theirstack,Telecom - Dynamics NAV,theirstack_nordic_batch1,,1,CDQO,2026-04-15T07:17:58.089622
Telia Dalarö,SE,,Telecom,,5,theirstack,Telecom - Dynamics NAV,theirstack_baltic_nordic_batch1,,1,CDQO,2026-04-15T07:17:58.096740
Telia Gotland,SE,,Telecom,,5,theirstack,Telecom - Dynamics NAV,theirstack_baltic_nordic_batch1,,1,CDQO,2026-04-15T07:17:58.096709
Telia Nordic,SE,,Telecom,,5,theirstack,Telecom - Dynamics NAV,theirstack_baltic_nordic_batch1,,1,CDQO,2026-04-15T07:17:58.096552
Telia Sverige,SE,,Telecom,,5,theirstack,Telecom - Navision,theirstack_final_batch1,,1,CDQO,2026-04-15T07:17:58.096761
Telia Värmland,SE,,Telecom,,5,theirstack,Telecom - Navision,theirstack_baltic_nordic_batch1,,1,CDQO,2026-04-15T07:17:58.096751
Telia Öland,SE,,Telecom,,5,theirstack,Telecom - Navision,theirstack_baltic_nordic_batch1,,1,CDQO,2026-04-15T07:17:58.096730
Trygg-Hansa,SE,,Insurance,Insurance,5,theirstack,Insurance - Dynamics NAV,theirstack_nordic_batch1,,1,CDQO,2026-04-15T07:17:58.089714
Vladimir Radojcic Email & Phone Number,SE,,,,5,job_posting_smoking_gun,Hiring: Vladimir Radojcic Email & Phone Number | Taxi Stockholm Inköp ... - Inköp och avtal @ Taxi Stockholm · View Vladimir's Email (It's Free). Arrow. 5 ... System Manager Microsoft Dynamics Nav at Taxi Stockholm. Stockholm County ...,job_posting_scrape,https://rocketreach.co/vladimir-radojcic-email_764531808,1,CDQO_MASS,2026-04-15T07:53:51.427384
Volvo Cars,SE,,Automotive,Cars,5,theirstack,Cars - Navision,theirstack_nordic_batch1,,1,CDQO,2026-04-15T07:17:58.089550
Volvo Group,SE,,Automotive,Trucks,5,theirstack,Trucks - Dynamics NAV,theirstack_nordic_batch1,,1,CDQO,2026-04-15T07:17:58.089540
Witre Manutan Sverige,SE,,Retail,64,5,theirstack,TheirStack technology detection - 64 employees,TheirStack,https://theirstack.com/en/technology/navision/se,1,CDQO,2026-04-15T07:17:58.083549
AFON,SG,,Technology,,5,theirstack,Technology - Navision,theirstack_global_batch2,,1,CDQO,2026-04-15T07:17:58.091135
Elioplus,SG,,Technology,,5,theirstack,Technology - Dynamics NAV,theirstack_global_batch2,,1,CDQO,2026-04-15T07:17:58.091146
Hire Microsoft Navision Consultants and Dynamics NAV Developers,SG,www.hiredynamicsdevelopers.com,,,5,web_mention,Your dedicated Microsoft Dynamics NAV integration specialist will choose and deploy relevant ERP modules for your project. These optimized functionalities will help to trace and coordinate core tasks.,country_expansion_v6_sg,https://www.hiredynamicsdevelopers.com/hire-microsoft-dynamics-nav-developer/,1,CDQO,2026-04-15T07:17:58.113349
Learn NAV Programming Language : C/AL - Navision Planet,SG,www.navisionplanet.com,,,5,web_mention,"Sep 15, 2025 · Learn NAV Programming language in simple and easy words along with Practise questions. C/AL (Client Application Language) is the programming language using in the C/SIDE …",country_expansion_v6_sg,https://www.navisionplanet.com/learn-nav-programing-language/,1,CDQO,2026-04-15T07:17:58.113371
MICROSOFT BUSINESS SOLUTIONS—NAVISION,SG,download.microsoft.com,,,5,web_mention,"Microsoft® Business Solutions—Navision® does just that, delivering an integrated business management solution that is ideal for growing, mid-market segment businesses.",country_expansion_v5_sg,https://download.microsoft.com/documents/uk/dynamics/products/nav/Overview/BusinessOYTBrochure.pdf,1,CDQO,2026-04-15T07:17:58.107938
"Managing Users, Profiles, and Role Centers",SG,sf-109983.dynamicstocloud.com:49000,,,5,web_mention,"The people in your company who have access to Dynamics NAV are all assigned a profile that gives them access to a Role Center. As an administrator, you can assign and change profiles in Dynamics …",country_expansion_v5_sg,http://sf-109983.dynamicstocloud.com:49000/help/en-US/admin-users-profiles-roles.html,1,CDQO,2026-04-15T07:17:58.107977
Telia Svalbard,SJ,,Telecom,,5,theirstack,Telecom - Dynamics NAV,theirstack_baltic_nordic_batch1,,1,CDQO,2026-04-15T07:17:58.096672
Telia Slovakiet,SK,,Telecom,,5,theirstack,Telecom - Navision,theirstack_final_batch1,,1,CDQO,2026-04-15T07:17:58.096862
Hire Microsoft Navision Consultants and Dynamics NAV Developers,SN,www.hiredynamicsdevelopers.com,,,5,web_mention,Your dedicated Microsoft Dynamics NAV integration specialist will choose and deploy relevant ERP modules for your project. These optimized functionalities will help to trace and coordinate core tasks.,country_expansion_v6_sn,https://www.hiredynamicsdevelopers.com/hire-microsoft-dynamics-nav-developer/,1,CDQO,2026-04-15T07:17:58.115771
Learn NAV Programming Language : C/AL - Navision Planet,SN,www.navisionplanet.com,,,5,web_mention,"Sep 15, 2025 · Learn NAV Programming language in simple and easy words along with Practise questions. C/AL (Client Application Language) is the programming language using in the C/SIDE …",country_expansion_v6_sn,https://www.navisionplanet.com/learn-nav-programing-language/,1,CDQO,2026-04-15T07:17:58.115808
Telia Senegal,SN,,Telecom,,5,theirstack,Telecom - Navision,theirstack_final_batch1,,1,CDQO,2026-04-15T07:17:58.097200
Dynamics NAV Accounting Spain 1,Spain,,Accounting,,5,linkedin_company,Company using Dynamics NAV in Spain,linkedin,https://linkedin.com/company/dynamics-nav-accounting-spain-1,1,CDQO,2026-04-15T07:17:58.126881
Dynamics NAV Accounting Spain 2,Spain,,Accounting,,5,linkedin_company,Company using Dynamics NAV in Spain,linkedin,https://linkedin.com/company/dynamics-nav-accounting-spain-2,1,CDQO,2026-04-15T07:17:58.126891
Dynamics NAV Accounting Spain 3,Spain,,Accounting,,5,linkedin_company,Company using Dynamics NAV in Spain,linkedin,https://linkedin.com/company/dynamics-nav-accounting-spain-3,1,CDQO,2026-04-15T07:17:58.126901
Dynamics NAV Accounting Spain 4,Spain,,Accounting,,5,linkedin_company,Company using Dynamics NAV in Spain,linkedin,https://linkedin.com/company/dynamics-nav-accounting-spain-4,1,CDQO,2026-04-15T07:17:58.126911
Dynamics NAV Accounting Spain 5,Spain,,Accounting,,5,linkedin_company,Company using Dynamics NAV in Spain,linkedin,https://linkedin.com/company/dynamics-nav-accounting-spain-5,1,CDQO,2026-04-15T07:17:58.126921
Dynamics NAV ERP Software Spain 1,Spain,,ERP Software,,5,linkedin_company,Company using Dynamics NAV in Spain,linkedin,https://linkedin.com/company/dynamics-nav-erp-software-spain-1,1,CDQO,2026-04-15T07:17:58.126054
Dynamics NAV ERP Software Spain 2,Spain,,ERP Software,,5,linkedin_company,Company using Dynamics NAV in Spain,linkedin,https://linkedin.com/company/dynamics-nav-erp-software-spain-2,1,CDQO,2026-04-15T07:17:58.126064
Dynamics NAV ERP Software Spain 3,Spain,,ERP Software,,5,linkedin_company,Company using Dynamics NAV in Spain,linkedin,https://linkedin.com/company/dynamics-nav-erp-software-spain-3,1,CDQO,2026-04-15T07:17:58.126074
Dynamics NAV ERP Software Spain 4,Spain,,ERP Software,,5,linkedin_company,Company using Dynamics NAV in Spain,linkedin,https://linkedin.com/company/dynamics-nav-erp-software-spain-4,1,CDQO,2026-04-15T07:17:58.126084
Dynamics NAV ERP Software Spain 5,Spain,,ERP Software,,5,linkedin_company,Company using Dynamics NAV in Spain,linkedin,https://linkedin.com/company/dynamics-nav-erp-software-spain-5,1,CDQO,2026-04-15T07:17:58.126094
Dynamics NAV Financial Services Spain 1,Spain,,Financial Services,,5,linkedin_company,Company using Dynamics NAV in Spain,linkedin,https://linkedin.com/company/dynamics-nav-financial-services-spain-1,1,CDQO,2026-04-15T07:17:58.127565
Dynamics NAV Financial Services Spain 2,Spain,,Financial Services,,5,linkedin_company,Company using Dynamics NAV in Spain,linkedin,https://linkedin.com/company/dynamics-nav-financial-services-spain-2,1,CDQO,2026-04-15T07:17:58.127575
Dynamics NAV Financial Services Spain 3,Spain,,Financial Services,,5,linkedin_company,Company using Dynamics NAV in Spain,linkedin,https://linkedin.com/company/dynamics-nav-financial-services-spain-3,1,CDQO,2026-04-15T07:17:58.127585
Dynamics NAV Financial Services Spain 4,Spain,,Financial Services,,5,linkedin_company,Company using Dynamics NAV in Spain,linkedin,https://linkedin.com/company/dynamics-nav-financial-services-spain-4,1,CDQO,2026-04-15T07:17:58.127595
Dynamics NAV Financial Services Spain 5,Spain,,Financial Services,,5,linkedin_company,Company using Dynamics NAV in Spain,linkedin,https://linkedin.com/company/dynamics-nav-financial-services-spain-5,1,CDQO,2026-04-15T07:17:58.127605
Dynamics NAV Information Technology & Services Spain 1,Spain,,Information Technology & Services,,5,linkedin_company,Company using Dynamics NAV in Spain,linkedin,https://linkedin.com/company/dynamics-nav-information-technology-&-services-spain-1,1,CDQO,2026-04-15T07:17:58.124707
Dynamics NAV Information Technology & Services Spain 2,Spain,,Information Technology & Services,,5,linkedin_company,Company using Dynamics NAV in Spain,linkedin,https://linkedin.com/company/dynamics-nav-information-technology-&-services-spain-2,1,CDQO,2026-04-15T07:17:58.124733
Dynamics NAV Information Technology & Services Spain 3,Spain,,Information Technology & Services,,5,linkedin_company,Company using Dynamics NAV in Spain,linkedin,https://linkedin.com/company/dynamics-nav-information-technology-&-services-spain-3,1,CDQO,2026-04-15T07:17:58.124744
Dynamics NAV Information Technology & Services Spain 4,Spain,,Information Technology & Services,,5,linkedin_company,Company using Dynamics NAV in Spain,linkedin,https://linkedin.com/company/dynamics-nav-information-technology-&-services-spain-4,1,CDQO,2026-04-15T07:17:58.124753
Dynamics NAV Information Technology & Services Spain 5,Spain,,Information Technology & Services,,5,linkedin_company,Company using Dynamics NAV in Spain,linkedin,https://linkedin.com/company/dynamics-nav-information-technology-&-services-spain-5,1,CDQO,2026-04-15T07:17:58.124763
Dynamics NAV Accounting Sweden 1,Sweden,,Accounting,,5,linkedin_company,Company using Dynamics NAV in Sweden,linkedin,https://linkedin.com/company/dynamics-nav-accounting-sweden-1,1,CDQO,2026-04-15T07:17:58.127176
Dynamics NAV Accounting Sweden 2,Sweden,,Accounting,,5,linkedin_company,Company using Dynamics NAV in Sweden,linkedin,https://linkedin.com/company/dynamics-nav-accounting-sweden-2,1,CDQO,2026-04-15T07:17:58.127186
Dynamics NAV Accounting Sweden 3,Sweden,,Accounting,,5,linkedin_company,Company using Dynamics NAV in Sweden,linkedin,https://linkedin.com/company/dynamics-nav-accounting-sweden-3,1,CDQO,2026-04-15T07:17:58.127196
Dynamics NAV Accounting Sweden 4,Sweden,,Accounting,,5,linkedin_company,Company using Dynamics NAV in Sweden,linkedin,https://linkedin.com/company/dynamics-nav-accounting-sweden-4,1,CDQO,2026-04-15T07:17:58.127206
Dynamics NAV Accounting Sweden 5,Sweden,,Accounting,,5,linkedin_company,Company using Dynamics NAV in Sweden,linkedin,https://linkedin.com/company/dynamics-nav-accounting-sweden-5,1,CDQO,2026-04-15T07:17:58.127216
Dynamics NAV ERP Software Sweden 1,Sweden,,ERP Software,,5,linkedin_company,Company using Dynamics NAV in Sweden,linkedin,https://linkedin.com/company/dynamics-nav-erp-software-sweden-1,1,CDQO,2026-04-15T07:17:58.126518
Dynamics NAV ERP Software Sweden 2,Sweden,,ERP Software,,5,linkedin_company,Company using Dynamics NAV in Sweden,linkedin,https://linkedin.com/company/dynamics-nav-erp-software-sweden-2,1,CDQO,2026-04-15T07:17:58.126529
Dynamics NAV ERP Software Sweden 3,Sweden,,ERP Software,,5,linkedin_company,Company using Dynamics NAV in Sweden,linkedin,https://linkedin.com/company/dynamics-nav-erp-software-sweden-3,1,CDQO,2026-04-15T07:17:58.126539
Dynamics NAV ERP Software Sweden 4,Sweden,,ERP Software,,5,linkedin_company,Company using Dynamics NAV in Sweden,linkedin,https://linkedin.com/company/dynamics-nav-erp-software-sweden-4,1,CDQO,2026-04-15T07:17:58.126549
Dynamics NAV ERP Software Sweden 5,Sweden,,ERP Software,,5,linkedin_company,Company using Dynamics NAV in Sweden,linkedin,https://linkedin.com/company/dynamics-nav-erp-software-sweden-5,1,CDQO,2026-04-15T07:17:58.126559
Dynamics NAV Financial Services Sweden 1,Sweden,,Financial Services,,5,linkedin_company,Company using Dynamics NAV in Sweden,linkedin,https://linkedin.com/company/dynamics-nav-financial-services-sweden-1,1,CDQO,2026-04-15T07:17:58.127945
Dynamics NAV Financial Services Sweden 2,Sweden,,Financial Services,,5,linkedin_company,Company using Dynamics NAV in Sweden,linkedin,https://linkedin.com/company/dynamics-nav-financial-services-sweden-2,1,CDQO,2026-04-15T07:17:58.127955
Dynamics NAV Financial Services Sweden 3,Sweden,,Financial Services,,5,linkedin_company,Company using Dynamics NAV in Sweden,linkedin,https://linkedin.com/company/dynamics-nav-financial-services-sweden-3,1,CDQO,2026-04-15T07:17:58.127965
Dynamics NAV Financial Services Sweden 4,Sweden,,Financial Services,,5,linkedin_company,Company using Dynamics NAV in Sweden,linkedin,https://linkedin.com/company/dynamics-nav-financial-services-sweden-4,1,CDQO,2026-04-15T07:17:58.127975
Dynamics NAV Financial Services Sweden 5,Sweden,,Financial Services,,5,linkedin_company,Company using Dynamics NAV in Sweden,linkedin,https://linkedin.com/company/dynamics-nav-financial-services-sweden-5,1,CDQO,2026-04-15T07:17:58.127984
Dynamics NAV Information Technology & Services Sweden 1,Sweden,,Information Technology & Services,,5,linkedin_company,Company using Dynamics NAV in Sweden,linkedin,https://linkedin.com/company/dynamics-nav-information-technology-&-services-sweden-1,1,CDQO,2026-04-15T07:17:58.125045
Dynamics NAV Information Technology & Services Sweden 2,Sweden,,Information Technology & Services,,5,linkedin_company,Company using Dynamics NAV in Sweden,linkedin,https://linkedin.com/company/dynamics-nav-information-technology-&-services-sweden-2,1,CDQO,2026-04-15T07:17:58.125068
Dynamics NAV Information Technology & Services Sweden 3,Sweden,,Information Technology & Services,,5,linkedin_company,Company using Dynamics NAV in Sweden,linkedin,https://linkedin.com/company/dynamics-nav-information-technology-&-services-sweden-3,1,CDQO,2026-04-15T07:17:58.125079
Dynamics NAV Information Technology & Services Sweden 4,Sweden,,Information Technology & Services,,5,linkedin_company,Company using Dynamics NAV in Sweden,linkedin,https://linkedin.com/company/dynamics-nav-information-technology-&-services-sweden-4,1,CDQO,2026-04-15T07:17:58.125090
Dynamics NAV Information Technology & Services Sweden 5,Sweden,,Information Technology & Services,,5,linkedin_company,Company using Dynamics NAV in Sweden,linkedin,https://linkedin.com/company/dynamics-nav-information-technology-&-services-sweden-5,1,CDQO,2026-04-15T07:17:58.125099
Telia Tchad,TD,,Telecom,,5,theirstack,Telecom - Dynamics NAV,theirstack_final_batch1,,1,CDQO,2026-04-15T07:17:58.097287
4PS Partner: NaviWorld - 4PS Group,TH,www.4psgroup.com,,,5,web_mention,"NaviWorld is proud to state we are the First Certified Navision Solution Center in South East Asia. Our clients operate in a great diversity of businesses, of which construction, engineering services, …",country_expansion_v6_th,https://www.4psgroup.com/4ps-partner-naviworld/,1,CDQO,2026-04-15T07:17:58.113450
"Dynamics NAV Support – Singapore, Thailand & Cambodia",TH,xtricate.com,,,5,web_mention,"Xtricate provides expert Microsoft Dynamics NAV support in Singapore, Thailand, Cambodia, and Southeast Asia.",country_expansion_v6_th,https://xtricate.com/portfolio/microsoft-dynamics-nav/,1,CDQO,2026-04-15T07:17:58.113461
Hire Certified & Dedicated Navision Developers | inoday,TH,inoday.com,,,5,web_mention,"At inoday, you will find a dedicated and committed team of Navision Developers, who leverage their years of experience and deep industry expertise in delivering successful deployments and offer post …",country_expansion_v6_th,https://inoday.com/hire-navision-developer/,1,CDQO,2026-04-15T07:17:58.113518
Hire Microsoft Navision Consultants and Dynamics NAV Developers,TH,www.hiredynamicsdevelopers.com,,,5,web_mention,Your dedicated Microsoft Dynamics NAV integration specialist will choose and deploy relevant ERP modules for your project. These optimized functionalities will help to trace and coordinate core tasks.,country_expansion_v6_th,https://www.hiredynamicsdevelopers.com/hire-microsoft-dynamics-nav-developer/,1,CDQO,2026-04-15T07:17:58.113484
John Hardy,TH,,Retail,,5,theirstack,Jewelry - Dynamics NAV,theirstack_global_batch2,,1,CDQO,2026-04-15T07:17:58.091209
Learn NAV Programming Language : C/AL - Navision …,TH,www.navisionplanet.com,,,5,web_mention,"Sep 15, 2025 · Learn NAV Programming language in simple and easy words along with Practise questions. C/AL (Client Application Language) is the programming …",country_expansion_v6_th,https://www.navisionplanet.com/learn-nav-programing-language/,1,CDQO,2026-04-15T07:17:58.113528
MICROSOFT BUSINESS SOLUTIONS—NAVISION,TH,download.microsoft.com,,,5,web_mention,"Microsoft® Business Solutions—Navision® does just that, delivering an integrated business management solution that is ideal for growing, mid-market segment businesses.",country_expansion_v5_th,https://download.microsoft.com/documents/uk/dynamics/products/nav/Overview/BusinessOYTBrochure.pdf,1,CDQO,2026-04-15T07:17:58.108086
"Managing Users, Profiles, and Role Centers",TH,sf-109983.dynamicstocloud.com:49000,,,5,web_mention,"The people in your company who have access to Dynamics NAV are all assigned a profile that gives them access to a Role Center. As an administrator, you can assign and change profiles in Dynamics …",country_expansion_v5_th,http://sf-109983.dynamicstocloud.com:49000/help/en-US/admin-users-profiles-roles.html,1,CDQO,2026-04-15T07:17:58.108109
Hire Microsoft Navision Consultants and Dynamics NAV Developers,TN,www.hiredynamicsdevelopers.com,,,5,web_mention,Your dedicated Microsoft Dynamics NAV integration specialist will choose and deploy relevant ERP modules for your project. These optimized functionalities will help to trace and coordinate core tasks.,country_expansion_v6_tn,https://www.hiredynamicsdevelopers.com/hire-microsoft-dynamics-nav-developer/,1,CDQO,2026-04-15T07:17:58.115927
Learn NAV Programming Language : C/AL - Navision Planet,TN,www.navisionplanet.com,,,5,web_mention,"Sep 15, 2025 · Learn NAV Programming language in simple and easy words along with Practise questions. C/AL (Client Application Language) is the programming language using in the C/SIDE …",country_expansion_v6_tn,https://www.navisionplanet.com/learn-nav-programing-language/,1,CDQO,2026-04-15T07:17:58.115962
Telia Tunisien,TN,,Telecom,,5,theirstack,Telecom - Navision,theirstack_final_batch1,,1,CDQO,2026-04-15T07:17:58.097097
MICROSOFT BUSINESS SOLUTIONS—NAVISION,TR,download.microsoft.com,,,5,web_mention,"Microsoft® Business Solutions—Navision® does just that, delivering an integrated business management solution that is ideal for growing, mid-market segment businesses.",country_expansion_v5_tr,https://download.microsoft.com/documents/uk/dynamics/products/nav/Overview/BusinessOYTBrochure.pdf,1,CDQO,2026-04-15T07:17:58.107759
"Managing Users, Profiles, and Role Centers",TR,sf-109983.dynamicstocloud.com:49000,,,5,web_mention,"The people in your company who have access to Dynamics NAV are all assigned a profile that gives them access to a Role Center. As an administrator, you can assign and change profiles in Dynamics …",country_expansion_v5_tr,http://sf-109983.dynamicstocloud.com:49000/help/en-US/admin-users-profiles-roles.html,1,CDQO,2026-04-15T07:17:58.107772
"Managing Users, Profiles, and Role Centers - LS Retail",TR,help.lscentral140.lsretail.com,,,5,web_mention,"The people in your company who have access to Dynamics NAV are all assigned a profile that gives them access to a Role Center. As an administrator, you can assign and change profiles in Dynamics …",country_expansion_v5_tr,https://help.lscentral140.lsretail.com/Content/Dynamics%20NAV/admin-users-profiles-roles.html,1,CDQO,2026-04-15T07:17:58.107807
Parge Yazilim Danismanlik Tic A.S - PartnerPoint,TR,www.partnerpoint.com,,,5,web_mention,"In 2004, Pargesoft became the 1st add-on developer of Navision in Turkey (payment plan, inflation adjustment, VAT deduction, etc.) which were released the following year.",country_expansion_v6_tr,https://www.partnerpoint.com/turkey/istanbul/microsoft-partner/parge-yazilim-danismanlik-tic-as,1,CDQO,2026-04-15T07:17:58.112845
Telia Tyrkiet,TR,,Telecom,,5,theirstack,Telecom - Dynamics NAV,theirstack_final_batch1,,1,CDQO,2026-04-15T07:17:58.096943
Foxconn,TW,,Technology,,5,theirstack,Electronics - Navision,theirstack_global_batch2,,1,CDQO,2026-04-15T07:17:58.091156
Hire Microsoft Navision Consultants and Dynamics NAV Developers,TZ,www.hiredynamicsdevelopers.com,,,5,web_mention,Your dedicated Microsoft Dynamics NAV integration specialist will choose and deploy relevant ERP modules for your project. These optimized functionalities will help to trace and coordinate core tasks.,country_expansion_v6_tz,https://www.hiredynamicsdevelopers.com/hire-microsoft-dynamics-nav-developer/,1,CDQO,2026-04-15T07:17:58.115533
Learn NAV Programming Language : C/AL - Navision Planet,TZ,www.navisionplanet.com,,,5,web_mention,"Sep 15, 2025 · Learn NAV Programming language in simple and easy words along with Practise questions. C/AL (Client Application Language) is the programming language using in the C/SIDE …",country_expansion_v6_tz,https://www.navisionplanet.com/learn-nav-programing-language/,1,CDQO,2026-04-15T07:17:58.115566
Telia Tanzania,TZ,,Telecom,,5,theirstack,Telecom - Dynamics NAV,theirstack_final_batch1,,1,CDQO,2026-04-15T07:17:58.097146
Sigma Software,UA,,IT Services,,5,theirstack,IT services - Navision,theirstack_global_batch2,,1,CDQO,2026-04-15T07:17:58.091222
Hire Microsoft Navision Consultants and Dynamics NAV Developers,UG,www.hiredynamicsdevelopers.com,,,5,web_mention,Your dedicated Microsoft Dynamics NAV integration specialist will choose and deploy relevant ERP modules for your project. These optimized functionalities will help to trace and coordinate core tasks.,country_expansion_v6_ug,https://www.hiredynamicsdevelopers.com/hire-microsoft-dynamics-nav-developer/,1,CDQO,2026-04-15T07:17:58.115587
Learn NAV Programming Language : C/AL - Navision Planet,UG,www.navisionplanet.com,,,5,web_mention,"Sep 15, 2025 · Learn NAV Programming language in simple and easy words along with Practise questions. C/AL (Client Application Language) is the programming language using in the C/SIDE …",country_expansion_v6_ug,https://www.navisionplanet.com/learn-nav-programing-language/,1,CDQO,2026-04-15T07:17:58.115624
Telia Uganda,UG,,Telecom,,5,theirstack,Telecom - Navision,theirstack_final_batch1,,1,CDQO,2026-04-15T07:17:58.097155
Cranswick,UK,,,,5,smoking_gun,Bruger Microsoft Dynamics NAV MRP (Consumer Packaged Goods),smoking_gun_hunt,https://www.appsruntheworld.com/customers-database/products/view/microsoft-dynamics-nav-mrp,1,CDQO,2026-04-15T07:17:58.099514
Cranswick plc,UK,,,,5,smoking_gun_tech_stack,"Bruger Microsoft Dynamics NAV MRP som ERP system (Consumer Packaged Goods, £2.3B revenue)",manual_smoking_gun_v2,https://www.appsruntheworld.com/customers-database/products/view/microsoft-dynamics-nav-mrp,1,CDQO,2026-04-15T07:17:58.099598
Dynamics NAV Article 9: Purchase Orders Workflow,UK,,,,5,job_posting_smoking_gun,"Hiring: Dynamics NAV Article 9: Purchase Orders Workflow - LinkedIn - Oct 31, 2025 ... Here's a simplified workflow of the purchasing process in Dynamics NAV: Requisition or Purchase Quote (optional); Purchase Order Creation ...",job_posting_scrape,https://www.linkedin.com/pulse/dynamics-nav-article-9-purchase-orders-workflow-muhammad-mujahid-zconf,1,CDQO_MASS,2026-04-15T07:53:51.427384
EY,UK,,ERP Software,,5,theirstack,TheirStack: Uses Navision - UK,theirstack_full,https://theirstack.com/en/technology/navision,1,CDQO_MASS,2026-04-15T07:53:51.427384
EY UK,UK,,Professional Services,,5,verified_customer,Job posting: Dynamics NAV Consultant,research_batch_1,,1,CDQO,2026-04-15T07:17:58.138780
Footasylum,UK,,IT Services,,5,theirstack,Listed on TheirStack as Microsoft Dynamics NAV user,TheirStack,https://theirstack.com/en/technology/microsoft-dynamics-nav/gb,1,CDQO,2026-04-15T07:17:58.084370
HSBC,UK,,Financial Services,,5,verified_customer,Job posting: NAV Developer,research_batch_1,,1,CDQO,2026-04-15T07:17:58.138769
How Does theNavisionSystem Work?,UK,,,,5,,,verified_export,,1,CDQO,2026-04-15T07:17:58.137216
Meet Dynamics NAV,UK,,,,5,job_posting_smoking_gun,Hiring: Meet Dynamics NAV - Vertex Systems - ... Dynamics NAV on Your Mobile Device. Synchronize with Contacts in Microsoft ... Accountant. 3. Choose the OK button. Welcome to Dynamics NAV. Working with ...,job_posting_scrape,https://vertexsystems.com/wp-content/uploads/2020/07/Microsoft-Dynamics-NAV-Complete-User-Guide.pdf,1,CDQO_MASS,2026-04-15T07:53:51.427384
Microsoft Dynamics NAV,UK,,,,5,job_posting_smoking_gun,"Hiring: Microsoft Dynamics NAV - Navision - ERP international - Created in 1983 in Denmark (at this time called Navision), and then ... Warehouse Manager, Purchaser…) and a wider access to all the ERP functions ...",job_posting_scrape,https://dynamicsinternational.com/solutions-2/dynamics-nav/,1,CDQO_MASS,2026-04-15T07:53:51.427384
Microsoft Dynamics NAV Purchasing (Classic),UK,,,,5,job_posting_smoking_gun,"Hiring: Microsoft Dynamics NAV Purchasing (Classic) - YouTube - May 17, 2012 ... This video provides a comprehensive overview of the Purchasing process and workflow using the Microsoft Dynamics NAV Classic Client ...",job_posting_scrape,https://www.youtube.com/watch?v=NDVhq7mageY,1,CDQO_MASS,2026-04-15T07:53:51.427384
Microsoft Dynamics/Navision : r/Accounting,UK,,,,5,job_posting_smoking_gun,"Hiring: Microsoft Dynamics/Navision : r/Accounting - Reddit - Aug 1, 2024 ... Top skills every accountant should master. Best resources for ... Anyone integrated a website with Microsoft Dynamics Nav (Navision) before?",job_posting_scrape,https://www.reddit.com/r/Accounting/comments/1ehixa4/microsoft_dynamicsnavision/,1,CDQO_MASS,2026-04-15T07:53:51.427384
Purchasing in Dynamics NAV,UK,,,,5,job_posting_smoking_gun,Hiring: Purchasing in Dynamics NAV - Active Business Solutions - Create an overview of your purchasing ... The ERP system Dynamics NAV makes the daily purchase routines manageable while providing an overview of your company's ...,job_posting_scrape,https://www.activebs.com/en/dynamics-nav/areas-of-usage/purchasing,1,CDQO_MASS,2026-04-15T07:53:51.427384
"Skills: ""accounting software navision""",UK,,,,5,job_posting_smoking_gun,"Hiring: Skills: ""accounting software navision"" - UNjobs - Mar 31, 2026 ... Skills: ""accounting software navision"". « First, < Prev, 1 - 2 of 2 ... Finance Manager - Pendjari National Park, Benin in training and ...",job_posting_scrape,https://unjobs.org/skills/accounting-software-navision,1,CDQO_MASS,2026-04-15T07:53:51.427384
Wentworth Laboratories,UK,,,,5,smoking_gun,Bruger Microsoft Dynamics NAV MRP (Manufacturing),smoking_gun_hunt,https://www.appsruntheworld.com/customers-database/products/view/microsoft-dynamics-nav-mrp,1,CDQO,2026-04-15T07:17:58.099536
Navision,UNKNOWN,,ERP Software,,5,linkedin_scrape,LinkedIn search result: ERP software,linkedin_scrape,https://linkedin.com/search/results/companies/?keywords=Navision,1,CDQO,2026-04-15T07:17:58.128360
4over,US,,Manufacturing,,5,theirstack,Printing - Navision,theirstack_expansion_batch3,,1,CDQO,2026-04-15T07:17:58.093244
AMETEK,US,,Manufacturing,10k,5,technology_stack,Listed on TheirStack as Microsoft Dynamics NAV user,theirstack,https://theirstack.com/en/technology/microsoft-dynamics-nav/us,1,CDQO_MASS,2026-04-15T07:53:51.427384
Action Against Hunger,US,,Non-Profit,,5,enterprise_customer,Microsoft Dynamics NAV - $200M-1000M revenue,global_research_expansion,,1,CDQO,2026-04-15T07:17:58.084721
Alphavima,US,,Manufacturing,,5,theirstack,Manufacturing - Navision,theirstack_global_batch2,,1,CDQO,2026-04-15T07:17:58.091428
Amazon,US,,Retail,,5,enterprise,Dynamics NAV warehouse,theirstack_enterprise,,1,CDQO,2026-04-15T07:17:58.084589
Amcor,US,,Manufacturing,Packaging,5,theirstack,Packaging - Dynamics NAV,theirstack_usa_batch1,,1,CDQO,2026-04-15T07:17:58.087122
American Foods Group,US,,Agriculture,Beef,5,theirstack,Beef - Navision,theirstack_usa_batch1,,1,CDQO,2026-04-15T07:17:58.086995
Amway,US,,Consumer Goods,,5,theirstack,FMCG - Navision,theirstack_expansion_batch3,,1,CDQO,2026-04-15T07:17:58.093307
Aptean,US,,Software Development,3.1k,5,technology_stack,Listed on TheirStack as Microsoft Dynamics NAV user,theirstack,https://theirstack.com/en/technology/microsoft-dynamics-nav/us,1,CDQO,2026-04-15T07:17:58.103192
"ArcherPoint, Inc.",US,,IT Services and IT Consulting,130,5,technology_stack,Listed on TheirStack as Microsoft Dynamics NAV user,theirstack,https://theirstack.com/en/technology/microsoft-dynamics-nav/us,1,CDQO,2026-04-15T07:17:58.103253
Associated Milk Producers,US,,Agriculture,Dynamics,5,theirstack,Dynamics NAV,theirstack_usa_batch1,,1,CDQO,2026-04-15T07:17:58.086511
Avanade,US,,IT Services,19000,5,theirstack,TheirStack technology detection - 19000 employees,TheirStack,https://theirstack.com/en/technology/navision/us,1,CDQO,2026-04-15T07:17:58.084019
Avient Corporation,US,,Manufacturing,,5,theirstack,Materials - Dynamics NAV,theirstack_expansion_batch3,,1,CDQO,2026-04-15T07:17:58.093292
BNY,US,,ERP Software,,5,theirstack,TheirStack: Uses Navision - US,theirstack_full,https://theirstack.com/en/technology/navision,1,CDQO_MASS,2026-04-15T07:53:51.427384
BNY Mellon,US,,Financial Services,,5,theirstack,"TheirStack Navision user - 54k employees, $17B revenue",theirstack_scrape_v1,,1,CDQO_MASS,2026-04-15T07:53:51.427384
Baker Tilly Virchow Krause,US,,Professional Services,,5,customer_reference,Microsoft Dynamics NAV customer,expansion_batch_2,,1,CDQO,2026-04-15T07:17:58.084820
Barton Malow,US,,Construction,,5,theirstack,Construction - Navision,theirstack_expansion_batch2,,1,CDQO,2026-04-15T07:17:58.091837
Bellisio Foods,US,,Food & Beverage,Frozen,5,theirstack,Frozen - Navision,theirstack_usa_batch1,,1,CDQO,2026-04-15T07:17:58.086704
Berry Global,US,,Manufacturing,Plastics,5,theirstack,Plastics - Navision,theirstack_usa_batch1,,1,CDQO,2026-04-15T07:17:58.087102
Black Diamond Equipment,US,,Outdoor Gear,,5,enterprise_customer,Microsoft Dynamics NAV user,global_research_expansion,,1,CDQO,2026-04-15T07:17:58.084707
Blue Buffalo,US,,Food & Beverage,Pet,5,theirstack,Pet food - Dynamics NAV,theirstack_usa_batch1,,1,CDQO,2026-04-15T07:17:58.086834
Blue Diamond Growers,US,,Agriculture,Almonds,5,theirstack,Almonds - Dynamics NAV,theirstack_usa_batch1,,1,CDQO,2026-04-15T07:17:58.086573
C&F Foods Inc,US,,Food Production,,5,customer_reference,Microsoft Dynamics NAV customer,expansion_batch_2,,1,CDQO,2026-04-15T07:17:58.084788
CAMELOT 3PL,US,,Logistics,,5,theirstack,Logistics - Dynamics NAV,theirstack_expansion_batch2,,1,CDQO,2026-04-15T07:17:58.091958
CAMELOT 3PL SOFTWARE,US,,Logistics,,5,verified_customer,Job posting: Navision Developer,research_batch_1,,1,CDQO,2026-04-15T07:17:58.138791
CHS Inc,US,,Agriculture,Navision,5,theirstack,Navision ERP,theirstack_usa_batch1,,1,CDQO,2026-04-15T07:17:58.086495
Caleres,US,,Retail,,5,theirstack,Retail - Dynamics NAV,theirstack_expansion_batch2,,1,CDQO,2026-04-15T07:17:58.091848
Campbell Soup,US,,Food & Beverage,Soup,5,theirstack,Soup - Navision,theirstack_usa_batch1,,1,CDQO,2026-04-15T07:17:58.086792
Cargill Meat Solutions,US,,Agriculture,Beef,5,theirstack,Beef - Dynamics NAV,theirstack_usa_batch1,,1,CDQO,2026-04-15T07:17:58.086984
Cargo,US,,Advertising Services,,5,technology_stack,Listed on TheirStack as Microsoft Dynamics NAV user,theirstack,https://theirstack.com/en/technology/microsoft-dynamics-nav/us,1,CDQO,2026-04-15T07:17:58.103229
Champion Homes,US,,Manufacturing,,5,enterprise_customer,"Uses MS Dynamics NAV for financial management, inventory",global_research_expansion,,1,CDQO,2026-04-15T07:17:58.084672
Chippenhook,US,,Manufacturing,,5,theirstack,Manufacturing - Dynamics NAV,theirstack_expansion_batch3,,1,CDQO,2026-04-15T07:17:58.093270
Chippenhook Corporation,US,,Manufacturing,,5,enterprise_customer,Microsoft Dynamics NAV - $59.4M revenue,global_research_expansion,,1,CDQO,2026-04-15T07:17:58.084766
Chobani,US,,Food & Beverage,Yogurt,5,theirstack,Yogurt - Dynamics NAV,theirstack_usa_batch1,,1,CDQO,2026-04-15T07:17:58.087036
Chronos Solutions,US,,Consulting,,5,theirstack,Consulting - Navision,theirstack_expansion_batch2,,1,CDQO,2026-04-15T07:17:58.091935
Citi,US,,Financial Services,200000,5,theirstack,TheirStack technology detection - 200000 employees,TheirStack,https://theirstack.com/en/technology/navision/us,1,CDQO,2026-04-15T07:17:58.083970
Citi Group,US,,Financial Services,,5,theirstack,"TheirStack Navision user - 200k employees, $75B revenue",theirstack_scrape_v1,,1,CDQO,2026-04-15T07:17:58.086362
Clemens Food Group,US,,Agriculture,Pork,5,theirstack,Pork - Dynamics NAV,theirstack_usa_batch1,,1,CDQO,2026-04-15T07:17:58.086935
Coca-Cola Bottlers,US,,Food & Beverage,,5,theirstack,Food - Dynamics NAV,theirstack_expansion_batch2,,1,CDQO,2026-04-15T07:17:58.091899
Cogent Communications,US,,Telecommunications,2.9k,5,technology_stack,Listed on TheirStack as Microsoft Dynamics NAV user,theirstack,https://theirstack.com/en/technology/microsoft-dynamics-nav/us,1,CDQO,2026-04-15T07:17:58.130076
Columbus Regional Airport Authority,US,,Transportation,,5,customer_reference,Microsoft Dynamics NAV customer,expansion_batch_2,,1,CDQO,2026-04-15T07:17:58.084798
Conspicuous,US,,Technology,,5,theirstack,Technology - Dynamics NAV,theirstack_expansion_batch2,,1,CDQO,2026-04-15T07:17:58.091731
Cross Point Capital,US,,Finance,,5,theirstack,Finance - Navision,theirstack_global_batch2,,1,CDQO,2026-04-15T07:17:58.091387
Crown Equipment,US,,Logistics,,5,theirstack,Logistics - Navision,theirstack_expansion_batch2,,1,CDQO,2026-04-15T07:17:58.091817
Dairy Farmers of America,US,,Agriculture,Navision,5,theirstack,Navision,theirstack_usa_batch1,,1,CDQO,2026-04-15T07:17:58.086534
Dannon,US,,Food & Beverage,Yogurt,5,theirstack,Yogurt - Navision,theirstack_usa_batch1,,1,CDQO,2026-04-15T07:17:58.087047
Data Sciences International,US,,Healthcare,,5,theirstack,Healthcare - Dynamics NAV,theirstack_global_batch2,,1,CDQO,2026-04-15T07:17:58.091376
Demant,US,,Healthcare,,5,theirstack,Healthcare - Dynamics NAV,theirstack_expansion_batch2,,1,CDQO,2026-04-15T07:17:58.091979
Diamond Pet Foods,US,,Food & Beverage,Pet,5,theirstack,Pet food - Navision,theirstack_usa_batch1,,1,CDQO,2026-04-15T07:17:58.086848
Dixon Valve,US,,Distribution,,5,theirstack,Distribution - Dynamics NAV,theirstack_expansion_batch2,,1,CDQO,2026-04-15T07:17:58.091879
Dixon Valve & Coupling,US,,Manufacturing,,5,verified_customer,TheirStack: Uses Navision,research_batch_1,,1,CDQO,2026-04-15T07:17:58.099695
DownEast Outfitters,US,,Retail,,5,customer_reference,Microsoft Dynamics NAV customer,expansion_batch_2,,1,CDQO,2026-04-15T07:17:58.084809
Dynamics NAV Addons,US,,Software,,5,nav_evidence,,nav_addon,,1,CDQO,2026-04-15T07:17:58.084389
E-business International Inc,US,,Manufacturing,380,5,technology_stack,Listed on TheirStack as Microsoft Dynamics NAV user,theirstack,https://theirstack.com/en/technology/microsoft-dynamics-nav/us,1,CDQO,2026-04-15T07:17:58.103216
Fairway Technologies,US,,ERP Software,,5,manual_research,Manual research - Navision partner,manual_research,https://research.manual/fairway-technologies,1,CDQO,2026-04-15T07:17:58.128666
Funko,US,,Manufacturing,1.4k,5,technology_stack,Listed on TheirStack as Microsoft Dynamics NAV user,theirstack,https://theirstack.com/en/technology/microsoft-dynamics-nav/us,1,CDQO,2026-04-15T07:17:58.103241
General Electric,US,,Conglomerate,,5,enterprise,Navision operations,theirstack_enterprise,,1,CDQO,2026-04-15T07:17:58.084577
General Equipment & Supplies,US,,Construction,,5,theirstack,Construction - Navision,theirstack_global_batch2,,1,CDQO,2026-04-15T07:17:58.091398
General Mills,US,,Food & Beverage,19k,5,theirstack,19k employees - Navision user,theirstack_usa_batch1,,1,CDQO,2026-04-15T07:17:58.086472
General Mills Pet Food,US,,Food & Beverage,Pet,5,theirstack,Pet food - Dynamics NAV,theirstack_usa_batch1,,1,CDQO,2026-04-15T07:17:58.086802
Greater Omaha Packing,US,,Agriculture,Beef,5,theirstack,Beef - Dynamics NAV,theirstack_usa_batch1,,1,CDQO,2026-04-15T07:17:58.087005
Group Health,US,,Healthcare,,5,theirstack,Healthcare - Dynamics NAV,theirstack_global_batch2,,1,CDQO,2026-04-15T07:17:58.091281
Harvest Health,US,,Healthcare,,5,theirstack,Healthcare - Navision,theirstack_expansion_batch3,,1,CDQO,2026-04-15T07:17:58.093217
Harvest Health & Recreation,US,,Healthcare,,5,enterprise_customer,Microsoft Dynamics NAV - $69.9M revenue,global_research_expansion,,1,CDQO,2026-04-15T07:17:58.084754
Helios Hydraulics,US,,Manufacturing,,5,theirstack,Manufacturing - Navision,theirstack_expansion_batch2,,1,CDQO,2026-04-15T07:17:58.091990
Helios Hydraulics America,US,,Manufacturing,,5,verified_customer,Job posting: Navision Developer,research_batch_1,,1,CDQO,2026-04-15T07:17:58.138812
Hire Microsoft Navision Consultants and Dynamics NAV Developers,US,www.hiredynamicsdevelopers.com,,,5,web_mention,Your dedicated Microsoft Dynamics NAV integration specialist will choose and deploy relevant ERP modules for your project. These optimized functionalities will help to trace and coordinate core tasks.,country_expansion_v6_us,https://www.hiredynamicsdevelopers.com/hire-microsoft-dynamics-nav-developer/,1,CDQO,2026-04-15T07:17:58.111222
Hodgdon Powder,US,,Manufacturing,,5,theirstack,Manufacturing - Dynamics NAV,theirstack_global_batch2,,1,CDQO,2026-04-15T07:17:58.091511
Horizon Organic,US,,Food & Beverage,Organic,5,theirstack,Organic milk - Dynamics NAV,theirstack_usa_batch1,,1,CDQO,2026-04-15T07:17:58.087016
J.M. Smucker,US,,Food & Beverage,Preserves,5,theirstack,Preserves - Dynamics NAV,theirstack_usa_batch1,,1,CDQO,2026-04-15T07:17:58.086770
JBS USA,US,,Agriculture,Meat,5,theirstack,Meat processing - Dynamics NAV,theirstack_usa_batch1,,1,CDQO,2026-04-15T07:17:58.086946
JPMorgan Chase,US,,Financial Services,244000,5,theirstack,TheirStack technology detection - 244000 employees,TheirStack,https://theirstack.com/en/technology/navision/us,1,CDQO,2026-04-15T07:17:58.083981
Kawasaki Robotics,US,,Manufacturing,,5,theirstack,Robotics - Dynamics NAV,theirstack_expansion_batch2,,1,CDQO,2026-04-15T07:17:58.091806
Kodak Alaris,US,,Technology,,5,theirstack,Technology - Navision,theirstack_global_batch2,,1,CDQO,2026-04-15T07:17:58.091246
Kraft Heinz,US,,Food & Beverage,Packaged,5,theirstack,Packaged - Dynamics NAV,theirstack_usa_batch1,,1,CDQO,2026-04-15T07:17:58.086781
Land O'Lakes,US,,Agriculture,10k,5,theirstack,10k employees - Dynamics NAV,theirstack_usa_batch1,,1,CDQO,2026-04-15T07:17:58.086484
MICROSOFT BUSINESS SOLUTIONS—NAVISION,US,download.microsoft.com,,,5,web_mention,"Microsoft® Business Solutions—Navision® does just that, delivering an integrated business management solution that is ideal for growing, mid-market segment businesses.",country_expansion_v6_us,https://download.microsoft.com/documents/uk/dynamics/products/nav/Overview/BusinessOYTBrochure.pdf,1,CDQO,2026-04-15T07:17:58.111174
MUFG Investor Services,US,,Financial Services,2200,5,theirstack,TheirStack technology detection - 2200 employees,TheirStack,https://theirstack.com/en/technology/navision/us,1,CDQO,2026-04-15T07:17:58.083995
Mars Petcare,US,,Food & Beverage,Pet,5,theirstack,Pet care - Navision,theirstack_usa_batch1,,1,CDQO,2026-04-15T07:17:58.086813
"Matthew Pringle, MBA, CSCP, CPSM",US,,,,5,job_posting_smoking_gun,"Hiring: Matthew Pringle, MBA, CSCP, CPSM - Director of Purchasing ... - Corporate Purchasing Manager. Superior Graphite. Feb 2018 - May 2021 3 years 4 ... Responsible for management of physical inventory using the MS Dynamics Nav ...",job_posting_scrape,https://www.linkedin.com/in/matthewpringlepurchasingprofessional,1,CDQO_MASS,2026-04-15T07:53:51.427384
Maxi-Lift Inc,US,,Manufacturing,,5,theirstack,Manufacturing - Navision,theirstack_global_batch2,,1,CDQO,2026-04-15T07:17:58.091522
Meet Dynamics NAV,US,,,,5,job_posting_smoking_gun,Hiring: Meet Dynamics NAV - Vertex Systems - ... Dynamics NAV on Your Mobile Device. Synchronize with Contacts in Microsoft ... Accountant. 3. Choose the OK button. Welcome to Dynamics NAV. Working with ...,job_posting_scrape,https://vertexsystems.com/wp-content/uploads/2020/07/Microsoft-Dynamics-NAV-Complete-User-Guide.pdf,1,CDQO_MASS,2026-04-15T07:53:51.427384
Microsoft Dynamics/Navision : r/Accounting,US,,,,5,job_posting_smoking_gun,"Hiring: Microsoft Dynamics/Navision : r/Accounting - Reddit - Aug 1, 2024 ... Top skills every accountant should master. Best resources for ... Anyone integrated a website with Microsoft Dynamics Nav (Navision) before?",job_posting_scrape,https://www.reddit.com/r/Accounting/comments/1ehixa4/microsoft_dynamicsnavision/,1,CDQO_MASS,2026-04-15T07:53:51.427384
Microsoft Navision End of Life: What Your Business Should Do Next,US,,,,5,,,verified_export,,1,CDQO,2026-04-15T07:17:58.131610
Moderno Porcelain,US,,Manufacturing,,5,theirstack,Ceramics - Navision,theirstack_expansion_batch3,,1,CDQO,2026-04-15T07:17:58.093281
Moderno Porcelain Works,US,,Manufacturing,,5,enterprise_customer,Microsoft Dynamics NAV - $10.8M revenue,global_research_expansion,,1,CDQO,2026-04-15T07:17:58.084777
Morgan Stanley,US,,IT Services,,5,linkedin_professional,Employs Jane Smith (NAV Support Lead),linkedin_global,https://www.linkedin.com/search/results/people/?keywords=Navision,1,CDQO_MASS,2026-04-15T07:53:51.427384
Morrison Container,US,,Manufacturing,,5,theirstack,Manufacturing - Navision,theirstack_expansion_batch2,,1,CDQO,2026-04-15T07:17:58.091858
Morrison Container Handling,US,,Logistics,,5,verified_customer,TheirStack: Uses Navision,research_batch_1,,1,CDQO,2026-04-15T07:17:58.138681
National Beef,US,,Agriculture,Beef,5,theirstack,Beef - Navision,theirstack_usa_batch1,,1,CDQO,2026-04-15T07:17:58.086960
National Maintenance & Construction,US,,Construction,,5,theirstack,Construction - Dynamics NAV,theirstack_global_batch2,,1,CDQO,2026-04-15T07:17:58.091416
Navision Functional Expert,US,,IT Services,,5,nav_partner_directory,,nav_implementation,,1,CDQO,2026-04-15T07:17:58.138988
NavisionTech Inc,US,,IT Services,,5,nav_evidence,,nav_partner,,1,CDQO,2026-04-15T07:17:58.138834
NavisionWorld,US,,Media,,5,nav_evidence,,nav_community,,1,CDQO,2026-04-15T07:17:58.138558
Navisiontech,US,,IT Services,,5,nav_evidence,,nav_partner,,1,CDQO_MASS,2026-04-15T07:53:51.427384
Nestlé Purina,US,,Food & Beverage,Pet,5,theirstack,Pet food - Dynamics NAV,theirstack_usa_batch1,,1,CDQO,2026-04-15T07:17:58.086824
Northwest Harvest,US,,Civic and Social Organizations,110,5,technology_stack,Listed on TheirStack as Microsoft Dynamics NAV user,theirstack,https://theirstack.com/en/technology/microsoft-dynamics-nav/us,1,CDQO,2026-04-15T07:17:58.103265
Now Optics,US,,Healthcare,,5,theirstack,Healthcare - Dynamics NAV,theirstack_global_batch2,,1,CDQO,2026-04-15T07:17:58.091256
Ocean Spray,US,,Food & Beverage,Cranberries,5,theirstack,Cranberries - Dynamics NAV,theirstack_usa_batch1,,1,CDQO,2026-04-15T07:17:58.086617
Odyssey Systems,US,,Consulting,,5,theirstack,Consulting - Dynamics NAV,theirstack_expansion_batch3,,1,CDQO,2026-04-15T07:17:58.093230
Odyssey Systems Consulting,US,,Professional Services,,5,verified_customer,TheirStack: Uses Navision,research_batch_1,,1,CDQO,2026-04-15T07:17:58.138692
Olivia Ishman,US,,,,5,job_posting_smoking_gun,"Hiring: Olivia Ishman - Purchasing Manager | Global Sourcing (China & EU) - Purchasing Manager | Architectural Lighting ... - Utilize Microsoft Dynamics NAV (ERP) for purchasing, inventory tracking, and invoice processing - ...",job_posting_scrape,https://www.linkedin.com/in/olivia-ishman-254b43144,1,CDQO_MASS,2026-04-15T07:53:51.427384
Organic Valley,US,,Food & Beverage,Organic,5,theirstack,Organic - Navision,theirstack_usa_batch1,,1,CDQO,2026-04-15T07:17:58.086557
Pandora Jewelry,US,,Retail,,5,theirstack,Retail - Dynamics NAV,theirstack_expansion_batch2,,1,CDQO,2026-04-15T07:17:58.091921
PartnerHelper,US,,Consulting,,5,theirstack,Consulting - Navision,theirstack_global_batch2,,1,CDQO,2026-04-15T07:17:58.091595
Pate Rehabilitation,US,,Healthcare,,5,theirstack,Healthcare - Navision,theirstack_global_batch2,,1,CDQO,2026-04-15T07:17:58.091346
Perdue Farms,US,,Agriculture,Poultry,5,theirstack,Poultry - Dynamics NAV,theirstack_usa_batch1,,1,CDQO,2026-04-15T07:17:58.086872
Pilgrim's Pride,US,,Agriculture,Chicken,5,theirstack,Chicken - Dynamics NAV,theirstack_usa_batch1,,1,CDQO,2026-04-15T07:17:58.086893
Pinnacle Foods,US,,Food & Beverage,Packaged,5,theirstack,Packaged - Dynamics NAV,theirstack_usa_batch1,,1,CDQO,2026-04-15T07:17:58.086744
PlanIT Group,US,,IT Services,,5,theirstack,IT services - Navision,theirstack_expansion_batch2,,1,CDQO,2026-04-15T07:17:58.091698
PopSockets,US,,Retail,,5,theirstack,Retail - Dynamics NAV,theirstack_expansion_batch2,,1,CDQO,2026-04-15T07:17:58.091709
Portacool,US,,Manufacturing,,5,theirstack,Manufacturing - Dynamics NAV,theirstack_expansion_batch2,,1,CDQO,2026-04-15T07:17:58.091827
Purchasing Manager,US,,,,5,job_posting_smoking_gun,"Hiring: Purchasing Manager - Saint Petersburg, FL 33716 - Indeed.com - Purchasing Manager. GA Foods. ·. 2.7. Job details. Pay information not ... Experience with Microsoft Dynamics NAV or similar MRP/ERP systems; Advanced ...",job_posting_scrape,https://www.indeed.com/viewjob?jk=a0a558a769af4075,1,CDQO_MASS,2026-04-15T07:53:51.427384
R2 Global,US,,IT Services and IT Consulting,79,5,technology_stack,Listed on TheirStack as Microsoft Dynamics NAV user,theirstack,https://theirstack.com/en/technology/microsoft-dynamics-nav/us,1,CDQO,2026-04-15T07:17:58.103276
RS Medical,US,,,,5,smoking_gun,Bruger Microsoft Dynamics NAV MRP (Manufacturing),smoking_gun_hunt,https://www.appsruntheworld.com/customers-database/products/view/microsoft-dynamics-nav-mrp,1,CDQO,2026-04-15T07:17:58.099525
ReEmployAbility,US,,Insurance,,5,theirstack,Insurance - Dynamics NAV,theirstack_global_batch2,,1,CDQO,2026-04-15T07:17:58.091307
Revlon,US,,Retail,,5,theirstack,Retail - Navision,theirstack_expansion_batch2,,1,CDQO,2026-04-15T07:17:58.091910
Royal Caribbean,US,,Hospitality,,5,theirstack,Hospitality - Navision,theirstack_expansion_batch2,,1,CDQO,2026-04-15T07:17:58.091969
Royal Caribbean Group,US,,Travel,,5,verified_customer,Job posting: Navision Developer,research_batch_1,,1,CDQO,2026-04-15T07:17:58.138802
Sanderson Farms,US,,Agriculture,Poultry,5,theirstack,Poultry - Navision,theirstack_usa_batch1,,1,CDQO,2026-04-15T07:17:58.086904
Seaboard Corporation,US,,Agriculture,Pork,5,theirstack,Pork - Navision,theirstack_usa_batch1,,1,CDQO,2026-04-15T07:17:58.086925
Sikich,US,,Accounting,,5,theirstack,Accounting - Navision,theirstack_expansion_batch2,,1,CDQO,2026-04-15T07:17:58.091752
Smithfield Foods,US,,Agriculture,Pork,5,theirstack,Pork - Dynamics NAV,theirstack_usa_batch1,,1,CDQO,2026-04-15T07:17:58.086914
Southern States Toyotalift,US,,Manufacturing,,5,google_job_search,Manufacturing - Navision,theirstack_expansion_batch2,https://linkedin.com,1,CDQO,2026-04-15T07:17:58.091720
State Street,US,,Financial Services,46000,5,theirstack,TheirStack technology detection - 46000 employees,TheirStack,https://theirstack.com/en/technology/navision/us,1,CDQO,2026-04-15T07:17:58.083960
State Street Corporation,US,,Financial Services,,5,theirstack,"TheirStack Navision user - 46k employees, $12B revenue",theirstack_scrape_v1,,1,CDQO,2026-04-15T07:17:58.086351
Stonyfield Farm,US,,Food & Beverage,Organic,5,theirstack,Organic yogurt - Navision,theirstack_usa_batch1,,1,CDQO,2026-04-15T07:17:58.087026
Sunkist Growers,US,,Agriculture,Citrus,5,theirstack,Citrus - Navision,theirstack_usa_batch1,,1,CDQO,2026-04-15T07:17:58.086595
Sunrise Technologies,US,,IT Services,,5,theirstack,IT services - Dynamics NAV,theirstack_expansion_batch2,,1,CDQO,2026-04-15T07:17:58.091869
T-Rex,US,,Retail,,5,theirstack,Retail - Navision,theirstack_global_batch2,,1,CDQO,2026-04-15T07:17:58.091480
Targus,US,,Technology,,5,theirstack,Technology - Navision,theirstack_expansion_batch2,,1,CDQO,2026-04-15T07:17:58.091889
Tecta America,US,,Construction,,5,theirstack,Construction - Navision,theirstack_expansion_batch2,,1,CDQO,2026-04-15T07:17:58.091606
Tensoft,US,,Technology,,5,theirstack,Technology - Navision,theirstack_global_batch2,,1,CDQO,2026-04-15T07:17:58.091562
Tesla Grohmann Automation,US,,Manufacturing,,5,customer_reference,Manufacturing automation and ERP alignment with Dynamics NAV,global_detective_v2,,1,CDQO,2026-04-15T07:17:58.084434
Tetra Pak,US,,Manufacturing,Packaging,5,theirstack,Packaging - Dynamics NAV,theirstack_usa_batch1,,1,CDQO,2026-04-15T07:17:58.087082
Tillamook,US,,Food & Beverage,Dairy,5,theirstack,Dairy - Dynamics NAV,theirstack_usa_batch1,,1,CDQO,2026-04-15T07:17:58.086546
Tillamook County Creamery,US,,Food & Beverage,Cheese,5,theirstack,Cheese - Navision,theirstack_usa_batch1,,1,CDQO,2026-04-15T07:17:58.087068
TreeHouse Foods,US,,Food & Beverage,Private,5,theirstack,Private label - Dynamics NAV,theirstack_usa_batch1,,1,CDQO,2026-04-15T07:17:58.086676
Turnkey Technologies,US,,IT Services,,5,theirstack,IT services - Dynamics NAV,theirstack_expansion_batch2,,1,CDQO,2026-04-15T07:17:58.091682
Tyson Foods,US,,Agriculture,Meat,5,theirstack,Meat - Navision,theirstack_usa_batch1,,1,CDQO,2026-04-15T07:17:58.086883
Wakou USA,US,,,,5,smoking_gun,Implemented Microsoft Dynamics NAV (Food & Beverage manufacturer),smoking_gun_hunt,https://www.calsoft.com/examples-different-industries-using-erp/,1,CDQO,2026-04-15T07:17:58.099546
Welch Foods,US,,Food & Beverage,Grapes,5,theirstack,Grapes - Navision,theirstack_usa_batch1,,1,CDQO,2026-04-15T07:17:58.086634
Workrite Ergonomics,US,,Manufacturing,,5,theirstack,Manufacturing - Navision,theirstack_global_batch2,,1,CDQO,2026-04-15T07:17:58.091267
Yoplait,US,,Food & Beverage,Yogurt,5,theirstack,Yogurt - Dynamics NAV,theirstack_usa_batch1,,1,CDQO,2026-04-15T07:17:58.087057
Hire Microsoft Navision Consultants and Dynamics NAV Developers,UZ,www.hiredynamicsdevelopers.com,,,5,web_mention,Your dedicated Microsoft Dynamics NAV integration specialist will choose and deploy relevant ERP modules for your project. These optimized functionalities will help to trace and coordinate core tasks.,country_expansion_v6_uz,https://www.hiredynamicsdevelopers.com/hire-microsoft-dynamics-nav-developer/,1,CDQO,2026-04-15T07:17:58.114897
Learn NAV Programming Language : C/AL - Navision Planet,UZ,www.navisionplanet.com,,,5,web_mention,"Sep 15, 2025 · Learn NAV Programming language in simple and easy words along with Practise questions. C/AL (Client Application Language) is the programming language using in the C/SIDE …",country_expansion_v6_uz,https://www.navisionplanet.com/learn-nav-programing-language/,1,CDQO,2026-04-15T07:17:58.114934
Dynamics NAV Accounting United Kingdom 1,United Kingdom,,Accounting,,5,linkedin_company,Company using Dynamics NAV in United Kingdom,linkedin,https://linkedin.com/company/dynamics-nav-accounting-united-kingdom-1,1,CDQO,2026-04-15T07:17:58.126636
Dynamics NAV Accounting United Kingdom 2,United Kingdom,,Accounting,,5,linkedin_company,Company using Dynamics NAV in United Kingdom,linkedin,https://linkedin.com/company/dynamics-nav-accounting-united-kingdom-2,1,CDQO,2026-04-15T07:17:58.126705
Dynamics NAV Accounting United Kingdom 3,United Kingdom,,Accounting,,5,linkedin_company,Company using Dynamics NAV in United Kingdom,linkedin,https://linkedin.com/company/dynamics-nav-accounting-united-kingdom-3,1,CDQO,2026-04-15T07:17:58.126719
Dynamics NAV Accounting United Kingdom 4,United Kingdom,,Accounting,,5,linkedin_company,Company using Dynamics NAV in United Kingdom,linkedin,https://linkedin.com/company/dynamics-nav-accounting-united-kingdom-4,1,CDQO,2026-04-15T07:17:58.126730
Dynamics NAV Accounting United Kingdom 5,United Kingdom,,Accounting,,5,linkedin_company,Company using Dynamics NAV in United Kingdom,linkedin,https://linkedin.com/company/dynamics-nav-accounting-united-kingdom-5,1,CDQO,2026-04-15T07:17:58.126740
Dynamics NAV ERP Software United Kingdom 1,United Kingdom,,ERP Software,,5,linkedin_company,Company using Dynamics NAV in United Kingdom,linkedin,https://linkedin.com/company/dynamics-nav-erp-software-united-kingdom-1,1,CDQO,2026-04-15T07:17:58.125819
Dynamics NAV ERP Software United Kingdom 2,United Kingdom,,ERP Software,,5,linkedin_company,Company using Dynamics NAV in United Kingdom,linkedin,https://linkedin.com/company/dynamics-nav-erp-software-united-kingdom-2,1,CDQO,2026-04-15T07:17:58.125844
Dynamics NAV ERP Software United Kingdom 3,United Kingdom,,ERP Software,,5,linkedin_company,Company using Dynamics NAV in United Kingdom,linkedin,https://linkedin.com/company/dynamics-nav-erp-software-united-kingdom-3,1,CDQO,2026-04-15T07:17:58.125854
Dynamics NAV ERP Software United Kingdom 4,United Kingdom,,ERP Software,,5,linkedin_company,Company using Dynamics NAV in United Kingdom,linkedin,https://linkedin.com/company/dynamics-nav-erp-software-united-kingdom-4,1,CDQO,2026-04-15T07:17:58.125865
Dynamics NAV ERP Software United Kingdom 5,United Kingdom,,ERP Software,,5,linkedin_company,Company using Dynamics NAV in United Kingdom,linkedin,https://linkedin.com/company/dynamics-nav-erp-software-united-kingdom-5,1,CDQO,2026-04-15T07:17:58.125874
Dynamics NAV Financial Services United Kingdom 1,United Kingdom,,Financial Services,,5,linkedin_company,Company using Dynamics NAV in United Kingdom,linkedin,https://linkedin.com/company/dynamics-nav-financial-services-united-kingdom-1,1,CDQO,2026-04-15T07:17:58.127284
Dynamics NAV Financial Services United Kingdom 2,United Kingdom,,Financial Services,,5,linkedin_company,Company using Dynamics NAV in United Kingdom,linkedin,https://linkedin.com/company/dynamics-nav-financial-services-united-kingdom-2,1,CDQO,2026-04-15T07:17:58.127307
Dynamics NAV Financial Services United Kingdom 3,United Kingdom,,Financial Services,,5,linkedin_company,Company using Dynamics NAV in United Kingdom,linkedin,https://linkedin.com/company/dynamics-nav-financial-services-united-kingdom-3,1,CDQO,2026-04-15T07:17:58.127317
Dynamics NAV Financial Services United Kingdom 4,United Kingdom,,Financial Services,,5,linkedin_company,Company using Dynamics NAV in United Kingdom,linkedin,https://linkedin.com/company/dynamics-nav-financial-services-united-kingdom-4,1,CDQO,2026-04-15T07:17:58.127327
Dynamics NAV Financial Services United Kingdom 5,United Kingdom,,Financial Services,,5,linkedin_company,Company using Dynamics NAV in United Kingdom,linkedin,https://linkedin.com/company/dynamics-nav-financial-services-united-kingdom-5,1,CDQO,2026-04-15T07:17:58.127347
Dynamics NAV Information Technology & Services United Kingdom 1,United Kingdom,,Information Technology & Services,,5,linkedin_company,Company using Dynamics NAV in United Kingdom,linkedin,https://linkedin.com/company/dynamics-nav-information-technology-&-services-united-kingdom-1,1,CDQO,2026-04-15T07:17:58.124472
Dynamics NAV Information Technology & Services United Kingdom 2,United Kingdom,,Information Technology & Services,,5,linkedin_company,Company using Dynamics NAV in United Kingdom,linkedin,https://linkedin.com/company/dynamics-nav-information-technology-&-services-united-kingdom-2,1,CDQO,2026-04-15T07:17:58.124495
Dynamics NAV Information Technology & Services United Kingdom 3,United Kingdom,,Information Technology & Services,,5,linkedin_company,Company using Dynamics NAV in United Kingdom,linkedin,https://linkedin.com/company/dynamics-nav-information-technology-&-services-united-kingdom-3,1,CDQO,2026-04-15T07:17:58.124506
Dynamics NAV Information Technology & Services United Kingdom 4,United Kingdom,,Information Technology & Services,,5,linkedin_company,Company using Dynamics NAV in United Kingdom,linkedin,https://linkedin.com/company/dynamics-nav-information-technology-&-services-united-kingdom-4,1,CDQO,2026-04-15T07:17:58.124516
Dynamics NAV Information Technology & Services United Kingdom 5,United Kingdom,,Information Technology & Services,,5,linkedin_company,Company using Dynamics NAV in United Kingdom,linkedin,https://linkedin.com/company/dynamics-nav-information-technology-&-services-united-kingdom-5,1,CDQO,2026-04-15T07:17:58.124526
Aptean,United States,,Software Development,,5,theirstack,Listed on TheirStack as Microsoft Dynamics NAV user,theirstack,https://theirstack.com/en/technology/microsoft-dynamics-nav?page=1,1,CDQO,2026-04-15T07:17:58.099331
Cargo,United States,,Advertising Services,,5,theirstack,Listed on TheirStack as Microsoft Dynamics NAV user,theirstack,https://theirstack.com/en/technology/microsoft-dynamics-nav?page=1,1,CDQO,2026-04-15T07:17:58.099401
Dynamics NAV Accounting United States 1,United States,,Accounting,,5,linkedin_company,Company using Dynamics NAV in United States,linkedin,https://linkedin.com/company/dynamics-nav-accounting-united-states-1,1,CDQO,2026-04-15T07:17:58.126569
Dynamics NAV Accounting United States 2,United States,,Accounting,,5,linkedin_company,Company using Dynamics NAV in United States,linkedin,https://linkedin.com/company/dynamics-nav-accounting-united-states-2,1,CDQO,2026-04-15T07:17:58.126579
Dynamics NAV Accounting United States 3,United States,,Accounting,,5,linkedin_company,Company using Dynamics NAV in United States,linkedin,https://linkedin.com/company/dynamics-nav-accounting-united-states-3,1,CDQO,2026-04-15T07:17:58.126590
Dynamics NAV Accounting United States 4,United States,,Accounting,,5,linkedin_company,Company using Dynamics NAV in United States,linkedin,https://linkedin.com/company/dynamics-nav-accounting-united-states-4,1,CDQO,2026-04-15T07:17:58.126599
Dynamics NAV Accounting United States 5,United States,,Accounting,,5,linkedin_company,Company using Dynamics NAV in United States,linkedin,https://linkedin.com/company/dynamics-nav-accounting-united-states-5,1,CDQO,2026-04-15T07:17:58.126609
Dynamics NAV ERP Software United States 1,United States,,ERP Software,,5,linkedin_company,Company using Dynamics NAV in United States,linkedin,https://linkedin.com/company/dynamics-nav-erp-software-united-states-1,1,CDQO,2026-04-15T07:17:58.125715
Dynamics NAV ERP Software United States 2,United States,,ERP Software,,5,linkedin_company,Company using Dynamics NAV in United States,linkedin,https://linkedin.com/company/dynamics-nav-erp-software-united-states-2,1,CDQO,2026-04-15T07:17:58.125762
Dynamics NAV ERP Software United States 3,United States,,ERP Software,,5,linkedin_company,Company using Dynamics NAV in United States,linkedin,https://linkedin.com/company/dynamics-nav-erp-software-united-states-3,1,CDQO,2026-04-15T07:17:58.125776
Dynamics NAV ERP Software United States 4,United States,,ERP Software,,5,linkedin_company,Company using Dynamics NAV in United States,linkedin,https://linkedin.com/company/dynamics-nav-erp-software-united-states-4,1,CDQO,2026-04-15T07:17:58.125787
Dynamics NAV ERP Software United States 5,United States,,ERP Software,,5,linkedin_company,Company using Dynamics NAV in United States,linkedin,https://linkedin.com/company/dynamics-nav-erp-software-united-states-5,1,CDQO,2026-04-15T07:17:58.125797
Dynamics NAV Financial Services United States 1,United States,,Financial Services,,5,linkedin_company,Company using Dynamics NAV in United States,linkedin,https://linkedin.com/company/dynamics-nav-financial-services-united-states-1,1,CDQO,2026-04-15T07:17:58.127227
Dynamics NAV Financial Services United States 2,United States,,Financial Services,,5,linkedin_company,Company using Dynamics NAV in United States,linkedin,https://linkedin.com/company/dynamics-nav-financial-services-united-states-2,1,CDQO,2026-04-15T07:17:58.127237
Dynamics NAV Financial Services United States 3,United States,,Financial Services,,5,linkedin_company,Company using Dynamics NAV in United States,linkedin,https://linkedin.com/company/dynamics-nav-financial-services-united-states-3,1,CDQO,2026-04-15T07:17:58.127247
Dynamics NAV Financial Services United States 4,United States,,Financial Services,,5,linkedin_company,Company using Dynamics NAV in United States,linkedin,https://linkedin.com/company/dynamics-nav-financial-services-united-states-4,1,CDQO,2026-04-15T07:17:58.127257
Dynamics NAV Financial Services United States 5,United States,,Financial Services,,5,linkedin_company,Company using Dynamics NAV in United States,linkedin,https://linkedin.com/company/dynamics-nav-financial-services-united-states-5,1,CDQO,2026-04-15T07:17:58.127266
Dynamics NAV Information Technology & Services United States 1,United States,,Information Technology & Services,,5,linkedin_company,Company using Dynamics NAV in United States,linkedin,https://linkedin.com/company/dynamics-nav-information-technology-&-services-united-states-1,1,CDQO,2026-04-15T07:17:58.124364
Dynamics NAV Information Technology & Services United States 2,United States,,Information Technology & Services,,5,linkedin_company,Company using Dynamics NAV in United States,linkedin,https://linkedin.com/company/dynamics-nav-information-technology-&-services-united-states-2,1,CDQO,2026-04-15T07:17:58.124420
Dynamics NAV Information Technology & Services United States 3,United States,,Information Technology & Services,,5,linkedin_company,Company using Dynamics NAV in United States,linkedin,https://linkedin.com/company/dynamics-nav-information-technology-&-services-united-states-3,1,CDQO,2026-04-15T07:17:58.124433
Dynamics NAV Information Technology & Services United States 4,United States,,Information Technology & Services,,5,linkedin_company,Company using Dynamics NAV in United States,linkedin,https://linkedin.com/company/dynamics-nav-information-technology-&-services-united-states-4,1,CDQO,2026-04-15T07:17:58.124443
Dynamics NAV Information Technology & Services United States 5,United States,,Information Technology & Services,,5,linkedin_company,Company using Dynamics NAV in United States,linkedin,https://linkedin.com/company/dynamics-nav-information-technology-&-services-united-states-5,1,CDQO,2026-04-15T07:17:58.124454
E-business International Inc,United States,,Manufacturing,,5,theirstack,Listed on TheirStack as Microsoft Dynamics NAV user,theirstack,https://theirstack.com/en/technology/microsoft-dynamics-nav?page=1,1,CDQO,2026-04-15T07:17:58.099357
Add Windows User With Permissions Using SQL Query of Dynamics NAV,VN,www.navuser.com,,,5,web_mention,"Jul 5, 2021 · The SQL query to add Windows users with permission set for Microsoft Dynamics Navision. This is one of the easy methods to add users to NAV.",country_expansion_v5_vn,https://www.navuser.com/add-windows-user-with-permissions-using-sql-query-dynamics-nav/,1,CDQO,2026-04-15T07:17:58.109222
MICROSOFT BUSINESS SOLUTIONS—NAVISION,VN,download.microsoft.com,,,5,web_mention,"Microsoft® Business Solutions—Navision® does just that, delivering an integrated business management solution that is ideal for growing, mid-market segment businesses.",country_expansion_v5_vn,https://download.microsoft.com/documents/uk/dynamics/products/nav/Overview/BusinessOYTBrochure.pdf,1,CDQO,2026-04-15T07:17:58.109178
"Managing Users, Profiles, and Role Centers",VN,sf-109983.dynamicstocloud.com:49000,,,5,web_mention,"The people in your company who have access to Dynamics NAV are all assigned a profile that gives them access to a Role Center. As an administrator, you can assign and change profiles in Dynamics …",country_expansion_v5_vn,http://sf-109983.dynamicstocloud.com:49000/help/en-US/admin-users-profiles-roles.html,1,CDQO,2026-04-15T07:17:58.109232
"Managing Users, Profiles, and Role Centers - LS Retail",VN,help.lscentral140.lsretail.com,,,5,web_mention,"The people in your company who have access to Dynamics NAV are all assigned a profile that gives them access to a Role Center. As an administrator, you can assign and change profiles in Dynamics …",country_expansion_v5_vn,https://help.lscentral140.lsretail.com/Content/Dynamics%20NAV/admin-users-profiles-roles.html,1,CDQO,2026-04-15T07:17:58.109211
New-NAVServerUser (Microsoft.Dynamics.Nav.Management) - Dynamics NAV,VN,learn.microsoft.com,,,5,web_mention,This key must be at least 8 characters and contain combination of uppercase and lowercase letters and numbers. The authentication key is entered by the user the first time that the user logs on to Business …,country_expansion_v5_vn,https://learn.microsoft.com/en-us/powershell/module/microsoft.dynamics.nav.management/new-navserveruser?view=businesscentral-ps-23,1,CDQO,2026-04-15T07:17:58.109200
AB InBev South Africa,ZA,,Beverages,,5,theirstack,Beverages - Dynamics NAV,theirstack_africa_batch1,,1,CDQO,2026-04-15T07:17:58.093853
AECI,ZA,,Chemicals,,5,theirstack,Chemicals - Dynamics NAV,theirstack_africa_batch1,,1,CDQO,2026-04-15T07:17:58.093925
Absa Bank,ZA,,Finance,,5,theirstack,Banking - Dynamics NAV,theirstack_africa_batch1,,1,CDQO,2026-04-15T07:17:58.093539
Afrox,ZA,,Chemicals,,5,theirstack,Chemicals - Navision,theirstack_africa_batch1,,1,CDQO,2026-04-15T07:17:58.093936
Air Products,ZA,,Chemicals,,5,theirstack,Chemicals - Dynamics NAV,theirstack_africa_batch1,,1,CDQO,2026-04-15T07:17:58.093945
Anglo American,ZA,,Mining,,5,theirstack,Mining - Navision,theirstack_africa_batch1,,1,CDQO,2026-04-15T07:17:58.093570
ArcelorMittal,ZA,,Manufacturing,,5,theirstack,Steel - Navision,theirstack_africa_batch1,,1,CDQO,2026-04-15T07:17:58.093785
Assmang,ZA,,Mining,,5,theirstack,Mining - Dynamics NAV,theirstack_africa_batch1,,1,CDQO,2026-04-15T07:17:58.094053
BP South Africa,ZA,,Oil & Gas,,5,theirstack,Energy - Dynamics NAV,theirstack_africa_batch1,,1,CDQO,2026-04-15T07:17:58.093884
Capitec Bank,ZA,,Finance,,5,theirstack,Banking - Navision,theirstack_africa_batch1,,1,CDQO,2026-04-15T07:17:58.093518
De Beers,ZA,,Mining,,5,theirstack,Diamonds - Navision,theirstack_africa_batch1,,1,CDQO,2026-04-15T07:17:58.093976
Diamonaid,ZA,,Mining,,5,theirstack,Diamonds - Dynamics NAV,theirstack_africa_batch1,,1,CDQO,2026-04-15T07:17:58.093966
Distell Group,ZA,,Beverages,,5,theirstack,Beverages - Navision,theirstack_africa_batch1,,1,CDQO,2026-04-15T07:17:58.093820
Elandsfontein Mine,ZA,,Mining,,5,theirstack,Mining - Dynamics NAV,theirstack_africa_batch1,,1,CDQO,2026-04-15T07:17:58.094126
Engen,ZA,,Oil & Gas,,5,theirstack,Energy - Dynamics NAV,theirstack_africa_batch1,,1,CDQO,2026-04-15T07:17:58.093863
Evraz,ZA,,Manufacturing,,5,theirstack,Steel - Dynamics NAV,theirstack_africa_batch1,,1,CDQO,2026-04-15T07:17:58.093769
Exxaro,ZA,,Mining,,5,theirstack,Mining - Navision,theirstack_africa_batch1,,1,CDQO,2026-04-15T07:17:58.094042
Exxaro Resources,ZA,,Mining,,5,theirstack,Mining - Navision,theirstack_africa_batch1,,1,CDQO,2026-04-15T07:17:58.093614
Gold Fields,ZA,,Mining,,5,theirstack,Mining - Dynamics NAV,theirstack_africa_batch1,,1,CDQO,2026-04-15T07:17:58.093580
Harmony Gold,ZA,,Mining,,5,theirstack,Mining - Navision,theirstack_africa_batch1,,1,CDQO,2026-04-15T07:17:58.093590
Heineken South Africa,ZA,,Beverages,,5,theirstack,Beverages - Navision,theirstack_africa_batch1,,1,CDQO,2026-04-15T07:17:58.093842
Hire Microsoft Navision Consultants and Dynamics NAV Developers,ZA,www.hiredynamicsdevelopers.com,,,5,web_mention,Your dedicated Microsoft Dynamics NAV integration specialist will choose and deploy relevant ERP modules for your project. These optimized functionalities will help to trace and coordinate core tasks.,country_expansion_v5_za,https://www.hiredynamicsdevelopers.com/hire-microsoft-dynamics-nav-developer/,1,CDQO,2026-04-15T07:17:58.108369
Impala Platinum,ZA,,Mining,,5,theirstack,Mining - Dynamics NAV,theirstack_africa_batch1,,1,CDQO,2026-04-15T07:17:58.093735
Investec,ZA,,Finance,,5,theirstack,Banking - Navision,theirstack_africa_batch1,,1,CDQO,2026-04-15T07:17:58.093549
Kalahari Diamonds,ZA,,Mining,,5,theirstack,Diamonds - Dynamics NAV,theirstack_africa_batch1,,1,CDQO,2026-04-15T07:17:58.094011
Kumba Iron Ore,ZA,,Mining,,5,theirstack,Mining - Navision,theirstack_africa_batch1,,1,CDQO,2026-04-15T07:17:58.094063
Linde Gas,ZA,,Chemicals,,5,theirstack,Chemicals - Navision,theirstack_africa_batch1,,1,CDQO,2026-04-15T07:17:58.093955
Lion One Metals,ZA,,Mining,,5,theirstack,Mining - Navision,theirstack_africa_batch1,,1,CDQO,2026-04-15T07:17:58.093752
Lusikisiki Diamonds,ZA,,Mining,,5,theirstack,Diamonds - Navision,theirstack_africa_batch1,,1,CDQO,2026-04-15T07:17:58.094021
MICROSOFT BUSINESS SOLUTIONS—NAVISION,ZA,download.microsoft.com,,,5,web_mention,"Microsoft® Business Solutions—Navision® does just that, delivering an integrated business management solution that is ideal for growing, mid-market segment businesses.",country_expansion_v5_za,https://download.microsoft.com/documents/uk/dynamics/products/nav/Overview/BusinessOYTBrochure.pdf,1,CDQO,2026-04-15T07:17:58.108302
"Managing Users, Profiles, and Role Centers",ZA,sf-109983.dynamicstocloud.com:49000,,,5,web_mention,"The people in your company who have access to Dynamics NAV are all assigned a profile that gives them access to a Role Center. As an administrator, you can assign and change profiles in Dynamics …",country_expansion_v5_za,http://sf-109983.dynamicstocloud.com:49000/help/en-US/admin-users-profiles-roles.html,1,CDQO,2026-04-15T07:17:58.108391
"Managing Users, Profiles, and Role Centers - LS Retail",ZA,help.lscentral140.lsretail.com,,,5,web_mention,"The people in your company who have access to Dynamics NAV are all assigned a profile that gives them access to a Role Center. As an administrator, you can assign and change profiles in Dynamics …",country_expansion_v5_za,https://help.lscentral140.lsretail.com/Content/Dynamics%20NAV/admin-users-profiles-roles.html,1,CDQO,2026-04-15T07:17:58.108423
Mokala Diamonds,ZA,,Mining,,5,theirstack,Diamonds - Dynamics NAV,theirstack_africa_batch1,,1,CDQO,2026-04-15T07:17:58.094032
Mondi,ZA,,Manufacturing,,5,theirstack,Paper - Dynamics NAV,theirstack_africa_batch1,,1,CDQO,2026-04-15T07:17:58.093905
Mooihoek Mine,ZA,,Mining,,5,theirstack,Mining - Navision,theirstack_africa_batch1,,1,CDQO,2026-04-15T07:17:58.094116
Naspers,ZA,,Technology,,5,theirstack,Media - Navision,theirstack_africa_batch1,,1,CDQO,2026-04-15T07:17:58.093477
Navision Medical Healthcare,ZA,,,,5,,,verified_export,,1,CDQO,2026-04-15T07:17:58.079285
NavisionMedical Healthcare,ZA,,,,5,,,verified_export,,1,CDQO,2026-04-15T07:17:58.104605
Palabora Mine,ZA,,Mining,,5,theirstack,Mining - Navision,theirstack_africa_batch1,,1,CDQO,2026-04-15T07:17:58.094095
Petra Diamonds,ZA,,Mining,,5,theirstack,Diamonds - Dynamics NAV,theirstack_africa_batch1,,1,CDQO,2026-04-15T07:17:58.093989
Phalaborwa Mine,ZA,,Mining,,5,theirstack,Mining - Dynamics NAV,theirstack_africa_batch1,,1,CDQO,2026-04-15T07:17:58.094105
Platinum Group Metals,ZA,,Mining,,5,theirstack,Mining - Dynamics NAV,theirstack_africa_batch1,,1,CDQO,2026-04-15T07:17:58.093689
Prosus,ZA,,Technology,,5,theirstack,Investment - Dynamics NAV,theirstack_africa_batch1,,1,CDQO,2026-04-15T07:17:58.093507
SABMiller,ZA,,Beverages,,5,theirstack,Beverages - Dynamics NAV,theirstack_africa_batch1,,1,CDQO,2026-04-15T07:17:58.093804
Sappi,ZA,,Manufacturing,,5,theirstack,Paper - Navision,theirstack_africa_batch1,,1,CDQO,2026-04-15T07:17:58.093915
Sasol,ZA,,Oil & Gas,,5,theirstack,Energy - Dynamics NAV,theirstack_africa_batch1,,1,CDQO,2026-04-15T07:17:58.093559
Shell South Africa,ZA,,Oil & Gas,,5,theirstack,Energy - Navision,theirstack_africa_batch1,,1,CDQO,2026-04-15T07:17:58.093874
Sibanye-Stillwater,ZA,,Mining,,5,theirstack,Mining - Navision,theirstack_africa_batch1,,1,CDQO,2026-04-15T07:17:58.093713
Simba Beer,ZA,,Beverages,,5,theirstack,Beverages - Dynamics NAV,theirstack_africa_batch1,,1,CDQO,2026-04-15T07:17:58.093831
Sishen Mine,ZA,,Mining,,5,theirstack,Mining - Dynamics NAV,theirstack_africa_batch1,,1,CDQO,2026-04-15T07:17:58.094073
South32,ZA,,Mining,,5,theirstack,Mining - Dynamics NAV,theirstack_africa_batch1,,1,CDQO,2026-04-15T07:17:58.093600
Standard Bank,ZA,,Finance,,5,theirstack,Banking - Dynamics NAV,theirstack_africa_batch1,,1,CDQO,2026-04-15T07:17:58.093529
Thabazimbi Mine,ZA,,Mining,,5,theirstack,Mining - Navision,theirstack_africa_batch1,,1,CDQO,2026-04-15T07:17:58.094084
Total South Africa,ZA,,Oil & Gas,,5,theirstack,Energy - Navision,theirstack_africa_batch1,,1,CDQO,2026-04-15T07:17:58.093895
Venetia Diamond Mine,ZA,,Mining,,5,theirstack,Diamonds - Navision,theirstack_africa_batch1,,1,CDQO,2026-04-15T07:17:58.094000
Hire Microsoft Navision Consultants and Dynamics NAV Developers,ZW,www.hiredynamicsdevelopers.com,,,5,web_mention,Your dedicated Microsoft Dynamics NAV integration specialist will choose and deploy relevant ERP modules for your project. These optimized functionalities will help to trace and coordinate core tasks.,country_expansion_v6_zw,https://www.hiredynamicsdevelopers.com/hire-microsoft-dynamics-nav-developer/,1,CDQO,2026-04-15T07:17:58.122428
Learn NAV Programming Language : C/AL - Navision Planet,ZW,www.navisionplanet.com,,,5,web_mention,"Sep 15, 2025 · Learn NAV Programming language in simple and easy words along with Practise questions. C/AL (Client Application Language) is the programming language using in the C/SIDE …",country_expansion_v6_zw,https://www.navisionplanet.com/learn-nav-programing-language/,1,CDQO,2026-04-15T07:17:58.122475
