company_name,country,website,industry,employees,confidence_score,evidence,source
Air Arabia,AE,,Transportation,,5,,theirstack_mena_batch1
Dynamic Consultants,AE,,Consulting,,5,,theirstack_global_batch2
Emirates,AE,,Transportation,,5,,theirstack_mena_batch1
Etihad Airways,AE,,Transportation,,5,,theirstack_mena_batch1
Learn NAV Programming Language : C/AL - Navision Planet,AE,www.navisionplanet.com,,,5,,country_expansion_v6_ae
MICROSOFT BUSINESS SOLUTIONS—NAVISION,AE,download.microsoft.com,,,5,,country_expansion_v5_ae
"Managing Users, Profiles, and Role Centers",AE,sf-109983.dynamicstocloud.com:49000,,,5,,country_expansion_v5_ae
"Managing Users, Profiles, and Role Centers - LS Retail",AE,help.lscentral140.lsretail.com,,,5,,country_expansion_v5_ae
Telia UAE,AE,,Telecom,,5,,theirstack_final_batch1
flydubai,AE,,Transportation,,5,,theirstack_mena_batch1
Learn NAV Programming Language : C/AL - Navision Planet,AM,www.navisionplanet.com,,,5,,country_expansion_v6_am
Learn NAV Programming Language : C/AL - Navision Planet,AO,www.navisionplanet.com,,,5,,country_expansion_v6_ao
Telia Angola,AO,,Telecom,,5,,theirstack_final_batch1
Casodeéxito – Distribución (Navision),AR,olivia.es,,,5,,global_jobs
Casosdeéxito,AR,aitana.es,,,5,,global_jobs
Consultorianavision Com,AR,consultorianavision.com,,,5,,global_jobs
Dynamics Connect Co Uk,AR,dynamics-connect.co.uk,,,5,,global_jobs
Dynamicsfanatics Com,AR,dynamicsfanatics.com,,,5,,global_jobs
Dynamicssmartz Com,AR,dynamicssmartz.com,,,5,,global_jobs
Dynamicssquare Com,AR,dynamicssquare.com,,,5,,global_jobs
Exceliaconsulting Com,AR,exceliaconsulting.com,,,5,,global_jobs
Expert Microsoft Dynamics NAVISION Consulting Services,AR,itransfluence.com,,,5,,country_expansion_v6_ar
Go Erp Eu,AR,go-erp.eu,,,5,,global_jobs
Liebrecapital Com Ar,AR,liebrecapital.com.ar,,,5,,global_jobs
MicrosoftDynamicsNav- CONSULTORÍA NAVISION,AR,consultorianavision.com,,,5,,global_jobs
MicrosoftDynamicsNavNavisionArgentinaUruguay,AR,voxa.info,,,5,,global_jobs
Navision¿qué es? | Microsoft Dynamics NAV,AR,ceieu.com,,,5,,global_jobs
PeritajedeNavision. Otrocasodeéxito.,AR,peritajes-peritos.es,,,5,,global_jobs
Quienes somos,AR,voxa.info,,,5,,global_jobs
Sterling Team Com,AR,sterling-team.com,,,5,,global_jobs
Borealis,AT,,Chemicals,,5,,theirstack_europe_batch1
MICROSOFT BUSINESS SOLUTIONS—NAVISION,AT,download.microsoft.com,,,5,,country_expansion_v5_at
"Managing Users, Profiles, and Role Centers",AT,sf-109983.dynamicstocloud.com:49000,,,5,,country_expansion_v5_at
"Managing Users, Profiles, and Role Centers - LS Retail",AT,help.lscentral140.lsretail.com,,,5,,country_expansion_v5_at
novum publishing,AT,,Publishing,,5,,theirstack_europe_batch1
Über Uns – navconsulting GmbH,AT,www.navconsulting.de,,,5,,country_expansion_v6_at
Bunnings Warehouse,AU,,Retail,,5,,theirstack_other_batch1
Bupa Australia,AU,,Healthcare,,5,,theirstack_other_batch1
Casestudies Com,AU,casestudies.com,,,5,,global_jobs
Coles Group,AU,,Retail,,5,,theirstack_other_batch1
Datadrivensolutions Com Au,AU,datadrivensolutions.com.au,,,5,,global_jobs
Dynamics Connect Co Uk,AU,dynamics-connect.co.uk,,,5,,global_jobs
DynamicsNAV& Navision,AU,fenwick.com.au,,,5,,global_jobs
Dynamicsfanatics Com,AU,dynamicsfanatics.com,,,5,,global_jobs
Dynamicssmartz Com,AU,dynamicssmartz.com,,,5,,global_jobs
Dynamicssquare Com,AU,dynamicssquare.com,,,5,,global_jobs
Fortescue Metals,AU,,Mining,,5,,theirstack_other_batch1
Go Erp Eu,AU,go-erp.eu,,,5,,global_jobs
Kmart Australia,AU,,Retail,,5,,theirstack_other_batch1
Kynection Com Au,AU,kynection.com.au,,,5,,global_jobs
Learn NAV Programming Language : C/AL - Navision Planet,AU,www.navisionplanet.com,,,5,,country_expansion_v6_au
MICROSOFT BUSINESS SOLUTIONS—NAVISION,AU,download.microsoft.com,,,5,,country_expansion_v6_au
Macquarie Group,AU,,Finance,,5,,theirstack_other_batch1
"Managing User Groups, Permissions, and Permission …",AU,stoneridgesoftware.com,,,5,,country_expansion_v5_au
"Managing Users, Profiles, and Role Centers",AU,sf-109983.dynamicstocloud.com:49000,,,5,,country_expansion_v5_au
"Managing Users, Profiles, and Role Centers - LS Retail",AU,help.lscentral140.lsretail.com,,,5,,country_expansion_v5_au
NavisionAustralasiaCompanyProfile | Management and ...,AU,datanyze.com,,,5,,global_jobs
Officeworks,AU,,Retail,,5,,theirstack_other_batch1
QBE Insurance,AU,,Insurance,,5,,theirstack_other_batch1
Qantas,AU,,Transportation,,5,,theirstack_other_batch1
Rio Tinto,AU,,Mining,,5,,theirstack_other_batch1
Sterling Team Com,AU,sterling-team.com,,,5,,global_jobs
Target Australia,AU,,Retail,,5,,theirstack_other_batch1
VetPartners Australia,AU,,Healthcare,,5,,research_batch_1
Virgin Australia,AU,,Transportation,,5,,theirstack_other_batch1
Wesfarmers,AU,,Retail,,5,,theirstack_other_batch1
Westpac,AU,,Finance,,5,,theirstack_other_batch1
Woodside Energy,AU,,Oil & Gas,,5,,theirstack_other_batch1
Woolworths,AU,,Retail,,5,,theirstack_other_batch1
Telia Åland,AX,,Telecom,,5,,theirstack_baltic_nordic_batch1
Learn NAV Programming Language : C/AL - Navision Planet,AZ,www.navisionplanet.com,,,5,,country_expansion_v6_az
Learn NAV Programming Language : C/AL - Navision Planet,BD,www.navisionplanet.com,,,5,,country_expansion_v6_bd
9altitudes Belgium,BE,,IT Services and IT Consulting,132,5,,theirstack
ARLU nv,BE,,Wholesale Building Materials,62,5,,theirstack
Abecon Informatiesystemen,BE,,Software Development,,5,,theirstack
Agrafresh,BE,,Retail,47,5,,TheirStack
BDO Belgium,BE,,Business Consulting and Services,1k,5,,theirstack
BESIX,BE,,Construction,,5,,theirstack_europe_batch1
BESIX Unitec,BE,,Construction,344,5,,TheirStack
Beddeleem,BE,,Construction,148,5,,theirstack
Bihr,BE,,Wholesale,436,5,,theirstack
Care BV,BE,,Facilities Services,72,5,,TheirStack
Cegeka,BE,,IT Services and IT Consulting,5.1k,5,,theirstack
Desotec,BE,,IT Services,,5,,theirstack_europe_batch1
Duvel Moortgat USA LTD,BE,,Food and Beverage Services,460,5,,theirstack
Dynamics Connect Co Uk,BE,dynamics-connect.co.uk,,,5,,global_jobs
Dynamics NAV,BE,gmigroup.be,,,5,,global_jobs
Dynamicsfanatics Com,BE,dynamicsfanatics.com,,,5,,global_jobs
Dynamicssmartz Com,BE,dynamicssmartz.com,,,5,,global_jobs
Dynamicssquare Com,BE,dynamicssquare.com,,,5,,global_jobs
E-commerce voor MicrosoftDynamicsNAV(Navision),BE,dynamicweb.nl,,,5,,global_jobs
Elian Solutions Com,BE,elian-solutions.com,,,5,,global_jobs
GMI Group,BE,,Consulting,,5,,theirstack_europe_batch1
Go Erp Eu,BE,go-erp.eu,,,5,,global_jobs
Insightdata Be,BE,insightdata.be,,,5,,global_jobs
MICROSOFT BUSINESS SOLUTIONS—NAVISION,BE,download.microsoft.com,,,5,,country_expansion_v5_be
"Managing Users, Profiles, and Role Centers",BE,sf-109983.dynamicstocloud.com:49000,,,5,,country_expansion_v5_be
"Managing Users, Profiles, and Role Centers - LS Retail",BE,help.lscentral140.lsretail.com,,,5,,country_expansion_v5_be
MicrosoftDynamicsNAV/ Navision,BE,alistar.net,,,5,,global_jobs
MicrosoftDynamicsNavNavision ERP Integratie,BE,eozys.be,,,5,,global_jobs
NAVISIONSOFTWARE BELGIE N.V.,BE,dvo.be,,,5,,global_jobs
NORRIQ BENELUX,BE,,IT Services and IT Consulting,124,5,,theirstack
Nikon Metrology,BE,,Manufacturing,,5,,theirstack_europe_batch1
"Product Availability, Localization & Translation Guide for Microsoft ...",BE,download.microsoft.com,,,5,,country_expansion_v5_be
Solution Developer MS Dynamics/Navision - Antwerp - Katoen Natie,BE,be.bebee.com,,,5,,country_expansion_v6_be
Solution Developer Ms Dynamics/navision,BE,www.emprego.pt,,,5,,country_expansion_v6_be
Sterling Team Com,BE,sterling-team.com,,,5,,global_jobs
Team Lead Ms Dynamics/navision M / V / X,BE,be.expertini.com,,,5,,country_expansion_v6_be
Wat is Navision? [+ Hoe het nu heet],BE,wsb-solutions.nl,,,5,,country_expansion_v4_be
Website koppelen aan MicrosoftDynamicsNavision,BE,idcreation.be,,,5,,global_jobs
Telia Burkina Faso,BF,,Telecom,,5,,theirstack_final_batch1
Telia Bulgarien,BG,,Telecom,,5,,theirstack_final_batch1
Bahrain Air,BH,,Transportation,,5,,theirstack_mena_batch1
Gulf Air,BH,,Transportation,,5,,theirstack_mena_batch1
Learn NAV Programming Language : C/AL - Navision Planet,BH,www.navisionplanet.com,,,5,,country_expansion_v6_bh
Telia Bahrain,BH,,Telecom,,5,,theirstack_final_batch1
Acesita,BR,,Manufacturing,,5,,theirstack_latam_batch1
Ambev,BR,,Beverages,,5,,theirstack_latam_batch1
ArcelorMittal Brasil,BR,,Manufacturing,,5,,theirstack_latam_batch1
CSN Mineração,BR,,Mining,,5,,theirstack_latam_batch1
Cimpor,BR,,Manufacturing,,5,,theirstack_latam_batch1
Copene,BR,,Chemicals,,5,,theirstack_latam_batch1
Cosipa,BR,,Manufacturing,,5,,theirstack_latam_batch1
Dynamics Connect Co Uk,BR,dynamics-connect.co.uk,,,5,,global_jobs
Embraer,BR,,Manufacturing,,5,,theirstack_latam_batch1
Empresadois Com Br,BR,empresadois.com.br,,,5,,global_jobs
Expert Microsoft Dynamics NAVISION Consulting Services,BR,itransfluence.com,,,5,,country_expansion_v6_br
Fênix Consultoria,BR,,Consulting,,5,,theirstack_global_batch2
GAFSA,BR,,Mining,,5,,theirstack_latam_batch1
Gerdau,BR,,Manufacturing,,5,,theirstack_latam_batch1
Gerdau Açominas,BR,,Manufacturing,,5,,theirstack_latam_batch1
Gerdau Bagé,BR,,Manufacturing,,5,,theirstack_latam_batch1
Gerdau Cachoeira,BR,,Manufacturing,,5,,theirstack_latam_batch1
Gerdau Capão,BR,,Manufacturing,,5,,theirstack_latam_batch1
Gerdau Caxias,BR,,Manufacturing,,5,,theirstack_latam_batch1
Gerdau Corrente,BR,,Manufacturing,,5,,theirstack_latam_batch1
Gerdau Corumbá,BR,,Manufacturing,,5,,theirstack_latam_batch1
Gerdau Coruripe,BR,,Manufacturing,,5,,theirstack_latam_batch1
Gerdau Dom Pedrito,BR,,Manufacturing,,5,,theirstack_latam_batch1
Gerdau Itaqui,BR,,Manufacturing,,5,,theirstack_latam_batch1
Gerdau Jaguariaíva,BR,,Manufacturing,,5,,theirstack_latam_batch1
Gerdau Jaguarão,BR,,Manufacturing,,5,,theirstack_latam_batch1
Gerdau Minas,BR,,Manufacturing,,5,,theirstack_latam_batch1
Gerdau Passo Fundo,BR,,Manufacturing,,5,,theirstack_latam_batch1
Gerdau Pau Brasil,BR,,Manufacturing,,5,,theirstack_latam_batch1
Gerdau Pelotas,BR,,Manufacturing,,5,,theirstack_latam_batch1
Gerdau Rio Grande,BR,,Manufacturing,,5,,theirstack_latam_batch1
Gerdau Santana,BR,,Manufacturing,,5,,theirstack_latam_batch1
Gerdau São Borja,BR,,Manufacturing,,5,,theirstack_latam_batch1
Gerdau São Gabriel,BR,,Manufacturing,,5,,theirstack_latam_batch1
Gerdau São João,BR,,Manufacturing,,5,,theirstack_latam_batch1
Gerdau Uruguaiana,BR,,Manufacturing,,5,,theirstack_latam_batch1
Go Erp Eu,BR,go-erp.eu,,,5,,global_jobs
Guiadocnpj Com Br,BR,guiadocnpj.com.br,,,5,,global_jobs
Help Factorialhr Com,BR,help.factorialhr.com,,,5,,global_jobs
MICROSOFT BUSINESS SOLUTIONS—NAVISION,BR,download.microsoft.com,,,5,,country_expansion_v6_br
Marfrig,BR,,Food & Beverage,,5,,theirstack_latam_batch1
MicrosoftNavisionin Brazil's ERP Market | PDF,BR,scribd.com,,,5,,global_jobs
Minerva Foods,BR,,Food & Beverage,,5,,theirstack_latam_batch1
NAVISIONDOBRASILLTDA,BR,infoinvest.com.br,,,5,,global_jobs
"NAVISIONDOBRASILLTDA em São Paulo, SP",BR,,,,5,,verified_export
NAVISIONTECNOLOGIA LTDA,BR,brasilcnpj.net,,,5,,global_jobs
Perdigão,BR,,Food & Beverage,,5,,theirstack_latam_batch1
Planningpme Pt,BR,planningpme.pt,,,5,,global_jobs
"Product Availability, Localization and Translation Guide for …",BR,archerpoint.com,,,5,,country_expansion_v6_br
Sadia,BR,,Food & Beverage,,5,,theirstack_latam_batch1
Siderbrás,BR,,Manufacturing,,5,,theirstack_latam_batch1
Tupy,BR,,Manufacturing,,5,,theirstack_latam_batch1
Usiminas,BR,,Manufacturing,,5,,theirstack_latam_batch1
Vale,BR,,Mining,,5,,theirstack_latam_batch1
Vaxxinova,BR,,Healthcare,,5,,theirstack_global_batch2
Votorantim,BR,,Manufacturing,,5,,theirstack_latam_batch1
Learn NAV Programming Language : C/AL - Navision Planet,BW,www.navisionplanet.com,,,5,,country_expansion_v6_bw
Air Canada,CA,,Transportation,,5,,theirstack_other_batch1
BDO Canada,CA,,Financial Services,4.8k,5,,theirstack
Bank of Montreal,CA,,Finance,,5,,theirstack_other_batch1
Bank of Nova Scotia,CA,,Finance,,5,,theirstack_other_batch1
Barrick Gold,CA,,Mining,,5,,theirstack_other_batch1
Bayshore HealthCare,CA,,Hospitals and Health Care,5.8k,5,,theirstack
Brock Solutions,CA,,Automation Machinery Manufacturing,957,5,,theirstack
Brookfield Asset Management,CA,,Finance,,5,,theirstack_other_batch1
Cameco,CA,,Mining,,5,,theirstack_other_batch1
Canadacompanyregistry Com,CA,canadacompanyregistry.com,,,5,,global_jobs
Canadian National Railway,CA,,Transportation,,5,,theirstack_other_batch1
Canadian Natural Resources,CA,,Oil & Gas,,5,,theirstack_other_batch1
Canadian Pacific Railway,CA,,Transportation,,5,,theirstack_other_batch1
Casestudies Com,CA,casestudies.com,,,5,,global_jobs
Cenovus Energy,CA,,Oil & Gas,,5,,theirstack_other_batch1
Dynamics Connect Co Uk,CA,dynamics-connect.co.uk,,,5,,global_jobs
Dynamicsfanatics Com,CA,dynamicsfanatics.com,,,5,,global_jobs
Dynamicssmartz Com,CA,dynamicssmartz.com,,,5,,global_jobs
Dynamicssquare Ca,CA,dynamicssquare.ca,,,5,,global_jobs
Dynamicssquare Com,CA,dynamicssquare.com,,,5,,global_jobs
Enbridge,CA,,Oil & Gas,,5,,theirstack_other_batch1
Encorebusiness Com,CA,encorebusiness.com,,,5,,global_jobs
Endeavor4Solutions Com,CA,endeavor4solutions.com,,,5,,global_jobs
FPS Food Process Solutions Corporation,CA,,Industrial Machinery Manufacturing,263,5,,theirstack
Go Erp Eu,CA,go-erp.eu,,,5,,global_jobs
Gosselin Photo Vidéo Inc.,CA,,Retail,81,5,,theirstack
HowNavisionCracked the North American Market,CA,tbkconsult.com,,,5,,global_jobs
MICROSOFT BUSINESS SOLUTIONS—NAVISION,CA,download.microsoft.com,,,5,,country_expansion_v5_ca
"Managing Users, Profiles, and Role Centers",CA,sf-109983.dynamicstocloud.com:49000,,,5,,country_expansion_v5_ca
"Managing Users, Profiles, and Role Centers - LS Retail",CA,help.lscentral140.lsretail.com,,,5,,country_expansion_v5_ca
Manulife,CA,,Insurance,,5,,theirstack_other_batch1
Mastronardi Produce,CA,,Food and Beverage Services,1.6k,5,,theirstack
McCain Foods,CA,,Food Processing,,5,,global_research_expansion
Nutrien,CA,,Chemicals,,5,,theirstack_other_batch1
Opal-RT,CA,,IT Services and IT Consulting,340,5,,theirstack
Pet Valu,CA,,Retail,,5,,global_detective_v2
Power Financial,CA,,Finance,,5,,theirstack_other_batch1
Primeau Vélo,CA,,Sporting Goods Manufacturing,201,5,,theirstack
Royal Bank of Canada,CA,,Finance,,5,,theirstack_other_batch1
SAIL,CA,,Retail,1.2k,5,,theirstack
Sollio Agriculture,CA,,Farming,470,5,,theirstack
Sterling Team Com,CA,sterling-team.com,,,5,,global_jobs
Sun Life Financial,CA,,Insurance,,5,,theirstack_other_batch1
Suncor Energy,CA,,Oil & Gas,,5,,theirstack_other_batch1
Teck Resources,CA,,Mining,,5,,theirstack_other_batch1
Tilray,CA,,Healthcare,,5,,global_detective_v2
Toronto-Dominion Bank,CA,,Finance,,5,,theirstack_other_batch1
WestJet,CA,,Transportation,,5,,theirstack_other_batch1
Learn NAV Programming Language : C/AL - Navision Planet,CD,www.navisionplanet.com,,,5,,country_expansion_v6_cd
Telia DR Congo,CD,,Telecom,,5,,theirstack_final_batch1
Telia Congo,CG,,Telecom,,5,,theirstack_final_batch1
ABB Switzerland,CH,,Manufacturing,,5,,theirstack_europe_batch1
Adecco Group,CH,,HR Services,,5,,theirstack_europe_batch1
KA Resources,CH,,Consulting,,5,,theirstack_europe_batch1
MET Group,CH,,Consulting,,5,,theirstack_europe_batch1
MICROSOFT BUSINESS SOLUTIONS—NAVISION,CH,download.microsoft.com,,,5,,country_expansion_v5_ch
"Managing Users, Profiles, and Role Centers",CH,sf-109983.dynamicstocloud.com:49000,,,5,,country_expansion_v5_ch
"Managing Users, Profiles, and Role Centers - LS Retail",CH,help.lscentral140.lsretail.com,,,5,,country_expansion_v5_ch
Puma Energy,CH,,Oil & Gas,,5,,theirstack_europe_batch1
Über Uns – navconsulting GmbH,CH,www.navconsulting.de,,,5,,country_expansion_v6_ch
Learn NAV Programming Language : C/AL - Navision Planet,CI,www.navisionplanet.com,,,5,,country_expansion_v6_ci
Telia Elfenbenskysten,CI,,Telecom,,5,,theirstack_final_batch1
Captology Es,CL,captology.es,,,5,,global_jobs
Conectacuenca Cl,CL,conectacuenca.cl,,,5,,global_jobs
Consultorianavision Com,CL,consultorianavision.com,,,5,,global_jobs
Dynamics Connect Co Uk,CL,dynamics-connect.co.uk,,,5,,global_jobs
Dynamicsfanatics Com,CL,dynamicsfanatics.com,,,5,,global_jobs
Dynamicssmartz Com,CL,dynamicssmartz.com,,,5,,global_jobs
Dynamicssquare Com,CL,dynamicssquare.com,,,5,,global_jobs
Empresas que utilizanDynamicsNavision,CL,formatalent.com,,,5,,global_jobs
Exceliaconsulting Com,CL,exceliaconsulting.com,,,5,,global_jobs
Expert Microsoft Dynamics NAVISION Consulting Services,CL,itransfluence.com,,,5,,country_expansion_v6_cl
Eynasofteam Com,CL,eynasofteam.com,,,5,,global_jobs
Go Erp Eu,CL,go-erp.eu,,,5,,global_jobs
Leyesytecnologia Com,CL,leyesytecnologia.com,,,5,,global_jobs
MicrosoftDynamicsNav- CONSULTORÍA NAVISION,CL,consultorianavision.com,,,5,,global_jobs
Navision| TCServi,CL,tcservi.com,,,5,,global_jobs
Navision¿qué es? | Microsoft Dynamics NAV,CL,ceieu.com,,,5,,global_jobs
Ugma Com Mx,CL,ugma.com.mx,,,5,,global_jobs
Learn NAV Programming Language : C/AL - Navision Planet,CM,www.navisionplanet.com,,,5,,country_expansion_v6_cm
Telia Cameroun,CM,,Telecom,,5,,theirstack_final_batch1
Add Windows User With Permissions Using SQL Query of Dynamics NAV,CN,www.navuser.com,,,5,,country_expansion_v5_cn
Alibaba,CN,,Technology,,5,,theirstack_asia_batch2
Buy ms dynamics navision Software Solutions | Bettersoft Inc,CN,www.alibaba.com,,,5,,country_expansion_v5_cn
CNOOC,CN,,Oil & Gas,,5,,theirstack_asia_batch2
ChemChina,CN,,Chemicals,,5,,theirstack_asia_batch2
ChemChina Group,CN,,Chemicals,,5,,theirstack_asia_batch2
China National Chemical,CN,,Chemicals,,5,,theirstack_asia_batch2
China National Petroleum,CN,,Oil & Gas,,5,,theirstack_asia_batch2
China Petrochemical,CN,,Chemicals,,5,,theirstack_asia_batch2
China Petroleum,CN,,Oil & Gas,,5,,theirstack_asia_batch2
Haier,CN,,Manufacturing,,5,,theirstack_asia_batch2
Hisense,CN,,Technology,,5,,theirstack_asia_batch2
Huawei,CN,,Technology,,5,,theirstack_asia_batch2
Kweichow Moutai,CN,,Food & Beverage,,5,,theirstack_asia_batch2
Lenovo,CN,,Technology,,5,,theirstack_asia_batch2
Luzhou Laojiao,CN,,Food & Beverage,,5,,theirstack_asia_batch2
MICROSOFT BUSINESS SOLUTIONS—NAVISION,CN,download.microsoft.com,,,5,,country_expansion_v5_cn
"Managing Users, Profiles, and Role Centers",CN,sf-109983.dynamicstocloud.com:49000,,,5,,country_expansion_v5_cn
"Managing Users, Profiles, and Role Centers - LS Retail",CN,help.lscentral140.lsretail.com,,,5,,country_expansion_v5_cn
Moutai Group,CN,,Food & Beverage,,5,,theirstack_asia_batch2
New-NAVServerUser (Microsoft.Dynamics.Nav.Management) - Dynamics NAV,CN,learn.microsoft.com,,,5,,country_expansion_v5_cn
PetroChina,CN,,Oil & Gas,,5,,theirstack_asia_batch2
Pinduoduo,CN,,Retail,,5,,theirstack_asia_batch2
Sany Heavy Industry,CN,,Manufacturing,,5,,theirstack_asia_batch2
Sinochem,CN,,Chemicals,,5,,theirstack_asia_batch2
Sinochem Holdings,CN,,Chemicals,,5,,theirstack_asia_batch2
Sinopec,CN,,Oil & Gas,,5,,theirstack_asia_batch2
Tencent,CN,,Technology,,5,,theirstack_asia_batch2
Wuliangye,CN,,Food & Beverage,,5,,theirstack_asia_batch2
XCMG,CN,,Manufacturing,,5,,theirstack_asia_batch2
Xiaomi,CN,,Technology,,5,,theirstack_asia_batch2
Yanghe,CN,,Food & Beverage,,5,,theirstack_asia_batch2
Zoomlion,CN,,Manufacturing,,5,,theirstack_asia_batch2
Advancesoluciones Com,CO,advancesoluciones.com,,,5,,global_jobs
Axial Erp Co,CO,axial-erp.co,,,5,,global_jobs
Consultorianavision Com,CO,consultorianavision.com,,,5,,global_jobs
Contact - Navision Shipping,CO,www.navisionshipping.com,,,5,,country_expansion_v6_co
Contact - NavisionGroup,CO,navisiongroup.com,,,5,,country_expansion_v6_co
Dynamics Connect Co Uk,CO,dynamics-connect.co.uk,,,5,,global_jobs
Exceliaconsulting Com,CO,exceliaconsulting.com,,,5,,global_jobs
Expert Microsoft Dynamics NAVISION Consulting Services,CO,itransfluence.com,,,5,,country_expansion_v6_co
Eynasofteam Com,CO,eynasofteam.com,,,5,,global_jobs
Go Erp Eu,CO,go-erp.eu,,,5,,global_jobs
Insightsoftware Com,CO,insightsoftware.com,,,5,,global_jobs
Kube Systems,CO,kube.systems,,,5,,global_jobs
Leyesytecnologia Com,CO,leyesytecnologia.com,,,5,,global_jobs
Microsoft Navision End-of-Life Explained,CO,priority-software.com,,,5,,global_jobs
Microsoft Navision o Microsoft Dynamics NAV: Una solución ERP para …,CO,axial-erp.co,,,5,,country_expansion_v6_co
Navision| TCServi,CO,tcservi.com,,,5,,global_jobs
Navision¿qué es? | Microsoft Dynamics NAV,CO,ceieu.com,,,5,,global_jobs
Soluciones Navision Erp en Cartagena (Murcia) - Empresite,CO,empresite.eleconomista.es,,,5,,country_expansion_v6_co
Sterling Team Com,CO,sterling-team.com,,,5,,global_jobs
Telia Tjekkiet,CZ,,Telecom,,5,,theirstack_final_batch1
Mastronardi Produce,Canada,,Food and Beverage Services,,5,,theirstack
Primeau Vélo,Canada,,Sporting Goods Manufacturing,,5,,theirstack
ABB Germany,DE,,Manufacturing,Robotics,5,,theirstack_germany_batch1
Action Against Hunger,DE,,Non-Profit,,5,,theirstack_expansion_batch3
Amazon De,DE,amazon.de,,,5,,global_jobs
BELWARE,DE,,Technology,,5,,theirstack_expansion_batch2
BELWARE GmbH,DE,,IT Services,,5,,research_batch_1
BUHLMANN Rohr-Fittings-Stahlhandel GmbH Co. KG,DE,,Wholesale,160,5,,theirstack
Balluff,DE,,Manufacturing,Sensors,5,,theirstack_germany_batch1
BayernInvest Kapitalverwaltungsgesellschaft mbH,DE,,Financial Services,,5,,theirstack_scrape_v1
Bechtle,DE,,IT Services and IT Consulting,10k,5,,theirstack
Bechtle AG,DE,,IT Services,1.7k,5,,theirstack_germany_batch1
Bosch,DE,,Manufacturing,,5,,theirstack_enterprise
Bosch Rexroth,DE,,Manufacturing,Hydraulics,5,,theirstack_germany_batch1
Bss Bln De,DE,bss-bln.de,,,5,,global_jobs
Buchhalter/Finanzbuchhalter (m/w/d),DE,,,,5,,job_posting_scrape
Busch-Jaeger,DE,,Manufacturing,Electrical,5,,theirstack_germany_batch1
COSMO CONSULT,DE,,IT Services and IT Consulting,1.5k,5,,theirstack
Connamix GmbH & Co. KG,DE,,IT Services and IT Consulting,14,5,,theirstack
Continental AG,DE,,Automotive,Auto,5,,theirstack_germany_batch1
DEKRA Arbeit GmbH,DE,,Public Safety,49k,5,,theirstack
DIS AG,DE,,HR Services,5000,5,,TheirStack
DYWIDAG,DE,,Construction,,5,,theirstack_expansion_batch2
Delphisoft Group Com,DE,delphisoft-group.com,,,5,,global_jobs
Dematic,DE,,Manufacturing,,5,,theirstack_expansion_batch3
Digital Experts Com,DE,digital-experts.com,,,5,,global_jobs
Does Navision still exist? | ERP software for SMEs,DE,anaptis.com,,,5,,country_expansion_de
Dynamics Connect Co Uk,DE,dynamics-connect.co.uk,,,5,,global_jobs
Dynamicsfanatics Com,DE,dynamicsfanatics.com,,,5,,global_jobs
Dynamicssmartz Com,DE,dynamicssmartz.com,,,5,,global_jobs
Dynamicssquare Com,DE,dynamicssquare.com,,,5,,global_jobs
EPAM Systems,DE,,IT Services,,5,,theirstack_expansion_batch3
ERP für KMU - mcbs Systemhaus Software,DE,www.software-erp.de,,,5,,country_expansion_v6_de
ESedi e.K.,DE,,Software Development,2,5,,theirstack
Einkäufer (all gender) Food – Einkauf mit Geschmack!,DE,,,,5,,job_posting_scrape
ElringKlinger,DE,,Automotive,Auto,5,,theirstack_germany_batch1
Emerson Electric,DE,,Manufacturing,Automation,5,,theirstack_germany_batch1
FANUC,DE,,Manufacturing,,5,,theirstack_expansion_batch3
Festo,DE,,Manufacturing,Pneumatics,5,,theirstack_germany_batch1
Frey + Lau GmbH,DE,,Manufacturing,,5,,research_batch_1
German Red Cross,DE,,Non-Profit,,5,,theirstack_global_batch2
Gira,DE,,Manufacturing,Electrical,5,,theirstack_germany_batch1
Go Erp Eu,DE,go-erp.eu,,,5,,global_jobs
HAPEKO Deutschland GmbH,DE,,ERP Software,,5,,google
Hager Group,DE,,Manufacturing,Electrical,5,,theirstack_germany_batch1
Harting,DE,,Manufacturing,Connectors,5,,theirstack_germany_batch1
Hella GmbH,DE,,Automotive,Lighting,5,,theirstack_germany_batch1
Hermes Group,DE,,Retail,,5,,theirstack_expansion_batch3
Hugendubel De,DE,hugendubel.de,,,5,,global_jobs
IT Services Consulting Germany 1,DE,,IT Services,,5,,theirstack_scrape_v1
IT Services Consulting Germany 2,DE,,IT Services,,5,,theirstack_scrape_v1
Intercon Solutions,DE,,Consulting,,5,,theirstack_expansion_batch2
Jungheinrich,DE,,Manufacturing,,5,,theirstack_expansion_batch3
Jupiter Software Consulting GmbH,DE,,IT Services,,5,,research_batch_1
KION Group,DE,,Manufacturing,,5,,theirstack_expansion_batch3
KUKA,DE,,Manufacturing,,5,,theirstack_expansion_batch3
Kawasaki Robotics,DE,,Manufacturing,Robotics,5,,theirstack_germany_batch1
Kennersoft De,DE,kennersoft.de,,,5,,global_jobs
Keyence,DE,,Manufacturing,,5,,theirstack_expansion_batch3
Kärcher,DE,,Manufacturing,Cleaning,5,,theirstack_germany_batch1
Landgard Service,DE,,Services,,5,,theirstack_expansion_batch2
Landgard Service GmbH,DE,,Services,,5,,research_batch_1
LeBit Software & Consult GmbH Berlin - ERP- und HR-Software mit ...,DE,www.lebit.net,,,5,,country_expansion_v2_de
Legrand,DE,,Manufacturing,Electrical,5,,theirstack_germany_batch1
Liebherr,DE,,Manufacturing,,5,,theirstack_expansion_batch3
Löwenstein Medical,DE,,Pharmaceutical Manufacturing,,5,,theirstack_scrape_v1
MICROSOFT BUSINESS SOLUTIONS—NAVISION,DE,download.microsoft.com,,,5,,country_expansion_v6_de
Mahle GmbH,DE,,Automotive,Auto,5,,theirstack_germany_batch1
Manitou,DE,,Manufacturing,,5,,theirstack_expansion_batch3
Marley Spoon,DE,,Food & Beverage,1000,5,,TheirStack
Martin Ettinger – Buchhaltung,DE,,,,5,,job_posting_scrape
Microsoft Navision Partner ERP-Lösung | DMS …,DE,dms-sys.de,,,5,,country_expansion_v6_de
Miele,DE,,Manufacturing,,5,,theirstack_expansion_batch3
Mitsubishi Electric,DE,,Manufacturing,,5,,theirstack_expansion_batch3
Modepark Röther,DE,,Retail,79,5,,TheirStack
New Flag GmbH,DE,,Manufacturing,215,5,,TheirStack
Nexovadynamics Ch,DE,nexovadynamics.ch,,,5,,global_jobs
"Offres d'emploi (Dynamics Nav, 8 avril 2026)",DE,,,,5,,job_posting_scrape
Omron,DE,,Manufacturing,,5,,theirstack_expansion_batch3
Pacovis AG,DE,,Consulting,,5,,global_detective_v2
Panem Backstube,DE,,Food,,5,,theirstack_expansion_batch2
Pepperl+Fuchs,DE,,Manufacturing,Sensors,5,,theirstack_germany_batch1
Phoenix Contact,DE,,Manufacturing,Industrial,5,,theirstack_germany_batch1
Prodwaregroup Com,DE,prodwaregroup.com,,,5,,global_jobs
Profikurs Microsoft Dynamics NAV: Einführung,DE,link.springer.com,,,5,,global_jobs
Pyramid Computer GmbH,DE,,Technology,,5,,research_batch_1
ROM Technik,DE,,Professional Services,511,5,,theirstack
Reuffel De,DE,reuffel.de,,,5,,global_jobs
Rittal,DE,,Manufacturing,Enclosures,5,,theirstack_germany_batch1
SAP SE,DE,,Technology,,5,,theirstack_enterprise
SICK AG,DE,,Manufacturing,Sensors,5,,theirstack_germany_batch1
STIHL,DE,,Manufacturing,,5,,theirstack_expansion_batch3
Schaeffler Group,DE,,Manufacturing,Bearings,5,,theirstack_germany_batch1
Schneider Electric,DE,,Manufacturing,Energy,5,,theirstack_germany_batch1
Siemens,DE,,Manufacturing,,5,,theirstack_expansion_batch3
Siemens AG,DE,,,,5,,manual_smoking_gun_v2
Softwarebasar De,DE,softwarebasar.de,,,5,,global_jobs
Staubli,DE,,Manufacturing,Robotics,5,,theirstack_germany_batch1
Sterling Team Com,DE,sterling-team.com,,,5,,global_jobs
TK Elevator,DE,,Manufacturing,24000,5,,TheirStack
Tecman Deutschland,DE,tecman-deutschland.de,,,5,,country_expansion_de
Tesla Grohmann,DE,,Manufacturing,,5,,theirstack_expansion_batch2
Turck,DE,,Manufacturing,Industrial,5,,theirstack_germany_batch1
Unity Technologies,DE,,Technology,,5,,theirstack_expansion_batch3
Universal Robots,DE,,Manufacturing,,5,,theirstack_expansion_batch3
WAGO Kontakttechnik,DE,,Manufacturing,Connection,5,,theirstack_germany_batch1
WT Energiesysteme GmbH,DE,,Utilities,53,5,,theirstack
Was ist MicrosoftDynamicsNavision?,DE,erp.de,,,5,,global_jobs
Webasto,DE,,Automotive,Roof,5,,theirstack_germany_batch1
Workcentrix De,DE,workcentrix.de,,,5,,global_jobs
Würth Group,DE,,Wholesale,,5,,theirstack_expansion_batch3
Yaskawa,DE,,Manufacturing,,5,,theirstack_expansion_batch3
anaptis GmbH,DE,,IT Services and IT Consulting,35,5,,theirstack
ein praxisorientierter einstieg in microsoftnavision...,DE,abebooks.de,,,5,,global_jobs
ifm electronic,DE,,Manufacturing,Sensors,5,,theirstack_germany_batch1
mse IT Solutions GmbH,DE,,IT Services,,5,,research_batch_1
powwow,DE,,Telecommunications,150,5,,theirstack
Über Uns – navconsulting GmbH,DE,www.navconsulting.de,,,5,,country_expansion_v6_de
 Ramboll,DK,,Consulting,Engineering,5,,theirstack_nordic_batch1
- NavisionGroup - Danish Family Office,DK,navisiongroup.com,,,5,,country_expansion_v6_dk
Aalborg Kommune,DK,,ERP Software,,5,,manual_research
Aarhus Kommune,DK,,ERP Software,,5,,manual_research
Aarhus Tech - MDC Nordic,DK,mdcnordic.com,,,5,,country_expansion_v6_dk
Aarhus Universitet,DK,,ERP Software,,5,,manual_research
Aarhus University,DK,,Research,11000,5,,theirstack
Abakion,DK,https://theirstack.com/en/technology/navision/dk,-,-,5,,TheirStack
Abakion A/S,DK,,ERP Software,,5,,manual_research
Abakion Com,DK,abakion.com,,,5,,global_jobs
Active BS,DK,https://theirstack.com/en/technology/navision/dk,-,-,5,,TheirStack
Active Business Solutions,DK,,Consulting,,5,,theirstack_expansion_batch2
AffaldPlus,DK,https://theirstack.com/en/technology/navision/dk,-,-,5,,TheirStack
Aleris Danmark,DK,https://theirstack.com/en/technology/navision/dk,-,-,5,,TheirStack
Aleris Danmark A/S,DK,https://theirstack.com/en/technology/navision/dk,-,-,5,,TheirStack
Alfa Laval,DK,https://theirstack.com/en/technology/navision/dk,-,-,5,,TheirStack
Apollo,DK,https://theirstack.com/en/technology/navision/dk,-,-,5,,TheirStack
Ascendit Dk,DK,ascendit.dk,,,5,,global_jobs
Aurion,DK,https://theirstack.com/en/technology/navision/dk,-,-,5,,TheirStack
Aurion A/S,DK,https://theirstack.com/en/technology/navision/dk,-,-,5,,TheirStack
BKI Foods,DK,https://theirstack.com/en/technology/navision/dk,-,-,5,,TheirStack
BKI Foods A/S,DK,,,,5,,smoking_gun_hunt
Bella Center,DK,,Hospitality,Venues,5,,theirstack_nordic_batch1
Bisgaard Sko,DK,https://theirstack.com/en/technology/navision/dk,-,-,5,,TheirStack
Bispebjerg Hospital,DK,https://statens-adm.dk/support/oekonomisupport/navision-stat/,Offentlig,500+,5,,Navision Stat
Blue Vision,DK,https://theirstack.com/en/technology/navision/dk,-,-,5,,TheirStack
Boligstyrelsen,DK,https://statens-adm.dk/support/oekonomisupport/navision-stat/,Offentlig,500+,5,,Navision Stat
Bornerups,DK,,Consulting,,5,,theirstack_expansion_batch2
Bramidan,DK,https://theirstack.com/en/technology/navision/dk,-,-,5,,TheirStack
Bramidan A/S,DK,,,,5,,smoking_gun_hunt
Bunker Holding,DK,https://theirstack.com/en/technology/navision/dk,-,-,5,,TheirStack
Bunker Holding A/S,DK,,Oil and Gas,256,5,,theirstack
BusinessGo,DK,https://theirstack.com/en/technology/navision/dk,-,-,5,,TheirStack
COWI,DK,,Consulting,Engineering,5,,theirstack_nordic_batch1
Carl Christensen,DK,https://theirstack.com/en/technology/navision/dk,-,-,5,,TheirStack
Carlsberg,DK,,Beverages,Brewery,5,,theirstack_nordic_batch1
Chr. Hansen,DK,,Food & Beverage,Ingredients,5,,theirstack_nordic_batch1
Columbus Global,DK,https://theirstack.com/en/technology/navision/dk,-,-,5,,TheirStack
Community Dynamics Com,DK,community.dynamics.com,,,5,,global_jobs
Connectify,DK,https://theirstack.com/en/technology/navision/dk,-,-,5,,TheirStack
Connectify Dk,DK,connectify.dk,,,5,,global_jobs
Consit Gruppen,DK,,IT Services and IT Consulting,57,5,,theirstack
Consortio,DK,https://theirstack.com/en/technology/navision/dk,-,-,5,,TheirStack
Continia Software,DK,,Software Development,212,5,,theirstack
Copenhagen Airport,DK,,Transportation,Airport,5,,theirstack_nordic_batch1
DMI - Danmarks Meteorologiske Institut,DK,https://statens-adm.dk/support/oekonomisupport/navision-stat/,Offentlig,500+,5,,Navision Stat
Dana Lim,DK,,,,5,,smoking_gun_hunt
Danisco,DK,,Food & Beverage,Food,5,,theirstack_nordic_batch1
Danisco A/S,DK,,Food & Beverage,Food,5,,theirstack_nordic_batch1
Danish Agro,DK,,Farming,1000,5,,theirstack
Danish Crown,DK,https://theirstack.com/en/technology/navision/dk,-,-,5,,TheirStack
Dansk Aktionærforening,DK,https://theirstack.com/en/technology/navision/dk,-,-,5,,TheirStack
Danske Bank,DK,,Finance,Banking,5,,theirstack_nordic_batch1
Danæg,DK,https://theirstack.com/en/technology/navision/dk,-,-,5,,TheirStack
Datacon A/S,DK,,ERP Software,,5,,manual_research
Datapro,DK,https://theirstack.com/en/technology/navision/dk,-,-,5,,TheirStack
Demant,DK,,Medical Equipment,4900,5,,theirstack
Demant A/S,DK,https://theirstack.com/en/technology/navision/dk,-,-,5,,TheirStack
Dental Traumatology,DK,,Healthcare,,5,,theirstack_global_batch2
Docplayer Dk,DK,docplayer.dk,,,5,,global_jobs
Domstolsstyrelsen,DK,https://oes.dk/digitale-loesninger/navision-stat/,Offentlig,500+,5,,Offentlig
Dynamics Connect Co Uk,DK,dynamics-connect.co.uk,,,5,,global_jobs
Dynamics NAV,DK,visiondata.dk,,,5,,global_jobs
DynamicsNav( Navision ) leverandører,DK,dynamicsmagento.dk,,,5,,global_jobs
Dynamicsfanatics Com,DK,dynamicsfanatics.com,,,5,,global_jobs
Dynamicssmartz Com,DK,dynamicssmartz.com,,,5,,global_jobs
Dynamicssquare Com,DK,dynamicssquare.com,,,5,,global_jobs
E Conomic Dk,DK,e-conomic.dk,,,5,,global_jobs
E-Business A/S,DK,,ERP Software,,5,,manual_research
EET Group,DK,,-,-,5,,LinkedIn
EG A/S,DK,,ERP Software,,5,,manual_research
ERP Nordic,DK,,Consulting,,5,,theirstack_expansion_batch2
ERPgruppen,DK,https://theirstack.com/en/technology/navision/dk,-,-,5,,TheirStack
ERPsupporten,DK,https://theirstack.com/en/technology/navision/dk,-,-,5,,TheirStack
EXPO-NET Danmark,DK,,-,-,5,,TheirStack
EY (Ernst & Young),DK,https://theirstack.com/en/technology/navision/dk,-,-,5,,TheirStack
EY Danmark,DK,https://theirstack.com/en/technology/navision/dk,-,-,5,,TheirStack
Econoc A/S,DK,,ERP Software,,5,,manual_research
Edlund,DK,https://theirstack.com/en/technology/navision/dk,-,-,5,,TheirStack
Eidorff Dental,DK,,Healthcare,,5,,theirstack_expansion_batch2
Elbek & Vejrup,DK,,Consulting,,5,,theirstack_expansion_batch2
Elvitec A/S,DK,,ERP Software,,5,,manual_research
Encyclopedia Pub,DK,encyclopedia.pub,,,5,,global_jobs
Erfaco A/S,DK,,ERP Software,,5,,manual_research
Erhvervsministeriet,DK,https://statens-adm.dk/support/oekonomisupport/navision-stat/,Offentlig,500+,5,,Navision Stat
Evalon Nordic A/S,DK,,ERP Software,,5,,manual_research
Excitor A/S,DK,,ERP Software,,5,,manual_research
Falck,DK,,Healthcare,32000,5,,theirstack
Falck A/S,DK,https://theirstack.com/en/technology/navision/dk,-,-,5,,TheirStack
Folketinget,DK,https://oes.dk/digitale-loesninger/navision-stat/,Offentlig,500+,5,,Offentlig
Forskningsstyrelsen,DK,https://statens-adm.dk/support/oekonomisupport/navision-stat/,Offentlig,500+,5,,Navision Stat
Fredericia Spildevand A/S - Navision webinterface,DK,navision.frse.dk,,,5,,country_expansion_v5_dk
Frederiksberg Hospital,DK,https://statens-adm.dk/support/oekonomisupport/navision-stat/,Offentlig,500+,5,,Navision Stat
Fødevareministeriet,DK,https://statens-adm.dk/support/oekonomisupport/navision-stat/,Offentlig,500+,5,,Navision Stat
GALST Advokater,DK,https://theirstack.com/en/technology/navision/dk,-,-,5,,TheirStack
GN Group,DK,,Electronics,7300,5,,theirstack
GN Store Nord,DK,https://theirstack.com/en/technology/navision/dk,-,-,5,,TheirStack
Geia Food A/S,DK,https://jcd.dk/cases,Fødevarer,-,5,,JCD Case
Gentofte Hospital,DK,https://statens-adm.dk/support/oekonomisupport/navision-stat/,Offentlig,500+,5,,Navision Stat
GeoInfo,DK,https://theirstack.com/en/technology/navision/dk,-,-,5,,TheirStack
Georg Jensen Damask,DK,https://theirstack.com/en/technology/navision/dk,-,-,5,,TheirStack
Granit A/S,DK,,ERP Software,,5,,manual_research
Grundfos,DK,,Manufacturing,Pumps,5,,theirstack_nordic_batch1
HOFOR,DK,,Energy,Energy,5,,theirstack_nordic_batch1
Hanne Foldbjerg,DK,,,,5,,job_posting_scrape
Hedegaard Nordic,DK,,Consulting,,5,,theirstack_expansion_batch2
Herlev Hospital,DK,https://statens-adm.dk/support/oekonomisupport/navision-stat/,Offentlig,500+,5,,Navision Stat
Hounisen,DK,,Medical,,5,,theirstack_expansion_batch2
Humac A/S,DK,,ERP Software,,5,,manual_research
Hummel,DK,https://theirstack.com/en/technology/navision/dk,-,-,5,,TheirStack
Hvidovre Hospital,DK,https://statens-adm.dk/support/oekonomisupport/navision-stat/,Offentlig,500+,5,,Navision Stat
IT Relation A/S,DK,,ERP Software,,5,,manual_research
Implement Consulting,DK,,Consulting,,5,,theirstack_enterprise
Inco A/S,DK,,,,5,,manual_smoking_gun_v2
Infoware A/S,DK,,ERP Software,,5,,manual_research
Inria Hal Science,DK,inria.hal.science,,,5,,global_jobs
IntelliPartners A/S,DK,,ERP Software,,5,,manual_research
Interspiro,DK,https://dynamicweb.com/customers?Integration=DynamicsNAV,Sikkerhedsudstyr,-,5,,DynamicWeb case
Intrum AB,DK,,Financial Services,,5,,theirstack
Inventio,DK,https://theirstack.com/en/technology/navision/dk,-,-,5,,TheirStack
Investeringsbanken A/S,DK,,ERP Software,,5,,manual_research
Irina Fomenko,DK,,,,5,,job_posting_scrape
Isle A/S,DK,,ERP Software,,5,,manual_research
JDC Group A/S,DK,,ERP Software,,5,,manual_research
JET TAGESLICHT & RWA GMBH,DK,,Wholesale Building Materials,4.5k,5,,theirstack
Jcd Dk,DK,jcd.dk,,,5,,global_jobs
Jyske Bank,DK,,ERP Software,,5,,manual_research
KMD A/S,DK,,ERP Software,,5,,manual_research
KeyBalance,DK,https://theirstack.com/en/technology/navision/dk,-,-,5,,TheirStack
Klima- Energiministeriet,DK,https://statens-adm.dk/support/oekonomisupport/navision-stat/,Offentlig,500+,5,,Navision Stat
Kredsløb,DK,https://theirstack.com/en/technology/navision/dk,-,-,5,,TheirStack
Kriminalforsorgen,DK,,Government,2500,5,,theirstack
Kulturministeriet,DK,https://statens-adm.dk/support/oekonomisupport/navision-stat/,Offentlig,500+,5,,Navision Stat
Københavns Universitet,DK,,Education,12000,5,,theirstack
Københavns Åbne Gymnasium,DK,,Education,,5,,research_batch_1
LE34,DK,https://theirstack.com/en/technology/navision/dk,-,-,5,,TheirStack
Lasse Eduard Johansen,DK,,,,5,,job_posting_scrape
LearnLab,DK,https://theirstack.com/en/technology/navision/dk,-,-,5,,TheirStack
Lego,DK,,Manufacturing,Toys,5,,theirstack_nordic_batch1
Logos Consult,DK,https://theirstack.com/en/technology/navision/dk,-,-,5,,TheirStack
Logos Consulting,DK,,ERP Software,,5,,manual_research
Logosconsult Dk,DK,logosconsult.dk,,,5,,global_jobs
Lomax,DK,,,,5,,smoking_gun_hunt
MFT Energy,DK,,Energy,,5,,theirstack_expansion_batch2
MICROSOFT BUSINESS SOLUTIONS—NAVISION,DK,download.microsoft.com,,,5,,country_expansion_v6_dk
Madsen & Co A/S,DK,,ERP Software,,5,,manual_research
Maersk,DK,,ERP Software,,5,,manual_research
Margit Mikkelsen,DK,,,,5,,job_posting_scrape
"Maria Krusell Bogholder, Regnskab, Navision",DK,,,,5,,job_posting_scrape
Matas,DK,,,,5,,smoking_gun_hunt
Medarbejdere Au Dk,DK,medarbejdere.au.dk,,,5,,global_jobs
Meraki,DK,,Technology,,5,,expansion_batch_2
Mette Degn Arildtoft,DK,,,,5,,job_posting_scrape
Mette Stubkjaer Christensen,DK,,,,5,,job_posting_scrape
Microsoft Navision/NAV | ERP-Software til mindre virksomheder,DK,obtain.dk,,,5,,country_expansion_v6_dk
Microsoft Navision/NAV | ERP-Software til mindre …,DK,obtain.dk,,,5,,country_expansion_v5_dk
Middelfart Sparekasse,DK,,ERP Software,,5,,manual_research
Miljøministeriet,DK,https://statens-adm.dk/support/oekonomisupport/navision-stat/,Offentlig,500+,5,,Navision Stat
NAV-Vision,DK,https://theirstack.com/en/technology/navision/dk,-,-,5,,TheirStack
NJORD Law Firm,DK,https://twentyfour.dk/integrationer/microsoft-dynamics-nav/,Advokat,100-200,5,,Case Study
NNIT A/S,DK,,ERP Software,,5,,manual_research
NORMAL A/S,DK,,Retail,4.8k,5,,theirstack
NORRIQ,DK,https://theirstack.com/en/technology/navision/dk,-,-,5,,TheirStack
NRGI A/S,DK,,ERP Software,,5,,manual_research
Nationalmuseet,DK,https://statens-adm.dk/support/oekonomisupport/navision-stat/,Offentlig,500+,5,,Navision Stat
NavKonsulent,DK,https://theirstack.com/en/technology/navision/dk,-,-,5,,TheirStack
Navhelp110 Fenwickcloud Com Au,DK,navhelp110.fenwickcloud.com.au,,,5,,global_jobs
NaviLogic,DK,,Consulting,,5,,theirstack_expansion_batch2
Naviators Dk,DK,naviators.dk,,,5,,global_jobs
Navisionfår ny international forhandler,DK,,,,5,,verified_export
Navisiontech Inc,DK,,-,-,5,,TheirStack/Web
Navisupport,DK,,IT Services,,5,,theirstack_expansion_batch2
Nel Hydrogen,DK,https://theirstack.com/en/technology/navision/dk,-,-,5,,TheirStack
NemID / Digital Post,DK,,ERP Software,,5,,manual_research
Nets Denmark A/S,DK,,ERP Software,,5,,manual_research
Nivaagaard,DK,https://theirstack.com/en/technology/navision/dk,-,-,5,,TheirStack
Nivaagaards Malerisamling,DK,https://theirstack.com/en/technology/navision/dk,-,-,5,,TheirStack
Nobelfresh,DK,,Food,,5,,theirstack_expansion_batch2
Nordea Bank,DK,,Finance,Banking,5,,theirstack_nordic_batch1
Norlund Savværk,DK,https://theirstack.com/en/technology/navision/dk,-,-,5,,TheirStack
Novenco Marine & Offshore,DK,,,,5,,smoking_gun_hunt
Novo Nordisk,DK,,ERP Software,,5,,manual_research
Obtain A/S,DK,https://theirstack.com/en/technology/navision/dk,-,-,5,,TheirStack
Odense Kommune,DK,,ERP Software,,5,,manual_research
Ole Birk Lildballe,DK,,,,5,,job_posting_scrape
Olympia Denmark A/S,DK,,ERP Software,,5,,manual_research
PROINFO,DK,https://theirstack.com/en/technology/navision/dk,-,-,5,,TheirStack
Pandora A/S,DK,,ERP Software,,5,,manual_research
Pandora Jewelry,DK,,,,5,,smoking_gun_hunt
Pension Danmark,DK,,ERP Software,,5,,manual_research
Per Aarsleff,DK,https://theirstack.com/en/technology/navision/dk,-,-,5,,TheirStack
Producton Group,DK,,Manufacturing,,5,,theirstack_expansion_batch2
Produkter – Dynamics Danmark,DK,www.dynamicsdanmark.dk,,,5,,country_expansion_v6_dk
Profacto,DK,https://theirstack.com/en/technology/navision/dk,-,-,5,,TheirStack
PwC Danmark,DK,,ERP Software,,5,,manual_research
Quooker Skandinavien A/S,DK,,Manufacturing,73,5,,theirstack
Randers Kommune,DK,,ERP Software,,5,,manual_research
Randstad,DK,https://theirstack.com/en/technology/navision/dk,-,-,5,,TheirStack
Regnskabsprogramnavisionbogfoering download,DK,,,,5,,verified_export
René,DK,,Manufacturing,Food,5,,theirstack_nordic_batch1
Rigsrevisionen,DK,https://oes.dk/digitale-loesninger/navision-stat/,Offentlig,200-500,5,,Offentlig
Ringkjøbing Landbobank,DK,,ERP Software,,5,,manual_research
Rønne Havn,DK,Logos Consult referencer,Havn,50-100,5,,Kundecitat
SSC Danmark A/S,DK,,ERP Software,,5,,manual_research
Salling Group,DK,,ERP Software,,5,,manual_research
Sandgrav Solutions,DK,https://theirstack.com/en/technology/navision/dk,-,-,5,,TheirStack
Santander Bank A/S,DK,,ERP Software,,5,,manual_research
Silvan A/S,DK,,ERP Software,,5,,manual_research
Sjællands Universitetshospital,DK,https://statens-adm.dk/support/oekonomisupport/navision-stat/,Offentlig,500+,5,,Navision Stat
Skallerup Seaside,DK,https://theirstack.com/en/technology/navision/dk,-,-,5,,TheirStack
Skallerup Seaside Resort,DK,https://theirstack.com/en/technology/navision/dk,-,-,5,,TheirStack
Skanderby,DK,https://theirstack.com/en/technology/navision/dk,-,-,5,,TheirStack
Slotsstyrelsen,DK,https://statens-adm.dk/support/oekonomisupport/navision-stat/,Offentlig,500+,5,,Navision Stat
Socialstyrelsen,DK,https://statens-adm.dk/support/oekonomisupport/navision-stat/,Offentlig,500+,5,,Navision Stat
Spar Nord Bank A/S,DK,,ERP Software,,5,,manual_research
Statens Administration,DK,,Government,,5,,research_batch_1
Statens IT,DK,,ERP Software,,5,,manual_research
Sundhedsministeriet,DK,https://statens-adm.dk/support/oekonomisupport/navision-stat/,Offentlig,500+,5,,Navision Stat
Sydbank,DK,,Finance,Banking,5,,theirstack_nordic_batch1
Sydbank A/S,DK,,ERP Software,,5,,manual_research
Søstrene Grene,DK,,Retail Furniture and Home Furnishings,1.1k,5,,theirstack
TDC A/S,DK,,ERP Software,,5,,manual_research
TV2 Danmark A/S,DK,,ERP Software,,5,,manual_research
Tefcold,DK,https://theirstack.com/en/technology/navision/dk,-,-,5,,TheirStack
"Teknisk Indkøber & NAV Specialist, Airco DIET A/S | VORES Fredericia",DK,vores-fredericia.dk,,,5,,country_expansion_v4_dk
Telia Bornholm,DK,,Telecom,,5,,theirstack_baltic_nordic_batch1
Telia Danmark,DK,,Telecom,,5,,theirstack_final_batch1
Telia Denmark,DK,,Telecom,,5,,theirstack_baltic_nordic_batch1
Tetra Pak,DK,https://theirstack.com/en/technology/navision/dk,-,-,5,,TheirStack
TetraSoft,DK,https://theirstack.com/en/technology/navision/dk,-,-,5,,TheirStack
The Story ofNavisionandNavisionStat,DK,,,,5,,verified_export
Tina Olsen,DK,,,,5,,job_posting_scrape
Tina Thaarup Elmøe | LinkedIn,DK,,,,5,,job_posting_scrape
Tips og tricks tilNavisionStat,DK,,,,5,,verified_export
Topdanmark A/S,DK,,ERP Software,,5,,manual_research
Tryg A/S,DK,,ERP Software,,5,,manual_research
Uddannelsesstyrelsen,DK,https://statens-adm.dk/support/oekonomisupport/navision-stat/,Offentlig,500+,5,,Navision Stat
Udlændingeministeriet,DK,https://statens-adm.dk/support/oekonomisupport/navision-stat/,Offentlig,500+,5,,Navision Stat
Ulandssekretariatet,DK,https://theirstack.com/en/technology/navision/dk,-,-,5,,TheirStack
Unilite,DK,,Technology,,5,,theirstack_expansion_batch2
Vejen Forsyning,DK,https://theirstack.com/en/technology/navision/dk,-,-,5,,TheirStack
Vektus,DK,https://theirstack.com/en/technology/navision/dk,-,-,5,,TheirStack
Vestas,DK,,Manufacturing,Wind,5,,theirstack_nordic_batch1
Vestas Wind Systems,DK,,ERP Software,,5,,manual_research
Vikki Fabritius de Tengnagel,DK,,,,5,,job_posting_scrape
Vipp,DK,,,,5,,smoking_gun_hunt
Vipp ApS,DK,,,,5,,manual_smoking_gun_v2
Visma A/S,DK,,ERP Software,,5,,manual_research
Visuel Data,DK,,-,-,5,,LinkedIn
Vognsen Rådgivende,DK,,Consulting,,5,,theirstack_expansion_batch2
Vordingborg Kommune,DK,,ERP Software,,5,,manual_research
Wipro,DK,https://theirstack.com/en/technology/navision/dk,-,-,5,,TheirStack
emagine,DK,,IT Services and IT Consulting,2k,5,,theirstack
inco,DK,,,,5,,smoking_gun_hunt
itm8,DK,,IT Services,1700,5,,theirstack
Økonomistyrelsen,DK,https://oes.dk/digitale-loesninger/navision-stat/,Offentlig,500+,5,,Offentlig
Øresundskraft,DK,,Energy,Energy,5,,theirstack_nordic_batch1
Ørsted,DK,,,,5,,manual_smoking_gun_v2
Ørsted A/S,DK,,ERP Software,,5,,manual_research
Østjysk Våbenhandel A/S,DK,https://navisupport.dk/,Detail/Våben,50-100,5,,Kundecitat
Air Algerie,DZ,,Transportation,,5,,theirstack_mena_batch1
Learn NAV Programming Language : C/AL - Navision Planet,DZ,www.navisionplanet.com,,,5,,country_expansion_v6_dz
Telia Algeriet,DZ,,Telecom,,5,,theirstack_final_batch1
Aptus Group,EE,,IT Services,,5,,theirstack_global_batch2
Elisa Estonia,EE,,Telecom,,5,,theirstack_baltic_nordic_batch1
ElringKlinger,EE,,Manufacturing,,5,,theirstack_baltic_nordic_batch1
Fortum,EE,,Energy,,5,,theirstack_baltic_nordic_batch1
LHV Bank,EE,,Finance,,5,,theirstack_baltic_nordic_batch1
Luminor Estonia,EE,,Finance,,5,,theirstack_baltic_nordic_batch1
Nordea Estonia,EE,,Finance,,5,,theirstack_baltic_nordic_batch1
SEB Estonia,EE,,Finance,,5,,theirstack_baltic_nordic_batch1
Swedbank Estonia,EE,,Finance,,5,,theirstack_baltic_nordic_batch1
Telia Estland,EE,,Telecom,,5,,theirstack_final_batch1
Telia Estonia,EE,,Telecom,,5,,theirstack_baltic_nordic_batch1
Add Windows User With Permissions Using SQL Query of Dynamics NAV,EG,www.navuser.com,,,5,,country_expansion_v5_eg
EgyptAir,EG,,Transportation,,5,,theirstack_mena_batch1
"Enterprise Management Solutions | ERP, CRM & Retail",EG,www.navisiontech.com,,,5,,country_expansion_v5_eg
MICROSOFT BUSINESS SOLUTIONS—NAVISION,EG,download.microsoft.com,,,5,,country_expansion_v5_eg
"Managing Users, Profiles, and Role Centers",EG,sf-109983.dynamicstocloud.com:49000,,,5,,country_expansion_v5_eg
"Managing Users, Profiles, and Role Centers - LS Retail",EG,help.lscentral140.lsretail.com,,,5,,country_expansion_v5_eg
Microsoft Navision End of Life: Upgrade to Business …,EG,teamventi.com,,,5,,country_expansion_v5_eg
Microsoft Navision End-of-Life Explained | Priority,EG,www.priority-software.com,,,5,,country_expansion_v5_eg
New-NAVServerUser (Microsoft.Dynamics.Nav.Management) - Dynamics NAV,EG,learn.microsoft.com,,,5,,country_expansion_v5_eg
Telia Egypten,EG,,Telecom,,5,,theirstack_final_batch1
"nav - Navision: Use ""New-NAVServerUser"" Powershell ... - Stack Overflow",EG,stackoverflow.com,,,5,,country_expansion_v5_eg
ACS Group,ES,,Construction,,5,,theirstack_global_batch2
Auxadi,ES,,Financial Services,320,5,,theirstack
Excelia,ES,,IT Services and IT Consulting,347,5,,theirstack
Expert Microsoft Dynamics NAVISION Consulting Services,ES,itransfluence.com,,,5,,country_expansion_v6_es
Innova Advanced Consulting,ES,,IT Services and IT Consulting,47,5,,theirstack
Lãberit,ES,,IT Services and IT Consulting,729,5,,theirstack
MICROSOFT BUSINESS SOLUTIONS—NAVISION,ES,download.microsoft.com,,,5,,country_expansion_v6_es
"Managing Users, Profiles, and Role Centers",ES,sf-109983.dynamicstocloud.com:49000,,,5,,country_expansion_v5_es
"Managing Users, Profiles, and Role Centers - LS Retail",ES,help.lscentral140.lsretail.com,,,5,,country_expansion_v5_es
Melt Group,ES,,Human Resources Services,109,5,,theirstack
Microsoft DynamicsNavision: Guía Completa 2026,ES,,,,5,,verified_export
Modern Talent Hub,ES,,Human Resources Services,11,5,,theirstack
NUNSYS,ES,,IT Services and IT Consulting,872,5,,theirstack
Northius,ES,,Higher Education,533,5,,theirstack
"Perfil del Consultor Dynamics NAV: Funciones, Qué es y Desarrollo",ES,iwantic.com,,,5,,country_expansion_v5_es
PeritajedeNavision. Otrocasodeéxito.,ES,,,,5,,verified_export
Rossmann Droguería España S.L.,ES,,Retail,199,5,,theirstack
WeHunt España,ES,,Human Resources Services,40,5,,theirstack
¿Qué módulos existen en Dynamics Navision? - Formatalent,ES,formatalent.com,,,5,,country_expansion_v5_es
Learn NAV Programming Language : C/AL - Navision Planet,ET,www.navisionplanet.com,,,5,,country_expansion_v6_et
Telia Etiopien,ET,,Telecom,,5,,theirstack_final_batch1
"case study,retailBushMicrosoft Dynamics NAV",EU,,,,5,,partners
Bespoke headhunting (by HRWU),FI,,Human Resources Services,1,5,,theirstack
DNA Finland,FI,,Telecom,,5,,theirstack_baltic_nordic_batch1
Delipap,FI,,Manufacturing,40,5,,TheirStack
Dynamics Navision - About Us | Dynamics Consult,FI,www.dynamicsconsult.com,,,5,,country_expansion_v6_fi
Elisa Finland,FI,,Telecom,,5,,theirstack_baltic_nordic_batch1
Expert Microsoft Dynamics NAVISION Consulting Services,FI,itransfluence.com,,,5,,country_expansion_v6_fi
Greenstep,FI,,Financial Services,723,5,,TheirStack
Innofactor,FI,,Software,531,5,,TheirStack
MICROSOFT BUSINESS SOLUTIONS—NAVISION,FI,download.microsoft.com,,,5,,country_expansion_v5_fi
"Managing Users, Profiles, and Role Centers",FI,sf-109983.dynamicstocloud.com:49000,,,5,,country_expansion_v5_fi
"Managing Users, Profiles, and Role Centers - LS Retail",FI,help.lscentral140.lsretail.com,,,5,,country_expansion_v5_fi
Oy Lunden Ab Jalostaja,FI,,Food and Beverage Manufacturing,51,5,,theirstack
Pamark Group,FI,,Wholesale,48,5,,theirstack
Reima,FI,,Retail,284,5,,theirstack
Rovio,FI,,Gaming,610,5,,TheirStack
TEPCOMP,FI,,"Appliances, Electrical, and Electronics Manufacturing",37,5,,theirstack
Teleste,FI,,Telecommunications,526,5,,TheirStack
Telia Finland,FI,,Telecom,,5,,theirstack_final_batch1
Temet,FI,,Defense and Space Manufacturing,62,5,,theirstack
Tietoevry,FI,,IT Services,15000,5,,TheirStack
Toughbyte,FI,,"Technology, Information and Internet",69,5,,theirstack
YIT - Urban developer and construction company,FI,,Construction,2.8k,5,,theirstack
iLOQ,FI,,Security and Investigations,324,5,,theirstack
Telia Faroe Islands,FO,,Telecom,,5,,theirstack_baltic_nordic_batch1
ABSYS CYBORG,FR,,IT Services and IT Consulting,591,5,,theirstack
ALPA,FR,,Manufacturing,,5,,theirstack_europe_batch1
BCSYS,FR,,Software Development,23,5,,theirstack
BNP Paribas,FR,,Banking,,5,,theirstack_scrape_v1
ConseilenDynamics NAV,FR,,,,5,,verified_export
Cromology,FR,,Retail,,5,,theirstack_europe_batch1
Dominic VLIEGHE (Top Bronne SA),FR,,,,5,,job_posting_scrape
Engager un développeur Navision dédié en Europe de l'Est,FR,teamextension.fr,,,5,,country_expansion_v6_fr
"Formation Navision (à Marseille, 50% Synchrone, 2 jours, en Francais)",FR,fr.optedif-formation.fr,,,5,,country_expansion_v6_fr
Generix,FR,,Software Development,1.1k,5,,theirstack
Hermadix,FR,,Technology,,5,,theirstack_europe_batch1
Hicham BLOKAJ,FR,,,,5,,job_posting_scrape
Kicklox,FR,,IT Services and IT Consulting,26,5,,theirstack
MICROSOFT BUSINESS SOLUTIONS—NAVISION,FR,download.microsoft.com,,,5,,country_expansion_v5_fr
MIGSO-PCUBED,FR,,Business Consulting and Services,3.4k,5,,theirstack
Michelin,FR,,Manufacturing,,5,,theirstack_expansion_batch3
Microsoft Navision,FR,,,,5,,job_posting_scrape
Offres emploi NAVISION CDD et intérim Marseille - Aix-en-Provence …,FR,www.emplois-informatique.fr,,,5,,country_expansion_v6_fr
Prodware,FR,,IT Services,,5,,theirstack_europe_batch1
Présentation de l’ERP international Microsoft Dynamics NAV,FR,dynamicsinternational.com,,,5,,country_expansion_v6_fr
Présentation de l’ERP international Microsoft Dynamics …,FR,dynamicsinternational.com,,,5,,country_expansion_v2_fr
RC LENS | Prodware Maroc | Editeur,FR,,,,5,,job_posting_scrape
SOLWARE GROUP,FR,,IT Services and IT Consulting,51,5,,theirstack
Sequans,FR,,Technology,,5,,theirstack_europe_batch1
Servier,FR,,Pharmaceuticals,,5,,theirstack_europe_batch1
Software import index,FR,,,,5,,job_posting_scrape
SoftwareNavision: 5 RaisonsdeMigrer (2026),FR,,,,5,,verified_export
Talan,FR,,IT Services and IT Consulting,7.1k,5,,theirstack
VELUX,FR,,Manufacturing,10k,5,,theirstack
VINCI,FR,,Construction,13k,5,,theirstack
Vert Bleu Group,FR,,Manufacturing,,5,,theirstack_global_batch2
mylight150,FR,,Renewable Energy Equipment Manufacturing,203,5,,theirstack
Telia Gabon,GA,,Telecom,,5,,theirstack_final_batch1
1st Technologies Ltd,GB,,IT Services and IT Consulting,51,5,,theirstack
AB InBev,GB,,Beverages,Beer,5,,theirstack_uk_batch1
Abbott,GB,,Healthcare,Medical,5,,theirstack_uk_batch1
Acteon Group Ltd.,GB,,Services for Renewable Energy,169,5,,theirstack
Argos,GB,,Retail,Retail,5,,theirstack_uk_batch1
Asda,GB,,Retail,Supermarket,5,,theirstack_uk_batch1
AstraZeneca,GB,,Pharmaceuticals,Pharma,5,,theirstack_uk_batch1
B Braun,GB,,Healthcare,Medical,5,,theirstack_uk_batch1
Bacardi,GB,,Beverages,Alcohol,5,,theirstack_uk_batch1
Barclays,GB,,Finance,,5,,theirstack_enterprise
Bayer UK,GB,,Pharmaceuticals,Pharma,5,,theirstack_uk_batch1
Boehringer Ingelheim,GB,,Pharmaceuticals,Pharma,5,,theirstack_uk_batch1
Boots,GB,,Retail,Pharmacy,5,,theirstack_uk_batch1
Boston Scientific,GB,,Healthcare,Medical,5,,theirstack_uk_batch1
Britvic,GB,,Food & Beverage,Beverages,5,,theirstack_uk_batch1
Bupa,GB,,Healthcare,Insurance,5,,theirstack_uk_batch1
Burgess Farms,GB,,Food Manufacturing,501,5,,TheirStack
CDW UK,GB,,IT Services,1300,5,,TheirStack
Cadbury,GB,,Food & Beverage,Chocolate,5,,theirstack_uk_batch1
Coca-Cola Europapartners,GB,,Food & Beverage,Beverages,5,,theirstack_uk_batch1
Colgate-Palmolive,GB,,Consumer Goods,Personal,5,,theirstack_uk_batch1
Currys,GB,,Retail,Electronics,5,,theirstack_uk_batch1
Diageo,GB,,Food & Beverage,Alcohol,5,,theirstack_uk_batch1
Dovetail Recruitment Ltd,GB,,Recruitment,,5,,expansion_batch_2
EY Ernst & Young,GB,,Professional Services,,5,,theirstack_scrape_v1
EnQuest Energy,GB,,Oil & Gas,,5,,theirstack_expansion_batch2
Encore Trade Union,GB,,Non-Profit,,5,,theirstack_global_batch2
EnerMech,GB,,Oil & Gas,2900,5,,TheirStack
Enva,GB,,Environmental Services,896,5,,theirstack
Footasylum,GB,,Retail,1.4k,5,,theirstack
Fresenius,GB,,Healthcare,Medical,5,,theirstack_uk_batch1
GlaxoSmithKline,GB,,Pharmaceuticals,Pharma,5,,theirstack_uk_batch1
Greggs,GB,,Food & Beverage,Bakery,5,,theirstack_uk_batch1
HCA Healthcare,GB,,Healthcare,Hospital,5,,theirstack_uk_batch1
HSBC,GB,,Financial Services,195000,5,,TheirStack
Heineken UK,GB,,Beverages,Brewery,5,,theirstack_uk_batch1
Highlite,GB,,Retail,8,5,,TheirStack
Indicia Worldwide,GB,,Advertising Services,714,5,,theirstack
JTC Group,GB,,Financial Services,2000,5,,TheirStack
John Lewis,GB,,Retail,Department,5,,theirstack_uk_batch1
Learn NAV Programming Language : C/AL - Navision …,GB,www.navisionplanet.com,,,5,,country_expansion_v6_gb
MICROSOFT BUSINESS SOLUTIONS—NAVISION,GB,download.microsoft.com,,,5,,country_expansion_v5_gb
"Managing Users, Profiles, and Role Centers",GB,sf-109983.dynamicstocloud.com:49000,,,5,,country_expansion_v5_gb
"Managing Users, Profiles, and Role Centers - LS Retail",GB,help.lscentral140.lsretail.com,,,5,,country_expansion_v5_gb
Marks & Spencer,GB,,Retail,Department,5,,theirstack_uk_batch1
Medtronic,GB,,Healthcare,Medical,5,,theirstack_uk_batch1
Merck,GB,,Pharmaceuticals,Pharma,5,,theirstack_uk_batch1
Molson Coors,GB,,Beverages,Beer,5,,theirstack_uk_batch1
Nestle UK,GB,,Food & Beverage,Food,5,,theirstack_uk_batch1
Net World Sports,GB,,Retail,500,5,,theirstack
Node4,GB,,IT Services and IT Consulting,740,5,,theirstack
Novartis,GB,,Pharmaceuticals,Pharma,5,,theirstack_uk_batch1
Nuffield Health,GB,,Healthcare,Hospital,5,,theirstack_uk_batch1
PepsiCo UK,GB,,Food & Beverage,Beverages,5,,theirstack_uk_batch1
Pfizer,GB,,Pharmaceuticals,Pharma,5,,theirstack_uk_batch1
Pret A Manger,GB,,Food & Beverage,Cafe,5,,theirstack_uk_batch1
Procter & Gamble,GB,,Consumer Goods,FMCG,5,,theirstack_uk_batch1
Reckitt,GB,,Consumer Goods,Health,5,,theirstack_uk_batch1
Rentokil Initial,GB,,Environmental Services,12000,5,,TheirStack
Rolls-Royce,GB,,Manufacturing,,5,,theirstack_enterprise
Rowntrees,GB,,Food & Beverage,Chocolate,5,,theirstack_uk_batch1
SIAN Wholesale,GB,,Wholesale,29,5,,theirstack
Sainsbury's,GB,,Retail,Supermarket,5,,theirstack_uk_batch1
Sanofi,GB,,Pharmaceuticals,Pharma,5,,theirstack_uk_batch1
Selby Jennings,GB,,Professional Services,994,5,,TheirStack
Smith & Nephew,GB,,Healthcare,Medical,5,,theirstack_uk_batch1
Spence & Partners Limited,GB,,Professional Services,,5,,expansion_batch_2
Stryker,GB,,Healthcare,Medical,5,,theirstack_uk_batch1
Superdrug,GB,,Retail,Pharmacy,5,,theirstack_uk_batch1
Tesco,GB,,Retail,Supermarket,5,,theirstack_uk_batch1
Tesco PLC,GB,,Retail,,5,,theirstack_enterprise
The 365 People,GB,,Consulting,,5,,global_detective_v2
Unilever UK,GB,,Consumer Goods,FMCG,5,,theirstack_uk_batch1
United Living Group,GB,,Construction,1.6k,5,,theirstack
Walkers,GB,,Food & Beverage,Snacks,5,,theirstack_uk_batch1
Wetherspoon,GB,,Hospitality,Pubs,5,,theirstack_uk_batch1
Wetherspoons,GB,,Hospitality,Pubs,5,,theirstack_uk_batch1
Zimmer Biomet,GB,,Healthcare,Medical,5,,theirstack_uk_batch1
Learn NAV Programming Language : C/AL - Navision Planet,GE,www.navisionplanet.com,,,5,,country_expansion_v6_ge
Learn NAV Programming Language : C/AL - Navision Planet,GH,www.navisionplanet.com,,,5,,country_expansion_v6_gh
Telia Ghana,GH,,Telecom,,5,,theirstack_final_batch1
Telia Greenland,GL,,Telecom,,5,,theirstack_baltic_nordic_batch1
Learn NAV Programming Language : C/AL - Navision Planet,GR,www.navisionplanet.com,,,5,,country_expansion_v6_gr
MICROSOFT BUSINESS SOLUTIONS—NAVISION,GR,download.microsoft.com,,,5,,country_expansion_v5_gr
"Managing Users, Profiles, and Role Centers",GR,sf-109983.dynamicstocloud.com:49000,,,5,,country_expansion_v5_gr
"Managing Users, Profiles, and Role Centers - LS Retail",GR,help.lscentral140.lsretail.com,,,5,,country_expansion_v5_gr
Telia Grækenland,GR,,Telecom,,5,,theirstack_final_batch1
MOL Group,HU,,Oil & Gas,,5,,theirstack_global_batch2
Telia Ungarn,HU,,Telecom,,5,,theirstack_final_batch1
Add Windows User With Permissions Using SQL Query of Dynamics NAV,ID,www.navuser.com,,,5,,country_expansion_v5_id
Expert Microsoft Dynamics NAVISION Consulting Services,ID,itransfluence.com,,,5,,country_expansion_v5_id
MICROSOFT BUSINESS SOLUTIONS—NAVISION,ID,download.microsoft.com,,,5,,country_expansion_v5_id
"Managing Users, Profiles, and Role Centers",ID,sf-109983.dynamicstocloud.com:49000,,,5,,country_expansion_v5_id
"Managing Users, Profiles, and Role Centers - LS Retail",ID,help.lscentral140.lsretail.com,,,5,,country_expansion_v5_id
New-NAVServerUser (Microsoft.Dynamics.Nav.Management) - Dynamics NAV,ID,learn.microsoft.com,,,5,,country_expansion_v5_id
Optimalisasi Gudang Navision Melalui Prieds WMS,ID,prieds.szetoconsultants.com,,,5,,country_expansion_v5_id
Evergreen Healthfoods,IE,,Retail,,5,,theirstack_global_batch2
Learn NAV Programming Language : C/AL - Navision Planet,IE,www.navisionplanet.com,,,5,,country_expansion_v6_ie
MICROSOFT BUSINESS SOLUTIONS—NAVISION,IE,download.microsoft.com,,,5,,country_expansion_v5_ie
"Managing Users, Profiles, and Role Centers",IE,sf-109983.dynamicstocloud.com:49000,,,5,,country_expansion_v5_ie
Simply Dynamics,IE,,Consulting,,5,,theirstack_expansion_batch2
"nav - Navision: Use ""New-NAVServerUser"" Powershell ... - Stack Overflow",IE,stackoverflow.com,,,5,,country_expansion_v5_ie
Learn NAV Programming Language : C/AL - Navision Planet,IL,www.navisionplanet.com,,,5,,country_expansion_v6_il
MICROSOFT BUSINESS SOLUTIONS—NAVISION,IL,download.microsoft.com,,,5,,country_expansion_v5_il
"Managing Users, Profiles, and Role Centers",IL,sf-109983.dynamicstocloud.com:49000,,,5,,country_expansion_v5_il
"Managing Users, Profiles, and Role Centers - LS Retail",IL,help.lscentral140.lsretail.com,,,5,,country_expansion_v5_il
Telia Israel,IL,,Telecom,,5,,theirstack_final_batch1
AGCO India,IN,,Manufacturing,Tractors,5,,theirstack_india_batch1
AMCO India,IN,,Manufacturing,Auto,5,,theirstack_india_batch1
Accenture,IN,,IT Services,Navision,5,,theirstack_india_batch1
Aditya Birla Capital,IN,,Finance,NBFC,5,,theirstack_india_batch1
Amara Raja,IN,,Manufacturing,Batteries,5,,theirstack_india_batch1
Ashok Leyland,IN,,Automotive,Trucks,5,,theirstack_india_batch1
Axis Bank,IN,,Finance,Banking,5,,theirstack_india_batch1
Azzite Solutions,IN,,Professional Services,10,5,,theirstack
Bajaj Auto,IN,,Automotive,Motorcycles,5,,theirstack_india_batch1
Bajaj Finance,IN,,Finance,NBFC,5,,theirstack_india_batch1
Bajaj Finserv,IN,,Finance,NBFC,5,,theirstack_india_batch1
Bharat Forge,IN,,Manufacturing,Auto,5,,theirstack_india_batch1
CNH Industrial,IN,,Manufacturing,Tractors,5,,theirstack_india_batch1
Capgemini,IN,,IT Services,Dynamics,5,,theirstack_india_batch1
Careon Healthcare Solutions Pvt Ltd,IN,,Hospitals and Health Care,147,5,,theirstack
Cognizant,IN,,IT Services,Navision,5,,theirstack_india_batch1
Eicher Motors,IN,,Automotive,Motorcycles,5,,theirstack_india_batch1
Exide Industries,IN,,Manufacturing,Batteries,5,,theirstack_india_batch1
Ford India,IN,,Automotive,Auto,5,,theirstack_india_batch1
HCL Technologies,IN,,IT Services,200k,5,,theirstack_india_batch1
HDFC Bank,IN,,Finance,Banking,5,,theirstack_india_batch1
HDFC Life,IN,,Insurance,Insurance,5,,theirstack_india_batch1
Hero MotoCorp,IN,,Automotive,Motorcycles,5,,theirstack_india_batch1
Honda Cars India,IN,,Automotive,Auto,5,,theirstack_india_batch1
Hyundai India,IN,,Automotive,Auto,5,,theirstack_india_batch1
ICICI Bank,IN,,Finance,Banking,5,,theirstack_india_batch1
ICICI Prudential,IN,,Insurance,Insurance,5,,theirstack_india_batch1
IDFC First Bank,IN,,Finance,Banking,5,,theirstack_india_batch1
IndusInd Bank,IN,,Finance,Banking,5,,theirstack_india_batch1
Infosys,IN,,IT Services,300k,5,,theirstack_india_batch1
John Deere India,IN,,Manufacturing,Tractors,5,,theirstack_india_batch1
Kotak Mahindra Bank,IN,,Finance,Banking,5,,theirstack_india_batch1
Kubota India,IN,,Manufacturing,Tractors,5,,theirstack_india_batch1
L&T Infotech,IN,,IT Services,Navision,5,,theirstack_india_batch1
LTIMindtree,IN,,IT Services and IT Consulting,109k,5,,theirstack
MICROSOFT BUSINESS SOLUTIONS—NAVISION,IN,download.microsoft.com,,,5,,country_expansion_v6_in
MS Dynamics Navision Techno Functional Training in Ahmedabad,IN,www.quickdials.com,,,5,,country_expansion_v4_in
Mahindra & Mahindra,IN,,Automotive,Auto,5,,theirstack_india_batch1
Mahindra Tractors,IN,,Automotive,Tractors,5,,theirstack_india_batch1
Maruti Suzuki,IN,,Automotive,Auto,5,,theirstack_india_batch1
Max Life,IN,,Insurance,Insurance,5,,theirstack_india_batch1
Microsoft Navision | Microsoft NAV Implementation Partner,IN,preeminentsoft.com,,,5,,country_expansion_v6_in
Microsoft Navision | Microsoft NAV Implementation …,IN,preeminentsoft.com,,,5,,country_expansion_v4_in
Mogi I/O : OTT/Podcast/Short Video Apps for you,IN,,Software Development,62,5,,theirstack
Mphasis,IN,,IT Services,Dynamics,5,,theirstack_india_batch1
Nissan India,IN,,Automotive,Auto,5,,theirstack_india_batch1
Qode,IN,,Investment Management,37,5,,theirstack
Robosol Systems Private Limited,IN,,IT Services and IT Consulting,3,5,,theirstack
Royal Enfield,IN,,Automotive,Motorcycles,5,,theirstack_india_batch1
SBI Life,IN,,Insurance,Insurance,5,,theirstack_india_batch1
Shaligram Infotech,IN,,IT Services and IT Consulting,500,5,,theirstack
Sonalika International,IN,,Manufacturing,Tractors,5,,theirstack_india_batch1
Synoverge,IN,,Consumer Services,,5,,theirstack
Synoverge Technologies Pvt. Ltd,IN,,IT Services and IT Consulting,220,5,,theirstack
TVS Motor,IN,,Automotive,Motorcycles,5,,theirstack_india_batch1
Tata Consultancy Services,IN,,IT Services,500k,5,,theirstack_india_batch1
Tata Motors,IN,,Automotive,Auto,5,,theirstack_india_batch1
Tech Mahindra,IN,,IT Services,140k,5,,theirstack_india_batch1
Techcronus Business Solutions Pvt. Ltd.,IN,,IT Services and IT Consulting,61,5,,theirstack
Toyota Kirloskar,IN,,Automotive,Auto,5,,theirstack_india_batch1
Wipro,IN,,IT Services,200k,5,,theirstack_india_batch1
Yes Bank,IN,,Finance,Banking,5,,theirstack_india_batch1
Learn NAV Programming Language : C/AL - Navision Planet,IQ,www.navisionplanet.com,,,5,,country_expansion_v6_iq
Learn NAV Programming Language : C/AL - Navision Planet,IR,www.navisionplanet.com,,,5,,country_expansion_v6_ir
Telia Iceland,IS,,Telecom,,5,,theirstack_baltic_nordic_batch1
Telia Island,IS,,Telecom,,5,,theirstack_final_batch1
Castelfalfi,IT,,Hospitality,260,5,,theirstack
Centrufficio SpA - CUFMilano,IT,,Office Furniture and Fixtures Manufacturing,185,5,,theirstack
"EID offre soluzioni gestionali per le PMI. È Partner Microsoft, socio ...",IT,eid.it,,,5,,country_expansion_v6_it
Eurointerim spa,IT,,Human Resources Services,200,5,,theirstack
Farmina,IT,,Food and Beverage Manufacturing,1.2k,5,,theirstack
Global System,IT,,Technology,,5,,expansion_batch_2
IDLO - International Development Law Organization,IT,,International Affairs,599,5,,theirstack
IRBM,IT,,Biotechnology Research,297,5,,theirstack
Inox Tech S.p.A.,IT,,Oil and Gas,84,5,,theirstack
Iperal Supermercati,IT,,Retail,,5,,theirstack_global_batch2
Lavoro navision IT Città metropolitana di Roma Capitale,IT,it.jobsora.com,,,5,,country_expansion_v6_it
MICROSOFT BUSINESS SOLUTIONS—NAVISION,IT,download.microsoft.com,,,5,,country_expansion_v6_it
Madia Danilo - Senior Accountant SAP/NAVISION | LinkedIn,IT,it.linkedin.com,,,5,,country_expansion_v6_it
"Managing Users, Profiles, and Role Centers",IT,sf-109983.dynamicstocloud.com:49000,,,5,,country_expansion_v5_it
"Managing Users, Profiles, and Role Centers - LS Retail",IT,help.lscentral140.lsretail.com,,,5,,country_expansion_v5_it
Mapei,IT,,Manufacturing,,5,,theirstack_global_batch2
Oberalp Group,IT,,Sporting Goods Manufacturing,811,5,,theirstack
Programmatore Navision 2015 E Navision Bc - Roma,IT,it.jobrapido.com,,,5,,country_expansion_v6_it
Shopfully,IT,,Software Development,547,5,,theirstack
The Level Group,IT,,Software Development,336,5,,theirstack
emeis Italia,IT,,Hospitals and Health Care,286,5,,theirstack
Learn NAV Programming Language : C/AL - Navision Planet,JO,www.navisionplanet.com,,,5,,country_expansion_v6_jo
Royal Jordanian,JO,,Transportation,,5,,theirstack_mena_batch1
Telia Jordanien,JO,,Telecom,,5,,theirstack_final_batch1
ASICS,JP,,Apparel,,5,,theirstack_europe_batch1
Aisin,JP,,Automotive,,5,,theirstack_europe_batch1
Canon,JP,,Technology,,5,,theirstack_europe_batch1
Denso,JP,,Automotive,,5,,theirstack_europe_batch1
Fujitsu,JP,,Technology,,5,,theirstack_europe_batch1
Hitachi,JP,,Technology,,5,,theirstack_europe_batch1
Honda,JP,,Automotive,,5,,theirstack_europe_batch1
MICROSOFT BUSINESS SOLUTIONS—NAVISION,JP,download.microsoft.com,,,5,,country_expansion_v5_jp
"Managing Users, Profiles, and Role Centers",JP,sf-109983.dynamicstocloud.com:49000,,,5,,country_expansion_v5_jp
"Managing Users, Profiles, and Role Centers - LS Retail",JP,help.lscentral140.lsretail.com,,,5,,country_expansion_v5_jp
Mazda,JP,,Automotive,,5,,theirstack_europe_batch1
Mitsubishi,JP,,Manufacturing,,5,,theirstack_europe_batch1
Mitsubishi Electric,JP,,Technology,,5,,theirstack_europe_batch1
Nissan,JP,,Automotive,,5,,theirstack_europe_batch1
Panasonic,JP,,Technology,,5,,theirstack_europe_batch1
Ricoh,JP,,Technology,,5,,theirstack_europe_batch1
Sharp,JP,,Technology,,5,,theirstack_europe_batch1
Sony,JP,,Technology,,5,,theirstack_europe_batch1
Subaru,JP,,Automotive,,5,,theirstack_europe_batch1
Toshiba,JP,,Technology,,5,,theirstack_europe_batch1
Toyota,JP,,Automotive,,5,,theirstack_europe_batch1
Yamaha,JP,,Manufacturing,,5,,theirstack_europe_batch1
海外拠点に導入したDynamics NAVの刷新をグローバル …,JP,www.cloud-for-all.com,,,5,,country_expansion_v5_jp
Learn NAV Programming Language : C/AL - Navision Planet,KE,www.navisionplanet.com,,,5,,country_expansion_v6_ke
Telia Kenya,KE,,Telecom,,5,,theirstack_final_batch1
Learn NAV Programming Language : C/AL - Navision Planet,KH,www.navisionplanet.com,,,5,,country_expansion_v6_kh
About DEEX Korea 딕스코리아를 말하다 - 딕스코리아 DEEX Korea,KR,deex.co.kr,,,5,,country_expansion_v5_kr
Hyundai,KR,,Automotive,,5,,theirstack_asia_batch2
Hyundai Mobis,KR,,Automotive,,5,,theirstack_asia_batch2
Kia Motors,KR,,Automotive,,5,,theirstack_asia_batch2
LG Chem,KR,,Chemicals,,5,,theirstack_asia_batch2
LG Chem Battery,KR,,Manufacturing,,5,,theirstack_asia_batch2
LG Display,KR,,Technology,,5,,theirstack_asia_batch2
LG Electronics,KR,,Technology,,5,,theirstack_asia_batch2
LG Energy Solution,KR,,Manufacturing,,5,,theirstack_asia_batch2
LG Group,KR,,Conglomerate,,5,,theirstack_asia_batch2
LG Innotek,KR,,Technology,,5,,theirstack_asia_batch2
"Managing Users, Profiles, and Role Centers",KR,sf-109983.dynamicstocloud.com:49000,,,5,,country_expansion_v5_kr
"Managing Users, Profiles, and Role Centers - LS Retail",KR,help.lscentral140.lsretail.com,,,5,,country_expansion_v5_kr
SK Battery,KR,,Manufacturing,,5,,theirstack_asia_batch2
SK Group,KR,,Conglomerate,,5,,theirstack_asia_batch2
SK Hynix,KR,,Technology,,5,,theirstack_asia_batch2
SK Innovation,KR,,Oil & Gas,,5,,theirstack_asia_batch2
Samsung,KR,,Technology,,5,,theirstack_asia_batch2
Samsung C&T,KR,,Construction,,5,,theirstack_asia_batch2
Samsung Display,KR,,Technology,,5,,theirstack_asia_batch2
Samsung Electro-Mechanics,KR,,Technology,,5,,theirstack_asia_batch2
Samsung Electronics,KR,,Technology,,5,,theirstack_asia_batch2
Samsung SDI,KR,,Manufacturing,,5,,theirstack_asia_batch2
Jazeera Airways,KW,,Transportation,,5,,theirstack_mena_batch1
Kuwait Airways,KW,,Transportation,,5,,theirstack_mena_batch1
Learn NAV Programming Language : C/AL - Navision Planet,KW,www.navisionplanet.com,,,5,,country_expansion_v6_kw
Telia Kuwait,KW,,Telecom,,5,,theirstack_final_batch1
Learn NAV Programming Language : C/AL - Navision Planet,KZ,www.navisionplanet.com,,,5,,country_expansion_v6_kz
Learn NAV Programming Language : C/AL - Navision Planet,LA,www.navisionplanet.com,,,5,,country_expansion_v6_la
Learn NAV Programming Language : C/AL - Navision Planet,LB,www.navisionplanet.com,,,5,,country_expansion_v6_lb
Middle East Airlines,LB,,Transportation,,5,,theirstack_mena_batch1
Telia Libanon,LB,,Telecom,,5,,theirstack_final_batch1
Bite Lithuania,LT,,Telecom,,5,,theirstack_baltic_nordic_batch1
Elisa Lithuania,LT,,Telecom,,5,,theirstack_baltic_nordic_batch1
Luminor Lithuania,LT,,Finance,,5,,theirstack_baltic_nordic_batch1
SEB Lithuania,LT,,Finance,,5,,theirstack_baltic_nordic_batch1
Swedbank Lithuania,LT,,Finance,,5,,theirstack_baltic_nordic_batch1
Tele2 Lithuania,LT,,Telecom,,5,,theirstack_baltic_nordic_batch1
Telia Litauen,LT,,Telecom,,5,,theirstack_final_batch1
Telia Lithuania,LT,,Telecom,,5,,theirstack_baltic_nordic_batch1
Bite Latvia,LV,,Telecom,,5,,theirstack_baltic_nordic_batch1
Citadele,LV,,Finance,,5,,theirstack_baltic_nordic_batch1
Elisa Latvia,LV,,Telecom,,5,,theirstack_baltic_nordic_batch1
Latvijas Gāze,LV,,Energy,,5,,theirstack_baltic_nordic_batch1
Luminor Latvia,LV,,Finance,,5,,theirstack_baltic_nordic_batch1
Rietumu Banka,LV,,Finance,,5,,theirstack_baltic_nordic_batch1
SEB Latvia,LV,,Finance,,5,,theirstack_baltic_nordic_batch1
Swedbank Latvia,LV,,Finance,,5,,theirstack_baltic_nordic_batch1
Tele2 Latvia,LV,,Telecom,,5,,theirstack_baltic_nordic_batch1
Telia Latvia,LV,,Telecom,,5,,theirstack_baltic_nordic_batch1
Telia Lettland,LV,,Telecom,,5,,theirstack_final_batch1
Unibank,LV,,Finance,,5,,theirstack_baltic_nordic_batch1
Learn NAV Programming Language : C/AL - Navision Planet,LY,www.navisionplanet.com,,,5,,country_expansion_v6_ly
Telia Libyen,LY,,Telecom,,5,,theirstack_final_batch1
Learn NAV Programming Language : C/AL - Navision Planet,MA,www.navisionplanet.com,,,5,,country_expansion_v6_ma
Telia Marokko,MA,,Telecom,,5,,theirstack_final_batch1
Formation Navision (à Antananarivo 103),MG,fr.optedif-formation.fr,,,5,,country_expansion_v6_mg
Learn NAV Programming Language : C/AL - Navision Planet,MG,www.navisionplanet.com,,,5,,country_expansion_v6_mg
Xtreme Services Sarlu - LinkedIn,MG,www.linkedin.com,,,5,,country_expansion_v6_mg
Telia Mali,ML,,Telecom,,5,,theirstack_final_batch1
Learn NAV Programming Language : C/AL - Navision Planet,MM,www.navisionplanet.com,,,5,,country_expansion_v6_mm
Learn NAV Programming Language : C/AL - Navision Planet,MN,www.navisionplanet.com,,,5,,country_expansion_v6_mn
Indus Software Solutions - ERP Software Services in …,MU,www.slideserve.com,,,5,,country_expansion_v6_mu
Learn NAV Programming Language : C/AL - Navision Planet,MU,www.navisionplanet.com,,,5,,country_expansion_v6_mu
Senior Technical Consultant (Navision) for Mauritius - itForte,MU,itforte.com,,,5,,country_expansion_v6_mu
Add Windows User With Permissions Using SQL Query …,MX,www.navuser.com,,,5,,country_expansion_v5_mx
Bolsa de trabajo paranavisionenMéxico| OCC,MX,,,,5,,verified_export
Bolsadetrabajo paranavisionenMéxico| OCC,MX,,,,5,,verified_export
Expert Microsoft Dynamics NAVISION Consulting Services,MX,itransfluence.com,,,5,,country_expansion_v5_mx
MICROSOFT BUSINESS SOLUTIONS—NAVISION,MX,download.microsoft.com,,,5,,country_expansion_v5_mx
"Managing Users, Profiles, and Role Centers",MX,sf-109983.dynamicstocloud.com:49000,,,5,,country_expansion_v5_mx
"Managing Users, Profiles, and Role Centers - LS Retail",MX,help.lscentral140.lsretail.com,,,5,,country_expansion_v5_mx
Microsoft DynamicsNavision: Guía Completa 2026,MX,,,,5,,verified_export
"Perfil del Consultor Dynamics NAV: Funciones, Qué es y Desarrollo",MX,iwantic.com,,,5,,country_expansion_v5_mx
PeritajedeNavision. Otrocasodeéxito.,MX,,,,5,,verified_export
¿Qué módulos existen en Dynamics Navision? - Formatalent,MX,formatalent.com,,,5,,country_expansion_v5_mx
Learn NAV Programming Language : C/AL - Navision Planet,MY,www.navisionplanet.com,,,5,,country_expansion_v6_my
MICROSOFT BUSINESS SOLUTIONS—NAVISION,MY,download.microsoft.com,,,5,,country_expansion_v5_my
"Managing Users, Profiles, and Role Centers",MY,sf-109983.dynamicstocloud.com:49000,,,5,,country_expansion_v5_my
Learn NAV Programming Language : C/AL - Navision Planet,MZ,www.navisionplanet.com,,,5,,country_expansion_v6_mz
Learn NAV Programming Language : C/AL - Navision Planet,NA,www.navisionplanet.com,,,5,,country_expansion_v6_na
Telia Niger,NE,,Telecom,,5,,theirstack_final_batch1
Add Windows User With Permissions Using SQL Query of Dynamics NAV,NG,www.navuser.com,,,5,,country_expansion_v5_ng
MICROSOFT BUSINESS SOLUTIONS—NAVISION,NG,download.microsoft.com,,,5,,country_expansion_v5_ng
"Managing Users, Profiles, and Role Centers",NG,sf-109983.dynamicstocloud.com:49000,,,5,,country_expansion_v5_ng
"Managing Users, Profiles, and Role Centers - LS Retail",NG,help.lscentral140.lsretail.com,,,5,,country_expansion_v5_ng
New-NAVServerUser (Microsoft.Dynamics.Nav.Management) - Dynamics NAV,NG,learn.microsoft.com,,,5,,country_expansion_v5_ng
Telia Nigeria,NG,,Telecom,,5,,theirstack_final_batch1
4PS,NL,,IT Services and IT Consulting,615,5,,theirstack
ABN AMRO,NL,,Finance,,5,,theirstack_expansion_batch3
ASML,NL,,Technology,,5,,theirstack_expansion_batch3
Add Windows User With Permissions Using SQL Query of Dynamics NAV,NL,www.navuser.com,,,5,,country_expansion_v4_nl
Adfocom,NL,,IT Services and IT Consulting,29,5,,theirstack
Adyen,NL,,Finance,,5,,theirstack_expansion_batch3
AkzoNobel,NL,,Chemicals,,5,,theirstack_expansion_batch3
Alphatron Marine,NL,,Marine Technology,,5,,expansion_batch_2
BASF,NL,,Chemicals,,5,,theirstack_expansion_batch3
Bayer,NL,,Pharmaceuticals,,5,,theirstack_expansion_batch3
Bolder Group,NL,,Financial Services,423,5,,TheirStack
Brand Masters BV,NL,,Marketing,,5,,expansion_batch_2
Companial,NL,,IT Services and IT Consulting,272,5,,theirstack
DO IT ORGANIC,NL,,Wholesale Import and Export,62,5,,theirstack
Feadship - Royal Dutch Shipyards,NL,,Manufacturing,1000,5,,TheirStack
FrieslandCampina,NL,,Food & Beverage,,5,,theirstack_expansion_batch3
Geyer Nederland B.V.,NL,,Oil and Gas,11,5,,theirstack
HAL Allergy Group,NL,,Pharmaceutical Manufacturing,274,5,,theirstack
Heineken,NL,,Beverages,,5,,theirstack_expansion_batch3
IKEA,NL,,Retail,94000,5,,TheirStack
ING Group,NL,,Finance,,5,,theirstack_expansion_batch3
Jacy Cheung,NL,,,,5,,job_posting_scrape
Jelling,NL,,IT Services and IT Consulting,51,5,,theirstack
Koers,NL,,Manufacturing,,5,,expansion_batch_2
Kristel Wolters,NL,,,,5,,job_posting_scrape
MICROSOFT BUSINESS SOLUTIONS—NAVISION,NL,download.microsoft.com,,,5,,country_expansion_v6_nl
"Managing Users, Profiles, and Role Centers",NL,sf-109983.dynamicstocloud.com:49000,,,5,,country_expansion_v4_nl
Meraki,NL,,Individual Services,2,5,,TheirStack
Nivel Groep,NL,,Healthcare,,5,,expansion_batch_2
Philips,NL,,Healthcare,,5,,theirstack_expansion_batch3
Rabobank,NL,,Finance,,5,,theirstack_expansion_batch3
Randstad,NL,,Recruitment,,5,,theirstack_expansion_batch3
Shell,NL,,Oil & Gas,,5,,theirstack_expansion_batch3
Solved: How does navision assign a new User to User setup? Is it by ...,NL,community.dynamics.com,,,5,,country_expansion_v4_nl
Spar International,NL,,Retail,,5,,global_research_expansion
The HEINEKEN Company,NL,,Food & Beverage,43000,5,,TheirStack
TomTom,NL,,Technology,,5,,theirstack_expansion_batch3
TotalEnergies,NL,,Oil & Gas,,5,,theirstack_expansion_batch3
Unilever,NL,,Consumer Goods,,5,,theirstack_expansion_batch3
Universal Music Group,NL,,Entertainment,,5,,research_batch_1
Van der Starre,NL,,Wholesale Import and Export,50,5,,theirstack
Vande Kerckhove,NL,,,,5,,job_posting_scrape
Volkswagen Group,NL,,Automotive,,5,,theirstack_expansion_batch3
WSB Solutions,NL,,IT Services and IT Consulting,82,5,,theirstack
Aker ASA,NO,,Manufacturing,Conglomerate,5,,theirstack_nordic_batch1
Aker BP,NO,,Oil & Gas,Oil,5,,theirstack_nordic_batch1
Aker Solutions,NO,,Manufacturing,Oil,5,,theirstack_nordic_batch1
Akershus Universitetssykehus,NO,,Healthcare,9500,5,,TheirStack
Altibox,NO,,Telecom,ISP,5,,theirstack_nordic_batch1
Bergen Kommune,NO,,Government,16000,5,,TheirStack
Bergen Offshore,NO,,Oil & Gas,Offshore,5,,theirstack_nordic_batch1
CEWE Japan Photo,NO,,Photography,98,5,,theirstack
Color Line,NO,,Transportation,Ferry,5,,theirstack_nordic_batch1
DNB Bank,NO,,Finance,Banking,5,,theirstack_nordic_batch1
DeepOcean,NO,,Oil and Gas,1.7k,5,,theirstack
Equinor,NO,,Oil & Gas,Energy,5,,theirstack_nordic_batch1
Fearnley,NO,,Finance,Investment,5,,theirstack_nordic_batch1
Finans,NO,,,,5,,job_posting_scrape
Fjord Line,NO,,Transportation,Ferry,5,,theirstack_nordic_batch1
Helse Sør-Øst RHF,NO,,Healthcare,23000,5,,TheirStack
Hurtigruten,NO,,Transportation,Cruise,5,,theirstack_nordic_batch1
Icepole,NO,,Technology,Tech,5,,theirstack_nordic_batch1
Icon Information Consultant,NO,,ERP Software,,5,,manual_research
Indata AS,NO,,ERP Software,,5,,manual_research
Integrations,NO,,,,5,,job_posting_scrape
Kirkens Bymisjon,NO,,Non-profit,888,5,,TheirStack
Kongsberg Automotive,NO,,Automotive,Auto,5,,theirstack_nordic_batch1
Kongsberg Gruppen,NO,,Manufacturing,Defense,5,,theirstack_nordic_batch1
Kristiansand kommune,NO,,Government,2200,5,,TheirStack
Løsninger,NO,,,,5,,job_posting_scrape
MBP Solutions Ltd,NO,,Oil and Gas,,5,,theirstack
MICROSOFT BUSINESS SOLUTIONS—NAVISION,NO,download.microsoft.com,,,5,,country_expansion_v6_no
Meet Dynamics NAV,NO,,,,5,,verified_export
MicrosoftDynamicsNAV/ Navision,NO,,,,5,,verified_export
NAVTOR,NO,,Software Development,339,5,,theirstack
Nav Oslo,NO,,Government,212,5,,TheirStack
Nel Hydrogen,NO,,Renewable Energy Equipment Manufacturing,500,5,,theirstack
Neste,NO,,Oil & Gas,Biofuels,5,,theirstack_nordic_batch1
Norsk Hydro,NO,,Manufacturing,Aluminum,5,,theirstack_nordic_batch1
Orkla ASA,NO,,Consumer Goods,FMCG,5,,theirstack_nordic_batch1
Orkla Health,NO,,Retail,400,5,,theirstack
Oseberg Solutions AS,NO,,Software Development,,5,,theirstack
Oslo kommune,NO,,Government,7500,5,,TheirStack
Our services - armadadynamics.no,NO,www.armadadynamics.no,,,5,,country_expansion_v5_no
Regnskapsbyrå Stavanger | Regnskapsfirma | Lønn | Automation,NO,norian.no,,,5,,country_expansion_v5_no
Rolf Inge Myhrer – Seniorrådgiver innkjøp,NO,,,,5,,job_posting_scrape
Scandlines,NO,,Transportation,Ferry,5,,theirstack_nordic_batch1
Schibsted,NO,,Media,Media,5,,theirstack_nordic_batch1
Statkraft,NO,,Energy,Renewable,5,,theirstack_nordic_batch1
Statoil / Equinor,NO,,ERP Software,,5,,manual_research
StrongPoint,NO,,IT Services and IT Consulting,1.2k,5,,theirstack
Telenor,NO,,Telecom,Telecom,5,,theirstack_nordic_batch1
Telia Norge,NO,,Telecom,,5,,theirstack_final_batch1
Telia Norway,NO,,Telecom,,5,,theirstack_baltic_nordic_batch1
Trond Hystad – Økonomiansvarlig Brødr Ringstad AS,NO,,,,5,,job_posting_scrape
Tysvær kommune,NO,,Government,255,5,,TheirStack
Universitetssykehuset Nord-Norge,NO,,Healthcare,839,5,,TheirStack
Vi har en visjon for din Navision - XACCT,NO,www.xacct.no,,,5,,country_expansion_v5_no
Visma,NO,,Technology,Software,5,,theirstack_nordic_batch1
Vizrt,NO,,Software Development,881,5,,theirstack
Wilhelmsen,NO,,"Transportation, Logistics, Supply Chain and Storage",10k,5,,theirstack
Yara International,NO,,Chemicals,Fertilizer,5,,theirstack_nordic_batch1
Økonomisjef med Navision erfaring?,NO,,,,5,,job_posting_scrape
Learn NAV Programming Language : C/AL - Navision Planet,NP,www.navisionplanet.com,,,5,,country_expansion_v6_np
ASB Bank,NZ,,Finance,,5,,theirstack_other_batch1
Add Windows User With Permissions Using SQL Query of Dynamics NAV,NZ,www.navuser.com,,,5,,country_expansion_v5_nz
Air New Zealand,NZ,,Transportation,,5,,theirstack_other_batch1
Fonterra,NZ,,Food & Beverage,,5,,theirstack_other_batch1
MICROSOFT BUSINESS SOLUTIONS—NAVISION,NZ,download.microsoft.com,,,5,,country_expansion_v5_nz
"Managing Users, Profiles, and Role Centers",NZ,sf-109983.dynamicstocloud.com:49000,,,5,,country_expansion_v5_nz
"Managing Users, Profiles, and Role Centers - LS Retail",NZ,help.lscentral140.lsretail.com,,,5,,country_expansion_v5_nz
MicrosoftNavisionEnd-of-Life Explained,NZ,,,,5,,verified_export
Navisionplotsnewcourse to success,NZ,,,,5,,verified_export
New Zealand Police,NZ,,Government,,5,,theirstack_global_batch2
New-NAVServerUser (Microsoft.Dynamics.Nav.Management) - Dynamics NAV,NZ,learn.microsoft.com,,,5,,country_expansion_v5_nz
Learn NAV Programming Language : C/AL - Navision Planet,OM,www.navisionplanet.com,,,5,,country_expansion_v6_om
Oman Air,OM,,Transportation,,5,,theirstack_mena_batch1
Telia Oman,OM,,Telecom,,5,,theirstack_final_batch1
Contratar a un Navision desarrollador dedicado en Perú,PE,teamextension.pe,,,5,,country_expansion_v6_pe
DescubreNavision: El ERP de los negocios,PE,,,,5,,verified_export
Expert Microsoft Dynamics NAVISION Consulting Services,PE,itransfluence.com,,,5,,country_expansion_v6_pe
Learn NAV Programming Language : C/AL - Navision Planet,PH,www.navisionplanet.com,,,5,,country_expansion_v6_ph
MICROSOFT BUSINESS SOLUTIONS—NAVISION,PH,download.microsoft.com,,,5,,country_expansion_v5_ph
"Managing Users, Profiles, and Role Centers",PH,sf-109983.dynamicstocloud.com:49000,,,5,,country_expansion_v5_ph
"Managing Users, Profiles, and Role Centers - LS Retail",PH,help.lscentral140.lsretail.com,,,5,,country_expansion_v5_ph
Learn NAV Programming Language : C/AL - Navision Planet,PK,www.navisionplanet.com,,,5,,country_expansion_v6_pk
11 bit,PL,,Technology,,5,,theirstack_centraleurope_batch1
11 bit studios,PL,,Technology,,5,,theirstack_centraleurope_batch1
ASEE,PL,,IT Services and IT Consulting,2.1k,5,,theirstack
Alior Bank,PL,,Finance,,5,,theirstack_centraleurope_batch1
Asobo Studio,PL,,Technology,,5,,theirstack_centraleurope_batch1
BZ WBK,PL,,Finance,,5,,theirstack_centraleurope_batch1
Bank Handlowy,PL,,Finance,,5,,theirstack_centraleurope_batch1
Bank Millennium,PL,,Finance,,5,,theirstack_centraleurope_batch1
Bank Pekao,PL,,Finance,,5,,theirstack_centraleurope_batch1
Bidfood Farutex,PL,,Wholesale,,5,,theirstack
CD Projekt,PL,,Technology,,5,,theirstack_centraleurope_batch1
CD Projekt Red,PL,,Technology,,5,,theirstack_centraleurope_batch1
Deployed,PL,,Software Development,,5,,theirstack
EA Poland,PL,,Technology,,5,,theirstack_centraleurope_batch1
Factech,PL,,Human Resources Services,5,5,,theirstack
Flying Wild Hog,PL,,Technology,,5,,theirstack_centraleurope_batch1
Getin Bank,PL,,Finance,,5,,theirstack_centraleurope_batch1
Grupa TVN,PL,,Media,,5,,theirstack_centraleurope_batch1
Gry Online,PL,,Technology,,5,,theirstack_centraleurope_batch1
ING Bank,PL,,Finance,,5,,theirstack_centraleurope_batch1
Inter Cars S.A.,PL,,Motor Vehicle Manufacturing,2.5k,5,,theirstack
MICROSOFT BUSINESS SOLUTIONS—NAVISION,PL,download.microsoft.com,,,5,,country_expansion_v6_pl
NMI ERP,PL,,Software Development,,5,,theirstack
Navisionrozpoczął działalność w Polsce,PL,,,,5,,verified_export
Nuevos trabajos de Programador dynamics navision - Indeed,PL,es.indeed.com,,,5,,country_expansion_v6_pl
Orange Polska,PL,,Telecom,,5,,theirstack_centraleurope_batch1
PKO BP,PL,,Finance,,5,,theirstack_centraleurope_batch1
PKO Bank,PL,,Finance,,5,,theirstack_centraleurope_batch1
People Can Fly,PL,,Technology,,5,,theirstack_centraleurope_batch1
PlayWay,PL,,Technology,,5,,theirstack_centraleurope_batch1
Polsat,PL,,Media,,5,,theirstack_centraleurope_batch1
Praca.pl,PL,,"Technology, Information and Internet",278,5,,theirstack
SGB Bank,PL,,Finance,,5,,theirstack_centraleurope_batch1
Santander Bank,PL,,Finance,,5,,theirstack_centraleurope_batch1
Sega Europe,PL,,Technology,,5,,theirstack_centraleurope_batch1
Techland,PL,,Technology,,5,,theirstack_centraleurope_batch1
Techland Publishing,PL,,Technology,,5,,theirstack_centraleurope_batch1
Telia Polen,PL,,Telecom,,5,,theirstack_final_batch1
The Creative Assembly,PL,,Technology,,5,,theirstack_centraleurope_batch1
The Farm 51,PL,,Technology,,5,,theirstack_centraleurope_batch1
Trio Line Polska Sp. z o.o.,PL,,Household and Institutional Furniture Manufacturing,82,5,,theirstack
Ubisoft Poland,PL,,Technology,,5,,theirstack_centraleurope_batch1
co.brick,PL,,Software Development,38,5,,theirstack
mBank,PL,,Finance,,5,,theirstack_centraleurope_batch1
navision.pl sp. z o.o.,PL,,ERP Software,,5,,google
Expert Microsoft Dynamics NAVISION Consulting Services,PT,itransfluence.com,,,5,,country_expansion_v6_pt
MICROSOFT BUSINESS SOLUTIONS—NAVISION,PT,download.microsoft.com,,,5,,country_expansion_v5_pt
"Managing Users, Profiles, and Role Centers",PT,sf-109983.dynamicstocloud.com:49000,,,5,,country_expansion_v5_pt
"Managing Users, Profiles, and Role Centers - LS Retail",PT,help.lscentral140.lsretail.com,,,5,,country_expansion_v5_pt
Margarida Antunes - Payroll Specialist | Recursos Humanos | NAV ...,PT,pt.linkedin.com,,,5,,country_expansion_v6_pt
Microsoft Navision em SANTO ANTÓNIO DOS OLIVAIS (Coimbra),PT,empresite.jornaldenegocios.pt,,,5,,country_expansion_v6_pt
Learn NAV Programming Language : C/AL - Navision Planet,QA,www.navisionplanet.com,,,5,,country_expansion_v6_qa
Mowasalat,QA,,Transportation,,5,,theirstack_global_batch2
Qatar Airways,QA,,Transportation,,5,,theirstack_mena_batch1
Telia Qatar,QA,,Telecom,,5,,theirstack_final_batch1
Kepler Management,RO,,Finance,,5,,theirstack_global_batch2
NAGA,RO,,Finance,,5,,theirstack_global_batch2
Producton Group,RO,,,,5,,smoking_gun_hunt
Telia Rumænien,RO,,Telecom,,5,,theirstack_final_batch1
Add Windows User With Permissions Using SQL Query of Dynamics NAV,RU,www.navuser.com,,,5,,country_expansion_v5_ru
ERP на базе NAV - Компания RBS,RU,r-bs.ru,,,5,,country_expansion_v5_ru
MICROSOFT BUSINESS SOLUTIONS—NAVISION,RU,download.microsoft.com,,,5,,country_expansion_v5_ru
"Managing Users, Profiles, and Role Centers",RU,sf-109983.dynamicstocloud.com:49000,,,5,,country_expansion_v5_ru
"Managing Users, Profiles, and Role Centers - LS Retail",RU,help.lscentral140.lsretail.com,,,5,,country_expansion_v5_ru
New-NAVServerUser (Microsoft.Dynamics.Nav.Management) - Dynamics NAV,RU,learn.microsoft.com,,,5,,country_expansion_v5_ru
| Вопросы и ответы по Navision a.k.a. FAQ | Navision,RU,naviart.ru,,,5,,country_expansion_v5_ru
Вакансии программиста navision на полный рабочий день в …,RU,eburg.rabota.ru,,,5,,country_expansion_v5_ru
Импакт-Софт: ERP-системы Microsoft Dynamics …,RU,impactsoft.ru,,,5,,country_expansion_v5_ru
Консультант Navision - Ростов-на-Дону Работа Вакансии Поиск …,RU,job.rin.ru,,,5,,country_expansion_v5_ru
"Кто такой программист navision - обзор профессии, кто такой и …",RU,azbukakursov.ru,,,5,,country_expansion_v5_ru
О нас - naviserv.ru,RU,www.naviserv.ru,,,5,,country_expansion_v5_ru
Переход с Microsoft Navision на 1С – новые …,RU,dp-consulting.ru,,,5,,country_expansion_v5_ru
Переход с Navision на 1С,RU,www.klerk.ru,,,5,,country_expansion_v5_ru
Поиск резюме программиста Navision в Ростове-на-Дону,RU,rostov.hh.ru,,,5,,country_expansion_v5_ru
Программа Navision. Обзор системы Microsoft Navision.,RU,www.clouderp.ru,,,5,,country_expansion_v5_ru
Программист Navision. Ростов-на-Дону - Рынок труда Microsoft …,RU,axforum.info,,,5,,country_expansion_v5_ru
Стратегический ERP-полигон для Navision и Microsoft - Россия,RU,www.itweek.ru,,,5,,country_expansion_v5_ru
Learn NAV Programming Language : C/AL - Navision Planet,RW,www.navisionplanet.com,,,5,,country_expansion_v6_rw
Telia Rwanda,RW,,Telecom,,5,,theirstack_final_batch1
Add Windows User With Permissions Using SQL Query of Dynamics NAV,SA,www.navuser.com,,,5,,country_expansion_v5_sa
Al Rajhi Bank,SA,,Finance,,5,,theirstack_mena_batch1
Al Rajhi Takaful,SA,,Insurance,,5,,theirstack_mena_batch1
AlAwwal Bank,SA,,Finance,,5,,theirstack_mena_batch1
Alinma Bank,SA,,Finance,,5,,theirstack_mena_batch1
Alinma Investment,SA,,Finance,,5,,theirstack_mena_batch1
Arab National Bank,SA,,Finance,,5,,theirstack_mena_batch1
Bank AlBilad,SA,,Finance,,5,,theirstack_mena_batch1
Banque Saudi Fransi,SA,,Finance,,5,,theirstack_mena_batch1
Bupa Arabia,SA,,Insurance,,5,,theirstack_mena_batch1
Flyadeal,SA,,Transportation,,5,,theirstack_mena_batch1
Flynaj,SA,,Transportation,,5,,theirstack_mena_batch1
Flynas,SA,,Transportation,,5,,theirstack_mena_batch1
General Insurance,SA,,Insurance,,5,,theirstack_mena_batch1
MICROSOFT BUSINESS SOLUTIONS—NAVISION,SA,download.microsoft.com,,,5,,country_expansion_v5_sa
Malath Insurance,SA,,Insurance,,5,,theirstack_mena_batch1
"Managing Users, Profiles, and Role Centers",SA,sf-109983.dynamicstocloud.com:49000,,,5,,country_expansion_v5_sa
"Managing Users, Profiles, and Role Centers - LS Retail",SA,help.lscentral140.lsretail.com,,,5,,country_expansion_v5_sa
Medgulf Insurance,SA,,Insurance,,5,,theirstack_mena_batch1
Ministry of Education,SA,,Government,,5,,theirstack_global_batch2
New-NAVServerUser (Microsoft.Dynamics.Nav.Management) - Dynamics NAV,SA,learn.microsoft.com,,,5,,country_expansion_v5_sa
Riyad Bank,SA,,Finance,,5,,theirstack_mena_batch1
Riyadh Air,SA,,Transportation,,5,,theirstack_mena_batch1
SABB,SA,,Finance,,5,,theirstack_mena_batch1
Samba Financial Group,SA,,Finance,,5,,theirstack_mena_batch1
Saudi Airlines Catering,SA,,Hospitality,,5,,theirstack_mena_batch1
Saudi Aramco,SA,,Oil & Gas,,5,,theirstack_mena_batch1
Saudi Aviation,SA,,Transportation,,5,,theirstack_mena_batch1
Saudi Basic Industries,SA,,Chemicals,,5,,theirstack_mena_batch1
Saudi British Bank,SA,,Finance,,5,,theirstack_mena_batch1
Saudi Defense,SA,,Manufacturing,,5,,theirstack_mena_batch1
Saudi Electricity,SA,,Energy,,5,,theirstack_mena_batch1
Saudi Ground Services,SA,,Transportation,,5,,theirstack_mena_batch1
Saudi Hollandi Bank,SA,,Finance,,5,,theirstack_mena_batch1
Saudi National Bank,SA,,Finance,,5,,theirstack_mena_batch1
Saudia,SA,,Transportation,,5,,theirstack_mena_batch1
Tawazun,SA,,Manufacturing,,5,,theirstack_mena_batch1
Tawuniya,SA,,Insurance,,5,,theirstack_mena_batch1
Telia Saudi Arabia,SA,,Telecom,,5,,theirstack_final_batch1
Learn NAV Programming Language : C/AL - Navision Planet,SC,www.navisionplanet.com,,,5,,country_expansion_v6_sc
Learn NAV Programming Language : C/AL - Navision Planet,SD,www.navisionplanet.com,,,5,,country_expansion_v6_sd
Telia Sudan,SD,,Telecom,,5,,theirstack_final_batch1
4PS Sweden,SE,,Software Development,17,5,,theirstack
AddSecure,SE,,IT Services and IT Consulting,1k,5,,theirstack
Alfa Laval,SE,,Manufacturing,Industrial,5,,theirstack_nordic_batch1
Anticimex,SE,,Services,,5,,expansion_batch_2
Assa Abloy,SE,,Manufacturing,Locks,5,,theirstack_nordic_batch1
Atlas Copco,SE,,Manufacturing,Industrial,5,,theirstack_nordic_batch1
Automation in accounting,SE,,,,5,,job_posting_scrape
BHG Group,SE,,Real Estate,,5,,expansion_batch_2
Electrolux,SE,,Manufacturing,Appliances,5,,theirstack_nordic_batch1
Ericsson,SE,,Technology,Telecom,5,,theirstack_nordic_batch1
Folksam,SE,,Insurance,Insurance,5,,theirstack_nordic_batch1
Fortec Solution AB,SE,,ERP Software,,5,,manual_research
Grundéns,SE,,Retail Apparel and Fashion,65,5,,theirstack
H&M,SE,,Retail,Fashion,5,,theirstack_nordic_batch1
Handelsbanken,SE,,Finance,Banking,5,,theirstack_nordic_batch1
Hedin IT,SE,,IT Services,,5,,TheirStack
IKEA,SE,,,,5,,smoking_gun_hunt
Inditex,SE,,Retail,Fashion,5,,theirstack_nordic_batch1
Intrum,SE,,Financial Services,,5,,expansion_batch_2
Investor AB,SE,,Finance,Investment,5,,theirstack_nordic_batch1
J.Lindeberg,SE,,Retail,320,5,,theirstack
Klarna,SE,,Finance,,5,,theirstack_enterprise
Lantmännen,SE,,ERP Software,,5,,manual_research
Logent,SE,,"Transportation, Logistics, Supply Chain and Storage",737,5,,theirstack
Länsförsäkringar,SE,,Insurance,Insurance,5,,theirstack_nordic_batch1
MICROSOFT BUSINESS SOLUTIONS—NAVISION,SE,download.microsoft.com,,,5,,country_expansion_v6_se
Medius,SE,,Software Development,844,5,,theirstack
Microsoft Dynamics AX,SE,,,,5,,job_posting_scrape
Microsoft DynamicsNaVisionaffärssystem,SE,,,,5,,verified_export
Nordea,SE,,Finance,Banking,5,,theirstack_nordic_batch1
Nordic Semiconductor,SE,,Technology,Semiconductors,5,,theirstack_nordic_batch1
Perstorp Group,SE,,Chemical Manufacturing,1.2k,5,,theirstack
Primera,SE,,Technology,IT,5,,theirstack_nordic_batch1
Project Destination,SE,,Non-profit Organizations,3,5,,theirstack
Region Västmanland,SE,,Healthcare,,5,,expansion_batch_2
SAS Scandinavian Airlines,SE,,ERP Software,,5,,manual_research
Sandvik,SE,,Mining,41k,5,,theirstack
Scania,SE,,Automotive,Trucks,5,,theirstack_nordic_batch1
Sidec,SE,,Research,93,5,,TheirStack
Spotify,SE,,Technology,,5,,theirstack_enterprise
Swedbank,SE,,Finance,Banking,5,,theirstack_nordic_batch1
Tele2,SE,,Telecom,Telecom,5,,theirstack_nordic_batch1
Telia Dalarö,SE,,Telecom,,5,,theirstack_baltic_nordic_batch1
Telia Gotland,SE,,Telecom,,5,,theirstack_baltic_nordic_batch1
Telia Nordic,SE,,Telecom,,5,,theirstack_baltic_nordic_batch1
Telia Sverige,SE,,Telecom,,5,,theirstack_final_batch1
Telia Värmland,SE,,Telecom,,5,,theirstack_baltic_nordic_batch1
Telia Öland,SE,,Telecom,,5,,theirstack_baltic_nordic_batch1
Trygg-Hansa,SE,,Insurance,Insurance,5,,theirstack_nordic_batch1
Vladimir Radojcic Email & Phone Number,SE,,,,5,,job_posting_scrape
Volvo Cars,SE,,Automotive,Cars,5,,theirstack_nordic_batch1
Volvo Group,SE,,Automotive,Trucks,5,,theirstack_nordic_batch1
Witre Manutan Sverige,SE,,Retail,64,5,,TheirStack
AFON,SG,,Technology,,5,,theirstack_global_batch2
Elioplus,SG,,Technology,,5,,theirstack_global_batch2
Learn NAV Programming Language : C/AL - Navision Planet,SG,www.navisionplanet.com,,,5,,country_expansion_v6_sg
MICROSOFT BUSINESS SOLUTIONS—NAVISION,SG,download.microsoft.com,,,5,,country_expansion_v5_sg
"Managing Users, Profiles, and Role Centers",SG,sf-109983.dynamicstocloud.com:49000,,,5,,country_expansion_v5_sg
Telia Svalbard,SJ,,Telecom,,5,,theirstack_baltic_nordic_batch1
Telia Slovakiet,SK,,Telecom,,5,,theirstack_final_batch1
Learn NAV Programming Language : C/AL - Navision Planet,SN,www.navisionplanet.com,,,5,,country_expansion_v6_sn
Telia Senegal,SN,,Telecom,,5,,theirstack_final_batch1
Telia Tchad,TD,,Telecom,,5,,theirstack_final_batch1
4PS Partner: NaviWorld - 4PS Group,TH,www.4psgroup.com,,,5,,country_expansion_v6_th
Hire Certified & Dedicated Navision Developers | inoday,TH,inoday.com,,,5,,country_expansion_v6_th
John Hardy,TH,,Retail,,5,,theirstack_global_batch2
Learn NAV Programming Language : C/AL - Navision …,TH,www.navisionplanet.com,,,5,,country_expansion_v6_th
MICROSOFT BUSINESS SOLUTIONS—NAVISION,TH,download.microsoft.com,,,5,,country_expansion_v5_th
"Managing Users, Profiles, and Role Centers",TH,sf-109983.dynamicstocloud.com:49000,,,5,,country_expansion_v5_th
Learn NAV Programming Language : C/AL - Navision Planet,TN,www.navisionplanet.com,,,5,,country_expansion_v6_tn
Telia Tunisien,TN,,Telecom,,5,,theirstack_final_batch1
MICROSOFT BUSINESS SOLUTIONS—NAVISION,TR,download.microsoft.com,,,5,,country_expansion_v5_tr
"Managing Users, Profiles, and Role Centers",TR,sf-109983.dynamicstocloud.com:49000,,,5,,country_expansion_v5_tr
"Managing Users, Profiles, and Role Centers - LS Retail",TR,help.lscentral140.lsretail.com,,,5,,country_expansion_v5_tr
Parge Yazilim Danismanlik Tic A.S - PartnerPoint,TR,www.partnerpoint.com,,,5,,country_expansion_v6_tr
Telia Tyrkiet,TR,,Telecom,,5,,theirstack_final_batch1
Foxconn,TW,,Technology,,5,,theirstack_global_batch2
Learn NAV Programming Language : C/AL - Navision Planet,TZ,www.navisionplanet.com,,,5,,country_expansion_v6_tz
Telia Tanzania,TZ,,Telecom,,5,,theirstack_final_batch1
Sigma Software,UA,,IT Services,,5,,theirstack_global_batch2
Learn NAV Programming Language : C/AL - Navision Planet,UG,www.navisionplanet.com,,,5,,country_expansion_v6_ug
Telia Uganda,UG,,Telecom,,5,,theirstack_final_batch1
Cranswick,UK,,,,5,,smoking_gun_hunt
Cranswick plc,UK,,,,5,,manual_smoking_gun_v2
EY,UK,,ERP Software,,5,,theirstack_full
EY UK,UK,,Professional Services,,5,,research_batch_1
Footasylum,UK,,IT Services,,5,,TheirStack
HSBC,UK,,Financial Services,,5,,research_batch_1
How Does theNavisionSystem Work?,UK,,,,5,,verified_export
Meet Dynamics NAV,UK,,,,5,,job_posting_scrape
Microsoft Dynamics NAV,UK,,,,5,,job_posting_scrape
Microsoft Dynamics/Navision : r/Accounting,UK,,,,5,,job_posting_scrape
Purchasing in Dynamics NAV,UK,,,,5,,job_posting_scrape
"Skills: ""accounting software navision""",UK,,,,5,,job_posting_scrape
Wentworth Laboratories,UK,,,,5,,smoking_gun_hunt
Navision,UNKNOWN,,ERP Software,,5,,linkedin_scrape
4over,US,,Manufacturing,,5,,theirstack_expansion_batch3
AMETEK,US,,Manufacturing,10k,5,,theirstack
Action Against Hunger,US,,Non-Profit,,5,,global_research_expansion
Alphavima,US,,Manufacturing,,5,,theirstack_global_batch2
Amazon,US,,Retail,,5,,theirstack_enterprise
Amcor,US,,Manufacturing,Packaging,5,,theirstack_usa_batch1
American Foods Group,US,,Agriculture,Beef,5,,theirstack_usa_batch1
Amway,US,,Consumer Goods,,5,,theirstack_expansion_batch3
Aptean,US,,Software Development,3.1k,5,,theirstack
"ArcherPoint, Inc.",US,,IT Services and IT Consulting,130,5,,theirstack
Associated Milk Producers,US,,Agriculture,Dynamics,5,,theirstack_usa_batch1
Avanade,US,,IT Services,19000,5,,TheirStack
Avient Corporation,US,,Manufacturing,,5,,theirstack_expansion_batch3
BNY,US,,ERP Software,,5,,theirstack_full
BNY Mellon,US,,Financial Services,,5,,theirstack_scrape_v1
Baker Tilly Virchow Krause,US,,Professional Services,,5,,expansion_batch_2
Barton Malow,US,,Construction,,5,,theirstack_expansion_batch2
Bellisio Foods,US,,Food & Beverage,Frozen,5,,theirstack_usa_batch1
Berry Global,US,,Manufacturing,Plastics,5,,theirstack_usa_batch1
Black Diamond Equipment,US,,Outdoor Gear,,5,,global_research_expansion
Blue Buffalo,US,,Food & Beverage,Pet,5,,theirstack_usa_batch1
Blue Diamond Growers,US,,Agriculture,Almonds,5,,theirstack_usa_batch1
C&F Foods Inc,US,,Food Production,,5,,expansion_batch_2
CAMELOT 3PL,US,,Logistics,,5,,theirstack_expansion_batch2
CAMELOT 3PL SOFTWARE,US,,Logistics,,5,,research_batch_1
CHS Inc,US,,Agriculture,Navision,5,,theirstack_usa_batch1
Caleres,US,,Retail,,5,,theirstack_expansion_batch2
Campbell Soup,US,,Food & Beverage,Soup,5,,theirstack_usa_batch1
Cargill Meat Solutions,US,,Agriculture,Beef,5,,theirstack_usa_batch1
Cargo,US,,Advertising Services,,5,,theirstack
Champion Homes,US,,Manufacturing,,5,,global_research_expansion
Chippenhook,US,,Manufacturing,,5,,theirstack_expansion_batch3
Chippenhook Corporation,US,,Manufacturing,,5,,global_research_expansion
Chobani,US,,Food & Beverage,Yogurt,5,,theirstack_usa_batch1
Chronos Solutions,US,,Consulting,,5,,theirstack_expansion_batch2
Citi,US,,Financial Services,200000,5,,TheirStack
Citi Group,US,,Financial Services,,5,,theirstack_scrape_v1
Clemens Food Group,US,,Agriculture,Pork,5,,theirstack_usa_batch1
Coca-Cola Bottlers,US,,Food & Beverage,,5,,theirstack_expansion_batch2
Cogent Communications,US,,Telecommunications,2.9k,5,,theirstack
Columbus Regional Airport Authority,US,,Transportation,,5,,expansion_batch_2
Conspicuous,US,,Technology,,5,,theirstack_expansion_batch2
Cross Point Capital,US,,Finance,,5,,theirstack_global_batch2
Crown Equipment,US,,Logistics,,5,,theirstack_expansion_batch2
Dairy Farmers of America,US,,Agriculture,Navision,5,,theirstack_usa_batch1
Dannon,US,,Food & Beverage,Yogurt,5,,theirstack_usa_batch1
Data Sciences International,US,,Healthcare,,5,,theirstack_global_batch2
Demant,US,,Healthcare,,5,,theirstack_expansion_batch2
Diamond Pet Foods,US,,Food & Beverage,Pet,5,,theirstack_usa_batch1
Dixon Valve,US,,Distribution,,5,,theirstack_expansion_batch2
Dixon Valve & Coupling,US,,Manufacturing,,5,,research_batch_1
DownEast Outfitters,US,,Retail,,5,,expansion_batch_2
E-business International Inc,US,,Manufacturing,380,5,,theirstack
Fairway Technologies,US,,ERP Software,,5,,manual_research
Funko,US,,Manufacturing,1.4k,5,,theirstack
General Electric,US,,Conglomerate,,5,,theirstack_enterprise
General Equipment & Supplies,US,,Construction,,5,,theirstack_global_batch2
General Mills,US,,Food & Beverage,19k,5,,theirstack_usa_batch1
General Mills Pet Food,US,,Food & Beverage,Pet,5,,theirstack_usa_batch1
Greater Omaha Packing,US,,Agriculture,Beef,5,,theirstack_usa_batch1
Group Health,US,,Healthcare,,5,,theirstack_global_batch2
Harvest Health,US,,Healthcare,,5,,theirstack_expansion_batch3
Harvest Health & Recreation,US,,Healthcare,,5,,global_research_expansion
Helios Hydraulics,US,,Manufacturing,,5,,theirstack_expansion_batch2
Helios Hydraulics America,US,,Manufacturing,,5,,research_batch_1
Hodgdon Powder,US,,Manufacturing,,5,,theirstack_global_batch2
Horizon Organic,US,,Food & Beverage,Organic,5,,theirstack_usa_batch1
J.M. Smucker,US,,Food & Beverage,Preserves,5,,theirstack_usa_batch1
JBS USA,US,,Agriculture,Meat,5,,theirstack_usa_batch1
JPMorgan Chase,US,,Financial Services,244000,5,,TheirStack
Kawasaki Robotics,US,,Manufacturing,,5,,theirstack_expansion_batch2
Kodak Alaris,US,,Technology,,5,,theirstack_global_batch2
Kraft Heinz,US,,Food & Beverage,Packaged,5,,theirstack_usa_batch1
Land O'Lakes,US,,Agriculture,10k,5,,theirstack_usa_batch1
MICROSOFT BUSINESS SOLUTIONS—NAVISION,US,download.microsoft.com,,,5,,country_expansion_v6_us
MUFG Investor Services,US,,Financial Services,2200,5,,TheirStack
Mars Petcare,US,,Food & Beverage,Pet,5,,theirstack_usa_batch1
"Matthew Pringle, MBA, CSCP, CPSM",US,,,,5,,job_posting_scrape
Maxi-Lift Inc,US,,Manufacturing,,5,,theirstack_global_batch2
Meet Dynamics NAV,US,,,,5,,job_posting_scrape
Microsoft Dynamics/Navision : r/Accounting,US,,,,5,,job_posting_scrape
Microsoft Navision End of Life: What Your Business Should Do Next,US,,,,5,,verified_export
Moderno Porcelain,US,,Manufacturing,,5,,theirstack_expansion_batch3
Moderno Porcelain Works,US,,Manufacturing,,5,,global_research_expansion
Morgan Stanley,US,,IT Services,,5,,linkedin_global
Morrison Container,US,,Manufacturing,,5,,theirstack_expansion_batch2
Morrison Container Handling,US,,Logistics,,5,,research_batch_1
National Beef,US,,Agriculture,Beef,5,,theirstack_usa_batch1
National Maintenance & Construction,US,,Construction,,5,,theirstack_global_batch2
Navision Functional Expert,US,,IT Services,,5,,nav_implementation
NavisionTech Inc,US,,IT Services,,5,,nav_partner
NavisionWorld,US,,Media,,5,,nav_community
Navisiontech,US,,IT Services,,5,,nav_partner
Nestlé Purina,US,,Food & Beverage,Pet,5,,theirstack_usa_batch1
Northwest Harvest,US,,Civic and Social Organizations,110,5,,theirstack
Now Optics,US,,Healthcare,,5,,theirstack_global_batch2
Ocean Spray,US,,Food & Beverage,Cranberries,5,,theirstack_usa_batch1
Odyssey Systems,US,,Consulting,,5,,theirstack_expansion_batch3
Odyssey Systems Consulting,US,,Professional Services,,5,,research_batch_1
Olivia Ishman,US,,,,5,,job_posting_scrape
Organic Valley,US,,Food & Beverage,Organic,5,,theirstack_usa_batch1
Pandora Jewelry,US,,Retail,,5,,theirstack_expansion_batch2
PartnerHelper,US,,Consulting,,5,,theirstack_global_batch2
Pate Rehabilitation,US,,Healthcare,,5,,theirstack_global_batch2
Perdue Farms,US,,Agriculture,Poultry,5,,theirstack_usa_batch1
Pilgrim's Pride,US,,Agriculture,Chicken,5,,theirstack_usa_batch1
Pinnacle Foods,US,,Food & Beverage,Packaged,5,,theirstack_usa_batch1
PlanIT Group,US,,IT Services,,5,,theirstack_expansion_batch2
PopSockets,US,,Retail,,5,,theirstack_expansion_batch2
Portacool,US,,Manufacturing,,5,,theirstack_expansion_batch2
Purchasing Manager,US,,,,5,,job_posting_scrape
R2 Global,US,,IT Services and IT Consulting,79,5,,theirstack
RS Medical,US,,,,5,,smoking_gun_hunt
ReEmployAbility,US,,Insurance,,5,,theirstack_global_batch2
Revlon,US,,Retail,,5,,theirstack_expansion_batch2
Royal Caribbean,US,,Hospitality,,5,,theirstack_expansion_batch2
Royal Caribbean Group,US,,Travel,,5,,research_batch_1
Sanderson Farms,US,,Agriculture,Poultry,5,,theirstack_usa_batch1
Seaboard Corporation,US,,Agriculture,Pork,5,,theirstack_usa_batch1
Sikich,US,,Accounting,,5,,theirstack_expansion_batch2
Smithfield Foods,US,,Agriculture,Pork,5,,theirstack_usa_batch1
Southern States Toyotalift,US,,Manufacturing,,5,,theirstack_expansion_batch2
State Street,US,,Financial Services,46000,5,,TheirStack
State Street Corporation,US,,Financial Services,,5,,theirstack_scrape_v1
Stonyfield Farm,US,,Food & Beverage,Organic,5,,theirstack_usa_batch1
Sunkist Growers,US,,Agriculture,Citrus,5,,theirstack_usa_batch1
Sunrise Technologies,US,,IT Services,,5,,theirstack_expansion_batch2
T-Rex,US,,Retail,,5,,theirstack_global_batch2
Targus,US,,Technology,,5,,theirstack_expansion_batch2
Tecta America,US,,Construction,,5,,theirstack_expansion_batch2
Tensoft,US,,Technology,,5,,theirstack_global_batch2
Tesla Grohmann Automation,US,,Manufacturing,,5,,global_detective_v2
Tetra Pak,US,,Manufacturing,Packaging,5,,theirstack_usa_batch1
Tillamook,US,,Food & Beverage,Dairy,5,,theirstack_usa_batch1
Tillamook County Creamery,US,,Food & Beverage,Cheese,5,,theirstack_usa_batch1
TreeHouse Foods,US,,Food & Beverage,Private,5,,theirstack_usa_batch1
Turnkey Technologies,US,,IT Services,,5,,theirstack_expansion_batch2
Tyson Foods,US,,Agriculture,Meat,5,,theirstack_usa_batch1
Wakou USA,US,,,,5,,smoking_gun_hunt
Welch Foods,US,,Food & Beverage,Grapes,5,,theirstack_usa_batch1
Workrite Ergonomics,US,,Manufacturing,,5,,theirstack_global_batch2
Yoplait,US,,Food & Beverage,Yogurt,5,,theirstack_usa_batch1
Learn NAV Programming Language : C/AL - Navision Planet,UZ,www.navisionplanet.com,,,5,,country_expansion_v6_uz
Aptean,United States,,Software Development,,5,,theirstack
Cargo,United States,,Advertising Services,,5,,theirstack
E-business International Inc,United States,,Manufacturing,,5,,theirstack
Add Windows User With Permissions Using SQL Query of Dynamics NAV,VN,www.navuser.com,,,5,,country_expansion_v5_vn
MICROSOFT BUSINESS SOLUTIONS—NAVISION,VN,download.microsoft.com,,,5,,country_expansion_v5_vn
"Managing Users, Profiles, and Role Centers",VN,sf-109983.dynamicstocloud.com:49000,,,5,,country_expansion_v5_vn
"Managing Users, Profiles, and Role Centers - LS Retail",VN,help.lscentral140.lsretail.com,,,5,,country_expansion_v5_vn
New-NAVServerUser (Microsoft.Dynamics.Nav.Management) - Dynamics NAV,VN,learn.microsoft.com,,,5,,country_expansion_v5_vn
AB InBev South Africa,ZA,,Beverages,,5,,theirstack_africa_batch1
AECI,ZA,,Chemicals,,5,,theirstack_africa_batch1
Absa Bank,ZA,,Finance,,5,,theirstack_africa_batch1
Afrox,ZA,,Chemicals,,5,,theirstack_africa_batch1
Air Products,ZA,,Chemicals,,5,,theirstack_africa_batch1
Anglo American,ZA,,Mining,,5,,theirstack_africa_batch1
ArcelorMittal,ZA,,Manufacturing,,5,,theirstack_africa_batch1
Assmang,ZA,,Mining,,5,,theirstack_africa_batch1
BP South Africa,ZA,,Oil & Gas,,5,,theirstack_africa_batch1
Capitec Bank,ZA,,Finance,,5,,theirstack_africa_batch1
De Beers,ZA,,Mining,,5,,theirstack_africa_batch1
Diamonaid,ZA,,Mining,,5,,theirstack_africa_batch1
Distell Group,ZA,,Beverages,,5,,theirstack_africa_batch1
Elandsfontein Mine,ZA,,Mining,,5,,theirstack_africa_batch1
Engen,ZA,,Oil & Gas,,5,,theirstack_africa_batch1
Evraz,ZA,,Manufacturing,,5,,theirstack_africa_batch1
Exxaro,ZA,,Mining,,5,,theirstack_africa_batch1
Exxaro Resources,ZA,,Mining,,5,,theirstack_africa_batch1
Gold Fields,ZA,,Mining,,5,,theirstack_africa_batch1
Harmony Gold,ZA,,Mining,,5,,theirstack_africa_batch1
Heineken South Africa,ZA,,Beverages,,5,,theirstack_africa_batch1
Impala Platinum,ZA,,Mining,,5,,theirstack_africa_batch1
Investec,ZA,,Finance,,5,,theirstack_africa_batch1
Kalahari Diamonds,ZA,,Mining,,5,,theirstack_africa_batch1
Kumba Iron Ore,ZA,,Mining,,5,,theirstack_africa_batch1
Linde Gas,ZA,,Chemicals,,5,,theirstack_africa_batch1
Lion One Metals,ZA,,Mining,,5,,theirstack_africa_batch1
Lusikisiki Diamonds,ZA,,Mining,,5,,theirstack_africa_batch1
MICROSOFT BUSINESS SOLUTIONS—NAVISION,ZA,download.microsoft.com,,,5,,country_expansion_v5_za
"Managing Users, Profiles, and Role Centers",ZA,sf-109983.dynamicstocloud.com:49000,,,5,,country_expansion_v5_za
"Managing Users, Profiles, and Role Centers - LS Retail",ZA,help.lscentral140.lsretail.com,,,5,,country_expansion_v5_za
Mokala Diamonds,ZA,,Mining,,5,,theirstack_africa_batch1
Mondi,ZA,,Manufacturing,,5,,theirstack_africa_batch1
Mooihoek Mine,ZA,,Mining,,5,,theirstack_africa_batch1
Naspers,ZA,,Technology,,5,,theirstack_africa_batch1
Navision Medical Healthcare,ZA,,,,5,,verified_export
NavisionMedical Healthcare,ZA,,,,5,,verified_export
Palabora Mine,ZA,,Mining,,5,,theirstack_africa_batch1
Petra Diamonds,ZA,,Mining,,5,,theirstack_africa_batch1
Phalaborwa Mine,ZA,,Mining,,5,,theirstack_africa_batch1
Platinum Group Metals,ZA,,Mining,,5,,theirstack_africa_batch1
Prosus,ZA,,Technology,,5,,theirstack_africa_batch1
SABMiller,ZA,,Beverages,,5,,theirstack_africa_batch1
Sappi,ZA,,Manufacturing,,5,,theirstack_africa_batch1
Sasol,ZA,,Oil & Gas,,5,,theirstack_africa_batch1
Shell South Africa,ZA,,Oil & Gas,,5,,theirstack_africa_batch1
Sibanye-Stillwater,ZA,,Mining,,5,,theirstack_africa_batch1
Simba Beer,ZA,,Beverages,,5,,theirstack_africa_batch1
Sishen Mine,ZA,,Mining,,5,,theirstack_africa_batch1
South32,ZA,,Mining,,5,,theirstack_africa_batch1
Standard Bank,ZA,,Finance,,5,,theirstack_africa_batch1
Thabazimbi Mine,ZA,,Mining,,5,,theirstack_africa_batch1
Total South Africa,ZA,,Oil & Gas,,5,,theirstack_africa_batch1
Venetia Diamond Mine,ZA,,Mining,,5,,theirstack_africa_batch1
Learn NAV Programming Language : C/AL - Navision Planet,ZW,www.navisionplanet.com,,,5,,country_expansion_v6_zw
KUKA Robotics,DE,,robotics,,4,,migration_target
Bayer Germany,DE,,pharma,,4,,migration_target
Henkel Germany,DE,,fmcg,,4,,migration_target
Fresenius,DE,,healthcare,,4,,migration_target
Schaeffler,DE,,auto parts,,4,,migration_target
Eisenmann,DE,,industrial,,4,,migration_target
Heidenhain,DE,,industrial,,4,,migration_target
KSB,DE,,pumps,,4,,migration_target
Sigel,DE,,office supplies,,4,,migration_target
Bergische Metall,DE,,metal,,4,,migration_target
Domaines Barons de Rothschild,FR,,wine,,4,,migration_target
Moët Hennessy,FR,,champagne,,4,,migration_target
Comte de Paris,FR,,wine,,4,,migration_target
Carrefour Market,FR,,supermarket,,4,,migration_target
Leroy Merlin France,FR,,hardware,,4,,migration_target
But France,FR,,furniture,,4,,migration_target
Darty France,FR,,electronics,,4,,migration_target
Boulanger France,FR,,electronics,,4,,migration_target
E.Leclerc France,FR,,supermarket,,4,,migration_target
Loro Piana,IT,,luxury fashion,,4,,migration_target
Zegna,IT,,luxury fashion,,4,,migration_target
Gucci Italy,IT,,luxury fashion,,4,,migration_target
Dolce & Gabbana Italy,IT,,luxury fashion,,4,,migration_target
Max Mara,IT,,luxury fashion,,4,,migration_target
Missoni,IT,,luxury fashion,,4,,migration_target
Roberto Cavalli,IT,,luxury fashion,,4,,migration_target
Diesel,IT,,clothing,,4,,migration_target
G-Star Raw Italy,IT,,clothing,,4,,migration_target
Intimissimi,IT,,clothing,,4,,migration_target
Zara Spain,ES,,fashion,,4,,migration_target
Bershka Spain,ES,,fashion,,4,,migration_target
Mercadona Spain,ES,,supermarket,,4,,migration_target
Leroy Merlin Spain,ES,,hardware,,4,,migration_target
Avenue Supermarts,IN,,retail,,4,,migration_target
Future Retail,IN,,retail,,4,,migration_target
Bharti Airtel,IN,,telecom,,4,,migration_target
Eaton Electric,DE,,power management,,4,,migration_target
Eurodis,FR,,construction,,4,,migration_target
Finmeccanica,IT,,aerospace,,4,,migration_target
Alenia Aermacchi,IT,,aerospace,,4,,migration_target
Tecnam,IT,,aerospace,,4,,migration_target
SIAI-Marchetti,IT,,aerospace,,4,,migration_target
Bell Helicopter Italy,IT,,aerospace,,4,,migration_target
OHL,ES,,construction,,4,,migration_target
ACS Actividades,ES,,construction,,4,,migration_target
Ence,ES,,paper,,4,,migration_target
ABB India,IN,,industrial,,4,,migration_target
Honeywell India,IN,,industrial,,4,,migration_target
Rockwell Automation India,IN,,industrial,,4,,migration_target
Danfoss India,IN,,industrial,,4,,migration_target
Grundfos India,IN,,pumps,,4,,migration_target
Sulzer India,IN,,pumps,,4,,migration_target
Weir Group India,IN,,pumps,,4,,migration_target
Pentair India,IN,,pumps,,4,,migration_target
Tsurumi India,IN,,pumps,,4,,migration_target
Kirloskar Brothers,IN,,pumps,,4,,migration_target
Crompton Greaves,IN,,pumps,,4,,migration_target
The White Company,GB,,,,4,,migration_target
Hire Dynamics Developers,DK,,,,3,,migration_target
Microsoft Dynamics Community,DK,,,,3,,migration_target
Erik P. Ernst,DK,,,,3,,migration_target
Infoclutch,DK,,,,3,,migration_target
Ford Motor Company,US,,,,3,,migration_target
Columbus A/S,DK,,,,3,,migration_target
Booking.com,NL,,,,3,,migration_target
KLM,NL,,airlines,,3,,migration_target
GSK,GB,,pharma,,3,,migration_target
Tata Motors Commercial,IN,,trucks,,3,,migration_target
SEB,SE,,banking,,3,,migration_target
Commonwealth Bank,AU,,banking,,3,,migration_target
ANZ,AU,,banking,,3,,migration_target
LMC,US,,distribution,,3,,migration_target
Companial,DK,,consulting,,3,,migration_target
TCL,CN,,electronics,,3,,migration_target
JD.com,CN,,e-commerce,,3,,migration_target
Kia,KR,,cars,,3,,migration_target
JBS,BR,,meat,,3,,migration_target
Saudi Telecom,SA,,telecom,,3,,migration_target
NCB,SA,,banking,,3,,migration_target
TVN,PL,,media,,3,,migration_target
LMT,LV,,telecom,,3,,migration_target
Auchan,FR,,retail,,3,,migration_target
Système U,FR,,retail,,3,,migration_target
Lidl France,FR,,retail,,3,,migration_target
Monoprix,FR,,retail,,3,,migration_target
Intermarché,FR,,retail,,3,,migration_target
Nestlé France,FR,,food,,3,,migration_target
Savencia,FR,,dairy,,3,,migration_target
Bongrain,FR,,dairy,,3,,migration_target
L'Oréal,FR,,cosmetics,,3,,migration_target
Clarins,FR,,cosmetics,,3,,migration_target
Dior,FR,,luxury,,3,,migration_target
Hermès,FR,,luxury,,3,,migration_target
Richemont,FR,,luxury,,3,,migration_target
Legrand,FR,,electrical,,3,,migration_target
Alstom,FR,,transport,,3,,migration_target
Dassault,FR,,aerospace,,3,,migration_target
Safran,FR,,aerospace,,3,,migration_target
Peugeot,FR,,cars,,3,,migration_target
Valeo,FR,,auto parts,,3,,migration_target
Plastic Omnium,FR,,auto parts,,3,,migration_target
Saint-Gobain,FR,,materials,,3,,migration_target
Eiffage,FR,,construction,,3,,migration_target
NGE,FR,,construction,,3,,migration_target
Eurovia,FR,,construction,,3,,migration_target
Lamborghini,IT,,luxury cars,,3,,migration_target
Alfa Romeo,IT,,cars,,3,,migration_target
Iveco,IT,,trucks,,3,,migration_target
Ducati,IT,,motorcycles,,3,,migration_target
Moto Guzzi,IT,,motorcycles,,3,,migration_target
Gucci,IT,,fashion,,3,,migration_target
Versace,IT,,fashion,,3,,migration_target
Valentino,IT,,fashion,,3,,migration_target
Bottega Veneta,IT,,fashion,,3,,migration_target
Damiani,IT,,jewelry,,3,,migration_target
Safilo,IT,,eyewear,,3,,migration_target
De Cecco,IT,,pasta,,3,,migration_target
Ferrero,IT,,chocolate,,3,,migration_target
Venchi,IT,,chocolate,,3,,migration_target
Illy,IT,,coffee,,3,,migration_target
Parmalat,IT,,dairy,,3,,migration_target
Granarolo,IT,,dairy,,3,,migration_target
Sanpellegrino,IT,,beverages,,3,,migration_target
Peroni,IT,,beer,,3,,migration_target
Campari,IT,,spirits,,3,,migration_target
Cinzano,IT,,spirits,,3,,migration_target
Chianti,IT,,wine,,3,,migration_target
Brunello,IT,,wine,,3,,migration_target
Valpolicella,IT,,wine,,3,,migration_target
Pinot Grigio,IT,,wine,,3,,migration_target
Zara,ES,,fashion,,3,,migration_target
Pull&Bear,ES,,fashion,,3,,migration_target
Stradivarius,ES,,fashion,,3,,migration_target
Uterqüe,ES,,fashion,,3,,migration_target
Eladia,ES,,retail,,3,,migration_target
Carrefour España,ES,,supermarket,,3,,migration_target
Caprabo,ES,,supermarket,,3,,migration_target
Alcampo,ES,,supermarket,,3,,migration_target
Leroy Merlin España,ES,,hardware,,3,,migration_target
Home24 España,ES,,furniture,,3,,migration_target
Telefónica,ES,,telecom,,3,,migration_target
Vodafone España,ES,,telecom,,3,,migration_target
Abertis,ES,,infrastructure,,3,,migration_target
Ferrovial,ES,,construction,,3,,migration_target
FCC,ES,,construction,,3,,migration_target
Iberdrola,ES,,energy,,3,,migration_target
Gas Natural,ES,,energy,,3,,migration_target
Cepsa,ES,,energy,,3,,migration_target
Santander,ES,,banking,,3,,migration_target
Bankinter,ES,,banking,,3,,migration_target
Abanca,ES,,banking,,3,,migration_target
Iberia,ES,,airlines,,3,,migration_target
Air Europa,ES,,airlines,,3,,migration_target
SEAT,ES,,cars,,3,,migration_target
Indra,ES,,it services,,3,,migration_target
Commerzbank,DE,,banking,,3,,migration_target
Münchener Rück,DE,,insurance,,3,,migration_target
AXA Deutschland,DE,,insurance,,3,,migration_target
Erste Group,DE,,banking,,3,,migration_target
DHL,DE,,logistics,,3,,migration_target
DB Schenker,DE,,logistics,,3,,migration_target
DACHSER,DE,,logistics,,3,,migration_target
BLG,DE,,logistics,,3,,migration_target
Gebr. Heinemann,DE,,retail,,3,,migration_target
Rewe,DE,,supermarket,,3,,migration_target
Kaufland,DE,,supermarket,,3,,migration_target
Aldi Deutschland,DE,,supermarket,,3,,migration_target
Saturn,DE,,electronics,,3,,migration_target
Otto Group,DE,,e-commerce,,3,,migration_target
About You,DE,,e-commerce,,3,,migration_target
Getir,DE,,e-commerce,,3,,migration_target
Gorillas,DE,,e-commerce,,3,,migration_target
Wolt,DE,,food delivery,,3,,migration_target
Amazon Deutschland,DE,,e-commerce,,3,,migration_target
Kaufland.de,DE,,e-commerce,,3,,migration_target
H&M Deutschland,DE,,fashion,,3,,migration_target
Galeria Karstadt,DE,,department store,,3,,migration_target
Peek & Cloppenburg,DE,,fashion,,3,,migration_target
Witt,DE,,fashion,,3,,migration_target
Kaufhof,DE,,department store,,3,,migration_target
dm-drogerie markt,DE,,pharmacy,,3,,migration_target
Alternate,DE,,electronics,,3,,migration_target
Cyberport,DE,,electronics,,3,,migration_target
Amazon.de,DE,,e-commerce,,3,,migration_target
Wayfair,DE,,e-commerce,,3,,migration_target
Jysk Deutschland,DE,,furniture,,3,,migration_target
Schoff,DE,,furniture,,3,,migration_target
Möbel König,DE,,furniture,,3,,migration_target
Möbel Mayer,DE,,furniture,,3,,migration_target
Möbel Pönninghaus,DE,,furniture,,3,,migration_target
Möbel Schmitz,DE,,furniture,,3,,migration_target
Möbel Weber,DE,,furniture,,3,,migration_target
Vodafone Deutschland,DE,,telecom,,3,,migration_target
1&1,DE,,telecom,,3,,migration_target
Freenet,DE,,telecom,,3,,migration_target
Drillisch,DE,,telecom,,3,,migration_target
WEB.DE,DE,,email,,3,,migration_target
Posteo,DE,,email,,3,,migration_target
Alice,DE,,telecom,,3,,migration_target
Vodafone Kabel,DE,,telecom,,3,,migration_target
EWE TEL,DE,,telecom,,3,,migration_target
NetCologne,DE,,telecom,,3,,migration_target
Südtel,DE,,telecom,,3,,migration_target
QSC,DE,,telecom,,3,,migration_target
BASF,DE,,chemicals,,3,,migration_target
Merck,DE,,pharma,,3,,migration_target
Beiersdorf,DE,,cosmetics,,3,,migration_target
Malteser,DE,,healthcare,,3,,migration_target
Asklepios,DE,,hospitals,,3,,migration_target
Sana,DE,,hospitals,,3,,migration_target
Schön Klinik,DE,,hospitals,,3,,migration_target
AMEOS,DE,,hospitals,,3,,migration_target
Charité,DE,,hospitals,,3,,migration_target
LMU Klinikum,DE,,hospitals,,3,,migration_target
Göttingen,DE,,hospitals,,3,,migration_target
München,DE,,hospitals,,3,,migration_target
Berlin,DE,,hospitals,,3,,migration_target
Düsseldorf,DE,,hospitals,,3,,migration_target
Stuttgart,DE,,hospitals,,3,,migration_target
Leipzig,DE,,hospitals,,3,,migration_target
Hannover,DE,,hospitals,,3,,migration_target
Essen,DE,,hospitals,,3,,migration_target
Duisburg,DE,,hospitals,,3,,migration_target
Wuppertal,DE,,hospitals,,3,,migration_target
Bonn,DE,,hospitals,,3,,migration_target
Karlsruhe,DE,,hospitals,,3,,migration_target
Augsburg,DE,,hospitals,,3,,migration_target
Gelsenkirchen,DE,,hospitals,,3,,migration_target
Braunschweig,DE,,hospitals,,3,,migration_target
Kiel,DE,,hospitals,,3,,migration_target
Halle,DE,,hospitals,,3,,migration_target
Lübeck,DE,,hospitals,,3,,migration_target
Erfurt,DE,,hospitals,,3,,migration_target
Rostock,DE,,hospitals,,3,,migration_target
Hagen,DE,,hospitals,,3,,migration_target
Hamm,DE,,hospitals,,3,,migration_target
Potsdam,DE,,hospitals,,3,,migration_target
Oldenburg,DE,,hospitals,,3,,migration_target
Osnabrück,DE,,hospitals,,3,,migration_target
Neuss,DE,,hospitals,,3,,migration_target
Paderborn,DE,,hospitals,,3,,migration_target
Ingolstadt,DE,,hospitals,,3,,migration_target
Fürth,DE,,hospitals,,3,,migration_target
Offenbach,DE,,hospitals,,3,,migration_target
Heilbronn,DE,,hospitals,,3,,migration_target
Trier,DE,,hospitals,,3,,migration_target
Reutlingen,DE,,hospitals,,3,,migration_target
Koblenz,DE,,hospitals,,3,,migration_target
Jena,DE,,hospitals,,3,,migration_target
Erlangen,DE,,hospitals,,3,,migration_target
Siegen,DE,,hospitals,,3,,migration_target
Salzgitter,DE,,hospitals,,3,,migration_target
PGE Polska,PL,,energy,,3,,migration_target
Enea,PL,,energy,,3,,migration_target
Santander Polska,PL,,banking,,3,,migration_target
ING Bank Śląski,PL,,banking,,3,,migration_target
Play,PL,,telecom,,3,,migration_target
T-Mobile Polska,PL,,telecom,,3,,migration_target
Reserved,PL,,fashion,,3,,migration_target
House,PL,,fashion,,3,,migration_target
Mohito,PL,,fashion,,3,,migration_target
Lidl Polska,PL,,supermarket,,3,,migration_target
Carrefour Polska,PL,,supermarket,,3,,migration_target
E.Leclerc Polska,PL,,supermarket,,3,,migration_target
Media Expert,PL,,electronics,,3,,migration_target
Saturn Polska,PL,,electronics,,3,,migration_target
Neonet,PL,,electronics,,3,,migration_target
x-kom,PL,,electronics,,3,,migration_target
Allegro,PL,,e-commerce,,3,,migration_target
Lux Med,PL,,healthcare,,3,,migration_target
Enel-Med,PL,,healthcare,,3,,migration_target
Bayer Pharma,PL,,pharma,,3,,migration_target
Krka Polska,PL,,pharma,,3,,migration_target
Novartis Polska,PL,,pharma,,3,,migration_target
Pfizer Polska,PL,,pharma,,3,,migration_target
Sanofi Polska,PL,,pharma,,3,,migration_target
Abbott Polska,PL,,pharma,,3,,migration_target
AstraZeneca Polska,PL,,pharma,,3,,migration_target
Bristol-Myers Squibb,PL,,pharma,,3,,migration_target
Gedeon Richter,PL,,pharma,,3,,migration_target
Sandoz Polska,PL,,pharma,,3,,migration_target
Actavis Polska,PL,,pharma,,3,,migration_target
Viatris Polska,PL,,pharma,,3,,migration_target
Sun Pharma Polska,PL,,pharma,,3,,migration_target
Cipla Polska,PL,,pharma,,3,,migration_target
Aurobindo Polska,PL,,pharma,,3,,migration_target
Glenmark Polska,PL,,pharma,,3,,migration_target
Intas Polska,PL,,pharma,,3,,migration_target
Alkem Polska,PL,,pharma,,3,,migration_target
Serum Institute Polska,PL,,pharma,,3,,migration_target
Panacea Biotec,PL,,pharma,,3,,migration_target
Hyundai Czech,CZ,,cars,,3,,migration_target
Continental Czech,CZ,,auto parts,,3,,migration_target
Siemens Czech,CZ,,technology,,3,,migration_target
IBM Czech,CZ,,it services,,3,,migration_target
Capgemini Czech,CZ,,it services,,3,,migration_target
T-Mobile Czech,CZ,,telecom,,3,,migration_target
Vodafone Czech,CZ,,telecom,,3,,migration_target
Komerční banka,CZ,,banking,,3,,migration_target
Raiffeisenbank,CZ,,banking,,3,,migration_target
ING Bank Czech,CZ,,banking,,3,,migration_target
ČSA,CZ,,airlines,,3,,migration_target
ČEZ,CZ,,energy,,3,,migration_target
E.ON Czech,CZ,,energy,,3,,migration_target
OTP Bank,HU,,banking,,3,,migration_target
Telenor Hungary,HU,,telecom,,3,,migration_target
Gedeon Richter,HU,,pharma,,3,,migration_target
Audi Hungary,HU,,cars,,3,,migration_target
BMW Hungary,HU,,cars,,3,,migration_target
Flex Hungary,HU,,manufacturing,,3,,migration_target
Teva Hungary,HU,,pharma,,3,,migration_target
Roche Hungary,HU,,pharma,,3,,migration_target
GSK Hungary,HU,,pharma,,3,,migration_target
Bayer Hungary,HU,,pharma,,3,,migration_target
AstraZeneca Hungary,HU,,pharma,,3,,migration_target
Boehringer Ingelheim,HU,,pharma,,3,,migration_target
Banca Transilvania,RO,,banking,,3,,migration_target
Raiffeisen Bank Romania,RO,,banking,,3,,migration_target
ING Bank Romania,RO,,banking,,3,,migration_target
Romtelecom,RO,,telecom,,3,,migration_target
Vodafone Romania,RO,,telecom,,3,,migration_target
OMV Petrom,RO,,energy,,3,,migration_target
Hidroelectrica,RO,,energy,,3,,migration_target
Dacia,RO,,cars,,3,,migration_target
Continental Romania,RO,,auto parts,,3,,migration_target
Michelin Romania,RO,,tires,,3,,migration_target
Bosch Romania,RO,,manufacturing,,3,,migration_target
Accenture Romania,RO,,it services,,3,,migration_target
Cognizant Romania,RO,,it services,,3,,migration_target
Luxoft,RO,,it services,,3,,migration_target
Microsoft Romania,RO,,it services,,3,,migration_target
SAP Romania,RO,,it services,,3,,migration_target
Nokia Romania,RO,,technology,,3,,migration_target
Voestalpine,AT,,steel,,3,,migration_target
Erste Group,AT,,banking,,3,,migration_target
UniCredit Bank Austria,AT,,banking,,3,,migration_target
Austrian Airlines,AT,,airlines,,3,,migration_target
Verbund,AT,,energy,,3,,migration_target
Swarovski,AT,,jewelry,,3,,migration_target
Andritz,AT,,industrial,,3,,migration_target
Fronius,AT,,industrial,,3,,migration_target
Rosenbauer,AT,,fire trucks,,3,,migration_target
KTM,AT,,motorcycles,,3,,migration_target
Morrisons,GB,,supermarket,,3,,migration_target
B&Q,GB,,hardware,,3,,migration_target
Homebase,GB,,hardware,,3,,migration_target
Poundstretcher,GB,,discount,,3,,migration_target
The Range,GB,,retail,,3,,migration_target
Costa Coffee,GB,,coffee,,3,,migration_target
Caffè Nero,GB,,coffee,,3,,migration_target
KFC UK,GB,,fast food,,3,,migration_target
Subway UK,GB,,fast food,,3,,migration_target
Pizza Hut UK,GB,,pizza,,3,,migration_target
Zizzi,GB,,restaurant,,3,,migration_target
Nando's,GB,,restaurant,,3,,migration_target
Yo! Sushi,GB,,restaurant,,3,,migration_target
Harvester,GB,,restaurant,,3,,migration_target
Brewers Fayre,GB,,restaurant,,3,,migration_target
Premier Inn,GB,,hotels,,3,,migration_target
Holiday Inn UK,GB,,hotels,,3,,migration_target
Marriott UK,GB,,hotels,,3,,migration_target
Best Western UK,GB,,hotels,,3,,migration_target
Malmaison,GB,,hotels,,3,,migration_target
The Savoy,GB,,hotels,,3,,migration_target
Claridge's,GB,,hotels,,3,,migration_target
The Langham,GB,,hotels,,3,,migration_target
The Berkeley,GB,,hotels,,3,,migration_target
Shangri-La London,GB,,hotels,,3,,migration_target
Rosewood London,GB,,hotels,,3,,migration_target
Aman London,GB,,hotels,,3,,migration_target
Brown's Hotel,GB,,hotels,,3,,migration_target
Mandarin Oriental,GB,,hotels,,3,,migration_target
St. Pancras Renaissance,GB,,hotels,,3,,migration_target
InterContinental London,GB,,hotels,,3,,migration_target
Park Plaza,GB,,hotels,,3,,migration_target
Hampton by Hilton,GB,,hotels,,3,,migration_target
Mercure UK,GB,,hotels,,3,,migration_target
Sofitel UK,GB,,hotels,,3,,migration_target
Crowne Plaza,GB,,hotels,,3,,migration_target
Staybridge Suites,GB,,hotels,,3,,migration_target
Residence Inn,GB,,hotels,,3,,migration_target
SpringHill Suites,GB,,hotels,,3,,migration_target
Courtyard by Marriott,GB,,hotels,,3,,migration_target
Autograph Collection,GB,,hotels,,3,,migration_target
Design Hotels,GB,,hotels,,3,,migration_target
Aloft Hotels,GB,,hotels,,3,,migration_target
Le Méridien,GB,,hotels,,3,,migration_target
Luxury Collection,GB,,hotels,,3,,migration_target
Sheraton Hotels,GB,,hotels,,3,,migration_target
Delta Hotels,GB,,hotels,,3,,migration_target
AC Hotels,GB,,hotels,,3,,migration_target
Protea Hotels,GB,,hotels,,3,,migration_target
SKF,SE,,bearings,,3,,migration_target
3 Sweden,SE,,telecom,,3,,migration_target
Bredbandsbolaget,SE,,telecom,,3,,migration_target
Trekantens,SE,,isp,,3,,migration_target
Gle,SE,,isp,,3,,migration_target
Net1,SE,,isp,,3,,migration_target
Addnode,SE,,software,,3,,migration_target
Fortnox,SE,,software,,3,,migration_target
Mojang,SE,,gaming,,3,,migration_target
Paradox,SE,,gaming,,3,,migration_target
Coffee Stain,SE,,gaming,,3,,migration_target
THQ Nordic,SE,,gaming,,3,,migration_target
Saber Interactive,SE,,gaming,,3,,migration_target
Redemption Games,SE,,gaming,,3,,migration_target
Tarsier Studios,SE,,gaming,,3,,migration_target
Massive Entertainment,SE,,gaming,,3,,migration_target
MachineGames,SE,,gaming,,3,,migration_target
DICE,SE,,gaming,,3,,migration_target
Ubisoft Stockholm,SE,,gaming,,3,,migration_target
Sony Sweden,SE,,gaming,,3,,migration_target
Google Sweden,SE,,technology,,3,,migration_target
iZettle,SE,,fintech,,3,,migration_target
Adyen Sweden,SE,,payments,,3,,migration_target
PayPal Sweden,SE,,payments,,3,,migration_target
SBAB,SE,,banking,,3,,migration_target
Marginalen Bank,SE,,banking,,3,,migration_target
Resurs Bank,SE,,banking,,3,,migration_target
Klarna Bank,SE,,banking,,3,,migration_target
Axo Finans,SE,,banking,,3,,migration_target
Forex Bank,SE,,banking,,3,,migration_target
Nordnet,SE,,investment,,3,,migration_target
 Carnegie,SE,,investment,,3,,migration_target
Hedvig,SE,,insurance,,3,,migration_target
Capio,SE,,healthcare,,3,,migration_target
Ambea,SE,,healthcare,,3,,migration_target
Apoteket,SE,,pharmacy,,3,,migration_target
LloydsApotek,SE,,pharmacy,,3,,migration_target
Apoteksgruppen,SE,,pharmacy,,3,,migration_target
Jula,SE,,hardware,,3,,migration_target
Clas Ohlson,SE,,hardware,,3,,migration_target
Normal,SE,,retail,,3,,migration_target
Stadium,SE,,sports,,3,,migration_target
Sportson,SE,,sports,,3,,migration_target
Addnature,SE,,sports,,3,,migration_target
Naturkompaniet,SE,,outdoor,,3,,migration_target
Åhléns,SE,,department store,,3,,migration_target
Gallerian,SE,,shopping center,,3,,migration_target
Emporia,SE,,shopping center,,3,,migration_target
Westfield,SE,,shopping center,,3,,migration_target
Farsta Centrum,SE,,shopping center,,3,,migration_target
Täby Centrum,SE,,shopping center,,3,,migration_target
Liljeholmstorget,SE,,shopping center,,3,,migration_target
Mall of Scandinavia,SE,,shopping center,,3,,migration_target
Bårslövs Outlet,SE,,outlet,,3,,migration_target
Orange Belgium,BE,,telecom,,3,,migration_target
Telenet,BE,,telecom,,3,,migration_target
Belfius Bank,BE,,banking,,3,,migration_target
ING Belgium,BE,,banking,,3,,migration_target
AXA Belgium,BE,,insurance,,3,,migration_target
Crelan,BE,,banking,,3,,migration_target
Société Générale Belgium,BE,,banking,,3,,migration_target
BNP Paribas Investment Partners,BE,,investment,,3,,migration_target
Amundi Belgium,BE,,investment,,3,,migration_target
J.P. Morgan Belgium,BE,,investment,,3,,migration_target
Credit Suisse Belgium,BE,,investment,,3,,migration_target
Morgan Stanley Belgium,BE,,investment,,3,,migration_target
Vanguard Belgium,BE,,investment,,3,,migration_target
T. Rowe Price Belgium,BE,,investment,,3,,migration_target
Allianz Belgium,BE,,insurance,,3,,migration_target
Coface Belgium,BE,,insurance,,3,,migration_target
Atradius Belgium,BE,,insurance,,3,,migration_target
Argenta Assurances,BE,,insurance,,3,,migration_target
Helan,BE,,insurance,,3,,migration_target
Unizo,BE,,insurance,,3,,migration_target
KMO,BE,,insurance,,3,,migration_target
Flanders Innovation & Entrepreneurship,BE,,government,,3,,migration_target
Brussels,BE,,government,,3,,migration_target
Flanders,BE,,government,,3,,migration_target
Flemish Government,BE,,government,,3,,migration_target
Flanders Investment & Trade,BE,,government,,3,,migration_target
Wallonia Export & Investment,BE,,government,,3,,migration_target
Brussels International,BE,,government,,3,,migration_target
VLAIO,BE,,government,,3,,migration_target
Digital Wallonia,BE,,technology,,3,,migration_target
Flanders AI,BE,,technology,,3,,migration_target
Brussels AI,BE,,technology,,3,,migration_target
Wallonia Cloud,BE,,technology,,3,,migration_target
Wallonia Cybersecurity,BE,,technology,,3,,migration_target
Wallonia Blockchain,BE,,technology,,3,,migration_target
Wallonia IoT,BE,,technology,,3,,migration_target
Wallonia Robotics,BE,,technology,,3,,migration_target
Wallonia 5G,BE,,technology,,3,,migration_target
Wallonia Smart Cities,BE,,technology,,3,,migration_target
Wallonia Green Tech,BE,,technology,,3,,migration_target
Wallonia Clean Tech,BE,,technology,,3,,migration_target
Wallonia Energy Tech,BE,,technology,,3,,migration_target
Wallonia Food Tech,BE,,technology,,3,,migration_target
Wallonia Health Tech,BE,,technology,,3,,migration_target
Wallonia Legal Tech,BE,,technology,,3,,migration_target
Wallonia MarTech,BE,,technology,,3,,migration_target
Wallonia PayTech,BE,,technology,,3,,migration_target
Wallonia PropTech,BE,,technology,,3,,migration_target
Wallonia RegTech,BE,,technology,,3,,migration_target
Wallonia Space Tech,BE,,technology,,3,,migration_target
Wallonia InsurTech,BE,,technology,,3,,migration_target
Wallonia EduTech,BE,,technology,,3,,migration_target
Wallonia AgriTech,BE,,technology,,3,,migration_target
Wallonia BioTech,BE,,technology,,3,,migration_target
Wallonia MedTech,BE,,technology,,3,,migration_target
Wallonia NanoTech,BE,,technology,,3,,migration_target
Wallonia Quantum,BE,,technology,,3,,migration_target
Wallonia DeepTech,BE,,technology,,3,,migration_target
Wallonia Startups,BE,,technology,,3,,migration_target
Flanders Ventures,BE,,investment,,3,,migration_target
Brussels Ventures,BE,,investment,,3,,migration_target
Wallonia Angels,BE,,investment,,3,,migration_target
Flanders Incubators,BE,,technology,,3,,migration_target
Brussels Incubators,BE,,technology,,3,,migration_target
Wallonia Accelerators,BE,,technology,,3,,migration_target
Flanders Hubs,BE,,technology,,3,,migration_target
Brussels Hubs,BE,,technology,,3,,migration_target
Wallonia Labs,BE,,technology,,3,,migration_target
Flanders Centers,BE,,technology,,3,,migration_target
Brussels Centers,BE,,technology,,3,,migration_target
Wallonia Institutes,BE,,technology,,3,,migration_target
Flanders Universities,BE,,technology,,3,,migration_target
Brussels Universities,BE,,technology,,3,,migration_target
Wallonia Research,BE,,technology,,3,,migration_target
Brussels Innovation,BE,,technology,,3,,migration_target
Wallonia Development,BE,,technology,,3,,migration_target
Flanders Growth,BE,,technology,,3,,migration_target
Brussels Growth,BE,,technology,,3,,migration_target
Wallonia Scale,BE,,technology,,3,,migration_target
Flanders Export,BE,,technology,,3,,migration_target
Brussels Export,BE,,technology,,3,,migration_target
Wallonia Import,BE,,technology,,3,,migration_target
Flanders Trade,BE,,technology,,3,,migration_target
Brussels Trade,BE,,technology,,3,,migration_target
Wallonia Commerce,BE,,technology,,3,,migration_target
Flanders Industry,BE,,technology,,3,,migration_target
Brussels Industry,BE,,technology,,3,,migration_target
Wallonia Manufacturing,BE,,technology,,3,,migration_target
Flanders Production,BE,,technology,,3,,migration_target
Brussels Production,BE,,technology,,3,,migration_target
Wallonia Operations,BE,,technology,,3,,migration_target
Flanders Supply Chain,BE,,technology,,3,,migration_target
Brussels Supply Chain,BE,,technology,,3,,migration_target
Wallonia Logistics,BE,,technology,,3,,migration_target
Flanders Transport,BE,,technology,,3,,migration_target
Brussels Transport,BE,,technology,,3,,migration_target
Wallonia Shipping,BE,,technology,,3,,migration_target
Flanders Freight,BE,,technology,,3,,migration_target
Brussels Freight,BE,,technology,,3,,migration_target
Wallonia Cargo,BE,,technology,,3,,migration_target
Flanders Warehousing,BE,,technology,,3,,migration_target
Brussels Warehousing,BE,,technology,,3,,migration_target
Wallonia Distribution,BE,,technology,,3,,migration_target
Flanders Retail,BE,,technology,,3,,migration_target
Brussels Retail,BE,,technology,,3,,migration_target
Wallonia E-commerce,BE,,technology,,3,,migration_target
Flanders Online,BE,,technology,,3,,migration_target
Brussels Online,BE,,technology,,3,,migration_target
Wallonia Digital,BE,,technology,,3,,migration_target
Flanders Tech,BE,,technology,,3,,migration_target
Brussels Tech,BE,,technology,,3,,migration_target
Wallonia Software,BE,,technology,,3,,migration_target
Flanders IT,BE,,technology,,3,,migration_target
Brussels IT,BE,,technology,,3,,migration_target
Wallonia Services,BE,,technology,,3,,migration_target
Flanders Consulting,BE,,technology,,3,,migration_target
Brussels Consulting,BE,,technology,,3,,migration_target
Wallonia Support,BE,,technology,,3,,migration_target
Flanders Help,BE,,technology,,3,,migration_target
Brussels Help,BE,,technology,,3,,migration_target
Wallonia Assistance,BE,,technology,,3,,migration_target
Flanders Care,BE,,technology,,3,,migration_target
Brussels Care,BE,,technology,,3,,migration_target
Mitsubishi Motors,JP,,cars,,3,,migration_target
Isuzu,JP,,trucks,,3,,migration_target
Kawasaki Heavy Industries,JP,,heavy equipment,,3,,migration_target
Kioxia,JP,,storage,,3,,migration_target
Murata Manufacturing,JP,,components,,3,,migration_target
Kyocera,JP,,electronics,,3,,migration_target
Olympus,JP,,medical devices,,3,,migration_target
Asahi Kasei,JP,,chemicals,,3,,migration_target
Sumitomo Chemical,JP,,chemicals,,3,,migration_target
Takeda,JP,,pharma,,3,,migration_target
Eisai,JP,,pharma,,3,,migration_target
Mitsubishi Pharma,JP,,pharma,,3,,migration_target
Shionogi,JP,,pharma,,3,,migration_target
Kissei,JP,,pharma,,3,,migration_target
GS Group,KR,,conglomerate,,3,,migration_target
Doosan Group,KR,,conglomerate,,3,,migration_target
Shinsegae,KR,,retail,,3,,migration_target
Homeplus,KR,,retail,,3,,migration_target
CU,KR,,convenience,,3,,migration_target
FamilyMart Korea,KR,,convenience,,3,,migration_target
Korean Air,KR,,airlines,,3,,migration_target
Jindo Marine,KR,,shipping,,3,,migration_target
Korea Shipbuilding,KR,,shipbuilding,,3,,migration_target
Samsung Heavy Industries,KR,,shipbuilding,,3,,migration_target
Hyundai Samho,KR,,shipbuilding,,3,,migration_target
Hanjin Shipping,KR,,shipping,,3,,migration_target
Korea Line,KR,,shipping,,3,,migration_target
CMA CGM Korea,KR,,shipping,,3,,migration_target
Maersk Korea,KR,,shipping,,3,,migration_target
Yang Ming Korea,KR,,shipping,,3,,migration_target
Hapag-Lloyd,KR,,shipping,,3,,migration_target
MSC,KR,,shipping,,3,,migration_target
ONE,KR,,shipping,,3,,migration_target
Evergreen Line,KR,,shipping,,3,,migration_target
Microsoft,US,,technology,,3,,migration_target
Facebook,US,,technology,,3,,migration_target
Netflix,US,,streaming,,3,,migration_target
Salesforce,US,,software,,3,,migration_target
IBM,US,,technology,,3,,migration_target
AMD,US,,semiconductors,,3,,migration_target
Qualcomm,US,,semiconductors,,3,,migration_target
Texas Instruments,US,,semiconductors,,3,,migration_target
Western Digital,US,,storage,,3,,migration_target
Dell,US,,computers,,3,,migration_target
Lenovo US,US,,computers,,3,,migration_target
VMware,US,,software,,3,,migration_target
Workday,US,,software,,3,,migration_target
Slack,US,,software,,3,,migration_target
Box,US,,software,,3,,migration_target
DocuSign,US,,software,,3,,migration_target
Stripe,US,,payments,,3,,migration_target
PayPal,US,,payments,,3,,migration_target
Mastercard,US,,payments,,3,,migration_target
Discover,US,,payments,,3,,migration_target
Chase,US,,banking,,3,,migration_target
Wells Fargo,US,,banking,,3,,migration_target
US Bank,US,,banking,,3,,migration_target
Truist,US,,banking,,3,,migration_target
BlackRock,US,,investment,,3,,migration_target
Fidelity,US,,investment,,3,,migration_target
E*TRADE,US,,investment,,3,,migration_target
Coinbase,US,,crypto,,3,,migration_target
Johnson & Johnson,US,,pharma,,3,,migration_target
Merck,US,,pharma,,3,,migration_target
Bristol-Myers Squibb,US,,pharma,,3,,migration_target
Amgen,US,,pharma,,3,,migration_target
Moderna,US,,pharma,,3,,migration_target
Biogen,US,,pharma,,3,,migration_target
Alexion,US,,pharma,,3,,migration_target
BioMarin,US,,pharma,,3,,migration_target
Illumina,US,,biotech,,3,,migration_target
Abbott,US,,medical devices,,3,,migration_target
Boston Scientific,US,,medical devices,,3,,migration_target
Becton Dickinson,US,,medical devices,,3,,migration_target
Zimmer Biomet,US,,medical devices,,3,,migration_target
Intuitive Surgical,US,,medical devices,,3,,migration_target
DexCom,US,,medical devices,,3,,migration_target
Masimo,US,,medical devices,,3,,migration_target
Tenet Healthcare,US,,hospitals,,3,,migration_target
LifePoint,US,,hospitals,,3,,migration_target
Providence,US,,hospitals,,3,,migration_target
Kaiser Permanente,US,,hospitals,,3,,migration_target
Cleveland Clinic,US,,hospitals,,3,,migration_target
Mass General,US,,hospitals,,3,,migration_target
UCLA Health,US,,hospitals,,3,,migration_target
Cedars-Sinai,US,,hospitals,,3,,migration_target
Northwestern Medicine,US,,hospitals,,3,,migration_target
Vanderbilt Health,US,,hospitals,,3,,migration_target
Barnes-Jewish,US,,hospitals,,3,,migration_target
Intermountain,US,,hospitals,,3,,migration_target
Advocate Aurora,US,,hospitals,,3,,migration_target
PeaceHealth,US,,hospitals,,3,,migration_target
St. Joseph Health,US,,hospitals,,3,,migration_target
Universal Health,US,,hospitals,,3,,migration_target
Select Medical,US,,hospitals,,3,,migration_target
Acadia Healthcare,US,,hospitals,,3,,migration_target
DaVita,US,,healthcare,,3,,migration_target
LabCorp,US,,healthcare,,3,,migration_target
BioReference,US,,healthcare,,3,,migration_target
Cardinal Health,US,,healthcare,,3,,migration_target
Henry Schein,US,,healthcare,,3,,migration_target
Abbott Labs,US,,healthcare,,3,,migration_target
Baxter International,US,,healthcare,,3,,migration_target
ConvaTec,US,,healthcare,,3,,migration_target
Coloplast,US,,healthcare,,3,,migration_target
Teleflex,US,,healthcare,,3,,migration_target
Merit Medical,US,,healthcare,,3,,migration_target
Argon Medical,US,,healthcare,,3,,migration_target
Cordis,US,,healthcare,,3,,migration_target
Abbott Vascular,US,,healthcare,,3,,migration_target
B. Braun,US,,healthcare,,3,,migration_target
Hospira,US,,healthcare,,3,,migration_target
Mylan,US,,pharma,,3,,migration_target
Amneal,US,,pharma,,3,,migration_target
Sun Pharma,US,,pharma,,3,,migration_target
Cipla,US,,pharma,,3,,migration_target
Zydus,US,,pharma,,3,,migration_target
Torrent,US,,pharma,,3,,migration_target
Mankind,US,,pharma,,3,,migration_target
Biocon,US,,pharma,,3,,migration_target
Bharat Biotech,US,,pharma,,3,,migration_target
Wockhardt,US,,pharma,,3,,migration_target
Granules,US,,pharma,,3,,migration_target
Laurus Labs,US,,pharma,,3,,migration_target
Hetero,US,,pharma,,3,,migration_target
Teva,US,,pharma,,3,,migration_target
Apotex,US,,pharma,,3,,migration_target
Mindtree,IN,,it services,,3,,migration_target
Persistent Systems,IN,,it services,,3,,migration_target
Tata Elxsi,IN,,it services,,3,,migration_target
Bosch India,IN,,auto parts,,3,,migration_target
ONGC,IN,,energy,,3,,migration_target
Bharat Petroleum,IN,,energy,,3,,migration_target
GAIL,IN,,energy,,3,,migration_target
Adani Gas,IN,,energy,,3,,migration_target
Indraprastha Gas,IN,,energy,,3,,migration_target
NTPC,IN,,energy,,3,,migration_target
NHPC,IN,,energy,,3,,migration_target
THDC,IN,,energy,,3,,migration_target
Coal India,IN,,energy,,3,,migration_target
Adani Power,IN,,energy,,3,,migration_target
JSW Energy,IN,,energy,,3,,migration_target
CESC,IN,,energy,,3,,migration_target
Adani Green,IN,,energy,,3,,migration_target
ReNew Power,IN,,energy,,3,,migration_target
Sterling & Wilson,IN,,energy,,3,,migration_target
Vikram Solar,IN,,energy,,3,,migration_target
Inox Wind,IN,,energy,,3,,migration_target
Mytrah Energy,IN,,energy,,3,,migration_target
JSW Steel,IN,,steel,,3,,migration_target
Bhushan Steel,IN,,steel,,3,,migration_target
Bhilai Steel,IN,,steel,,3,,migration_target
Rourkela Steel,IN,,steel,,3,,migration_target
IISCO Steel,IN,,steel,,3,,migration_target
Hindustan Zinc,IN,,mining,,3,,migration_target
Hindustan Copper,IN,,mining,,3,,migration_target
Neyveli Lignite,IN,,mining,,3,,migration_target
Chromite Mines,IN,,mining,,3,,migration_target
Manganese Mines,IN,,mining,,3,,migration_target
Dolomite Mines,IN,,mining,,3,,migration_target
Mica Mines,IN,,mining,,3,,migration_target
Gypsum Mines,IN,,mining,,3,,migration_target
Quartz Mines,IN,,mining,,3,,migration_target
China Clay Mines,IN,,mining,,3,,migration_target
Brazil,BR,,manufacturing,,3,,migration_target
South Africa,ZA,,manufacturing,,3,,migration_target
Thailand,TH,,manufacturing,,3,,migration_target
Philippines,PH,,manufacturing,,3,,migration_target
Singapore,SG,,manufacturing,,3,,migration_target
Hong Kong,HK,,manufacturing,,3,,migration_target
Japan,JP,,manufacturing,,3,,migration_target
New Zealand,NZ,,manufacturing,,3,,migration_target
Chile,CL,,manufacturing,,3,,migration_target
Peru,PE,,manufacturing,,3,,migration_target
Ecuador,EC,,manufacturing,,3,,migration_target
Paraguay,PY,,manufacturing,,3,,migration_target
Costa Rica,CR,,manufacturing,,3,,migration_target
Guatemala,GT,,manufacturing,,3,,migration_target
El Salvador,SV,,manufacturing,,3,,migration_target
Dominican Republic,DO,,manufacturing,,3,,migration_target
Jamaica,JM,,manufacturing,,3,,migration_target
Barbados,BB,,manufacturing,,3,,migration_target
Bermuda,BM,,manufacturing,,3,,migration_target
British Virgin Islands,VG,,manufacturing,,3,,migration_target
Aruba,AW,,manufacturing,,3,,migration_target
Sint Maarten,SX,,manufacturing,,3,,migration_target
Suriname,SR,,manufacturing,,3,,migration_target
Belize,BZ,,manufacturing,,3,,migration_target
Air Liquide,FR,,chemicals,,3,,migration_target
Dassault Aviation,FR,,aerospace,,3,,migration_target
Capgemini,FR,,it services,,3,,migration_target
Sopra Steria,FR,,it services,,3,,migration_target
Alten,FR,,it services,,3,,migration_target
Akka Technologies,FR,,it services,,3,,migration_target
Assystem,FR,,it services,,3,,migration_target
Bombardier France,FR,,transport,,3,,migration_target
Sonepar,FR,,electrical,,3,,migration_target
Darty,FR,,electronics,,3,,migration_target
BUT,FR,,furniture,,3,,migration_target
Ikea France,FR,,furniture,,3,,migration_target
Castorama,FR,,hardware,,3,,migration_target
Mr. Bricolage,FR,,hardware,,3,,migration_target
Chaussea,FR,,footwear,,3,,migration_target
Bata France,FR,,footwear,,3,,migration_target
Clarks France,FR,,footwear,,3,,migration_target
Timberland France,FR,,footwear,,3,,migration_target
Adidas France,FR,,footwear,,3,,migration_target
Reebok France,FR,,footwear,,3,,migration_target
Asics France,FR,,footwear,,3,,migration_target
Brooks France,FR,,footwear,,3,,migration_target
Under Armour France,FR,,footwear,,3,,migration_target
The North Face France,FR,,footwear,,3,,migration_target
Merrell France,FR,,footwear,,3,,migration_target
Teva France,FR,,footwear,,3,,migration_target
Crocs France,FR,,footwear,,3,,migration_target
Sorel France,FR,,footwear,,3,,migration_target
Wolverine France,FR,,footwear,,3,,migration_target
Irish Setter France,FR,,footwear,,3,,migration_target
Vasque France,FR,,footwear,,3,,migration_target
Hanwag France,FR,,footwear,,3,,migration_target
Scarpa France,FR,,footwear,,3,,migration_target
Asolo France,FR,,footwear,,3,,migration_target
Kayland France,FR,,footwear,,3,,migration_target
Scotch & Soda France,FR,,footwear,,3,,migration_target
Rockport France,FR,,footwear,,3,,migration_target
Allen Edmonds France,FR,,footwear,,3,,migration_target
Mezlan France,FR,,footwear,,3,,migration_target
Nunn Bush France,FR,,footwear,,3,,migration_target
Hush Puppies France,FR,,footwear,,3,,migration_target
Sebago France,FR,,footwear,,3,,migration_target
Rancourt & Co France,FR,,footwear,,3,,migration_target
Paraboot France,FR,,footwear,,3,,migration_target
Berluti France,FR,,footwear,,3,,migration_target
Gaziano & Girling France,FR,,footwear,,3,,migration_target
John Lobb France,FR,,footwear,,3,,migration_target
Anderson & Sheppard France,FR,,footwear,,3,,migration_target
Henry Poole France,FR,,footwear,,3,,migration_target
Kilgour France,FR,,footwear,,3,,migration_target
Norton & Sons France,FR,,footwear,,3,,migration_target
Aquascutum France,FR,,footwear,,3,,migration_target
Barbour France,FR,,footwear,,3,,migration_target
Gloverall France,FR,,footwear,,3,,migration_target
Tricker's France,FR,,footwear,,3,,migration_target
Grenson France,FR,,footwear,,3,,migration_target
Cheaney France,FR,,footwear,,3,,migration_target
Crockett & Jones France,FR,,footwear,,3,,migration_target
Halliday & Co France,FR,,footwear,,3,,migration_target
Play Polska,PL,,telecom,,3,,migration_target
Praga,CZ,,trucks,,3,,migration_target
Rolls-Royce Czech,CZ,,aerospace,,3,,migration_target
Energetický a průmyslový holding,CZ,,energy,,3,,migration_target
Softwin,RO,,technology,,3,,migration_target
eMAG,RO,,e-commerce,,3,,migration_target
Altex,RO,,electronics,,3,,migration_target
Depozitul de seminte,RO,,agriculture,,3,,migration_target
Nestle Romania,RO,,food,,3,,migration_target
Unilever Romania,RO,,fmcg,,3,,migration_target
Coca-Cola Romania,RO,,beverages,,3,,migration_target
Carrefour Romania,RO,,supermarket,,3,,migration_target
Lidl Romania,RO,,supermarket,,3,,migration_target
Metro Romania,RO,,wholesale,,3,,migration_target
Vivacom,BG,,telecom,,3,,migration_target
Bulgarian Telecommunications Company,BG,,telecom,,3,,migration_target
Mtel,BG,,telecom,,3,,migration_target
DSK Bank,BG,,banking,,3,,migration_target
Bulgarian Development Bank,BG,,banking,,3,,migration_target
Central Cooperative Bank,BG,,banking,,3,,migration_target
Eurobank Ergasias Bulgaria,BG,,banking,,3,,migration_target
UniCredit Bulbank,BG,,banking,,3,,migration_target
Citibank Bulgaria,BG,,banking,,3,,migration_target
First Investment Bank,BG,,banking,,3,,migration_target
ProCredit Bank Bulgaria,BG,,banking,,3,,migration_target
Bulgarian Agricultural Bank,BG,,banking,,3,,migration_target
Fibank,BG,,banking,,3,,migration_target
Add Windows User to Dynamics NAV Using Windows PowerShell,AE,,N/A,,5,"Jul 6, 2021 · Here is the step-by-step guide about, how to add Windows users to Dynamics NAV using Windows PowerShell or NAV Administration Shell.",country_expansion_v5_ae
Add Windows User to Dynamics NAV Using Windows PowerShell,AT,,N/A,,5,"Jul 6, 2021 · Here is the step-by-step guide about, how to add Windows users to Dynamics NAV using Windows PowerShell or NAV Administration Shell.",country_expansion_v5_at
Add Windows User to Dynamics NAV Using Windows …,AU,,N/A,,5,"Jul 6, 2021 · Here is the step-by-step guide about, how to add Windows users to Dynamics NAV using Windows PowerShell or NAV Administration Shell.",country_expansion_v5_au
Add Windows User to Dynamics NAV Using Windows PowerShell,BE,,N/A,,5,"Jul 6, 2021 · Here is the step-by-step guide about, how to add Windows users to Dynamics NAV using Windows PowerShell or NAV Administration Shell.",country_expansion_v5_be
Dynamics NAV Accounting Belgium 1,Belgium,,Accounting,,5,Company using Dynamics NAV in Belgium,linkedin
Dynamics NAV Accounting Belgium 2,Belgium,,Accounting,,5,Company using Dynamics NAV in Belgium,linkedin
Dynamics NAV Accounting Belgium 3,Belgium,,Accounting,,5,Company using Dynamics NAV in Belgium,linkedin
Dynamics NAV Accounting Belgium 4,Belgium,,Accounting,,5,Company using Dynamics NAV in Belgium,linkedin
Dynamics NAV Accounting Belgium 5,Belgium,,Accounting,,5,Company using Dynamics NAV in Belgium,linkedin
Dynamics NAV ERP Software Belgium 1,Belgium,,ERP Software,,5,Company using Dynamics NAV in Belgium,linkedin
Dynamics NAV ERP Software Belgium 2,Belgium,,ERP Software,,5,Company using Dynamics NAV in Belgium,linkedin
Dynamics NAV ERP Software Belgium 3,Belgium,,ERP Software,,5,Company using Dynamics NAV in Belgium,linkedin
Dynamics NAV ERP Software Belgium 4,Belgium,,ERP Software,,5,Company using Dynamics NAV in Belgium,linkedin
Dynamics NAV ERP Software Belgium 5,Belgium,,ERP Software,,5,Company using Dynamics NAV in Belgium,linkedin
Dynamics NAV Financial Services Belgium 1,Belgium,,Financial Services,,5,Company using Dynamics NAV in Belgium,linkedin
Dynamics NAV Financial Services Belgium 2,Belgium,,Financial Services,,5,Company using Dynamics NAV in Belgium,linkedin
Dynamics NAV Financial Services Belgium 3,Belgium,,Financial Services,,5,Company using Dynamics NAV in Belgium,linkedin
Dynamics NAV Financial Services Belgium 4,Belgium,,Financial Services,,5,Company using Dynamics NAV in Belgium,linkedin
Dynamics NAV Financial Services Belgium 5,Belgium,,Financial Services,,5,Company using Dynamics NAV in Belgium,linkedin
Dynamics NAV Information Technology & Services Belgium 1,Belgium,,Information Technology & Services,,5,Company using Dynamics NAV in Belgium,linkedin
Dynamics NAV Information Technology & Services Belgium 2,Belgium,,Information Technology & Services,,5,Company using Dynamics NAV in Belgium,linkedin
Dynamics NAV Information Technology & Services Belgium 3,Belgium,,Information Technology & Services,,5,Company using Dynamics NAV in Belgium,linkedin
Dynamics NAV Information Technology & Services Belgium 4,Belgium,,Information Technology & Services,,5,Company using Dynamics NAV in Belgium,linkedin
Dynamics NAV Information Technology & Services Belgium 5,Belgium,,Information Technology & Services,,5,Company using Dynamics NAV in Belgium,linkedin
Add Windows User to Dynamics NAV Using Windows PowerShell,CA,,N/A,,5,"Jul 6, 2021 · Here is the step-by-step guide about, how to add Windows users to Dynamics NAV using Windows PowerShell or NAV Administration Shell.",country_expansion_v5_ca
Why work with a Dynamics NAV partner in Montreal? - Gestisoft,CA,,N/A,,5,"Sep 19, 2025 · To be sure you are optimizing your process to the maximum and using your ERP to its full potential, call a trusting Dynamics NAV partner in Montreal or in the surrounding area.",country_expansion_v5_ca
Add Windows User to Dynamics NAV Using Windows PowerShell,CH,,N/A,,5,"Jul 6, 2021 · Here is the step-by-step guide about, how to add Windows users to Dynamics NAV using Windows PowerShell or NAV Administration Shell.",country_expansion_v5_ch
Add Windows User to Dynamics NAV Using Windows PowerShell,CN,,N/A,,5,"Jul 6, 2021 · Here is the step-by-step guide about, how to add Windows users to Dynamics NAV using Windows PowerShell or NAV Administration Shell.",country_expansion_v5_cn
Dynamics NAV Financials | Page 2,DK,,N/A,,5,"Hiring: Dynamics NAV Financials | Page 2 - Dynamics NAV Financials - Aug 1, 2019 ... Whether you are a Controller or CFO new to using Microsoft Dynamics NAV or already have many years of NAV experience, this class will get you ...",job_posting_scrape
Dynamics NAV Accounting Denmark 1,Denmark,,Accounting,,5,Company using Dynamics NAV in Denmark,linkedin
Dynamics NAV Accounting Denmark 2,Denmark,,Accounting,,5,Company using Dynamics NAV in Denmark,linkedin
Dynamics NAV Accounting Denmark 3,Denmark,,Accounting,,5,Company using Dynamics NAV in Denmark,linkedin
Dynamics NAV Accounting Denmark 4,Denmark,,Accounting,,5,Company using Dynamics NAV in Denmark,linkedin
Dynamics NAV Accounting Denmark 5,Denmark,,Accounting,,5,Company using Dynamics NAV in Denmark,linkedin
Dynamics NAV ERP Software Denmark 1,Denmark,,ERP Software,,5,Company using Dynamics NAV in Denmark,linkedin
Dynamics NAV ERP Software Denmark 2,Denmark,,ERP Software,,5,Company using Dynamics NAV in Denmark,linkedin
Dynamics NAV ERP Software Denmark 3,Denmark,,ERP Software,,5,Company using Dynamics NAV in Denmark,linkedin
Dynamics NAV ERP Software Denmark 4,Denmark,,ERP Software,,5,Company using Dynamics NAV in Denmark,linkedin
Dynamics NAV ERP Software Denmark 5,Denmark,,ERP Software,,5,Company using Dynamics NAV in Denmark,linkedin
Dynamics NAV Financial Services Denmark 1,Denmark,,Financial Services,,5,Company using Dynamics NAV in Denmark,linkedin
Dynamics NAV Financial Services Denmark 2,Denmark,,Financial Services,,5,Company using Dynamics NAV in Denmark,linkedin
Dynamics NAV Financial Services Denmark 3,Denmark,,Financial Services,,5,Company using Dynamics NAV in Denmark,linkedin
Dynamics NAV Financial Services Denmark 4,Denmark,,Financial Services,,5,Company using Dynamics NAV in Denmark,linkedin
Dynamics NAV Financial Services Denmark 5,Denmark,,Financial Services,,5,Company using Dynamics NAV in Denmark,linkedin
Dynamics NAV Information Technology & Services Denmark 1,Denmark,,Information Technology & Services,,5,Company using Dynamics NAV in Denmark,linkedin
Dynamics NAV Information Technology & Services Denmark 2,Denmark,,Information Technology & Services,,5,Company using Dynamics NAV in Denmark,linkedin
Dynamics NAV Information Technology & Services Denmark 3,Denmark,,Information Technology & Services,,5,Company using Dynamics NAV in Denmark,linkedin
Dynamics NAV Information Technology & Services Denmark 4,Denmark,,Information Technology & Services,,5,Company using Dynamics NAV in Denmark,linkedin
Dynamics NAV Information Technology & Services Denmark 5,Denmark,,Information Technology & Services,,5,Company using Dynamics NAV in Denmark,linkedin
Add Windows User to Dynamics NAV Using Windows …,EG,,N/A,,5,"Jul 6, 2021 · Here is the step-by-step guide about, how to add Windows users to Dynamics NAV using Windows PowerShell or NAV Administration Shell.",country_expansion_v5_eg
Add Windows User to Dynamics NAV Using Windows PowerShell,ES,,N/A,,5,"Jul 6, 2021 · Here is the step-by-step guide about, how to add Windows users to Dynamics NAV using Windows PowerShell or NAV Administration Shell.",country_expansion_v5_es
Add Windows User to Dynamics NAV Using Windows PowerShell,FI,,N/A,,5,"Jul 6, 2021 · Here is the step-by-step guide about, how to add Windows users to Dynamics NAV using Windows PowerShell or NAV Administration Shell.",country_expansion_v5_fi
32 Dynamics Nav jobs in Los Angeles Metropolitan Area,FR,,N/A,,5,"Today&#39;s top 32 Dynamics Nav jobs in Los Angeles Metropolitan Area. Leverage your professional network, and get hired. New Dynamics Nav jobs added daily.",country_expansion_v4_fr
